issue_id,category,source_artifact,field_or_entity,decision_needed,owner,status,notes
HRQ-00001,record_level_data_quality,dataset-raw-excel-data,record,EXPIRATION_BEFORE_PURCHASE_REQUIRES_REVIEW;EXPIRED_ITEM_FLAG,SME/Data Governance,open,SBRN=SBRN0006
HRQ-00002,record_level_data_quality,dataset-raw-excel-data,record,EXPIRATION_BEFORE_PURCHASE_REQUIRES_REVIEW;EXPIRED_ITEM_FLAG,SME/Data Governance,open,SBRN=SBRN0009
HRQ-00003,record_level_data_quality,dataset-raw-excel-data,record,RECALL_STATUS_MONITORING_REQUIRES_GOVERNANCE;EXPIRED_ITEM_FLAG,SME/Data Governance,open,SBRN=SBRN0010
HRQ-00004,record_level_data_quality,dataset-raw-excel-data,record,RECALL_STATUS_MONITORING_REQUIRES_GOVERNANCE;EXPIRED_ITEM_FLAG,SME/Data Governance,open,SBRN=SBRN0011
HRQ-00005,record_level_data_quality,dataset-raw-excel-data,record,MISSING_RECALL_STATUS_NORMALIZED_TO_NONE;EXPIRATION_BEFORE_PURCHASE_REQUIRES_REVIEW;EXPIRED_ITEM_FLAG,SME/Data Governance,open,SBRN=SBRN0012
HRQ-00006,record_level_data_quality,dataset-raw-excel-data,record,MISSING_RECALL_STATUS_NORMALIZED_TO_NONE;EXPIRATION_BEFORE_PURCHASE_REQUIRES_REVIEW;EXPIRED_ITEM_FLAG,SME/Data Governance,open,SBRN=SBRN0013
HRQ-00007,record_level_data_quality,dataset-raw-excel-data,record,MISSING_RECALL_STATUS_NORMALIZED_TO_NONE;EXPIRATION_BEFORE_PURCHASE_REQUIRES_REVIEW;EXPIRED_ITEM_FLAG,SME/Data Governance,open,SBRN=SBRN0014
HRQ-00008,record_level_data_quality,dataset-raw-excel-data,record,MISSING_RECALL_STATUS_NORMALIZED_TO_NONE;EXPIRATION_BEFORE_PURCHASE_REQUIRES_REVIEW;EXPIRED_ITEM_FLAG,SME/Data Governance,open,SBRN=SBRN0015
HRQ-00009,record_level_data_quality,dataset-raw-excel-data,record,MISSING_RECALL_STATUS_NORMALIZED_TO_NONE;EXPIRATION_BEFORE_PURCHASE_REQUIRES_REVIEW;EXPIRED_ITEM_FLAG,SME/Data Governance,open,SBRN=SBRN0016
HRQ-00010,record_level_data_quality,dataset-raw-excel-data,record,MISSING_RECALL_STATUS_NORMALIZED_TO_NONE;EXPIRATION_BEFORE_PURCHASE_REQUIRES_REVIEW;EXPIRED_ITEM_FLAG,SME/Data Governance,open,SBRN=SBRN0017
HRQ-00011,record_level_data_quality,dataset-raw-excel-data,record,RECALL_STATUS_MONITORING_REQUIRES_GOVERNANCE;EXPIRATION_BEFORE_PURCHASE_REQUIRES_REVIEW;EXPIRED_ITEM_FLAG,SME/Data Governance,open,SBRN=SBRN0018
HRQ-00012,record_level_data_quality,dataset-raw-excel-data,record,RECALL_STATUS_MONITORING_REQUIRES_GOVERNANCE;EXPIRATION_BEFORE_PURCHASE_REQUIRES_REVIEW;EXPIRED_ITEM_FLAG,SME/Data Governance,open,SBRN=SBRN0019
HRQ-00013,record_level_data_quality,dataset-raw-excel-data,record,RECALL_STATUS_MONITORING_REQUIRES_GOVERNANCE;EXPIRATION_BEFORE_PURCHASE_REQUIRES_REVIEW;EXPIRED_ITEM_FLAG,SME/Data Governance,open,SBRN=SBRN0020
HRQ-00014,record_level_data_quality,dataset-raw-excel-data,record,RECALL_STATUS_MONITORING_REQUIRES_GOVERNANCE;EXPIRATION_BEFORE_PURCHASE_REQUIRES_REVIEW;EXPIRED_ITEM_FLAG,SME/Data Governance,open,SBRN=SBRN0021
HRQ-00015,record_level_data_quality,dataset-raw-excel-data,record,RECALL_STATUS_MONITORING_REQUIRES_GOVERNANCE;EXPIRATION_BEFORE_PURCHASE_REQUIRES_REVIEW;EXPIRED_ITEM_FLAG,SME/Data Governance,open,SBRN=SBRN0022
HRQ-00016,record_level_data_quality,dataset-raw-excel-data,record,FUTURE_PURCHASE_DATE_REQUIRES_REVIEW,SME/Data Governance,open,SBRN=SBRN0023
HRQ-00017,record_level_data_quality,dataset-raw-excel-data,record,FUTURE_PURCHASE_DATE_REQUIRES_REVIEW,SME/Data Governance,open,SBRN=SBRN0024
HRQ-00018,record_level_data_quality,dataset-raw-excel-data,record,FUTURE_PURCHASE_DATE_REQUIRES_REVIEW,SME/Data Governance,open,SBRN=SBRN0025
HRQ-00019,record_level_data_quality,dataset-raw-excel-data,record,FUTURE_PURCHASE_DATE_REQUIRES_REVIEW,SME/Data Governance,open,SBRN=SBRN0026
HRQ-00020,record_level_data_quality,dataset-raw-excel-data,record,RECALL_STATUS_MONITORING_REQUIRES_GOVERNANCE,SME/Data Governance,open,SBRN=SBRN0027
HRQ-00021,record_level_data_quality,dataset-raw-excel-data,record,RECALL_STATUS_MONITORING_REQUIRES_GOVERNANCE,SME/Data Governance,open,SBRN=SBRN0028
HRQ-00022,record_level_data_quality,dataset-raw-excel-data,record,RECALL_STATUS_MONITORING_REQUIRES_GOVERNANCE,SME/Data Governance,open,SBRN=SBRN0029
HRQ-00023,record_level_data_quality,dataset-raw-excel-data,record,RECALL_STATUS_MONITORING_REQUIRES_GOVERNANCE,SME/Data Governance,open,SBRN=SBRN0030
HRQ-00024,record_level_data_quality,dataset-raw-excel-data,record,FUTURE_PURCHASE_DATE_REQUIRES_REVIEW,SME/Data Governance,open,SBRN=SBRN0031
HRQ-00025,record_level_data_quality,dataset-raw-excel-data,record,FUTURE_PURCHASE_DATE_REQUIRES_REVIEW,SME/Data Governance,open,SBRN=SBRN0032
HRQ-00026,record_level_data_quality,dataset-raw-excel-data,record,FUTURE_PURCHASE_DATE_REQUIRES_REVIEW,SME/Data Governance,open,SBRN=SBRN0033
HRQ-00027,record_level_data_quality,dataset-raw-excel-data,record,FUTURE_PURCHASE_DATE_REQUIRES_REVIEW,SME/Data Governance,open,SBRN=SBRN0034
HRQ-00028,record_level_data_quality,dataset-raw-excel-data,record,FUTURE_PURCHASE_DATE_REQUIRES_REVIEW,SME/Data Governance,open,SBRN=SBRN0035
HRQ-00029,record_level_data_quality,dataset-raw-excel-data,record,FUTURE_PURCHASE_DATE_REQUIRES_REVIEW,SME/Data Governance,open,SBRN=SBRN0036
HRQ-00030,record_level_data_quality,dataset-raw-excel-data,record,FUTURE_PURCHASE_DATE_REQUIRES_REVIEW,SME/Data Governance,open,SBRN=SBRN0037
HRQ-00031,record_level_data_quality,dataset-raw-excel-data,record,FUTURE_PURCHASE_DATE_REQUIRES_REVIEW,SME/Data Governance,open,SBRN=SBRN0038
HRQ-00032,record_level_data_quality,dataset-raw-excel-data,record,FUTURE_PURCHASE_DATE_REQUIRES_REVIEW,SME/Data Governance,open,SBRN=SBRN0039
HRQ-00033,record_level_data_quality,dataset-raw-excel-data,record,EXPIRATION_BEFORE_PURCHASE_REQUIRES_REVIEW;EXPIRED_ITEM_FLAG,SME/Data Governance,open,SBRN=SBRN0040
HRQ-00034,record_level_data_quality,dataset-raw-excel-data,record,EXPIRATION_BEFORE_PURCHASE_REQUIRES_REVIEW;EXPIRED_ITEM_FLAG,SME/Data Governance,open,SBRN=SBRN0041
HRQ-00035,record_level_data_quality,dataset-raw-excel-data,record,EXPIRATION_BEFORE_PURCHASE_REQUIRES_REVIEW;EXPIRED_ITEM_FLAG,SME/Data Governance,open,SBRN=SBRN0042
HRQ-00036,record_level_data_quality,dataset-raw-excel-data,record,EXPIRATION_BEFORE_PURCHASE_REQUIRES_REVIEW;EXPIRED_ITEM_FLAG,SME/Data Governance,open,SBRN=SBRN0043
HRQ-00037,record_level_data_quality,dataset-raw-excel-data,record,EXPIRATION_BEFORE_PURCHASE_REQUIRES_REVIEW;EXPIRED_ITEM_FLAG,SME/Data Governance,open,SBRN=SBRN0044
HRQ-00038,record_level_data_quality,dataset-raw-excel-data,record,RECALL_STATUS_MONITORING_REQUIRES_GOVERNANCE;EXPIRED_ITEM_FLAG,SME/Data Governance,open,SBRN=SBRN0045
HRQ-00039,record_level_data_quality,dataset-raw-excel-data,record,RECALL_STATUS_MONITORING_REQUIRES_GOVERNANCE;EXPIRED_ITEM_FLAG,SME/Data Governance,open,SBRN=SBRN0046
HRQ-00040,record_level_data_quality,dataset-raw-excel-data,record,RECALL_STATUS_MONITORING_REQUIRES_GOVERNANCE;EXPIRATION_BEFORE_PURCHASE_REQUIRES_REVIEW;EXPIRED_ITEM_FLAG,SME/Data Governance,open,SBRN=SBRN0047
HRQ-00041,record_level_data_quality,dataset-raw-excel-data,record,RECALL_STATUS_MONITORING_REQUIRES_GOVERNANCE;EXPIRATION_BEFORE_PURCHASE_REQUIRES_REVIEW;EXPIRED_ITEM_FLAG,SME/Data Governance,open,SBRN=SBRN0048
HRQ-00042,record_level_data_quality,dataset-raw-excel-data,record,RECALL_STATUS_MONITORING_REQUIRES_GOVERNANCE;EXPIRATION_BEFORE_PURCHASE_REQUIRES_REVIEW;EXPIRED_ITEM_FLAG,SME/Data Governance,open,SBRN=SBRN0049
HRQ-00043,record_level_data_quality,dataset-raw-excel-data,record,RECALL_STATUS_MONITORING_REQUIRES_GOVERNANCE;EXPIRATION_BEFORE_PURCHASE_REQUIRES_REVIEW;EXPIRED_ITEM_FLAG,SME/Data Governance,open,SBRN=SBRN0050
HRQ-00044,record_level_data_quality,dataset-raw-excel-data,record,MISSING_RECALL_STATUS_NORMALIZED_TO_NONE;EXPIRATION_BEFORE_PURCHASE_REQUIRES_REVIEW;EXPIRED_ITEM_FLAG,SME/Data Governance,open,SBRN=SBRN0051
HRQ-00045,record_level_data_quality,dataset-raw-excel-data,record,MISSING_RECALL_STATUS_NORMALIZED_TO_NONE;EXPIRATION_BEFORE_PURCHASE_REQUIRES_REVIEW;EXPIRED_ITEM_FLAG,SME/Data Governance,open,SBRN=SBRN0052
HRQ-00046,record_level_data_quality,dataset-raw-excel-data,record,MISSING_RECALL_STATUS_NORMALIZED_TO_NONE;EXPIRATION_BEFORE_PURCHASE_REQUIRES_REVIEW;EXPIRED_ITEM_FLAG,SME/Data Governance,open,SBRN=SBRN0053
HRQ-00047,record_level_data_quality,dataset-raw-excel-data,record,MISSING_RECALL_STATUS_NORMALIZED_TO_NONE;EXPIRATION_BEFORE_PURCHASE_REQUIRES_REVIEW;EXPIRED_ITEM_FLAG,SME/Data Governance,open,SBRN=SBRN0054
HRQ-00048,record_level_data_quality,dataset-raw-excel-data,record,MISSING_RECALL_STATUS_NORMALIZED_TO_NONE;EXPIRATION_BEFORE_PURCHASE_REQUIRES_REVIEW;EXPIRED_ITEM_FLAG,SME/Data Governance,open,SBRN=SBRN0055
HRQ-00049,record_level_data_quality,dataset-raw-excel-data,record,RECALL_STATUS_MONITORING_REQUIRES_GOVERNANCE;EXPIRED_ITEM_FLAG,SME/Data Governance,open,SBRN=SBRN0056
HRQ-00050,record_level_data_quality,dataset-raw-excel-data,record,RECALL_STATUS_MONITORING_REQUIRES_GOVERNANCE;EXPIRED_ITEM_FLAG,SME/Data Governance,open,SBRN=SBRN0057
HRQ-00051,record_level_data_quality,dataset-raw-excel-data,record,RECALL_STATUS_MONITORING_REQUIRES_GOVERNANCE;EXPIRED_ITEM_FLAG,SME/Data Governance,open,SBRN=SBRN0058
HRQ-00052,record_level_data_quality,dataset-raw-excel-data,record,RECALL_STATUS_MONITORING_REQUIRES_GOVERNANCE;EXPIRED_ITEM_FLAG,SME/Data Governance,open,SBRN=SBRN0059
HRQ-00053,record_level_data_quality,dataset-raw-excel-data,record,RECALL_STATUS_MONITORING_REQUIRES_GOVERNANCE;EXPIRED_ITEM_FLAG,SME/Data Governance,open,SBRN=SBRN0060
HRQ-00054,record_level_data_quality,dataset-raw-excel-data,record,RECALL_STATUS_MONITORING_REQUIRES_GOVERNANCE;EXPIRED_ITEM_FLAG,SME/Data Governance,open,SBRN=SBRN0061
HRQ-00055,record_level_data_quality,dataset-raw-excel-data,record,RECALL_STATUS_MONITORING_REQUIRES_GOVERNANCE;EXPIRED_ITEM_FLAG,SME/Data Governance,open,SBRN=SBRN0062
HRQ-00056,record_level_data_quality,dataset-raw-excel-data,record,RECALL_STATUS_MONITORING_REQUIRES_GOVERNANCE;EXPIRED_ITEM_FLAG,SME/Data Governance,open,SBRN=SBRN0063
HRQ-00057,record_level_data_quality,dataset-raw-excel-data,record,RECALL_STATUS_MONITORING_REQUIRES_GOVERNANCE,SME/Data Governance,open,SBRN=SBRN0064
HRQ-00058,record_level_data_quality,dataset-raw-excel-data,record,RECALL_STATUS_MONITORING_REQUIRES_GOVERNANCE,SME/Data Governance,open,SBRN=SBRN0065
HRQ-00059,record_level_data_quality,dataset-raw-excel-data,record,RECALL_STATUS_MONITORING_REQUIRES_GOVERNANCE,SME/Data Governance,open,SBRN=SBRN0066
HRQ-00060,record_level_data_quality,dataset-raw-excel-data,record,RECALL_STATUS_MONITORING_REQUIRES_GOVERNANCE,SME/Data Governance,open,SBRN=SBRN0067
HRQ-00061,record_level_data_quality,dataset-raw-excel-data,record,MISSING_RECALL_STATUS_NORMALIZED_TO_NONE;EXPIRATION_BEFORE_PURCHASE_REQUIRES_REVIEW;EXPIRED_ITEM_FLAG,SME/Data Governance,open,SBRN=SBRN0068
HRQ-00062,record_level_data_quality,dataset-raw-excel-data,record,MISSING_RECALL_STATUS_NORMALIZED_TO_NONE;EXPIRATION_BEFORE_PURCHASE_REQUIRES_REVIEW;EXPIRED_ITEM_FLAG,SME/Data Governance,open,SBRN=SBRN0069
HRQ-00063,record_level_data_quality,dataset-raw-excel-data,record,MISSING_RECALL_STATUS_NORMALIZED_TO_NONE;EXPIRATION_BEFORE_PURCHASE_REQUIRES_REVIEW;EXPIRED_ITEM_FLAG,SME/Data Governance,open,SBRN=SBRN0070
HRQ-00064,record_level_data_quality,dataset-raw-excel-data,record,MISSING_RECALL_STATUS_NORMALIZED_TO_NONE;EXPIRATION_BEFORE_PURCHASE_REQUIRES_REVIEW;EXPIRED_ITEM_FLAG,SME/Data Governance,open,SBRN=SBRN0071
HRQ-00065,record_level_data_quality,dataset-raw-excel-data,record,MISSING_RECALL_STATUS_NORMALIZED_TO_NONE;EXPIRATION_BEFORE_PURCHASE_REQUIRES_REVIEW;EXPIRED_ITEM_FLAG,SME/Data Governance,open,SBRN=SBRN0072
HRQ-00066,record_level_data_quality,dataset-raw-excel-data,record,RECALL_STATUS_MONITORING_REQUIRES_GOVERNANCE;EXPIRED_ITEM_FLAG,SME/Data Governance,open,SBRN=SBRN0076
HRQ-00067,record_level_data_quality,dataset-raw-excel-data,record,RECALL_STATUS_MONITORING_REQUIRES_GOVERNANCE;EXPIRED_ITEM_FLAG,SME/Data Governance,open,SBRN=SBRN0077
HRQ-00068,record_level_data_quality,dataset-raw-excel-data,record,RECALL_STATUS_MONITORING_REQUIRES_GOVERNANCE;EXPIRED_ITEM_FLAG,SME/Data Governance,open,SBRN=SBRN0078
HRQ-00069,record_level_data_quality,dataset-raw-excel-data,record,MISSING_RECALL_STATUS_NORMALIZED_TO_NONE;FUTURE_PURCHASE_DATE_REQUIRES_REVIEW;EXPIRATION_BEFORE_PURCHASE_REQUIRES_REVIEW;EXPIRED_ITEM_FLAG,SME/Data Governance,open,SBRN=SBRN0079
HRQ-00070,record_level_data_quality,dataset-raw-excel-data,record,MISSING_RECALL_STATUS_NORMALIZED_TO_NONE;FUTURE_PURCHASE_DATE_REQUIRES_REVIEW;EXPIRATION_BEFORE_PURCHASE_REQUIRES_REVIEW;EXPIRED_ITEM_FLAG,SME/Data Governance,open,SBRN=SBRN0080
HRQ-00071,record_level_data_quality,dataset-raw-excel-data,record,MISSING_RECALL_STATUS_NORMALIZED_TO_NONE;FUTURE_PURCHASE_DATE_REQUIRES_REVIEW;EXPIRATION_BEFORE_PURCHASE_REQUIRES_REVIEW;EXPIRED_ITEM_FLAG,SME/Data Governance,open,SBRN=SBRN0081
HRQ-00072,record_level_data_quality,dataset-raw-excel-data,record,MISSING_RECALL_STATUS_NORMALIZED_TO_NONE;FUTURE_PURCHASE_DATE_REQUIRES_REVIEW;EXPIRATION_BEFORE_PURCHASE_REQUIRES_REVIEW;EXPIRED_ITEM_FLAG,SME/Data Governance,open,SBRN=SBRN0082
HRQ-00073,record_level_data_quality,dataset-raw-excel-data,record,MISSING_RECALL_STATUS_NORMALIZED_TO_NONE;FUTURE_PURCHASE_DATE_REQUIRES_REVIEW;EXPIRATION_BEFORE_PURCHASE_REQUIRES_REVIEW;EXPIRED_ITEM_FLAG,SME/Data Governance,open,SBRN=SBRN0083
HRQ-00074,record_level_data_quality,dataset-raw-excel-data,record,MISSING_RECALL_STATUS_NORMALIZED_TO_NONE;EXPIRATION_BEFORE_PURCHASE_REQUIRES_REVIEW;EXPIRED_ITEM_FLAG,SME/Data Governance,open,SBRN=SBRN0084
HRQ-00075,record_level_data_quality,dataset-raw-excel-data,record,MISSING_RECALL_STATUS_NORMALIZED_TO_NONE;EXPIRATION_BEFORE_PURCHASE_REQUIRES_REVIEW;EXPIRED_ITEM_FLAG,SME/Data Governance,open,SBRN=SBRN0085
HRQ-00076,record_level_data_quality,dataset-raw-excel-data,record,MISSING_RECALL_STATUS_NORMALIZED_TO_NONE;EXPIRATION_BEFORE_PURCHASE_REQUIRES_REVIEW;EXPIRED_ITEM_FLAG,SME/Data Governance,open,SBRN=SBRN0086
HRQ-00077,record_level_data_quality,dataset-raw-excel-data,record,MISSING_RECALL_STATUS_NORMALIZED_TO_NONE;EXPIRATION_BEFORE_PURCHASE_REQUIRES_REVIEW;EXPIRED_ITEM_FLAG,SME/Data Governance,open,SBRN=SBRN0087
HRQ-00078,record_level_data_quality,dataset-raw-excel-data,record,MISSING_RECALL_STATUS_NORMALIZED_TO_NONE;EXPIRATION_BEFORE_PURCHASE_REQUIRES_REVIEW;EXPIRED_ITEM_FLAG,SME/Data Governance,open,SBRN=SBRN0088
HRQ-00079,record_level_data_quality,dataset-raw-excel-data,record,EXPIRATION_BEFORE_PURCHASE_REQUIRES_REVIEW;EXPIRED_ITEM_FLAG,SME/Data Governance,open,SBRN=SBRN0093
HRQ-00080,record_level_data_quality,dataset-raw-excel-data,record,EXPIRATION_BEFORE_PURCHASE_REQUIRES_REVIEW;EXPIRED_ITEM_FLAG,SME/Data Governance,open,SBRN=SBRN0094
HRQ-00081,record_level_data_quality,dataset-raw-excel-data,record,EXPIRATION_BEFORE_PURCHASE_REQUIRES_REVIEW;EXPIRED_ITEM_FLAG,SME/Data Governance,open,SBRN=SBRN0095
HRQ-00082,record_level_data_quality,dataset-raw-excel-data,record,EXPIRATION_BEFORE_PURCHASE_REQUIRES_REVIEW;EXPIRED_ITEM_FLAG,SME/Data Governance,open,SBRN=SBRN0096
HRQ-00083,record_level_data_quality,dataset-raw-excel-data,record,EXPIRATION_BEFORE_PURCHASE_REQUIRES_REVIEW;EXPIRED_ITEM_FLAG,SME/Data Governance,open,SBRN=SBRN0097
HRQ-00084,record_level_data_quality,dataset-raw-excel-data,record,EXPIRATION_BEFORE_PURCHASE_REQUIRES_REVIEW;EXPIRED_ITEM_FLAG,SME/Data Governance,open,SBRN=SBRN0098
HRQ-00085,record_level_data_quality,dataset-raw-excel-data,record,EXPIRATION_BEFORE_PURCHASE_REQUIRES_REVIEW;EXPIRED_ITEM_FLAG,SME/Data Governance,open,SBRN=SBRN0102
HRQ-00086,record_level_data_quality,dataset-raw-excel-data,record,EXPIRATION_BEFORE_PURCHASE_REQUIRES_REVIEW;EXPIRED_ITEM_FLAG,SME/Data Governance,open,SBRN=SBRN0103
HRQ-00087,record_level_data_quality,dataset-raw-excel-data,record,EXPIRATION_BEFORE_PURCHASE_REQUIRES_REVIEW;EXPIRED_ITEM_FLAG,SME/Data Governance,open,SBRN=SBRN0104
HRQ-00088,record_level_data_quality,dataset-raw-excel-data,record,MISSING_RECALL_STATUS_NORMALIZED_TO_NONE;FUTURE_PURCHASE_DATE_REQUIRES_REVIEW;EXPIRATION_BEFORE_PURCHASE_REQUIRES_REVIEW;EXPIRED_ITEM_FLAG,SME/Data Governance,open,SBRN=SBRN0105
HRQ-00089,record_level_data_quality,dataset-raw-excel-data,record,MISSING_RECALL_STATUS_NORMALIZED_TO_NONE;FUTURE_PURCHASE_DATE_REQUIRES_REVIEW;EXPIRATION_BEFORE_PURCHASE_REQUIRES_REVIEW;EXPIRED_ITEM_FLAG,SME/Data Governance,open,SBRN=SBRN0106
HRQ-00090,record_level_data_quality,dataset-raw-excel-data,record,MISSING_RECALL_STATUS_NORMALIZED_TO_NONE;EXPIRATION_BEFORE_PURCHASE_REQUIRES_REVIEW;EXPIRED_ITEM_FLAG,SME/Data Governance,open,SBRN=SBRN0107
HRQ-00091,record_level_data_quality,dataset-raw-excel-data,record,MISSING_RECALL_STATUS_NORMALIZED_TO_NONE;EXPIRATION_BEFORE_PURCHASE_REQUIRES_REVIEW;EXPIRED_ITEM_FLAG,SME/Data Governance,open,SBRN=SBRN0108
HRQ-00092,record_level_data_quality,dataset-raw-excel-data,record,MISSING_RECALL_STATUS_NORMALIZED_TO_NONE;EXPIRATION_BEFORE_PURCHASE_REQUIRES_REVIEW;EXPIRED_ITEM_FLAG,SME/Data Governance,open,SBRN=SBRN0109
HRQ-00093,record_level_data_quality,dataset-raw-excel-data,record,MISSING_RECALL_STATUS_NORMALIZED_TO_NONE;EXPIRATION_BEFORE_PURCHASE_REQUIRES_REVIEW;EXPIRED_ITEM_FLAG,SME/Data Governance,open,SBRN=SBRN0110
HRQ-00094,record_level_data_quality,dataset-raw-excel-data,record,MISSING_RECALL_STATUS_NORMALIZED_TO_NONE;EXPIRATION_BEFORE_PURCHASE_REQUIRES_REVIEW;EXPIRED_ITEM_FLAG,SME/Data Governance,open,SBRN=SBRN0111
HRQ-00095,record_level_data_quality,dataset-raw-excel-data,record,RECALL_STATUS_MONITORING_REQUIRES_GOVERNANCE,SME/Data Governance,open,SBRN=SBRN0112
HRQ-00096,record_level_data_quality,dataset-raw-excel-data,record,RECALL_STATUS_MONITORING_REQUIRES_GOVERNANCE,SME/Data Governance,open,SBRN=SBRN0113
HRQ-00097,record_level_data_quality,dataset-raw-excel-data,record,RECALL_STATUS_MONITORING_REQUIRES_GOVERNANCE,SME/Data Governance,open,SBRN=SBRN0114
HRQ-00098,record_level_data_quality,dataset-raw-excel-data,record,RECALL_STATUS_MONITORING_REQUIRES_GOVERNANCE,SME/Data Governance,open,SBRN=SBRN0115
HRQ-00099,record_level_data_quality,dataset-raw-excel-data,record,RECALL_STATUS_MONITORING_REQUIRES_GOVERNANCE,SME/Data Governance,open,SBRN=SBRN0116
HRQ-00100,record_level_data_quality,dataset-raw-excel-data,record,MISSING_RECALL_STATUS_NORMALIZED_TO_NONE;FUTURE_PURCHASE_DATE_REQUIRES_REVIEW;EXPIRATION_BEFORE_PURCHASE_REQUIRES_REVIEW;EXPIRED_ITEM_FLAG,SME/Data Governance,open,SBRN=SBRN0117
HRQ-00101,record_level_data_quality,dataset-raw-excel-data,record,MISSING_RECALL_STATUS_NORMALIZED_TO_NONE;FUTURE_PURCHASE_DATE_REQUIRES_REVIEW;EXPIRATION_BEFORE_PURCHASE_REQUIRES_REVIEW;EXPIRED_ITEM_FLAG,SME/Data Governance,open,SBRN=SBRN0118
HRQ-00102,record_level_data_quality,dataset-raw-excel-data,record,RECALL_STATUS_MONITORING_REQUIRES_GOVERNANCE;EXPIRED_ITEM_FLAG,SME/Data Governance,open,SBRN=SBRN0119
HRQ-00103,record_level_data_quality,dataset-raw-excel-data,record,RECALL_STATUS_MONITORING_REQUIRES_GOVERNANCE;EXPIRED_ITEM_FLAG,SME/Data Governance,open,SBRN=SBRN0120
HRQ-00104,record_level_data_quality,dataset-raw-excel-data,record,RECALL_STATUS_MONITORING_REQUIRES_GOVERNANCE;EXPIRED_ITEM_FLAG,SME/Data Governance,open,SBRN=SBRN0121
HRQ-00105,record_level_data_quality,dataset-raw-excel-data,record,RECALL_STATUS_MONITORING_REQUIRES_GOVERNANCE;FUTURE_PURCHASE_DATE_REQUIRES_REVIEW;EXPIRATION_BEFORE_PURCHASE_REQUIRES_REVIEW;EXPIRED_ITEM_FLAG,SME/Data Governance,open,SBRN=SBRN0128
HRQ-00106,record_level_data_quality,dataset-raw-excel-data,record,RECALL_STATUS_MONITORING_REQUIRES_GOVERNANCE;FUTURE_PURCHASE_DATE_REQUIRES_REVIEW;EXPIRATION_BEFORE_PURCHASE_REQUIRES_REVIEW;EXPIRED_ITEM_FLAG,SME/Data Governance,open,SBRN=SBRN0129
HRQ-00107,record_level_data_quality,dataset-raw-excel-data,record,RECALL_STATUS_MONITORING_REQUIRES_GOVERNANCE;FUTURE_PURCHASE_DATE_REQUIRES_REVIEW;EXPIRATION_BEFORE_PURCHASE_REQUIRES_REVIEW;EXPIRED_ITEM_FLAG,SME/Data Governance,open,SBRN=SBRN0130
HRQ-00108,record_level_data_quality,dataset-raw-excel-data,record,RECALL_STATUS_MONITORING_REQUIRES_GOVERNANCE;FUTURE_PURCHASE_DATE_REQUIRES_REVIEW;EXPIRATION_BEFORE_PURCHASE_REQUIRES_REVIEW;EXPIRED_ITEM_FLAG,SME/Data Governance,open,SBRN=SBRN0131
HRQ-00109,record_level_data_quality,dataset-raw-excel-data,record,RECALL_STATUS_MONITORING_REQUIRES_GOVERNANCE;FUTURE_PURCHASE_DATE_REQUIRES_REVIEW;EXPIRATION_BEFORE_PURCHASE_REQUIRES_REVIEW;EXPIRED_ITEM_FLAG,SME/Data Governance,open,SBRN=SBRN0132
HRQ-00110,record_level_data_quality,dataset-raw-excel-data,record,MISSING_RECALL_STATUS_NORMALIZED_TO_NONE;FUTURE_PURCHASE_DATE_REQUIRES_REVIEW;EXPIRATION_BEFORE_PURCHASE_REQUIRES_REVIEW;EXPIRED_ITEM_FLAG,SME/Data Governance,open,SBRN=SBRN0133
HRQ-00111,record_level_data_quality,dataset-raw-excel-data,record,MISSING_RECALL_STATUS_NORMALIZED_TO_NONE;FUTURE_PURCHASE_DATE_REQUIRES_REVIEW;EXPIRATION_BEFORE_PURCHASE_REQUIRES_REVIEW;EXPIRED_ITEM_FLAG,SME/Data Governance,open,SBRN=SBRN0134
HRQ-00112,record_level_data_quality,dataset-raw-excel-data,record,MISSING_RECALL_STATUS_NORMALIZED_TO_NONE;FUTURE_PURCHASE_DATE_REQUIRES_REVIEW;EXPIRATION_BEFORE_PURCHASE_REQUIRES_REVIEW;EXPIRED_ITEM_FLAG,SME/Data Governance,open,SBRN=SBRN0135
HRQ-00113,record_level_data_quality,dataset-raw-excel-data,record,MISSING_RECALL_STATUS_NORMALIZED_TO_NONE;FUTURE_PURCHASE_DATE_REQUIRES_REVIEW;EXPIRATION_BEFORE_PURCHASE_REQUIRES_REVIEW;EXPIRED_ITEM_FLAG,SME/Data Governance,open,SBRN=SBRN0136
HRQ-00114,record_level_data_quality,dataset-raw-excel-data,record,MISSING_RECALL_STATUS_NORMALIZED_TO_NONE;FUTURE_PURCHASE_DATE_REQUIRES_REVIEW;EXPIRATION_BEFORE_PURCHASE_REQUIRES_REVIEW;EXPIRED_ITEM_FLAG,SME/Data Governance,open,SBRN=SBRN0137
HRQ-00115,record_level_data_quality,dataset-raw-excel-data,record,RECALL_STATUS_MONITORING_REQUIRES_GOVERNANCE;FUTURE_PURCHASE_DATE_REQUIRES_REVIEW,SME/Data Governance,open,SBRN=SBRN0145
HRQ-00116,record_level_data_quality,dataset-raw-excel-data,record,RECALL_STATUS_MONITORING_REQUIRES_GOVERNANCE;FUTURE_PURCHASE_DATE_REQUIRES_REVIEW,SME/Data Governance,open,SBRN=SBRN0146
HRQ-00117,record_level_data_quality,dataset-raw-excel-data,record,MISSING_RECALL_STATUS_NORMALIZED_TO_NONE;FUTURE_PURCHASE_DATE_REQUIRES_REVIEW,SME/Data Governance,open,SBRN=SBRN0147
HRQ-00118,record_level_data_quality,dataset-raw-excel-data,record,EXPIRATION_BEFORE_PURCHASE_REQUIRES_REVIEW;EXPIRED_ITEM_FLAG,SME/Data Governance,open,SBRN=SBRN0157
HRQ-00119,record_level_data_quality,dataset-raw-excel-data,record,EXPIRATION_BEFORE_PURCHASE_REQUIRES_REVIEW;EXPIRED_ITEM_FLAG,SME/Data Governance,open,SBRN=SBRN0158
HRQ-00120,record_level_data_quality,dataset-raw-excel-data,record,EXPIRATION_BEFORE_PURCHASE_REQUIRES_REVIEW;EXPIRED_ITEM_FLAG,SME/Data Governance,open,SBRN=SBRN0159
HRQ-00121,record_level_data_quality,dataset-raw-excel-data,record,EXPIRATION_BEFORE_PURCHASE_REQUIRES_REVIEW;EXPIRED_ITEM_FLAG,SME/Data Governance,open,SBRN=SBRN0160
HRQ-00122,record_level_data_quality,dataset-raw-excel-data,record,EXPIRATION_BEFORE_PURCHASE_REQUIRES_REVIEW;EXPIRED_ITEM_FLAG,SME/Data Governance,open,SBRN=SBRN0161
HRQ-00123,record_level_data_quality,dataset-raw-excel-data,record,EXPIRATION_BEFORE_PURCHASE_REQUIRES_REVIEW;EXPIRED_ITEM_FLAG,SME/Data Governance,open,SBRN=SBRN0162
HRQ-00124,record_level_data_quality,dataset-raw-excel-data,record,EXPIRATION_BEFORE_PURCHASE_REQUIRES_REVIEW;EXPIRED_ITEM_FLAG,SME/Data Governance,open,SBRN=SBRN0163
HRQ-00125,record_level_data_quality,dataset-raw-excel-data,record,EXPIRATION_BEFORE_PURCHASE_REQUIRES_REVIEW;EXPIRED_ITEM_FLAG,SME/Data Governance,open,SBRN=SBRN0164
HRQ-00126,record_level_data_quality,dataset-raw-excel-data,record,RECALL_STATUS_MONITORING_REQUIRES_GOVERNANCE,SME/Data Governance,open,SBRN=SBRN0165
HRQ-00127,record_level_data_quality,dataset-raw-excel-data,record,RECALL_STATUS_MONITORING_REQUIRES_GOVERNANCE,SME/Data Governance,open,SBRN=SBRN0166
HRQ-00128,record_level_data_quality,dataset-raw-excel-data,record,RECALL_STATUS_MONITORING_REQUIRES_GOVERNANCE,SME/Data Governance,open,SBRN=SBRN0167
HRQ-00129,record_level_data_quality,dataset-raw-excel-data,record,RECALL_STATUS_MONITORING_REQUIRES_GOVERNANCE,SME/Data Governance,open,SBRN=SBRN0168
HRQ-00130,record_level_data_quality,dataset-raw-excel-data,record,FUTURE_PURCHASE_DATE_REQUIRES_REVIEW,SME/Data Governance,open,SBRN=SBRN0169
HRQ-00131,record_level_data_quality,dataset-raw-excel-data,record,FUTURE_PURCHASE_DATE_REQUIRES_REVIEW,SME/Data Governance,open,SBRN=SBRN0170
HRQ-00132,record_level_data_quality,dataset-raw-excel-data,record,FUTURE_PURCHASE_DATE_REQUIRES_REVIEW,SME/Data Governance,open,SBRN=SBRN0171
HRQ-00133,record_level_data_quality,dataset-raw-excel-data,record,FUTURE_PURCHASE_DATE_REQUIRES_REVIEW,SME/Data Governance,open,SBRN=SBRN0172
HRQ-00134,record_level_data_quality,dataset-raw-excel-data,record,MISSING_RECALL_STATUS_NORMALIZED_TO_NONE;EXPIRATION_BEFORE_PURCHASE_REQUIRES_REVIEW;EXPIRED_ITEM_FLAG,SME/Data Governance,open,SBRN=SBRN0173
HRQ-00135,record_level_data_quality,dataset-raw-excel-data,record,MISSING_RECALL_STATUS_NORMALIZED_TO_NONE;EXPIRATION_BEFORE_PURCHASE_REQUIRES_REVIEW;EXPIRED_ITEM_FLAG,SME/Data Governance,open,SBRN=SBRN0174
HRQ-00136,record_level_data_quality,dataset-raw-excel-data,record,MISSING_RECALL_STATUS_NORMALIZED_TO_NONE;EXPIRATION_BEFORE_PURCHASE_REQUIRES_REVIEW;EXPIRED_ITEM_FLAG,SME/Data Governance,open,SBRN=SBRN0175
HRQ-00137,record_level_data_quality,dataset-raw-excel-data,record,MISSING_RECALL_STATUS_NORMALIZED_TO_NONE;EXPIRATION_BEFORE_PURCHASE_REQUIRES_REVIEW;EXPIRED_ITEM_FLAG,SME/Data Governance,open,SBRN=SBRN0176
HRQ-00138,record_level_data_quality,dataset-raw-excel-data,record,RECALL_STATUS_MONITORING_REQUIRES_GOVERNANCE,SME/Data Governance,open,SBRN=SBRN0177
HRQ-00139,record_level_data_quality,dataset-raw-excel-data,record,RECALL_STATUS_MONITORING_REQUIRES_GOVERNANCE,SME/Data Governance,open,SBRN=SBRN0178
HRQ-00140,record_level_data_quality,dataset-raw-excel-data,record,RECALL_STATUS_MONITORING_REQUIRES_GOVERNANCE,SME/Data Governance,open,SBRN=SBRN0179
HRQ-00141,record_level_data_quality,dataset-raw-excel-data,record,RECALL_STATUS_MONITORING_REQUIRES_GOVERNANCE;EXPIRATION_BEFORE_PURCHASE_REQUIRES_REVIEW;EXPIRED_ITEM_FLAG,SME/Data Governance,open,SBRN=SBRN0183
HRQ-00142,record_level_data_quality,dataset-raw-excel-data,record,RECALL_STATUS_MONITORING_REQUIRES_GOVERNANCE;EXPIRATION_BEFORE_PURCHASE_REQUIRES_REVIEW;EXPIRED_ITEM_FLAG,SME/Data Governance,open,SBRN=SBRN0184
HRQ-00143,record_level_data_quality,dataset-raw-excel-data,record,RECALL_STATUS_MONITORING_REQUIRES_GOVERNANCE;EXPIRATION_BEFORE_PURCHASE_REQUIRES_REVIEW;EXPIRED_ITEM_FLAG,SME/Data Governance,open,SBRN=SBRN0185
HRQ-00144,record_level_data_quality,dataset-raw-excel-data,record,RECALL_STATUS_MONITORING_REQUIRES_GOVERNANCE;FUTURE_PURCHASE_DATE_REQUIRES_REVIEW;EXPIRATION_BEFORE_PURCHASE_REQUIRES_REVIEW;EXPIRED_ITEM_FLAG,SME/Data Governance,open,SBRN=SBRN0191
HRQ-00145,record_level_data_quality,dataset-raw-excel-data,record,RECALL_STATUS_MONITORING_REQUIRES_GOVERNANCE;FUTURE_PURCHASE_DATE_REQUIRES_REVIEW;EXPIRATION_BEFORE_PURCHASE_REQUIRES_REVIEW;EXPIRED_ITEM_FLAG,SME/Data Governance,open,SBRN=SBRN0192
HRQ-00146,record_level_data_quality,dataset-raw-excel-data,record,RECALL_STATUS_MONITORING_REQUIRES_GOVERNANCE;FUTURE_PURCHASE_DATE_REQUIRES_REVIEW;EXPIRATION_BEFORE_PURCHASE_REQUIRES_REVIEW;EXPIRED_ITEM_FLAG,SME/Data Governance,open,SBRN=SBRN0193
HRQ-00147,record_level_data_quality,dataset-raw-excel-data,record,RECALL_STATUS_MONITORING_REQUIRES_GOVERNANCE;FUTURE_PURCHASE_DATE_REQUIRES_REVIEW;EXPIRATION_BEFORE_PURCHASE_REQUIRES_REVIEW;EXPIRED_ITEM_FLAG,SME/Data Governance,open,SBRN=SBRN0194
HRQ-00148,record_level_data_quality,dataset-raw-excel-data,record,RECALL_STATUS_MONITORING_REQUIRES_GOVERNANCE;EXPIRED_ITEM_FLAG,SME/Data Governance,open,SBRN=SBRN0195
HRQ-00149,record_level_data_quality,dataset-raw-excel-data,record,RECALL_STATUS_MONITORING_REQUIRES_GOVERNANCE;EXPIRED_ITEM_FLAG,SME/Data Governance,open,SBRN=SBRN0196
HRQ-00150,record_level_data_quality,dataset-raw-excel-data,record,RECALL_STATUS_MONITORING_REQUIRES_GOVERNANCE;EXPIRED_ITEM_FLAG,SME/Data Governance,open,SBRN=SBRN0197
HRQ-00151,record_level_data_quality,dataset-raw-excel-data,record,RECALL_STATUS_MONITORING_REQUIRES_GOVERNANCE;EXPIRED_ITEM_FLAG,SME/Data Governance,open,SBRN=SBRN0198
HRQ-00152,record_level_data_quality,dataset-raw-excel-data,record,RECALL_STATUS_MONITORING_REQUIRES_GOVERNANCE;EXPIRED_ITEM_FLAG,SME/Data Governance,open,SBRN=SBRN0199
HRQ-00153,record_level_data_quality,dataset-raw-excel-data,record,RECALL_STATUS_MONITORING_REQUIRES_GOVERNANCE;EXPIRED_ITEM_FLAG,SME/Data Governance,open,SBRN=SBRN0200
HRQ-00154,record_level_data_quality,dataset-raw-excel-data,record,RECALL_STATUS_MONITORING_REQUIRES_GOVERNANCE;EXPIRED_ITEM_FLAG,SME/Data Governance,open,SBRN=SBRN0201
HRQ-00155,record_level_data_quality,dataset-raw-excel-data,record,RECALL_STATUS_MONITORING_REQUIRES_GOVERNANCE;EXPIRED_ITEM_FLAG,SME/Data Governance,open,SBRN=SBRN0202
HRQ-00156,record_level_data_quality,dataset-raw-excel-data,record,MISSING_RECALL_STATUS_NORMALIZED_TO_NONE;EXPIRATION_BEFORE_PURCHASE_REQUIRES_REVIEW;EXPIRED_ITEM_FLAG,SME/Data Governance,open,SBRN=SBRN0203
HRQ-00157,record_level_data_quality,dataset-raw-excel-data,record,MISSING_RECALL_STATUS_NORMALIZED_TO_NONE;EXPIRATION_BEFORE_PURCHASE_REQUIRES_REVIEW;EXPIRED_ITEM_FLAG,SME/Data Governance,open,SBRN=SBRN0204
HRQ-00158,record_level_data_quality,dataset-raw-excel-data,record,MISSING_RECALL_STATUS_NORMALIZED_TO_NONE;EXPIRATION_BEFORE_PURCHASE_REQUIRES_REVIEW;EXPIRED_ITEM_FLAG,SME/Data Governance,open,SBRN=SBRN0205
HRQ-00159,record_level_data_quality,dataset-raw-excel-data,record,MISSING_RECALL_STATUS_NORMALIZED_TO_NONE;EXPIRATION_BEFORE_PURCHASE_REQUIRES_REVIEW;EXPIRED_ITEM_FLAG,SME/Data Governance,open,SBRN=SBRN0206
HRQ-00160,record_level_data_quality,dataset-raw-excel-data,record,MISSING_RECALL_STATUS_NORMALIZED_TO_NONE;EXPIRATION_BEFORE_PURCHASE_REQUIRES_REVIEW;EXPIRED_ITEM_FLAG,SME/Data Governance,open,SBRN=SBRN0207
HRQ-00161,record_level_data_quality,dataset-raw-excel-data,record,RECALL_STATUS_MONITORING_REQUIRES_GOVERNANCE;EXPIRED_ITEM_FLAG,SME/Data Governance,open,SBRN=SBRN0208
HRQ-00162,record_level_data_quality,dataset-raw-excel-data,record,RECALL_STATUS_MONITORING_REQUIRES_GOVERNANCE;EXPIRED_ITEM_FLAG,SME/Data Governance,open,SBRN=SBRN0209
HRQ-00163,record_level_data_quality,dataset-raw-excel-data,record,RECALL_STATUS_MONITORING_REQUIRES_GOVERNANCE;EXPIRED_ITEM_FLAG,SME/Data Governance,open,SBRN=SBRN0210
HRQ-00164,record_level_data_quality,dataset-raw-excel-data,record,RECALL_STATUS_MONITORING_REQUIRES_GOVERNANCE,SME/Data Governance,open,SBRN=SBRN0211
HRQ-00165,record_level_data_quality,dataset-raw-excel-data,record,RECALL_STATUS_MONITORING_REQUIRES_GOVERNANCE,SME/Data Governance,open,SBRN=SBRN0212
HRQ-00166,record_level_data_quality,dataset-raw-excel-data,record,RECALL_STATUS_MONITORING_REQUIRES_GOVERNANCE;EXPIRED_ITEM_FLAG,SME/Data Governance,open,SBRN=SBRN0228
HRQ-00167,record_level_data_quality,dataset-raw-excel-data,record,RECALL_STATUS_MONITORING_REQUIRES_GOVERNANCE;EXPIRED_ITEM_FLAG,SME/Data Governance,open,SBRN=SBRN0229
HRQ-00168,record_level_data_quality,dataset-raw-excel-data,record,RECALL_STATUS_MONITORING_REQUIRES_GOVERNANCE;EXPIRED_ITEM_FLAG,SME/Data Governance,open,SBRN=SBRN0230
HRQ-00169,record_level_data_quality,dataset-raw-excel-data,record,EXPIRATION_BEFORE_PURCHASE_REQUIRES_REVIEW;EXPIRED_ITEM_FLAG,SME/Data Governance,open,SBRN=SBRN0231
HRQ-00170,record_level_data_quality,dataset-raw-excel-data,record,EXPIRATION_BEFORE_PURCHASE_REQUIRES_REVIEW;EXPIRED_ITEM_FLAG,SME/Data Governance,open,SBRN=SBRN0232
HRQ-00171,record_level_data_quality,dataset-raw-excel-data,record,RECALL_STATUS_MONITORING_REQUIRES_GOVERNANCE;EXPIRATION_BEFORE_PURCHASE_REQUIRES_REVIEW;EXPIRED_ITEM_FLAG,SME/Data Governance,open,SBRN=SBRN0233
HRQ-00172,record_level_data_quality,dataset-raw-excel-data,record,RECALL_STATUS_MONITORING_REQUIRES_GOVERNANCE;EXPIRATION_BEFORE_PURCHASE_REQUIRES_REVIEW;EXPIRED_ITEM_FLAG,SME/Data Governance,open,SBRN=SBRN0234
HRQ-00173,record_level_data_quality,dataset-raw-excel-data,record,RECALL_STATUS_MONITORING_REQUIRES_GOVERNANCE;EXPIRATION_BEFORE_PURCHASE_REQUIRES_REVIEW;EXPIRED_ITEM_FLAG,SME/Data Governance,open,SBRN=SBRN0235
HRQ-00174,record_level_data_quality,dataset-raw-excel-data,record,RECALL_STATUS_MONITORING_REQUIRES_GOVERNANCE;EXPIRED_ITEM_FLAG,SME/Data Governance,open,SBRN=SBRN0239
HRQ-00175,record_level_data_quality,dataset-raw-excel-data,record,RECALL_STATUS_MONITORING_REQUIRES_GOVERNANCE;EXPIRED_ITEM_FLAG,SME/Data Governance,open,SBRN=SBRN0240
HRQ-00176,record_level_data_quality,dataset-raw-excel-data,record,RECALL_STATUS_MONITORING_REQUIRES_GOVERNANCE;EXPIRED_ITEM_FLAG,SME/Data Governance,open,SBRN=SBRN0241
HRQ-00177,record_level_data_quality,dataset-raw-excel-data,record,RECALL_STATUS_MONITORING_REQUIRES_GOVERNANCE;EXPIRED_ITEM_FLAG,SME/Data Governance,open,SBRN=SBRN0242
HRQ-00178,record_level_data_quality,dataset-raw-excel-data,record,RECALL_STATUS_MONITORING_REQUIRES_GOVERNANCE;EXPIRED_ITEM_FLAG,SME/Data Governance,open,SBRN=SBRN0243
HRQ-00179,record_level_data_quality,dataset-raw-excel-data,record,RECALL_STATUS_MONITORING_REQUIRES_GOVERNANCE;EXPIRED_ITEM_FLAG,SME/Data Governance,open,SBRN=SBRN0244
HRQ-00180,record_level_data_quality,dataset-raw-excel-data,record,RECALL_STATUS_MONITORING_REQUIRES_GOVERNANCE;EXPIRED_ITEM_FLAG,SME/Data Governance,open,SBRN=SBRN0245
HRQ-00181,record_level_data_quality,dataset-raw-excel-data,record,RECALL_STATUS_MONITORING_REQUIRES_GOVERNANCE;EXPIRED_ITEM_FLAG,SME/Data Governance,open,SBRN=SBRN0246
HRQ-00182,record_level_data_quality,dataset-raw-excel-data,record,MISSING_RECALL_STATUS_NORMALIZED_TO_NONE;FUTURE_PURCHASE_DATE_REQUIRES_REVIEW;EXPIRATION_BEFORE_PURCHASE_REQUIRES_REVIEW;EXPIRED_ITEM_FLAG,SME/Data Governance,open,SBRN=SBRN0249
HRQ-00183,record_level_data_quality,dataset-raw-excel-data,record,MISSING_RECALL_STATUS_NORMALIZED_TO_NONE;FUTURE_PURCHASE_DATE_REQUIRES_REVIEW;EXPIRATION_BEFORE_PURCHASE_REQUIRES_REVIEW;EXPIRED_ITEM_FLAG,SME/Data Governance,open,SBRN=SBRN0250
HRQ-00184,record_level_data_quality,dataset-raw-excel-data,record,MISSING_RECALL_STATUS_NORMALIZED_TO_NONE;FUTURE_PURCHASE_DATE_REQUIRES_REVIEW;EXPIRATION_BEFORE_PURCHASE_REQUIRES_REVIEW;EXPIRED_ITEM_FLAG,SME/Data Governance,open,SBRN=SBRN0269
HRQ-00185,record_level_data_quality,dataset-raw-excel-data,record,MISSING_RECALL_STATUS_NORMALIZED_TO_NONE;FUTURE_PURCHASE_DATE_REQUIRES_REVIEW;EXPIRATION_BEFORE_PURCHASE_REQUIRES_REVIEW;EXPIRED_ITEM_FLAG,SME/Data Governance,open,SBRN=SBRN0270
HRQ-00186,record_level_data_quality,dataset-raw-excel-data,record,MISSING_RECALL_STATUS_NORMALIZED_TO_NONE;FUTURE_PURCHASE_DATE_REQUIRES_REVIEW;EXPIRATION_BEFORE_PURCHASE_REQUIRES_REVIEW;EXPIRED_ITEM_FLAG,SME/Data Governance,open,SBRN=SBRN0271
HRQ-00187,record_level_data_quality,dataset-raw-excel-data,record,RECALL_STATUS_MONITORING_REQUIRES_GOVERNANCE;FUTURE_PURCHASE_DATE_REQUIRES_REVIEW,SME/Data Governance,open,SBRN=SBRN0272
HRQ-00188,record_level_data_quality,dataset-raw-excel-data,record,RECALL_STATUS_MONITORING_REQUIRES_GOVERNANCE;FUTURE_PURCHASE_DATE_REQUIRES_REVIEW,SME/Data Governance,open,SBRN=SBRN0273
HRQ-00189,record_level_data_quality,dataset-raw-excel-data,record,RECALL_STATUS_MONITORING_REQUIRES_GOVERNANCE;FUTURE_PURCHASE_DATE_REQUIRES_REVIEW,SME/Data Governance,open,SBRN=SBRN0274
HRQ-00190,record_level_data_quality,dataset-raw-excel-data,record,RECALL_STATUS_MONITORING_REQUIRES_GOVERNANCE;FUTURE_PURCHASE_DATE_REQUIRES_REVIEW,SME/Data Governance,open,SBRN=SBRN0275
HRQ-00191,record_level_data_quality,dataset-raw-excel-data,record,RECALL_STATUS_MONITORING_REQUIRES_GOVERNANCE;FUTURE_PURCHASE_DATE_REQUIRES_REVIEW,SME/Data Governance,open,SBRN=SBRN0276
HRQ-00192,record_level_data_quality,dataset-raw-excel-data,record,RECALL_STATUS_MONITORING_REQUIRES_GOVERNANCE;FUTURE_PURCHASE_DATE_REQUIRES_REVIEW,SME/Data Governance,open,SBRN=SBRN0277
HRQ-00193,record_level_data_quality,dataset-raw-excel-data,record,RECALL_STATUS_MONITORING_REQUIRES_GOVERNANCE;EXPIRATION_BEFORE_PURCHASE_REQUIRES_REVIEW;EXPIRED_ITEM_FLAG,SME/Data Governance,open,SBRN=SBRN0278
HRQ-00194,record_level_data_quality,dataset-raw-excel-data,record,RECALL_STATUS_MONITORING_REQUIRES_GOVERNANCE;EXPIRATION_BEFORE_PURCHASE_REQUIRES_REVIEW;EXPIRED_ITEM_FLAG,SME/Data Governance,open,SBRN=SBRN0279
HRQ-00195,record_level_data_quality,dataset-raw-excel-data,record,FUTURE_PURCHASE_DATE_REQUIRES_REVIEW;EXPIRATION_BEFORE_PURCHASE_REQUIRES_REVIEW;EXPIRED_ITEM_FLAG,SME/Data Governance,open,SBRN=SBRN0280
HRQ-00196,record_level_data_quality,dataset-raw-excel-data,record,FUTURE_PURCHASE_DATE_REQUIRES_REVIEW;EXPIRATION_BEFORE_PURCHASE_REQUIRES_REVIEW;EXPIRED_ITEM_FLAG,SME/Data Governance,open,SBRN=SBRN0281
HRQ-00197,record_level_data_quality,dataset-raw-excel-data,record,FUTURE_PURCHASE_DATE_REQUIRES_REVIEW;EXPIRATION_BEFORE_PURCHASE_REQUIRES_REVIEW;EXPIRED_ITEM_FLAG,SME/Data Governance,open,SBRN=SBRN0282
HRQ-00198,record_level_data_quality,dataset-raw-excel-data,record,RECALL_STATUS_MONITORING_REQUIRES_GOVERNANCE;FUTURE_PURCHASE_DATE_REQUIRES_REVIEW;EXPIRATION_BEFORE_PURCHASE_REQUIRES_REVIEW;EXPIRED_ITEM_FLAG,SME/Data Governance,open,SBRN=SBRN0292
HRQ-00199,record_level_data_quality,dataset-raw-excel-data,record,RECALL_STATUS_MONITORING_REQUIRES_GOVERNANCE;FUTURE_PURCHASE_DATE_REQUIRES_REVIEW;EXPIRATION_BEFORE_PURCHASE_REQUIRES_REVIEW;EXPIRED_ITEM_FLAG,SME/Data Governance,open,SBRN=SBRN0293
HRQ-00200,record_level_data_quality,dataset-raw-excel-data,record,RECALL_STATUS_MONITORING_REQUIRES_GOVERNANCE;FUTURE_PURCHASE_DATE_REQUIRES_REVIEW;EXPIRATION_BEFORE_PURCHASE_REQUIRES_REVIEW;EXPIRED_ITEM_FLAG,SME/Data Governance,open,SBRN=SBRN0294
HRQ-00201,record_level_data_quality,dataset-raw-excel-data,record,RECALL_STATUS_MONITORING_REQUIRES_GOVERNANCE;FUTURE_PURCHASE_DATE_REQUIRES_REVIEW;EXPIRATION_BEFORE_PURCHASE_REQUIRES_REVIEW;EXPIRED_ITEM_FLAG,SME/Data Governance,open,SBRN=SBRN0295
HRQ-00202,record_level_data_quality,dataset-raw-excel-data,record,RECALL_STATUS_MONITORING_REQUIRES_GOVERNANCE;FUTURE_PURCHASE_DATE_REQUIRES_REVIEW;EXPIRATION_BEFORE_PURCHASE_REQUIRES_REVIEW;EXPIRED_ITEM_FLAG,SME/Data Governance,open,SBRN=SBRN0296
HRQ-00203,record_level_data_quality,dataset-raw-excel-data,record,RECALL_STATUS_MONITORING_REQUIRES_GOVERNANCE;EXPIRED_ITEM_FLAG,SME/Data Governance,open,SBRN=SBRN0297
HRQ-00204,record_level_data_quality,dataset-raw-excel-data,record,RECALL_STATUS_MONITORING_REQUIRES_GOVERNANCE;EXPIRED_ITEM_FLAG,SME/Data Governance,open,SBRN=SBRN0298
HRQ-00205,record_level_data_quality,dataset-raw-excel-data,record,RECALL_STATUS_MONITORING_REQUIRES_GOVERNANCE;EXPIRED_ITEM_FLAG,SME/Data Governance,open,SBRN=SBRN0299
HRQ-00206,record_level_data_quality,dataset-raw-excel-data,record,RECALL_STATUS_MONITORING_REQUIRES_GOVERNANCE;EXPIRED_ITEM_FLAG,SME/Data Governance,open,SBRN=SBRN0300
HRQ-00207,record_level_data_quality,dataset-raw-excel-data,record,RECALL_STATUS_MONITORING_REQUIRES_GOVERNANCE;EXPIRED_ITEM_FLAG,SME/Data Governance,open,SBRN=SBRN0301
HRQ-00208,record_level_data_quality,dataset-raw-excel-data,record,RECALL_STATUS_MONITORING_REQUIRES_GOVERNANCE;EXPIRED_ITEM_FLAG,SME/Data Governance,open,SBRN=SBRN0302
HRQ-00209,record_level_data_quality,dataset-raw-excel-data,record,RECALL_STATUS_MONITORING_REQUIRES_GOVERNANCE;EXPIRED_ITEM_FLAG,SME/Data Governance,open,SBRN=SBRN0303
HRQ-00210,record_level_data_quality,dataset-raw-excel-data,record,RECALL_STATUS_MONITORING_REQUIRES_GOVERNANCE;EXPIRED_ITEM_FLAG,SME/Data Governance,open,SBRN=SBRN0304
HRQ-00211,record_level_data_quality,dataset-raw-excel-data,record,RECALL_STATUS_MONITORING_REQUIRES_GOVERNANCE;EXPIRED_ITEM_FLAG,SME/Data Governance,open,SBRN=SBRN0305
HRQ-00212,record_level_data_quality,dataset-raw-excel-data,record,RECALL_STATUS_MONITORING_REQUIRES_GOVERNANCE;EXPIRATION_BEFORE_PURCHASE_REQUIRES_REVIEW;EXPIRED_ITEM_FLAG,SME/Data Governance,open,SBRN=SBRN0306
HRQ-00213,record_level_data_quality,dataset-raw-excel-data,record,RECALL_STATUS_MONITORING_REQUIRES_GOVERNANCE;EXPIRATION_BEFORE_PURCHASE_REQUIRES_REVIEW;EXPIRED_ITEM_FLAG,SME/Data Governance,open,SBRN=SBRN0307
HRQ-00214,record_level_data_quality,dataset-raw-excel-data,record,RECALL_STATUS_MONITORING_REQUIRES_GOVERNANCE;EXPIRATION_BEFORE_PURCHASE_REQUIRES_REVIEW;EXPIRED_ITEM_FLAG,SME/Data Governance,open,SBRN=SBRN0308
HRQ-00215,record_level_data_quality,dataset-raw-excel-data,record,MISSING_RECALL_STATUS_NORMALIZED_TO_NONE;FUTURE_PURCHASE_DATE_REQUIRES_REVIEW;EXPIRATION_BEFORE_PURCHASE_REQUIRES_REVIEW;EXPIRED_ITEM_FLAG,SME/Data Governance,open,SBRN=SBRN0310
HRQ-00216,record_level_data_quality,dataset-raw-excel-data,record,EXPIRATION_BEFORE_PURCHASE_REQUIRES_REVIEW;EXPIRED_ITEM_FLAG,SME/Data Governance,open,SBRN=SBRN0311
HRQ-00217,record_level_data_quality,dataset-raw-excel-data,record,EXPIRATION_BEFORE_PURCHASE_REQUIRES_REVIEW;EXPIRED_ITEM_FLAG,SME/Data Governance,open,SBRN=SBRN0312
HRQ-00218,record_level_data_quality,dataset-raw-excel-data,record,EXPIRATION_BEFORE_PURCHASE_REQUIRES_REVIEW;EXPIRED_ITEM_FLAG,SME/Data Governance,open,SBRN=SBRN0313
HRQ-00219,record_level_data_quality,dataset-raw-excel-data,record,EXPIRATION_BEFORE_PURCHASE_REQUIRES_REVIEW;EXPIRED_ITEM_FLAG,SME/Data Governance,open,SBRN=SBRN0314
HRQ-00220,record_level_data_quality,dataset-raw-excel-data,record,EXPIRATION_BEFORE_PURCHASE_REQUIRES_REVIEW;EXPIRED_ITEM_FLAG,SME/Data Governance,open,SBRN=SBRN0315
HRQ-00221,record_level_data_quality,dataset-raw-excel-data,record,RECALL_STATUS_MONITORING_REQUIRES_GOVERNANCE;EXPIRED_ITEM_FLAG,SME/Data Governance,open,SBRN=SBRN0316
HRQ-00222,record_level_data_quality,dataset-raw-excel-data,record,RECALL_STATUS_MONITORING_REQUIRES_GOVERNANCE;EXPIRED_ITEM_FLAG,SME/Data Governance,open,SBRN=SBRN0317
HRQ-00223,record_level_data_quality,dataset-raw-excel-data,record,RECALL_STATUS_MONITORING_REQUIRES_GOVERNANCE;EXPIRED_ITEM_FLAG,SME/Data Governance,open,SBRN=SBRN0318
HRQ-00224,record_level_data_quality,dataset-raw-excel-data,record,RECALL_STATUS_MONITORING_REQUIRES_GOVERNANCE;EXPIRED_ITEM_FLAG,SME/Data Governance,open,SBRN=SBRN0319
HRQ-00225,record_level_data_quality,dataset-raw-excel-data,record,RECALL_STATUS_MONITORING_REQUIRES_GOVERNANCE;EXPIRED_ITEM_FLAG,SME/Data Governance,open,SBRN=SBRN0320
HRQ-00226,record_level_data_quality,dataset-raw-excel-data,record,RECALL_STATUS_MONITORING_REQUIRES_GOVERNANCE;EXPIRED_ITEM_FLAG,SME/Data Governance,open,SBRN=SBRN0321
HRQ-00227,record_level_data_quality,dataset-raw-excel-data,record,RECALL_STATUS_MONITORING_REQUIRES_GOVERNANCE;FUTURE_PURCHASE_DATE_REQUIRES_REVIEW;EXPIRATION_BEFORE_PURCHASE_REQUIRES_REVIEW;EXPIRED_ITEM_FLAG,SME/Data Governance,open,SBRN=SBRN0322
HRQ-00228,record_level_data_quality,dataset-raw-excel-data,record,RECALL_STATUS_MONITORING_REQUIRES_GOVERNANCE;FUTURE_PURCHASE_DATE_REQUIRES_REVIEW;EXPIRATION_BEFORE_PURCHASE_REQUIRES_REVIEW;EXPIRED_ITEM_FLAG,SME/Data Governance,open,SBRN=SBRN0323
HRQ-00229,record_level_data_quality,dataset-raw-excel-data,record,RECALL_STATUS_MONITORING_REQUIRES_GOVERNANCE;FUTURE_PURCHASE_DATE_REQUIRES_REVIEW;EXPIRATION_BEFORE_PURCHASE_REQUIRES_REVIEW;EXPIRED_ITEM_FLAG,SME/Data Governance,open,SBRN=SBRN0324
HRQ-00230,record_level_data_quality,dataset-raw-excel-data,record,RECALL_STATUS_MONITORING_REQUIRES_GOVERNANCE;FUTURE_PURCHASE_DATE_REQUIRES_REVIEW;EXPIRATION_BEFORE_PURCHASE_REQUIRES_REVIEW;EXPIRED_ITEM_FLAG,SME/Data Governance,open,SBRN=SBRN0325
HRQ-00231,record_level_data_quality,dataset-raw-excel-data,record,RECALL_STATUS_MONITORING_REQUIRES_GOVERNANCE;FUTURE_PURCHASE_DATE_REQUIRES_REVIEW;EXPIRATION_BEFORE_PURCHASE_REQUIRES_REVIEW;EXPIRED_ITEM_FLAG,SME/Data Governance,open,SBRN=SBRN0326
HRQ-00232,record_level_data_quality,dataset-raw-excel-data,record,RECALL_STATUS_MONITORING_REQUIRES_GOVERNANCE;FUTURE_PURCHASE_DATE_REQUIRES_REVIEW;EXPIRATION_BEFORE_PURCHASE_REQUIRES_REVIEW;EXPIRED_ITEM_FLAG,SME/Data Governance,open,SBRN=SBRN0327
HRQ-00233,record_level_data_quality,dataset-raw-excel-data,record,RECALL_STATUS_MONITORING_REQUIRES_GOVERNANCE;FUTURE_PURCHASE_DATE_REQUIRES_REVIEW;EXPIRATION_BEFORE_PURCHASE_REQUIRES_REVIEW;EXPIRED_ITEM_FLAG,SME/Data Governance,open,SBRN=SBRN0328
HRQ-00234,record_level_data_quality,dataset-raw-excel-data,record,FUTURE_PURCHASE_DATE_REQUIRES_REVIEW;EXPIRATION_BEFORE_PURCHASE_REQUIRES_REVIEW;EXPIRED_ITEM_FLAG,SME/Data Governance,open,SBRN=SBRN0329
HRQ-00235,record_level_data_quality,dataset-raw-excel-data,record,FUTURE_PURCHASE_DATE_REQUIRES_REVIEW;EXPIRATION_BEFORE_PURCHASE_REQUIRES_REVIEW;EXPIRED_ITEM_FLAG,SME/Data Governance,open,SBRN=SBRN0330
HRQ-00236,record_level_data_quality,dataset-raw-excel-data,record,FUTURE_PURCHASE_DATE_REQUIRES_REVIEW;EXPIRATION_BEFORE_PURCHASE_REQUIRES_REVIEW;EXPIRED_ITEM_FLAG,SME/Data Governance,open,SBRN=SBRN0331
HRQ-00237,record_level_data_quality,dataset-raw-excel-data,record,FUTURE_PURCHASE_DATE_REQUIRES_REVIEW;EXPIRATION_BEFORE_PURCHASE_REQUIRES_REVIEW;EXPIRED_ITEM_FLAG,SME/Data Governance,open,SBRN=SBRN0332
HRQ-00238,record_level_data_quality,dataset-raw-excel-data,record,RECALL_STATUS_MONITORING_REQUIRES_GOVERNANCE;EXPIRATION_BEFORE_PURCHASE_REQUIRES_REVIEW;EXPIRED_ITEM_FLAG,SME/Data Governance,open,SBRN=SBRN0333
HRQ-00239,record_level_data_quality,dataset-raw-excel-data,record,RECALL_STATUS_MONITORING_REQUIRES_GOVERNANCE;EXPIRATION_BEFORE_PURCHASE_REQUIRES_REVIEW;EXPIRED_ITEM_FLAG,SME/Data Governance,open,SBRN=SBRN0334
HRQ-00240,record_level_data_quality,dataset-raw-excel-data,record,RECALL_STATUS_MONITORING_REQUIRES_GOVERNANCE;EXPIRATION_BEFORE_PURCHASE_REQUIRES_REVIEW;EXPIRED_ITEM_FLAG,SME/Data Governance,open,SBRN=SBRN0335
HRQ-00241,record_level_data_quality,dataset-raw-excel-data,record,FUTURE_PURCHASE_DATE_REQUIRES_REVIEW;EXPIRATION_BEFORE_PURCHASE_REQUIRES_REVIEW;EXPIRED_ITEM_FLAG,SME/Data Governance,open,SBRN=SBRN0336
HRQ-00242,record_level_data_quality,dataset-raw-excel-data,record,FUTURE_PURCHASE_DATE_REQUIRES_REVIEW;EXPIRATION_BEFORE_PURCHASE_REQUIRES_REVIEW;EXPIRED_ITEM_FLAG,SME/Data Governance,open,SBRN=SBRN0337
HRQ-00243,record_level_data_quality,dataset-raw-excel-data,record,FUTURE_PURCHASE_DATE_REQUIRES_REVIEW;EXPIRATION_BEFORE_PURCHASE_REQUIRES_REVIEW;EXPIRED_ITEM_FLAG,SME/Data Governance,open,SBRN=SBRN0338
HRQ-00244,record_level_data_quality,dataset-raw-excel-data,record,FUTURE_PURCHASE_DATE_REQUIRES_REVIEW;EXPIRATION_BEFORE_PURCHASE_REQUIRES_REVIEW;EXPIRED_ITEM_FLAG,SME/Data Governance,open,SBRN=SBRN0339
HRQ-00245,record_level_data_quality,dataset-raw-excel-data,record,FUTURE_PURCHASE_DATE_REQUIRES_REVIEW;EXPIRATION_BEFORE_PURCHASE_REQUIRES_REVIEW;EXPIRED_ITEM_FLAG,SME/Data Governance,open,SBRN=SBRN0340
HRQ-00246,record_level_data_quality,dataset-raw-excel-data,record,MISSING_RECALL_STATUS_NORMALIZED_TO_NONE;FUTURE_PURCHASE_DATE_REQUIRES_REVIEW;EXPIRATION_BEFORE_PURCHASE_REQUIRES_REVIEW;EXPIRED_ITEM_FLAG,SME/Data Governance,open,SBRN=SBRN0341
HRQ-00247,record_level_data_quality,dataset-raw-excel-data,record,MISSING_RECALL_STATUS_NORMALIZED_TO_NONE;FUTURE_PURCHASE_DATE_REQUIRES_REVIEW;EXPIRATION_BEFORE_PURCHASE_REQUIRES_REVIEW;EXPIRED_ITEM_FLAG,SME/Data Governance,open,SBRN=SBRN0342
HRQ-00248,record_level_data_quality,dataset-raw-excel-data,record,MISSING_RECALL_STATUS_NORMALIZED_TO_NONE;FUTURE_PURCHASE_DATE_REQUIRES_REVIEW;EXPIRATION_BEFORE_PURCHASE_REQUIRES_REVIEW;EXPIRED_ITEM_FLAG,SME/Data Governance,open,SBRN=SBRN0343
HRQ-00249,record_level_data_quality,dataset-raw-excel-data,record,MISSING_RECALL_STATUS_NORMALIZED_TO_NONE;FUTURE_PURCHASE_DATE_REQUIRES_REVIEW;EXPIRATION_BEFORE_PURCHASE_REQUIRES_REVIEW;EXPIRED_ITEM_FLAG,SME/Data Governance,open,SBRN=SBRN0344
HRQ-00250,record_level_data_quality,dataset-raw-excel-data,record,MISSING_RECALL_STATUS_NORMALIZED_TO_NONE;FUTURE_PURCHASE_DATE_REQUIRES_REVIEW;EXPIRATION_BEFORE_PURCHASE_REQUIRES_REVIEW;EXPIRED_ITEM_FLAG,SME/Data Governance,open,SBRN=SBRN0345
HRQ-00251,record_level_data_quality,dataset-raw-excel-data,record,RECALL_STATUS_MONITORING_REQUIRES_GOVERNANCE;EXPIRED_ITEM_FLAG,SME/Data Governance,open,SBRN=SBRN0346
HRQ-00252,record_level_data_quality,dataset-raw-excel-data,record,RECALL_STATUS_MONITORING_REQUIRES_GOVERNANCE;EXPIRED_ITEM_FLAG,SME/Data Governance,open,SBRN=SBRN0347
HRQ-00253,record_level_data_quality,dataset-raw-excel-data,record,RECALL_STATUS_MONITORING_REQUIRES_GOVERNANCE;EXPIRED_ITEM_FLAG,SME/Data Governance,open,SBRN=SBRN0348
HRQ-00254,record_level_data_quality,dataset-raw-excel-data,record,MISSING_RECALL_STATUS_NORMALIZED_TO_NONE;FUTURE_PURCHASE_DATE_REQUIRES_REVIEW;EXPIRATION_BEFORE_PURCHASE_REQUIRES_REVIEW;EXPIRED_ITEM_FLAG,SME/Data Governance,open,SBRN=SBRN0349
HRQ-00255,record_level_data_quality,dataset-raw-excel-data,record,RECALL_STATUS_MONITORING_REQUIRES_GOVERNANCE;FUTURE_PURCHASE_DATE_REQUIRES_REVIEW;EXPIRATION_BEFORE_PURCHASE_REQUIRES_REVIEW;EXPIRED_ITEM_FLAG,SME/Data Governance,open,SBRN=SBRN0350
HRQ-00256,record_level_data_quality,dataset-raw-excel-data,record,RECALL_STATUS_MONITORING_REQUIRES_GOVERNANCE;FUTURE_PURCHASE_DATE_REQUIRES_REVIEW;EXPIRATION_BEFORE_PURCHASE_REQUIRES_REVIEW;EXPIRED_ITEM_FLAG,SME/Data Governance,open,SBRN=SBRN0351
HRQ-00257,record_level_data_quality,dataset-raw-excel-data,record,RECALL_STATUS_MONITORING_REQUIRES_GOVERNANCE;FUTURE_PURCHASE_DATE_REQUIRES_REVIEW;EXPIRATION_BEFORE_PURCHASE_REQUIRES_REVIEW;EXPIRED_ITEM_FLAG,SME/Data Governance,open,SBRN=SBRN0352
HRQ-00258,record_level_data_quality,dataset-raw-excel-data,record,RECALL_STATUS_MONITORING_REQUIRES_GOVERNANCE;FUTURE_PURCHASE_DATE_REQUIRES_REVIEW;EXPIRATION_BEFORE_PURCHASE_REQUIRES_REVIEW;EXPIRED_ITEM_FLAG,SME/Data Governance,open,SBRN=SBRN0353
HRQ-00259,record_level_data_quality,dataset-raw-excel-data,record,RECALL_STATUS_MONITORING_REQUIRES_GOVERNANCE;FUTURE_PURCHASE_DATE_REQUIRES_REVIEW;EXPIRATION_BEFORE_PURCHASE_REQUIRES_REVIEW;EXPIRED_ITEM_FLAG,SME/Data Governance,open,SBRN=SBRN0354
HRQ-00260,record_level_data_quality,dataset-raw-excel-data,record,RECALL_STATUS_MONITORING_REQUIRES_GOVERNANCE;FUTURE_PURCHASE_DATE_REQUIRES_REVIEW;EXPIRATION_BEFORE_PURCHASE_REQUIRES_REVIEW;EXPIRED_ITEM_FLAG,SME/Data Governance,open,SBRN=SBRN0355
HRQ-00261,record_level_data_quality,dataset-raw-excel-data,record,RECALL_STATUS_MONITORING_REQUIRES_GOVERNANCE;FUTURE_PURCHASE_DATE_REQUIRES_REVIEW;EXPIRATION_BEFORE_PURCHASE_REQUIRES_REVIEW;EXPIRED_ITEM_FLAG,SME/Data Governance,open,SBRN=SBRN0356
HRQ-00262,record_level_data_quality,dataset-raw-excel-data,record,RECALL_STATUS_MONITORING_REQUIRES_GOVERNANCE;FUTURE_PURCHASE_DATE_REQUIRES_REVIEW;EXPIRATION_BEFORE_PURCHASE_REQUIRES_REVIEW;EXPIRED_ITEM_FLAG,SME/Data Governance,open,SBRN=SBRN0357
HRQ-00263,record_level_data_quality,dataset-raw-excel-data,record,RECALL_STATUS_MONITORING_REQUIRES_GOVERNANCE;EXPIRATION_BEFORE_PURCHASE_REQUIRES_REVIEW;EXPIRED_ITEM_FLAG,SME/Data Governance,open,SBRN=SBRN0358
HRQ-00264,record_level_data_quality,dataset-raw-excel-data,record,RECALL_STATUS_MONITORING_REQUIRES_GOVERNANCE;EXPIRATION_BEFORE_PURCHASE_REQUIRES_REVIEW;EXPIRED_ITEM_FLAG,SME/Data Governance,open,SBRN=SBRN0359
HRQ-00265,record_level_data_quality,dataset-raw-excel-data,record,RECALL_STATUS_MONITORING_REQUIRES_GOVERNANCE;EXPIRATION_BEFORE_PURCHASE_REQUIRES_REVIEW;EXPIRED_ITEM_FLAG,SME/Data Governance,open,SBRN=SBRN0360
HRQ-00266,record_level_data_quality,dataset-raw-excel-data,record,EXPIRATION_BEFORE_PURCHASE_REQUIRES_REVIEW;EXPIRED_ITEM_FLAG,SME/Data Governance,open,SBRN=SBRN0361
HRQ-00267,record_level_data_quality,dataset-raw-excel-data,record,RECALL_STATUS_MONITORING_REQUIRES_GOVERNANCE;FUTURE_PURCHASE_DATE_REQUIRES_REVIEW;EXPIRATION_BEFORE_PURCHASE_REQUIRES_REVIEW;EXPIRED_ITEM_FLAG,SME/Data Governance,open,SBRN=SBRN0362
HRQ-00268,record_level_data_quality,dataset-raw-excel-data,record,RECALL_STATUS_MONITORING_REQUIRES_GOVERNANCE;FUTURE_PURCHASE_DATE_REQUIRES_REVIEW;EXPIRATION_BEFORE_PURCHASE_REQUIRES_REVIEW;EXPIRED_ITEM_FLAG,SME/Data Governance,open,SBRN=SBRN0363
HRQ-00269,record_level_data_quality,dataset-raw-excel-data,record,RECALL_STATUS_MONITORING_REQUIRES_GOVERNANCE;FUTURE_PURCHASE_DATE_REQUIRES_REVIEW;EXPIRATION_BEFORE_PURCHASE_REQUIRES_REVIEW;EXPIRED_ITEM_FLAG,SME/Data Governance,open,SBRN=SBRN0364
HRQ-00270,record_level_data_quality,dataset-raw-excel-data,record,RECALL_STATUS_MONITORING_REQUIRES_GOVERNANCE;FUTURE_PURCHASE_DATE_REQUIRES_REVIEW;EXPIRATION_BEFORE_PURCHASE_REQUIRES_REVIEW;EXPIRED_ITEM_FLAG,SME/Data Governance,open,SBRN=SBRN0365
HRQ-00271,record_level_data_quality,dataset-raw-excel-data,record,EXPIRATION_BEFORE_PURCHASE_REQUIRES_REVIEW;EXPIRED_ITEM_FLAG,SME/Data Governance,open,SBRN=SBRN0366
HRQ-00272,record_level_data_quality,dataset-raw-excel-data,record,EXPIRATION_BEFORE_PURCHASE_REQUIRES_REVIEW;EXPIRED_ITEM_FLAG,SME/Data Governance,open,SBRN=SBRN0367
HRQ-00273,record_level_data_quality,dataset-raw-excel-data,record,MISSING_RECALL_STATUS_NORMALIZED_TO_NONE;FUTURE_PURCHASE_DATE_REQUIRES_REVIEW,SME/Data Governance,open,SBRN=SBRN0368
HRQ-00274,record_level_data_quality,dataset-raw-excel-data,record,RECALL_STATUS_MONITORING_REQUIRES_GOVERNANCE;EXPIRED_ITEM_FLAG,SME/Data Governance,open,SBRN=SBRN0369
HRQ-00275,record_level_data_quality,dataset-raw-excel-data,record,RECALL_STATUS_MONITORING_REQUIRES_GOVERNANCE;EXPIRED_ITEM_FLAG,SME/Data Governance,open,SBRN=SBRN0370
HRQ-00276,record_level_data_quality,dataset-raw-excel-data,record,RECALL_STATUS_MONITORING_REQUIRES_GOVERNANCE;EXPIRED_ITEM_FLAG,SME/Data Governance,open,SBRN=SBRN0371
HRQ-00277,record_level_data_quality,dataset-raw-excel-data,record,MISSING_RECALL_STATUS_NORMALIZED_TO_NONE;EXPIRATION_BEFORE_PURCHASE_REQUIRES_REVIEW;EXPIRED_ITEM_FLAG,SME/Data Governance,open,SBRN=SBRN0372
HRQ-00278,record_level_data_quality,dataset-raw-excel-data,record,MISSING_RECALL_STATUS_NORMALIZED_TO_NONE;EXPIRATION_BEFORE_PURCHASE_REQUIRES_REVIEW;EXPIRED_ITEM_FLAG,SME/Data Governance,open,SBRN=SBRN0373
HRQ-00279,record_level_data_quality,dataset-raw-excel-data,record,MISSING_RECALL_STATUS_NORMALIZED_TO_NONE;EXPIRATION_BEFORE_PURCHASE_REQUIRES_REVIEW;EXPIRED_ITEM_FLAG,SME/Data Governance,open,SBRN=SBRN0374
HRQ-00280,record_level_data_quality,dataset-raw-excel-data,record,MISSING_RECALL_STATUS_NORMALIZED_TO_NONE;EXPIRATION_BEFORE_PURCHASE_REQUIRES_REVIEW;EXPIRED_ITEM_FLAG,SME/Data Governance,open,SBRN=SBRN0375
HRQ-00281,record_level_data_quality,dataset-raw-excel-data,record,MISSING_RECALL_STATUS_NORMALIZED_TO_NONE;EXPIRATION_BEFORE_PURCHASE_REQUIRES_REVIEW;EXPIRED_ITEM_FLAG,SME/Data Governance,open,SBRN=SBRN0376
HRQ-00282,record_level_data_quality,dataset-raw-excel-data,record,RECALL_STATUS_MONITORING_REQUIRES_GOVERNANCE,SME/Data Governance,open,SBRN=SBRN0377
HRQ-00283,record_level_data_quality,dataset-raw-excel-data,record,RECALL_STATUS_MONITORING_REQUIRES_GOVERNANCE,SME/Data Governance,open,SBRN=SBRN0378
HRQ-00284,record_level_data_quality,dataset-raw-excel-data,record,RECALL_STATUS_MONITORING_REQUIRES_GOVERNANCE,SME/Data Governance,open,SBRN=SBRN0379
HRQ-00285,record_level_data_quality,dataset-raw-excel-data,record,MISSING_RECALL_STATUS_NORMALIZED_TO_NONE;FUTURE_PURCHASE_DATE_REQUIRES_REVIEW;EXPIRATION_BEFORE_PURCHASE_REQUIRES_REVIEW,SME/Data Governance,open,SBRN=SBRN0380
HRQ-00286,record_level_data_quality,dataset-raw-excel-data,record,MISSING_RECALL_STATUS_NORMALIZED_TO_NONE;FUTURE_PURCHASE_DATE_REQUIRES_REVIEW;EXPIRATION_BEFORE_PURCHASE_REQUIRES_REVIEW,SME/Data Governance,open,SBRN=SBRN0381
HRQ-00287,record_level_data_quality,dataset-raw-excel-data,record,MISSING_RECALL_STATUS_NORMALIZED_TO_NONE;FUTURE_PURCHASE_DATE_REQUIRES_REVIEW;EXPIRATION_BEFORE_PURCHASE_REQUIRES_REVIEW,SME/Data Governance,open,SBRN=SBRN0382
HRQ-00288,record_level_data_quality,dataset-raw-excel-data,record,MISSING_RECALL_STATUS_NORMALIZED_TO_NONE;FUTURE_PURCHASE_DATE_REQUIRES_REVIEW;EXPIRATION_BEFORE_PURCHASE_REQUIRES_REVIEW,SME/Data Governance,open,SBRN=SBRN0383
HRQ-00289,record_level_data_quality,dataset-raw-excel-data,record,MISSING_RECALL_STATUS_NORMALIZED_TO_NONE;FUTURE_PURCHASE_DATE_REQUIRES_REVIEW;EXPIRATION_BEFORE_PURCHASE_REQUIRES_REVIEW,SME/Data Governance,open,SBRN=SBRN0384
HRQ-00290,record_level_data_quality,dataset-raw-excel-data,record,RECALL_STATUS_MONITORING_REQUIRES_GOVERNANCE,SME/Data Governance,open,SBRN=SBRN0387
HRQ-00291,record_level_data_quality,dataset-raw-excel-data,record,RECALL_STATUS_MONITORING_REQUIRES_GOVERNANCE,SME/Data Governance,open,SBRN=SBRN0388
HRQ-00292,record_level_data_quality,dataset-raw-excel-data,record,RECALL_STATUS_MONITORING_REQUIRES_GOVERNANCE,SME/Data Governance,open,SBRN=SBRN0389
HRQ-00293,record_level_data_quality,dataset-raw-excel-data,record,RECALL_STATUS_MONITORING_REQUIRES_GOVERNANCE,SME/Data Governance,open,SBRN=SBRN0390
HRQ-00294,record_level_data_quality,dataset-raw-excel-data,record,RECALL_STATUS_MONITORING_REQUIRES_GOVERNANCE,SME/Data Governance,open,SBRN=SBRN0391
HRQ-00295,record_level_data_quality,dataset-raw-excel-data,record,RECALL_STATUS_MONITORING_REQUIRES_GOVERNANCE,SME/Data Governance,open,SBRN=SBRN0392
HRQ-00296,record_level_data_quality,dataset-raw-excel-data,record,RECALL_STATUS_MONITORING_REQUIRES_GOVERNANCE;FUTURE_PURCHASE_DATE_REQUIRES_REVIEW;EXPIRATION_BEFORE_PURCHASE_REQUIRES_REVIEW,SME/Data Governance,open,SBRN=SBRN0397
HRQ-00297,record_level_data_quality,dataset-raw-excel-data,record,RECALL_STATUS_MONITORING_REQUIRES_GOVERNANCE;FUTURE_PURCHASE_DATE_REQUIRES_REVIEW;EXPIRATION_BEFORE_PURCHASE_REQUIRES_REVIEW,SME/Data Governance,open,SBRN=SBRN0398
HRQ-00298,record_level_data_quality,dataset-raw-excel-data,record,RECALL_STATUS_MONITORING_REQUIRES_GOVERNANCE;FUTURE_PURCHASE_DATE_REQUIRES_REVIEW;EXPIRATION_BEFORE_PURCHASE_REQUIRES_REVIEW,SME/Data Governance,open,SBRN=SBRN0399
HRQ-00299,record_level_data_quality,dataset-raw-excel-data,record,FUTURE_PURCHASE_DATE_REQUIRES_REVIEW;EXPIRATION_BEFORE_PURCHASE_REQUIRES_REVIEW;EXPIRED_ITEM_FLAG,SME/Data Governance,open,SBRN=SBRN0402
HRQ-00300,record_level_data_quality,dataset-raw-excel-data,record,MISSING_RECALL_STATUS_NORMALIZED_TO_NONE;FUTURE_PURCHASE_DATE_REQUIRES_REVIEW;EXPIRATION_BEFORE_PURCHASE_REQUIRES_REVIEW,SME/Data Governance,open,SBRN=SBRN0403
HRQ-00301,record_level_data_quality,dataset-raw-excel-data,record,MISSING_RECALL_STATUS_NORMALIZED_TO_NONE;FUTURE_PURCHASE_DATE_REQUIRES_REVIEW;EXPIRATION_BEFORE_PURCHASE_REQUIRES_REVIEW,SME/Data Governance,open,SBRN=SBRN0404
HRQ-00302,record_level_data_quality,dataset-raw-excel-data,record,MISSING_RECALL_STATUS_NORMALIZED_TO_NONE;FUTURE_PURCHASE_DATE_REQUIRES_REVIEW;EXPIRATION_BEFORE_PURCHASE_REQUIRES_REVIEW,SME/Data Governance,open,SBRN=SBRN0405
HRQ-00303,record_level_data_quality,dataset-raw-excel-data,record,MISSING_RECALL_STATUS_NORMALIZED_TO_NONE;FUTURE_PURCHASE_DATE_REQUIRES_REVIEW;EXPIRATION_BEFORE_PURCHASE_REQUIRES_REVIEW,SME/Data Governance,open,SBRN=SBRN0406
HRQ-00304,record_level_data_quality,dataset-raw-excel-data,record,MISSING_RECALL_STATUS_NORMALIZED_TO_NONE;FUTURE_PURCHASE_DATE_REQUIRES_REVIEW;EXPIRATION_BEFORE_PURCHASE_REQUIRES_REVIEW,SME/Data Governance,open,SBRN=SBRN0407
HRQ-00305,record_level_data_quality,dataset-raw-excel-data,record,MISSING_RECALL_STATUS_NORMALIZED_TO_NONE;FUTURE_PURCHASE_DATE_REQUIRES_REVIEW;EXPIRATION_BEFORE_PURCHASE_REQUIRES_REVIEW,SME/Data Governance,open,SBRN=SBRN0408
HRQ-00306,record_level_data_quality,dataset-raw-excel-data,record,MISSING_RECALL_STATUS_NORMALIZED_TO_NONE;FUTURE_PURCHASE_DATE_REQUIRES_REVIEW;EXPIRATION_BEFORE_PURCHASE_REQUIRES_REVIEW,SME/Data Governance,open,SBRN=SBRN0409
HRQ-00307,record_level_data_quality,dataset-raw-excel-data,record,FUTURE_PURCHASE_DATE_REQUIRES_REVIEW;EXPIRATION_BEFORE_PURCHASE_REQUIRES_REVIEW;EXPIRED_ITEM_FLAG,SME/Data Governance,open,SBRN=SBRN0420
HRQ-00308,record_level_data_quality,dataset-raw-excel-data,record,FUTURE_PURCHASE_DATE_REQUIRES_REVIEW;EXPIRATION_BEFORE_PURCHASE_REQUIRES_REVIEW;EXPIRED_ITEM_FLAG,SME/Data Governance,open,SBRN=SBRN0421
HRQ-00309,record_level_data_quality,dataset-raw-excel-data,record,FUTURE_PURCHASE_DATE_REQUIRES_REVIEW;EXPIRATION_BEFORE_PURCHASE_REQUIRES_REVIEW;EXPIRED_ITEM_FLAG,SME/Data Governance,open,SBRN=SBRN0422
HRQ-00310,record_level_data_quality,dataset-raw-excel-data,record,FUTURE_PURCHASE_DATE_REQUIRES_REVIEW;EXPIRATION_BEFORE_PURCHASE_REQUIRES_REVIEW;EXPIRED_ITEM_FLAG,SME/Data Governance,open,SBRN=SBRN0423
HRQ-00311,record_level_data_quality,dataset-raw-excel-data,record,FUTURE_PURCHASE_DATE_REQUIRES_REVIEW;EXPIRATION_BEFORE_PURCHASE_REQUIRES_REVIEW;EXPIRED_ITEM_FLAG,SME/Data Governance,open,SBRN=SBRN0424
HRQ-00312,record_level_data_quality,dataset-raw-excel-data,record,FUTURE_PURCHASE_DATE_REQUIRES_REVIEW;EXPIRATION_BEFORE_PURCHASE_REQUIRES_REVIEW;EXPIRED_ITEM_FLAG,SME/Data Governance,open,SBRN=SBRN0425
HRQ-00313,record_level_data_quality,dataset-raw-excel-data,record,FUTURE_PURCHASE_DATE_REQUIRES_REVIEW;EXPIRATION_BEFORE_PURCHASE_REQUIRES_REVIEW;EXPIRED_ITEM_FLAG,SME/Data Governance,open,SBRN=SBRN0426
HRQ-00314,record_level_data_quality,dataset-raw-excel-data,record,FUTURE_PURCHASE_DATE_REQUIRES_REVIEW;EXPIRATION_BEFORE_PURCHASE_REQUIRES_REVIEW;EXPIRED_ITEM_FLAG,SME/Data Governance,open,SBRN=SBRN0427
HRQ-00315,record_level_data_quality,dataset-raw-excel-data,record,MISSING_RECALL_STATUS_NORMALIZED_TO_NONE;EXPIRATION_BEFORE_PURCHASE_REQUIRES_REVIEW;EXPIRED_ITEM_FLAG,SME/Data Governance,open,SBRN=SBRN0428
HRQ-00316,record_level_data_quality,dataset-raw-excel-data,record,MISSING_RECALL_STATUS_NORMALIZED_TO_NONE;EXPIRATION_BEFORE_PURCHASE_REQUIRES_REVIEW;EXPIRED_ITEM_FLAG,SME/Data Governance,open,SBRN=SBRN0429
HRQ-00317,record_level_data_quality,dataset-raw-excel-data,record,MISSING_RECALL_STATUS_NORMALIZED_TO_NONE;EXPIRATION_BEFORE_PURCHASE_REQUIRES_REVIEW;EXPIRED_ITEM_FLAG,SME/Data Governance,open,SBRN=SBRN0430
HRQ-00318,record_level_data_quality,dataset-raw-excel-data,record,MISSING_RECALL_STATUS_NORMALIZED_TO_NONE;EXPIRATION_BEFORE_PURCHASE_REQUIRES_REVIEW;EXPIRED_ITEM_FLAG,SME/Data Governance,open,SBRN=SBRN0431
HRQ-00319,record_level_data_quality,dataset-raw-excel-data,record,MISSING_RECALL_STATUS_NORMALIZED_TO_NONE;EXPIRATION_BEFORE_PURCHASE_REQUIRES_REVIEW;EXPIRED_ITEM_FLAG,SME/Data Governance,open,SBRN=SBRN0432
HRQ-00320,record_level_data_quality,dataset-raw-excel-data,record,MISSING_RECALL_STATUS_NORMALIZED_TO_NONE;EXPIRATION_BEFORE_PURCHASE_REQUIRES_REVIEW;EXPIRED_ITEM_FLAG,SME/Data Governance,open,SBRN=SBRN0433
HRQ-00321,record_level_data_quality,dataset-raw-excel-data,record,EXPIRATION_BEFORE_PURCHASE_REQUIRES_REVIEW;EXPIRED_ITEM_FLAG,SME/Data Governance,open,SBRN=SBRN0434
HRQ-00322,record_level_data_quality,dataset-raw-excel-data,record,EXPIRATION_BEFORE_PURCHASE_REQUIRES_REVIEW;EXPIRED_ITEM_FLAG,SME/Data Governance,open,SBRN=SBRN0435
HRQ-00323,record_level_data_quality,dataset-raw-excel-data,record,EXPIRATION_BEFORE_PURCHASE_REQUIRES_REVIEW;EXPIRED_ITEM_FLAG,SME/Data Governance,open,SBRN=SBRN0436
HRQ-00324,record_level_data_quality,dataset-raw-excel-data,record,EXPIRATION_BEFORE_PURCHASE_REQUIRES_REVIEW;EXPIRED_ITEM_FLAG,SME/Data Governance,open,SBRN=SBRN0437
HRQ-00325,record_level_data_quality,dataset-raw-excel-data,record,EXPIRATION_BEFORE_PURCHASE_REQUIRES_REVIEW;EXPIRED_ITEM_FLAG,SME/Data Governance,open,SBRN=SBRN0438
HRQ-00326,record_level_data_quality,dataset-raw-excel-data,record,EXPIRATION_BEFORE_PURCHASE_REQUIRES_REVIEW;EXPIRED_ITEM_FLAG,SME/Data Governance,open,SBRN=SBRN0439
HRQ-00327,record_level_data_quality,dataset-raw-excel-data,record,EXPIRATION_BEFORE_PURCHASE_REQUIRES_REVIEW;EXPIRED_ITEM_FLAG,SME/Data Governance,open,SBRN=SBRN0440
HRQ-00328,record_level_data_quality,dataset-raw-excel-data,record,EXPIRATION_BEFORE_PURCHASE_REQUIRES_REVIEW;EXPIRED_ITEM_FLAG,SME/Data Governance,open,SBRN=SBRN0441
HRQ-00329,record_level_data_quality,dataset-raw-excel-data,record,EXPIRATION_BEFORE_PURCHASE_REQUIRES_REVIEW;EXPIRED_ITEM_FLAG,SME/Data Governance,open,SBRN=SBRN0442
HRQ-00330,record_level_data_quality,dataset-raw-excel-data,record,MISSING_RECALL_STATUS_NORMALIZED_TO_NONE;EXPIRATION_BEFORE_PURCHASE_REQUIRES_REVIEW;EXPIRED_ITEM_FLAG,SME/Data Governance,open,SBRN=SBRN0450
HRQ-00331,record_level_data_quality,dataset-raw-excel-data,record,MISSING_RECALL_STATUS_NORMALIZED_TO_NONE;EXPIRATION_BEFORE_PURCHASE_REQUIRES_REVIEW;EXPIRED_ITEM_FLAG,SME/Data Governance,open,SBRN=SBRN0451
HRQ-00332,record_level_data_quality,dataset-raw-excel-data,record,MISSING_RECALL_STATUS_NORMALIZED_TO_NONE;EXPIRATION_BEFORE_PURCHASE_REQUIRES_REVIEW;EXPIRED_ITEM_FLAG,SME/Data Governance,open,SBRN=SBRN0452
HRQ-00333,record_level_data_quality,dataset-raw-excel-data,record,RECALL_STATUS_MONITORING_REQUIRES_GOVERNANCE;EXPIRATION_BEFORE_PURCHASE_REQUIRES_REVIEW;EXPIRED_ITEM_FLAG,SME/Data Governance,open,SBRN=SBRN0453
HRQ-00334,record_level_data_quality,dataset-raw-excel-data,record,RECALL_STATUS_MONITORING_REQUIRES_GOVERNANCE;EXPIRED_ITEM_FLAG,SME/Data Governance,open,SBRN=SBRN0454
HRQ-00335,record_level_data_quality,dataset-raw-excel-data,record,RECALL_STATUS_MONITORING_REQUIRES_GOVERNANCE;EXPIRED_ITEM_FLAG,SME/Data Governance,open,SBRN=SBRN0455
HRQ-00336,record_level_data_quality,dataset-raw-excel-data,record,RECALL_STATUS_MONITORING_REQUIRES_GOVERNANCE;EXPIRED_ITEM_FLAG,SME/Data Governance,open,SBRN=SBRN0456
HRQ-00337,record_level_data_quality,dataset-raw-excel-data,record,RECALL_STATUS_MONITORING_REQUIRES_GOVERNANCE;EXPIRED_ITEM_FLAG,SME/Data Governance,open,SBRN=SBRN0457
HRQ-00338,record_level_data_quality,dataset-raw-excel-data,record,RECALL_STATUS_MONITORING_REQUIRES_GOVERNANCE;EXPIRED_ITEM_FLAG,SME/Data Governance,open,SBRN=SBRN0458
HRQ-00339,record_level_data_quality,dataset-raw-excel-data,record,MISSING_RECALL_STATUS_NORMALIZED_TO_NONE;EXPIRATION_BEFORE_PURCHASE_REQUIRES_REVIEW;EXPIRED_ITEM_FLAG,SME/Data Governance,open,SBRN=SBRN0459
HRQ-00340,record_level_data_quality,dataset-raw-excel-data,record,MISSING_RECALL_STATUS_NORMALIZED_TO_NONE;EXPIRATION_BEFORE_PURCHASE_REQUIRES_REVIEW;EXPIRED_ITEM_FLAG,SME/Data Governance,open,SBRN=SBRN0460
HRQ-00341,record_level_data_quality,dataset-raw-excel-data,record,MISSING_RECALL_STATUS_NORMALIZED_TO_NONE;EXPIRATION_BEFORE_PURCHASE_REQUIRES_REVIEW;EXPIRED_ITEM_FLAG,SME/Data Governance,open,SBRN=SBRN0461
HRQ-00342,record_level_data_quality,dataset-raw-excel-data,record,RECALL_STATUS_MONITORING_REQUIRES_GOVERNANCE;EXPIRED_ITEM_FLAG,SME/Data Governance,open,SBRN=SBRN0474
HRQ-00343,record_level_data_quality,dataset-raw-excel-data,record,RECALL_STATUS_MONITORING_REQUIRES_GOVERNANCE;EXPIRED_ITEM_FLAG,SME/Data Governance,open,SBRN=SBRN0475
HRQ-00344,record_level_data_quality,dataset-raw-excel-data,record,RECALL_STATUS_MONITORING_REQUIRES_GOVERNANCE;EXPIRED_ITEM_FLAG,SME/Data Governance,open,SBRN=SBRN0476
HRQ-00345,record_level_data_quality,dataset-raw-excel-data,record,RECALL_STATUS_MONITORING_REQUIRES_GOVERNANCE;EXPIRED_ITEM_FLAG,SME/Data Governance,open,SBRN=SBRN0477
HRQ-00346,record_level_data_quality,dataset-raw-excel-data,record,EXPIRATION_BEFORE_PURCHASE_REQUIRES_REVIEW;EXPIRED_ITEM_FLAG,SME/Data Governance,open,SBRN=SBRN0478
HRQ-00347,record_level_data_quality,dataset-raw-excel-data,record,EXPIRATION_BEFORE_PURCHASE_REQUIRES_REVIEW;EXPIRED_ITEM_FLAG,SME/Data Governance,open,SBRN=SBRN0479
HRQ-00348,record_level_data_quality,dataset-raw-excel-data,record,EXPIRATION_BEFORE_PURCHASE_REQUIRES_REVIEW;EXPIRED_ITEM_FLAG,SME/Data Governance,open,SBRN=SBRN0480
HRQ-00349,record_level_data_quality,dataset-raw-excel-data,record,FUTURE_PURCHASE_DATE_REQUIRES_REVIEW,SME/Data Governance,open,SBRN=SBRN0481
HRQ-00350,record_level_data_quality,dataset-raw-excel-data,record,FUTURE_PURCHASE_DATE_REQUIRES_REVIEW,SME/Data Governance,open,SBRN=SBRN0482
HRQ-00351,record_level_data_quality,dataset-raw-excel-data,record,FUTURE_PURCHASE_DATE_REQUIRES_REVIEW,SME/Data Governance,open,SBRN=SBRN0483
HRQ-00352,record_level_data_quality,dataset-raw-excel-data,record,FUTURE_PURCHASE_DATE_REQUIRES_REVIEW,SME/Data Governance,open,SBRN=SBRN0484
HRQ-00353,record_level_data_quality,dataset-raw-excel-data,record,FUTURE_PURCHASE_DATE_REQUIRES_REVIEW,SME/Data Governance,open,SBRN=SBRN0485
HRQ-00354,record_level_data_quality,dataset-raw-excel-data,record,FUTURE_PURCHASE_DATE_REQUIRES_REVIEW,SME/Data Governance,open,SBRN=SBRN0486
HRQ-00355,record_level_data_quality,dataset-raw-excel-data,record,FUTURE_PURCHASE_DATE_REQUIRES_REVIEW,SME/Data Governance,open,SBRN=SBRN0487
HRQ-00356,record_level_data_quality,dataset-raw-excel-data,record,RECALL_STATUS_MONITORING_REQUIRES_GOVERNANCE;FUTURE_PURCHASE_DATE_REQUIRES_REVIEW;EXPIRATION_BEFORE_PURCHASE_REQUIRES_REVIEW;EXPIRED_ITEM_FLAG,SME/Data Governance,open,SBRN=SBRN0488
HRQ-00357,record_level_data_quality,dataset-raw-excel-data,record,RECALL_STATUS_MONITORING_REQUIRES_GOVERNANCE;FUTURE_PURCHASE_DATE_REQUIRES_REVIEW;EXPIRATION_BEFORE_PURCHASE_REQUIRES_REVIEW;EXPIRED_ITEM_FLAG,SME/Data Governance,open,SBRN=SBRN0489
HRQ-00358,record_level_data_quality,dataset-raw-excel-data,record,RECALL_STATUS_MONITORING_REQUIRES_GOVERNANCE;FUTURE_PURCHASE_DATE_REQUIRES_REVIEW;EXPIRATION_BEFORE_PURCHASE_REQUIRES_REVIEW;EXPIRED_ITEM_FLAG,SME/Data Governance,open,SBRN=SBRN0490
HRQ-00359,record_level_data_quality,dataset-raw-excel-data,record,RECALL_STATUS_MONITORING_REQUIRES_GOVERNANCE;FUTURE_PURCHASE_DATE_REQUIRES_REVIEW;EXPIRATION_BEFORE_PURCHASE_REQUIRES_REVIEW;EXPIRED_ITEM_FLAG,SME/Data Governance,open,SBRN=SBRN0491
HRQ-00360,record_level_data_quality,dataset-raw-excel-data,record,RECALL_STATUS_MONITORING_REQUIRES_GOVERNANCE;FUTURE_PURCHASE_DATE_REQUIRES_REVIEW;EXPIRATION_BEFORE_PURCHASE_REQUIRES_REVIEW;EXPIRED_ITEM_FLAG,SME/Data Governance,open,SBRN=SBRN0492
HRQ-00361,record_level_data_quality,dataset-raw-excel-data,record,RECALL_STATUS_MONITORING_REQUIRES_GOVERNANCE;FUTURE_PURCHASE_DATE_REQUIRES_REVIEW;EXPIRATION_BEFORE_PURCHASE_REQUIRES_REVIEW;EXPIRED_ITEM_FLAG,SME/Data Governance,open,SBRN=SBRN0493
HRQ-00362,record_level_data_quality,dataset-raw-excel-data,record,RECALL_STATUS_MONITORING_REQUIRES_GOVERNANCE;EXPIRED_ITEM_FLAG,SME/Data Governance,open,SBRN=SBRN0494
HRQ-00363,record_level_data_quality,dataset-raw-excel-data,record,RECALL_STATUS_MONITORING_REQUIRES_GOVERNANCE;EXPIRED_ITEM_FLAG,SME/Data Governance,open,SBRN=SBRN0495
HRQ-00364,record_level_data_quality,dataset-raw-excel-data,record,RECALL_STATUS_MONITORING_REQUIRES_GOVERNANCE;EXPIRED_ITEM_FLAG,SME/Data Governance,open,SBRN=SBRN0496
HRQ-00365,record_level_data_quality,dataset-raw-excel-data,record,RECALL_STATUS_MONITORING_REQUIRES_GOVERNANCE;FUTURE_PURCHASE_DATE_REQUIRES_REVIEW;EXPIRATION_BEFORE_PURCHASE_REQUIRES_REVIEW;EXPIRED_ITEM_FLAG,SME/Data Governance,open,SBRN=SBRN0497
HRQ-00366,record_level_data_quality,dataset-raw-excel-data,record,RECALL_STATUS_MONITORING_REQUIRES_GOVERNANCE;FUTURE_PURCHASE_DATE_REQUIRES_REVIEW;EXPIRATION_BEFORE_PURCHASE_REQUIRES_REVIEW;EXPIRED_ITEM_FLAG,SME/Data Governance,open,SBRN=SBRN0498
HRQ-00367,record_level_data_quality,dataset-raw-excel-data,record,MISSING_RECALL_STATUS_NORMALIZED_TO_NONE;EXPIRATION_BEFORE_PURCHASE_REQUIRES_REVIEW;EXPIRED_ITEM_FLAG,SME/Data Governance,open,SBRN=SBRN0501
HRQ-00368,record_level_data_quality,dataset-raw-excel-data,record,MISSING_RECALL_STATUS_NORMALIZED_TO_NONE;EXPIRATION_BEFORE_PURCHASE_REQUIRES_REVIEW;EXPIRED_ITEM_FLAG,SME/Data Governance,open,SBRN=SBRN0502
HRQ-00369,record_level_data_quality,dataset-raw-excel-data,record,MISSING_RECALL_STATUS_NORMALIZED_TO_NONE;EXPIRATION_BEFORE_PURCHASE_REQUIRES_REVIEW;EXPIRED_ITEM_FLAG,SME/Data Governance,open,SBRN=SBRN0503
HRQ-00370,record_level_data_quality,dataset-raw-excel-data,record,MISSING_RECALL_STATUS_NORMALIZED_TO_NONE;EXPIRATION_BEFORE_PURCHASE_REQUIRES_REVIEW;EXPIRED_ITEM_FLAG,SME/Data Governance,open,SBRN=SBRN0504
HRQ-00371,record_level_data_quality,dataset-raw-excel-data,record,RECALL_STATUS_MONITORING_REQUIRES_GOVERNANCE;EXPIRED_ITEM_FLAG,SME/Data Governance,open,SBRN=SBRN0505
HRQ-00372,record_level_data_quality,dataset-raw-excel-data,record,RECALL_STATUS_MONITORING_REQUIRES_GOVERNANCE;EXPIRED_ITEM_FLAG,SME/Data Governance,open,SBRN=SBRN0506
HRQ-00373,record_level_data_quality,dataset-raw-excel-data,record,RECALL_STATUS_MONITORING_REQUIRES_GOVERNANCE;EXPIRED_ITEM_FLAG,SME/Data Governance,open,SBRN=SBRN0507
HRQ-00374,record_level_data_quality,dataset-raw-excel-data,record,RECALL_STATUS_MONITORING_REQUIRES_GOVERNANCE;EXPIRED_ITEM_FLAG,SME/Data Governance,open,SBRN=SBRN0508
HRQ-00375,record_level_data_quality,dataset-raw-excel-data,record,RECALL_STATUS_MONITORING_REQUIRES_GOVERNANCE;EXPIRED_ITEM_FLAG,SME/Data Governance,open,SBRN=SBRN0509
HRQ-00376,record_level_data_quality,dataset-raw-excel-data,record,RECALL_STATUS_MONITORING_REQUIRES_GOVERNANCE;EXPIRED_ITEM_FLAG,SME/Data Governance,open,SBRN=SBRN0510
HRQ-00377,record_level_data_quality,dataset-raw-excel-data,record,RECALL_STATUS_MONITORING_REQUIRES_GOVERNANCE;EXPIRED_ITEM_FLAG,SME/Data Governance,open,SBRN=SBRN0511
HRQ-00378,record_level_data_quality,dataset-raw-excel-data,record,RECALL_STATUS_MONITORING_REQUIRES_GOVERNANCE;EXPIRED_ITEM_FLAG,SME/Data Governance,open,SBRN=SBRN0512
HRQ-00379,record_level_data_quality,dataset-raw-excel-data,record,FUTURE_PURCHASE_DATE_REQUIRES_REVIEW;EXPIRATION_BEFORE_PURCHASE_REQUIRES_REVIEW;EXPIRED_ITEM_FLAG,SME/Data Governance,open,SBRN=SBRN0518
HRQ-00380,record_level_data_quality,dataset-raw-excel-data,record,FUTURE_PURCHASE_DATE_REQUIRES_REVIEW;EXPIRATION_BEFORE_PURCHASE_REQUIRES_REVIEW;EXPIRED_ITEM_FLAG,SME/Data Governance,open,SBRN=SBRN0519
HRQ-00381,record_level_data_quality,dataset-raw-excel-data,record,FUTURE_PURCHASE_DATE_REQUIRES_REVIEW;EXPIRATION_BEFORE_PURCHASE_REQUIRES_REVIEW;EXPIRED_ITEM_FLAG,SME/Data Governance,open,SBRN=SBRN0520
HRQ-00382,record_level_data_quality,dataset-raw-excel-data,record,FUTURE_PURCHASE_DATE_REQUIRES_REVIEW;EXPIRATION_BEFORE_PURCHASE_REQUIRES_REVIEW;EXPIRED_ITEM_FLAG,SME/Data Governance,open,SBRN=SBRN0521
HRQ-00383,record_level_data_quality,dataset-raw-excel-data,record,RECALL_STATUS_MONITORING_REQUIRES_GOVERNANCE;EXPIRATION_BEFORE_PURCHASE_REQUIRES_REVIEW;EXPIRED_ITEM_FLAG,SME/Data Governance,open,SBRN=SBRN0524
HRQ-00384,record_level_data_quality,dataset-raw-excel-data,record,RECALL_STATUS_MONITORING_REQUIRES_GOVERNANCE;EXPIRATION_BEFORE_PURCHASE_REQUIRES_REVIEW;EXPIRED_ITEM_FLAG,SME/Data Governance,open,SBRN=SBRN0525
HRQ-00385,record_level_data_quality,dataset-raw-excel-data,record,MISSING_RECALL_STATUS_NORMALIZED_TO_NONE;FUTURE_PURCHASE_DATE_REQUIRES_REVIEW;EXPIRATION_BEFORE_PURCHASE_REQUIRES_REVIEW;EXPIRED_ITEM_FLAG,SME/Data Governance,open,SBRN=SBRN0526
HRQ-00386,record_level_data_quality,dataset-raw-excel-data,record,MISSING_RECALL_STATUS_NORMALIZED_TO_NONE;FUTURE_PURCHASE_DATE_REQUIRES_REVIEW;EXPIRATION_BEFORE_PURCHASE_REQUIRES_REVIEW;EXPIRED_ITEM_FLAG,SME/Data Governance,open,SBRN=SBRN0527
HRQ-00387,record_level_data_quality,dataset-raw-excel-data,record,MISSING_RECALL_STATUS_NORMALIZED_TO_NONE;FUTURE_PURCHASE_DATE_REQUIRES_REVIEW;EXPIRATION_BEFORE_PURCHASE_REQUIRES_REVIEW;EXPIRED_ITEM_FLAG,SME/Data Governance,open,SBRN=SBRN0528
HRQ-00388,record_level_data_quality,dataset-raw-excel-data,record,RECALL_STATUS_MONITORING_REQUIRES_GOVERNANCE;FUTURE_PURCHASE_DATE_REQUIRES_REVIEW;EXPIRATION_BEFORE_PURCHASE_REQUIRES_REVIEW,SME/Data Governance,open,SBRN=SBRN0532
HRQ-00389,record_level_data_quality,dataset-raw-excel-data,record,RECALL_STATUS_MONITORING_REQUIRES_GOVERNANCE;FUTURE_PURCHASE_DATE_REQUIRES_REVIEW;EXPIRATION_BEFORE_PURCHASE_REQUIRES_REVIEW,SME/Data Governance,open,SBRN=SBRN0533
HRQ-00390,record_level_data_quality,dataset-raw-excel-data,record,EXPIRATION_BEFORE_PURCHASE_REQUIRES_REVIEW;EXPIRED_ITEM_FLAG,SME/Data Governance,open,SBRN=SBRN0538
HRQ-00391,record_level_data_quality,dataset-raw-excel-data,record,EXPIRATION_BEFORE_PURCHASE_REQUIRES_REVIEW;EXPIRED_ITEM_FLAG,SME/Data Governance,open,SBRN=SBRN0539
HRQ-00392,record_level_data_quality,dataset-raw-excel-data,record,FUTURE_PURCHASE_DATE_REQUIRES_REVIEW;EXPIRATION_BEFORE_PURCHASE_REQUIRES_REVIEW;EXPIRED_ITEM_FLAG,SME/Data Governance,open,SBRN=SBRN0540
HRQ-00393,record_level_data_quality,dataset-raw-excel-data,record,RECALL_STATUS_MONITORING_REQUIRES_GOVERNANCE;FUTURE_PURCHASE_DATE_REQUIRES_REVIEW,SME/Data Governance,open,SBRN=SBRN0541
HRQ-00394,record_level_data_quality,dataset-raw-excel-data,record,RECALL_STATUS_MONITORING_REQUIRES_GOVERNANCE;FUTURE_PURCHASE_DATE_REQUIRES_REVIEW,SME/Data Governance,open,SBRN=SBRN0542
HRQ-00395,record_level_data_quality,dataset-raw-excel-data,record,RECALL_STATUS_MONITORING_REQUIRES_GOVERNANCE;FUTURE_PURCHASE_DATE_REQUIRES_REVIEW,SME/Data Governance,open,SBRN=SBRN0543
HRQ-00396,record_level_data_quality,dataset-raw-excel-data,record,RECALL_STATUS_MONITORING_REQUIRES_GOVERNANCE;FUTURE_PURCHASE_DATE_REQUIRES_REVIEW,SME/Data Governance,open,SBRN=SBRN0544
HRQ-00397,record_level_data_quality,dataset-raw-excel-data,record,RECALL_STATUS_MONITORING_REQUIRES_GOVERNANCE;FUTURE_PURCHASE_DATE_REQUIRES_REVIEW,SME/Data Governance,open,SBRN=SBRN0545
HRQ-00398,record_level_data_quality,dataset-raw-excel-data,record,RECALL_STATUS_MONITORING_REQUIRES_GOVERNANCE;FUTURE_PURCHASE_DATE_REQUIRES_REVIEW,SME/Data Governance,open,SBRN=SBRN0546
HRQ-00399,record_level_data_quality,dataset-raw-excel-data,record,RECALL_STATUS_MONITORING_REQUIRES_GOVERNANCE;FUTURE_PURCHASE_DATE_REQUIRES_REVIEW,SME/Data Governance,open,SBRN=SBRN0547
HRQ-00400,record_level_data_quality,dataset-raw-excel-data,record,RECALL_STATUS_MONITORING_REQUIRES_GOVERNANCE,SME/Data Governance,open,SBRN=SBRN0548
HRQ-00401,record_level_data_quality,dataset-raw-excel-data,record,RECALL_STATUS_MONITORING_REQUIRES_GOVERNANCE,SME/Data Governance,open,SBRN=SBRN0549
HRQ-00402,record_level_data_quality,dataset-raw-excel-data,record,RECALL_STATUS_MONITORING_REQUIRES_GOVERNANCE,SME/Data Governance,open,SBRN=SBRN0550
HRQ-00403,record_level_data_quality,dataset-raw-excel-data,record,RECALL_STATUS_MONITORING_REQUIRES_GOVERNANCE,SME/Data Governance,open,SBRN=SBRN0551
HRQ-00404,record_level_data_quality,dataset-raw-excel-data,record,RECALL_STATUS_MONITORING_REQUIRES_GOVERNANCE,SME/Data Governance,open,SBRN=SBRN0552
HRQ-00405,record_level_data_quality,dataset-raw-excel-data,record,RECALL_STATUS_MONITORING_REQUIRES_GOVERNANCE,SME/Data Governance,open,SBRN=SBRN0553
HRQ-00406,record_level_data_quality,dataset-raw-excel-data,record,MISSING_RECALL_STATUS_NORMALIZED_TO_NONE;FUTURE_PURCHASE_DATE_REQUIRES_REVIEW;EXPIRATION_BEFORE_PURCHASE_REQUIRES_REVIEW;EXPIRED_ITEM_FLAG,SME/Data Governance,open,SBRN=SBRN0554
HRQ-00407,record_level_data_quality,dataset-raw-excel-data,record,MISSING_RECALL_STATUS_NORMALIZED_TO_NONE;FUTURE_PURCHASE_DATE_REQUIRES_REVIEW;EXPIRATION_BEFORE_PURCHASE_REQUIRES_REVIEW;EXPIRED_ITEM_FLAG,SME/Data Governance,open,SBRN=SBRN0555
HRQ-00408,record_level_data_quality,dataset-raw-excel-data,record,MISSING_RECALL_STATUS_NORMALIZED_TO_NONE;FUTURE_PURCHASE_DATE_REQUIRES_REVIEW;EXPIRATION_BEFORE_PURCHASE_REQUIRES_REVIEW;EXPIRED_ITEM_FLAG,SME/Data Governance,open,SBRN=SBRN0556
HRQ-00409,record_level_data_quality,dataset-raw-excel-data,record,MISSING_RECALL_STATUS_NORMALIZED_TO_NONE;FUTURE_PURCHASE_DATE_REQUIRES_REVIEW;EXPIRATION_BEFORE_PURCHASE_REQUIRES_REVIEW;EXPIRED_ITEM_FLAG,SME/Data Governance,open,SBRN=SBRN0557
HRQ-00410,record_level_data_quality,dataset-raw-excel-data,record,EXPIRATION_BEFORE_PURCHASE_REQUIRES_REVIEW;EXPIRED_ITEM_FLAG,SME/Data Governance,open,SBRN=SBRN0558
HRQ-00411,record_level_data_quality,dataset-raw-excel-data,record,EXPIRATION_BEFORE_PURCHASE_REQUIRES_REVIEW;EXPIRED_ITEM_FLAG,SME/Data Governance,open,SBRN=SBRN0559
HRQ-00412,record_level_data_quality,dataset-raw-excel-data,record,EXPIRATION_BEFORE_PURCHASE_REQUIRES_REVIEW;EXPIRED_ITEM_FLAG,SME/Data Governance,open,SBRN=SBRN0560
HRQ-00413,record_level_data_quality,dataset-raw-excel-data,record,RECALL_STATUS_MONITORING_REQUIRES_GOVERNANCE;EXPIRED_ITEM_FLAG,SME/Data Governance,open,SBRN=SBRN0570
HRQ-00414,record_level_data_quality,dataset-raw-excel-data,record,RECALL_STATUS_MONITORING_REQUIRES_GOVERNANCE;EXPIRED_ITEM_FLAG,SME/Data Governance,open,SBRN=SBRN0571
HRQ-00415,record_level_data_quality,dataset-raw-excel-data,record,RECALL_STATUS_MONITORING_REQUIRES_GOVERNANCE;EXPIRED_ITEM_FLAG,SME/Data Governance,open,SBRN=SBRN0572
HRQ-00416,record_level_data_quality,dataset-raw-excel-data,record,RECALL_STATUS_MONITORING_REQUIRES_GOVERNANCE;EXPIRED_ITEM_FLAG,SME/Data Governance,open,SBRN=SBRN0573
HRQ-00417,record_level_data_quality,dataset-raw-excel-data,record,RECALL_STATUS_MONITORING_REQUIRES_GOVERNANCE;EXPIRED_ITEM_FLAG,SME/Data Governance,open,SBRN=SBRN0574
HRQ-00418,record_level_data_quality,dataset-raw-excel-data,record,RECALL_STATUS_MONITORING_REQUIRES_GOVERNANCE;EXPIRED_ITEM_FLAG,SME/Data Governance,open,SBRN=SBRN0575
HRQ-00419,record_level_data_quality,dataset-raw-excel-data,record,RECALL_STATUS_MONITORING_REQUIRES_GOVERNANCE;EXPIRED_ITEM_FLAG,SME/Data Governance,open,SBRN=SBRN0576
HRQ-00420,record_level_data_quality,dataset-raw-excel-data,record,RECALL_STATUS_MONITORING_REQUIRES_GOVERNANCE;FUTURE_PURCHASE_DATE_REQUIRES_REVIEW;EXPIRATION_BEFORE_PURCHASE_REQUIRES_REVIEW;EXPIRED_ITEM_FLAG,SME/Data Governance,open,SBRN=SBRN0577
HRQ-00421,record_level_data_quality,dataset-raw-excel-data,record,RECALL_STATUS_MONITORING_REQUIRES_GOVERNANCE;FUTURE_PURCHASE_DATE_REQUIRES_REVIEW;EXPIRATION_BEFORE_PURCHASE_REQUIRES_REVIEW;EXPIRED_ITEM_FLAG,SME/Data Governance,open,SBRN=SBRN0578
HRQ-00422,record_level_data_quality,dataset-raw-excel-data,record,RECALL_STATUS_MONITORING_REQUIRES_GOVERNANCE;FUTURE_PURCHASE_DATE_REQUIRES_REVIEW;EXPIRATION_BEFORE_PURCHASE_REQUIRES_REVIEW;EXPIRED_ITEM_FLAG,SME/Data Governance,open,SBRN=SBRN0579
HRQ-00423,record_level_data_quality,dataset-raw-excel-data,record,RECALL_STATUS_MONITORING_REQUIRES_GOVERNANCE;FUTURE_PURCHASE_DATE_REQUIRES_REVIEW;EXPIRATION_BEFORE_PURCHASE_REQUIRES_REVIEW;EXPIRED_ITEM_FLAG,SME/Data Governance,open,SBRN=SBRN0580
HRQ-00424,record_level_data_quality,dataset-raw-excel-data,record,RECALL_STATUS_MONITORING_REQUIRES_GOVERNANCE;FUTURE_PURCHASE_DATE_REQUIRES_REVIEW;EXPIRATION_BEFORE_PURCHASE_REQUIRES_REVIEW;EXPIRED_ITEM_FLAG,SME/Data Governance,open,SBRN=SBRN0581
HRQ-00425,record_level_data_quality,dataset-raw-excel-data,record,RECALL_STATUS_MONITORING_REQUIRES_GOVERNANCE;FUTURE_PURCHASE_DATE_REQUIRES_REVIEW;EXPIRATION_BEFORE_PURCHASE_REQUIRES_REVIEW;EXPIRED_ITEM_FLAG,SME/Data Governance,open,SBRN=SBRN0582
HRQ-00426,record_level_data_quality,dataset-raw-excel-data,record,FUTURE_PURCHASE_DATE_REQUIRES_REVIEW;EXPIRATION_BEFORE_PURCHASE_REQUIRES_REVIEW;EXPIRED_ITEM_FLAG,SME/Data Governance,open,SBRN=SBRN0594
HRQ-00427,record_level_data_quality,dataset-raw-excel-data,record,EXPIRATION_BEFORE_PURCHASE_REQUIRES_REVIEW;EXPIRED_ITEM_FLAG,SME/Data Governance,open,SBRN=SBRN0595
HRQ-00428,record_level_data_quality,dataset-raw-excel-data,record,EXPIRATION_BEFORE_PURCHASE_REQUIRES_REVIEW;EXPIRED_ITEM_FLAG,SME/Data Governance,open,SBRN=SBRN0596
HRQ-00429,record_level_data_quality,dataset-raw-excel-data,record,EXPIRATION_BEFORE_PURCHASE_REQUIRES_REVIEW;EXPIRED_ITEM_FLAG,SME/Data Governance,open,SBRN=SBRN0597
HRQ-00430,record_level_data_quality,dataset-raw-excel-data,record,EXPIRATION_BEFORE_PURCHASE_REQUIRES_REVIEW;EXPIRED_ITEM_FLAG,SME/Data Governance,open,SBRN=SBRN0598
HRQ-00431,record_level_data_quality,dataset-raw-excel-data,record,RECALL_STATUS_MONITORING_REQUIRES_GOVERNANCE;FUTURE_PURCHASE_DATE_REQUIRES_REVIEW;EXPIRATION_BEFORE_PURCHASE_REQUIRES_REVIEW;EXPIRED_ITEM_FLAG,SME/Data Governance,open,SBRN=SBRN0599
HRQ-00432,record_level_data_quality,dataset-raw-excel-data,record,RECALL_STATUS_MONITORING_REQUIRES_GOVERNANCE;FUTURE_PURCHASE_DATE_REQUIRES_REVIEW;EXPIRATION_BEFORE_PURCHASE_REQUIRES_REVIEW;EXPIRED_ITEM_FLAG,SME/Data Governance,open,SBRN=SBRN0600
HRQ-00433,record_level_data_quality,dataset-raw-excel-data,record,RECALL_STATUS_MONITORING_REQUIRES_GOVERNANCE;FUTURE_PURCHASE_DATE_REQUIRES_REVIEW;EXPIRATION_BEFORE_PURCHASE_REQUIRES_REVIEW;EXPIRED_ITEM_FLAG,SME/Data Governance,open,SBRN=SBRN0601
HRQ-00434,record_level_data_quality,dataset-raw-excel-data,record,RECALL_STATUS_MONITORING_REQUIRES_GOVERNANCE;FUTURE_PURCHASE_DATE_REQUIRES_REVIEW;EXPIRATION_BEFORE_PURCHASE_REQUIRES_REVIEW;EXPIRED_ITEM_FLAG,SME/Data Governance,open,SBRN=SBRN0602
HRQ-00435,record_level_data_quality,dataset-raw-excel-data,record,RECALL_STATUS_MONITORING_REQUIRES_GOVERNANCE;EXPIRED_ITEM_FLAG,SME/Data Governance,open,SBRN=SBRN0603
HRQ-00436,record_level_data_quality,dataset-raw-excel-data,record,RECALL_STATUS_MONITORING_REQUIRES_GOVERNANCE;EXPIRED_ITEM_FLAG,SME/Data Governance,open,SBRN=SBRN0604
HRQ-00437,record_level_data_quality,dataset-raw-excel-data,record,RECALL_STATUS_MONITORING_REQUIRES_GOVERNANCE;EXPIRED_ITEM_FLAG,SME/Data Governance,open,SBRN=SBRN0605
HRQ-00438,record_level_data_quality,dataset-raw-excel-data,record,RECALL_STATUS_MONITORING_REQUIRES_GOVERNANCE;EXPIRED_ITEM_FLAG,SME/Data Governance,open,SBRN=SBRN0606
HRQ-00439,record_level_data_quality,dataset-raw-excel-data,record,RECALL_STATUS_MONITORING_REQUIRES_GOVERNANCE;FUTURE_PURCHASE_DATE_REQUIRES_REVIEW;EXPIRATION_BEFORE_PURCHASE_REQUIRES_REVIEW;EXPIRED_ITEM_FLAG,SME/Data Governance,open,SBRN=SBRN0607
HRQ-00440,record_level_data_quality,dataset-raw-excel-data,record,RECALL_STATUS_MONITORING_REQUIRES_GOVERNANCE;FUTURE_PURCHASE_DATE_REQUIRES_REVIEW;EXPIRATION_BEFORE_PURCHASE_REQUIRES_REVIEW;EXPIRED_ITEM_FLAG,SME/Data Governance,open,SBRN=SBRN0608
HRQ-00441,record_level_data_quality,dataset-raw-excel-data,record,RECALL_STATUS_MONITORING_REQUIRES_GOVERNANCE;FUTURE_PURCHASE_DATE_REQUIRES_REVIEW;EXPIRATION_BEFORE_PURCHASE_REQUIRES_REVIEW;EXPIRED_ITEM_FLAG,SME/Data Governance,open,SBRN=SBRN0609
HRQ-00442,record_level_data_quality,dataset-raw-excel-data,record,RECALL_STATUS_MONITORING_REQUIRES_GOVERNANCE;FUTURE_PURCHASE_DATE_REQUIRES_REVIEW;EXPIRATION_BEFORE_PURCHASE_REQUIRES_REVIEW;EXPIRED_ITEM_FLAG,SME/Data Governance,open,SBRN=SBRN0610
HRQ-00443,record_level_data_quality,dataset-raw-excel-data,record,RECALL_STATUS_MONITORING_REQUIRES_GOVERNANCE;FUTURE_PURCHASE_DATE_REQUIRES_REVIEW;EXPIRATION_BEFORE_PURCHASE_REQUIRES_REVIEW;EXPIRED_ITEM_FLAG,SME/Data Governance,open,SBRN=SBRN0611
HRQ-00444,record_level_data_quality,dataset-raw-excel-data,record,EXPIRATION_BEFORE_PURCHASE_REQUIRES_REVIEW;EXPIRED_ITEM_FLAG,SME/Data Governance,open,SBRN=SBRN0612
HRQ-00445,record_level_data_quality,dataset-raw-excel-data,record,EXPIRATION_BEFORE_PURCHASE_REQUIRES_REVIEW;EXPIRED_ITEM_FLAG,SME/Data Governance,open,SBRN=SBRN0613
HRQ-00446,record_level_data_quality,dataset-raw-excel-data,record,EXPIRATION_BEFORE_PURCHASE_REQUIRES_REVIEW;EXPIRED_ITEM_FLAG,SME/Data Governance,open,SBRN=SBRN0614
HRQ-00447,record_level_data_quality,dataset-raw-excel-data,record,EXPIRATION_BEFORE_PURCHASE_REQUIRES_REVIEW;EXPIRED_ITEM_FLAG,SME/Data Governance,open,SBRN=SBRN0615
HRQ-00448,record_level_data_quality,dataset-raw-excel-data,record,EXPIRATION_BEFORE_PURCHASE_REQUIRES_REVIEW;EXPIRED_ITEM_FLAG,SME/Data Governance,open,SBRN=SBRN0616
HRQ-00449,record_level_data_quality,dataset-raw-excel-data,record,EXPIRATION_BEFORE_PURCHASE_REQUIRES_REVIEW;EXPIRED_ITEM_FLAG,SME/Data Governance,open,SBRN=SBRN0617
HRQ-00450,record_level_data_quality,dataset-raw-excel-data,record,RECALL_STATUS_MONITORING_REQUIRES_GOVERNANCE;FUTURE_PURCHASE_DATE_REQUIRES_REVIEW,SME/Data Governance,open,SBRN=SBRN0618
HRQ-00451,record_level_data_quality,dataset-raw-excel-data,record,RECALL_STATUS_MONITORING_REQUIRES_GOVERNANCE;FUTURE_PURCHASE_DATE_REQUIRES_REVIEW,SME/Data Governance,open,SBRN=SBRN0619
HRQ-00452,record_level_data_quality,dataset-raw-excel-data,record,RECALL_STATUS_MONITORING_REQUIRES_GOVERNANCE;FUTURE_PURCHASE_DATE_REQUIRES_REVIEW,SME/Data Governance,open,SBRN=SBRN0620
HRQ-00453,record_level_data_quality,dataset-raw-excel-data,record,RECALL_STATUS_MONITORING_REQUIRES_GOVERNANCE;FUTURE_PURCHASE_DATE_REQUIRES_REVIEW,SME/Data Governance,open,SBRN=SBRN0621
HRQ-00454,record_level_data_quality,dataset-raw-excel-data,record,RECALL_STATUS_MONITORING_REQUIRES_GOVERNANCE;FUTURE_PURCHASE_DATE_REQUIRES_REVIEW,SME/Data Governance,open,SBRN=SBRN0622
HRQ-00455,record_level_data_quality,dataset-raw-excel-data,record,MISSING_RECALL_STATUS_NORMALIZED_TO_NONE;FUTURE_PURCHASE_DATE_REQUIRES_REVIEW;EXPIRATION_BEFORE_PURCHASE_REQUIRES_REVIEW;EXPIRED_ITEM_FLAG,SME/Data Governance,open,SBRN=SBRN0629
HRQ-00456,record_level_data_quality,dataset-raw-excel-data,record,MISSING_RECALL_STATUS_NORMALIZED_TO_NONE;FUTURE_PURCHASE_DATE_REQUIRES_REVIEW;EXPIRATION_BEFORE_PURCHASE_REQUIRES_REVIEW;EXPIRED_ITEM_FLAG,SME/Data Governance,open,SBRN=SBRN0630
HRQ-00457,record_level_data_quality,dataset-raw-excel-data,record,MISSING_RECALL_STATUS_NORMALIZED_TO_NONE;FUTURE_PURCHASE_DATE_REQUIRES_REVIEW;EXPIRATION_BEFORE_PURCHASE_REQUIRES_REVIEW;EXPIRED_ITEM_FLAG,SME/Data Governance,open,SBRN=SBRN0631
HRQ-00458,record_level_data_quality,dataset-raw-excel-data,record,RECALL_STATUS_MONITORING_REQUIRES_GOVERNANCE,SME/Data Governance,open,SBRN=SBRN0637
HRQ-00459,record_level_data_quality,dataset-raw-excel-data,record,RECALL_STATUS_MONITORING_REQUIRES_GOVERNANCE,SME/Data Governance,open,SBRN=SBRN0638
HRQ-00460,record_level_data_quality,dataset-raw-excel-data,record,RECALL_STATUS_MONITORING_REQUIRES_GOVERNANCE,SME/Data Governance,open,SBRN=SBRN0639
HRQ-00461,record_level_data_quality,dataset-raw-excel-data,record,RECALL_STATUS_MONITORING_REQUIRES_GOVERNANCE,SME/Data Governance,open,SBRN=SBRN0640
HRQ-00462,record_level_data_quality,dataset-raw-excel-data,record,RECALL_STATUS_MONITORING_REQUIRES_GOVERNANCE,SME/Data Governance,open,SBRN=SBRN0641
HRQ-00463,record_level_data_quality,dataset-raw-excel-data,record,EXPIRATION_BEFORE_PURCHASE_REQUIRES_REVIEW;EXPIRED_ITEM_FLAG,SME/Data Governance,open,SBRN=SBRN0646
HRQ-00464,record_level_data_quality,dataset-raw-excel-data,record,EXPIRATION_BEFORE_PURCHASE_REQUIRES_REVIEW;EXPIRED_ITEM_FLAG,SME/Data Governance,open,SBRN=SBRN0647
HRQ-00465,record_level_data_quality,dataset-raw-excel-data,record,EXPIRATION_BEFORE_PURCHASE_REQUIRES_REVIEW;EXPIRED_ITEM_FLAG,SME/Data Governance,open,SBRN=SBRN0648
HRQ-00466,record_level_data_quality,dataset-raw-excel-data,record,EXPIRATION_BEFORE_PURCHASE_REQUIRES_REVIEW;EXPIRED_ITEM_FLAG,SME/Data Governance,open,SBRN=SBRN0649
HRQ-00467,record_level_data_quality,dataset-raw-excel-data,record,EXPIRATION_BEFORE_PURCHASE_REQUIRES_REVIEW;EXPIRED_ITEM_FLAG,SME/Data Governance,open,SBRN=SBRN0650
HRQ-00468,record_level_data_quality,dataset-raw-excel-data,record,EXPIRATION_BEFORE_PURCHASE_REQUIRES_REVIEW;EXPIRED_ITEM_FLAG,SME/Data Governance,open,SBRN=SBRN0651
HRQ-00469,record_level_data_quality,dataset-raw-excel-data,record,EXPIRATION_BEFORE_PURCHASE_REQUIRES_REVIEW;EXPIRED_ITEM_FLAG,SME/Data Governance,open,SBRN=SBRN0652
HRQ-00470,record_level_data_quality,dataset-raw-excel-data,record,EXPIRATION_BEFORE_PURCHASE_REQUIRES_REVIEW;EXPIRED_ITEM_FLAG,SME/Data Governance,open,SBRN=SBRN0653
HRQ-00471,record_level_data_quality,dataset-raw-excel-data,record,EXPIRATION_BEFORE_PURCHASE_REQUIRES_REVIEW;EXPIRED_ITEM_FLAG,SME/Data Governance,open,SBRN=SBRN0654
HRQ-00472,record_level_data_quality,dataset-raw-excel-data,record,EXPIRATION_BEFORE_PURCHASE_REQUIRES_REVIEW;EXPIRED_ITEM_FLAG,SME/Data Governance,open,SBRN=SBRN0655
HRQ-00473,record_level_data_quality,dataset-raw-excel-data,record,FUTURE_PURCHASE_DATE_REQUIRES_REVIEW;EXPIRATION_BEFORE_PURCHASE_REQUIRES_REVIEW;EXPIRED_ITEM_FLAG,SME/Data Governance,open,SBRN=SBRN0656
HRQ-00474,record_level_data_quality,dataset-raw-excel-data,record,FUTURE_PURCHASE_DATE_REQUIRES_REVIEW;EXPIRATION_BEFORE_PURCHASE_REQUIRES_REVIEW;EXPIRED_ITEM_FLAG,SME/Data Governance,open,SBRN=SBRN0657
HRQ-00475,record_level_data_quality,dataset-raw-excel-data,record,RECALL_STATUS_MONITORING_REQUIRES_GOVERNANCE;FUTURE_PURCHASE_DATE_REQUIRES_REVIEW,SME/Data Governance,open,SBRN=SBRN0658
HRQ-00476,record_level_data_quality,dataset-raw-excel-data,record,RECALL_STATUS_MONITORING_REQUIRES_GOVERNANCE;FUTURE_PURCHASE_DATE_REQUIRES_REVIEW,SME/Data Governance,open,SBRN=SBRN0659
HRQ-00477,record_level_data_quality,dataset-raw-excel-data,record,MISSING_RECALL_STATUS_NORMALIZED_TO_NONE;EXPIRATION_BEFORE_PURCHASE_REQUIRES_REVIEW;EXPIRED_ITEM_FLAG,SME/Data Governance,open,SBRN=SBRN0660
HRQ-00478,record_level_data_quality,dataset-raw-excel-data,record,MISSING_RECALL_STATUS_NORMALIZED_TO_NONE;EXPIRATION_BEFORE_PURCHASE_REQUIRES_REVIEW;EXPIRED_ITEM_FLAG,SME/Data Governance,open,SBRN=SBRN0661
HRQ-00479,record_level_data_quality,dataset-raw-excel-data,record,MISSING_RECALL_STATUS_NORMALIZED_TO_NONE;EXPIRATION_BEFORE_PURCHASE_REQUIRES_REVIEW;EXPIRED_ITEM_FLAG,SME/Data Governance,open,SBRN=SBRN0662
HRQ-00480,record_level_data_quality,dataset-raw-excel-data,record,MISSING_RECALL_STATUS_NORMALIZED_TO_NONE;EXPIRATION_BEFORE_PURCHASE_REQUIRES_REVIEW;EXPIRED_ITEM_FLAG,SME/Data Governance,open,SBRN=SBRN0663
HRQ-00481,record_level_data_quality,dataset-raw-excel-data,record,MISSING_RECALL_STATUS_NORMALIZED_TO_NONE;EXPIRATION_BEFORE_PURCHASE_REQUIRES_REVIEW;EXPIRED_ITEM_FLAG,SME/Data Governance,open,SBRN=SBRN0664
HRQ-00482,record_level_data_quality,dataset-raw-excel-data,record,FUTURE_PURCHASE_DATE_REQUIRES_REVIEW;EXPIRATION_BEFORE_PURCHASE_REQUIRES_REVIEW;EXPIRED_ITEM_FLAG,SME/Data Governance,open,SBRN=SBRN0665
HRQ-00483,record_level_data_quality,dataset-raw-excel-data,record,FUTURE_PURCHASE_DATE_REQUIRES_REVIEW;EXPIRATION_BEFORE_PURCHASE_REQUIRES_REVIEW;EXPIRED_ITEM_FLAG,SME/Data Governance,open,SBRN=SBRN0666
HRQ-00484,record_level_data_quality,dataset-raw-excel-data,record,FUTURE_PURCHASE_DATE_REQUIRES_REVIEW;EXPIRATION_BEFORE_PURCHASE_REQUIRES_REVIEW;EXPIRED_ITEM_FLAG,SME/Data Governance,open,SBRN=SBRN0667
HRQ-00485,record_level_data_quality,dataset-raw-excel-data,record,FUTURE_PURCHASE_DATE_REQUIRES_REVIEW;EXPIRATION_BEFORE_PURCHASE_REQUIRES_REVIEW;EXPIRED_ITEM_FLAG,SME/Data Governance,open,SBRN=SBRN0668
HRQ-00486,record_level_data_quality,dataset-raw-excel-data,record,FUTURE_PURCHASE_DATE_REQUIRES_REVIEW;EXPIRATION_BEFORE_PURCHASE_REQUIRES_REVIEW;EXPIRED_ITEM_FLAG,SME/Data Governance,open,SBRN=SBRN0669
HRQ-00487,record_level_data_quality,dataset-raw-excel-data,record,FUTURE_PURCHASE_DATE_REQUIRES_REVIEW;EXPIRATION_BEFORE_PURCHASE_REQUIRES_REVIEW;EXPIRED_ITEM_FLAG,SME/Data Governance,open,SBRN=SBRN0670
HRQ-00488,record_level_data_quality,dataset-raw-excel-data,record,RECALL_STATUS_MONITORING_REQUIRES_GOVERNANCE;EXPIRATION_BEFORE_PURCHASE_REQUIRES_REVIEW;EXPIRED_ITEM_FLAG,SME/Data Governance,open,SBRN=SBRN0671
HRQ-00489,record_level_data_quality,dataset-raw-excel-data,record,RECALL_STATUS_MONITORING_REQUIRES_GOVERNANCE;EXPIRATION_BEFORE_PURCHASE_REQUIRES_REVIEW;EXPIRED_ITEM_FLAG,SME/Data Governance,open,SBRN=SBRN0672
HRQ-00490,record_level_data_quality,dataset-raw-excel-data,record,RECALL_STATUS_MONITORING_REQUIRES_GOVERNANCE;EXPIRATION_BEFORE_PURCHASE_REQUIRES_REVIEW;EXPIRED_ITEM_FLAG,SME/Data Governance,open,SBRN=SBRN0673
HRQ-00491,record_level_data_quality,dataset-raw-excel-data,record,RECALL_STATUS_MONITORING_REQUIRES_GOVERNANCE;EXPIRATION_BEFORE_PURCHASE_REQUIRES_REVIEW;EXPIRED_ITEM_FLAG,SME/Data Governance,open,SBRN=SBRN0674
HRQ-00492,record_level_data_quality,dataset-raw-excel-data,record,RECALL_STATUS_MONITORING_REQUIRES_GOVERNANCE;EXPIRED_ITEM_FLAG,SME/Data Governance,open,SBRN=SBRN0697
HRQ-00493,record_level_data_quality,dataset-raw-excel-data,record,RECALL_STATUS_MONITORING_REQUIRES_GOVERNANCE;EXPIRED_ITEM_FLAG,SME/Data Governance,open,SBRN=SBRN0698
HRQ-00494,record_level_data_quality,dataset-raw-excel-data,record,RECALL_STATUS_MONITORING_REQUIRES_GOVERNANCE;EXPIRED_ITEM_FLAG,SME/Data Governance,open,SBRN=SBRN0699
HRQ-00495,record_level_data_quality,dataset-raw-excel-data,record,RECALL_STATUS_MONITORING_REQUIRES_GOVERNANCE;EXPIRED_ITEM_FLAG,SME/Data Governance,open,SBRN=SBRN0700
HRQ-00496,record_level_data_quality,dataset-raw-excel-data,record,RECALL_STATUS_MONITORING_REQUIRES_GOVERNANCE;FUTURE_PURCHASE_DATE_REQUIRES_REVIEW;EXPIRATION_BEFORE_PURCHASE_REQUIRES_REVIEW;EXPIRED_ITEM_FLAG,SME/Data Governance,open,SBRN=SBRN0701
HRQ-00497,record_level_data_quality,dataset-raw-excel-data,record,RECALL_STATUS_MONITORING_REQUIRES_GOVERNANCE;FUTURE_PURCHASE_DATE_REQUIRES_REVIEW;EXPIRATION_BEFORE_PURCHASE_REQUIRES_REVIEW;EXPIRED_ITEM_FLAG,SME/Data Governance,open,SBRN=SBRN0702
HRQ-00498,record_level_data_quality,dataset-raw-excel-data,record,RECALL_STATUS_MONITORING_REQUIRES_GOVERNANCE;FUTURE_PURCHASE_DATE_REQUIRES_REVIEW;EXPIRATION_BEFORE_PURCHASE_REQUIRES_REVIEW;EXPIRED_ITEM_FLAG,SME/Data Governance,open,SBRN=SBRN0703
HRQ-00499,record_level_data_quality,dataset-raw-excel-data,record,RECALL_STATUS_MONITORING_REQUIRES_GOVERNANCE;FUTURE_PURCHASE_DATE_REQUIRES_REVIEW;EXPIRATION_BEFORE_PURCHASE_REQUIRES_REVIEW;EXPIRED_ITEM_FLAG,SME/Data Governance,open,SBRN=SBRN0704
HRQ-00500,record_level_data_quality,dataset-raw-excel-data,record,RECALL_STATUS_MONITORING_REQUIRES_GOVERNANCE;FUTURE_PURCHASE_DATE_REQUIRES_REVIEW;EXPIRATION_BEFORE_PURCHASE_REQUIRES_REVIEW;EXPIRED_ITEM_FLAG,SME/Data Governance,open,SBRN=SBRN0705
HRQ-00501,record_level_data_quality,dataset-raw-excel-data,record,RECALL_STATUS_MONITORING_REQUIRES_GOVERNANCE;FUTURE_PURCHASE_DATE_REQUIRES_REVIEW;EXPIRATION_BEFORE_PURCHASE_REQUIRES_REVIEW;EXPIRED_ITEM_FLAG,SME/Data Governance,open,SBRN=SBRN0706
HRQ-00502,record_level_data_quality,dataset-raw-excel-data,record,RECALL_STATUS_MONITORING_REQUIRES_GOVERNANCE;FUTURE_PURCHASE_DATE_REQUIRES_REVIEW;EXPIRATION_BEFORE_PURCHASE_REQUIRES_REVIEW;EXPIRED_ITEM_FLAG,SME/Data Governance,open,SBRN=SBRN0707
HRQ-00503,record_level_data_quality,dataset-raw-excel-data,record,RECALL_STATUS_MONITORING_REQUIRES_GOVERNANCE;EXPIRED_ITEM_FLAG,SME/Data Governance,open,SBRN=SBRN0708
HRQ-00504,record_level_data_quality,dataset-raw-excel-data,record,RECALL_STATUS_MONITORING_REQUIRES_GOVERNANCE;EXPIRED_ITEM_FLAG,SME/Data Governance,open,SBRN=SBRN0709
HRQ-00505,record_level_data_quality,dataset-raw-excel-data,record,RECALL_STATUS_MONITORING_REQUIRES_GOVERNANCE;EXPIRED_ITEM_FLAG,SME/Data Governance,open,SBRN=SBRN0710
HRQ-00506,record_level_data_quality,dataset-raw-excel-data,record,EXPIRATION_BEFORE_PURCHASE_REQUIRES_REVIEW;EXPIRED_ITEM_FLAG,SME/Data Governance,open,SBRN=SBRN0711
HRQ-00507,record_level_data_quality,dataset-raw-excel-data,record,EXPIRATION_BEFORE_PURCHASE_REQUIRES_REVIEW;EXPIRED_ITEM_FLAG,SME/Data Governance,open,SBRN=SBRN0712
HRQ-00508,record_level_data_quality,dataset-raw-excel-data,record,RECALL_STATUS_MONITORING_REQUIRES_GOVERNANCE;EXPIRATION_BEFORE_PURCHASE_REQUIRES_REVIEW;EXPIRED_ITEM_FLAG,SME/Data Governance,open,SBRN=SBRN0713
HRQ-00509,record_level_data_quality,dataset-raw-excel-data,record,RECALL_STATUS_MONITORING_REQUIRES_GOVERNANCE;EXPIRATION_BEFORE_PURCHASE_REQUIRES_REVIEW;EXPIRED_ITEM_FLAG,SME/Data Governance,open,SBRN=SBRN0714
HRQ-00510,record_level_data_quality,dataset-raw-excel-data,record,RECALL_STATUS_MONITORING_REQUIRES_GOVERNANCE;EXPIRATION_BEFORE_PURCHASE_REQUIRES_REVIEW;EXPIRED_ITEM_FLAG,SME/Data Governance,open,SBRN=SBRN0715
HRQ-00511,record_level_data_quality,dataset-raw-excel-data,record,RECALL_STATUS_MONITORING_REQUIRES_GOVERNANCE;EXPIRATION_BEFORE_PURCHASE_REQUIRES_REVIEW;EXPIRED_ITEM_FLAG,SME/Data Governance,open,SBRN=SBRN0716
HRQ-00512,record_level_data_quality,dataset-raw-excel-data,record,RECALL_STATUS_MONITORING_REQUIRES_GOVERNANCE;EXPIRATION_BEFORE_PURCHASE_REQUIRES_REVIEW;EXPIRED_ITEM_FLAG,SME/Data Governance,open,SBRN=SBRN0717
HRQ-00513,record_level_data_quality,dataset-raw-excel-data,record,RECALL_STATUS_MONITORING_REQUIRES_GOVERNANCE;EXPIRATION_BEFORE_PURCHASE_REQUIRES_REVIEW;EXPIRED_ITEM_FLAG,SME/Data Governance,open,SBRN=SBRN0718
HRQ-00514,record_level_data_quality,dataset-raw-excel-data,record,RECALL_STATUS_MONITORING_REQUIRES_GOVERNANCE;EXPIRATION_BEFORE_PURCHASE_REQUIRES_REVIEW;EXPIRED_ITEM_FLAG,SME/Data Governance,open,SBRN=SBRN0719
HRQ-00515,record_level_data_quality,dataset-raw-excel-data,record,RECALL_STATUS_MONITORING_REQUIRES_GOVERNANCE;EXPIRATION_BEFORE_PURCHASE_REQUIRES_REVIEW;EXPIRED_ITEM_FLAG,SME/Data Governance,open,SBRN=SBRN0720
HRQ-00516,record_level_data_quality,dataset-raw-excel-data,record,MISSING_RECALL_STATUS_NORMALIZED_TO_NONE;FUTURE_PURCHASE_DATE_REQUIRES_REVIEW;EXPIRATION_BEFORE_PURCHASE_REQUIRES_REVIEW;EXPIRED_ITEM_FLAG,SME/Data Governance,open,SBRN=SBRN0729
HRQ-00517,record_level_data_quality,dataset-raw-excel-data,record,MISSING_RECALL_STATUS_NORMALIZED_TO_NONE;FUTURE_PURCHASE_DATE_REQUIRES_REVIEW;EXPIRATION_BEFORE_PURCHASE_REQUIRES_REVIEW;EXPIRED_ITEM_FLAG,SME/Data Governance,open,SBRN=SBRN0730
HRQ-00518,record_level_data_quality,dataset-raw-excel-data,record,MISSING_RECALL_STATUS_NORMALIZED_TO_NONE;FUTURE_PURCHASE_DATE_REQUIRES_REVIEW;EXPIRATION_BEFORE_PURCHASE_REQUIRES_REVIEW;EXPIRED_ITEM_FLAG,SME/Data Governance,open,SBRN=SBRN0731
HRQ-00519,record_level_data_quality,dataset-raw-excel-data,record,MISSING_RECALL_STATUS_NORMALIZED_TO_NONE;FUTURE_PURCHASE_DATE_REQUIRES_REVIEW;EXPIRATION_BEFORE_PURCHASE_REQUIRES_REVIEW;EXPIRED_ITEM_FLAG,SME/Data Governance,open,SBRN=SBRN0732
HRQ-00520,record_level_data_quality,dataset-raw-excel-data,record,MISSING_RECALL_STATUS_NORMALIZED_TO_NONE;FUTURE_PURCHASE_DATE_REQUIRES_REVIEW;EXPIRATION_BEFORE_PURCHASE_REQUIRES_REVIEW;EXPIRED_ITEM_FLAG,SME/Data Governance,open,SBRN=SBRN0733
HRQ-00521,record_level_data_quality,dataset-raw-excel-data,record,MISSING_RECALL_STATUS_NORMALIZED_TO_NONE;FUTURE_PURCHASE_DATE_REQUIRES_REVIEW;EXPIRATION_BEFORE_PURCHASE_REQUIRES_REVIEW;EXPIRED_ITEM_FLAG,SME/Data Governance,open,SBRN=SBRN0734
HRQ-00522,record_level_data_quality,dataset-raw-excel-data,record,EXPIRATION_BEFORE_PURCHASE_REQUIRES_REVIEW;EXPIRED_ITEM_FLAG,SME/Data Governance,open,SBRN=SBRN0735
HRQ-00523,record_level_data_quality,dataset-raw-excel-data,record,EXPIRATION_BEFORE_PURCHASE_REQUIRES_REVIEW;EXPIRED_ITEM_FLAG,SME/Data Governance,open,SBRN=SBRN0736
HRQ-00524,record_level_data_quality,dataset-raw-excel-data,record,EXPIRATION_BEFORE_PURCHASE_REQUIRES_REVIEW;EXPIRED_ITEM_FLAG,SME/Data Governance,open,SBRN=SBRN0737
HRQ-00525,record_level_data_quality,dataset-raw-excel-data,record,RECALL_STATUS_MONITORING_REQUIRES_GOVERNANCE;EXPIRED_ITEM_FLAG,SME/Data Governance,open,SBRN=SBRN0738
HRQ-00526,record_level_data_quality,dataset-raw-excel-data,record,RECALL_STATUS_MONITORING_REQUIRES_GOVERNANCE;EXPIRED_ITEM_FLAG,SME/Data Governance,open,SBRN=SBRN0739
HRQ-00527,record_level_data_quality,dataset-raw-excel-data,record,RECALL_STATUS_MONITORING_REQUIRES_GOVERNANCE;EXPIRED_ITEM_FLAG,SME/Data Governance,open,SBRN=SBRN0740
HRQ-00528,record_level_data_quality,dataset-raw-excel-data,record,RECALL_STATUS_MONITORING_REQUIRES_GOVERNANCE;EXPIRED_ITEM_FLAG,SME/Data Governance,open,SBRN=SBRN0741
HRQ-00529,record_level_data_quality,dataset-raw-excel-data,record,RECALL_STATUS_MONITORING_REQUIRES_GOVERNANCE;EXPIRED_ITEM_FLAG,SME/Data Governance,open,SBRN=SBRN0742
HRQ-00530,record_level_data_quality,dataset-raw-excel-data,record,RECALL_STATUS_MONITORING_REQUIRES_GOVERNANCE;FUTURE_PURCHASE_DATE_REQUIRES_REVIEW;PART_NAME_DERIVED_FROM_DESCRIPTION,SME/Data Governance,open,SBRN=SBRN0743
HRQ-00531,record_level_data_quality,dataset-raw-excel-data,record,MISSING_RECALL_STATUS_NORMALIZED_TO_NONE;FUTURE_PURCHASE_DATE_REQUIRES_REVIEW;EXPIRATION_BEFORE_PURCHASE_REQUIRES_REVIEW;EXPIRED_ITEM_FLAG,SME/Data Governance,open,SBRN=SBRN0744
HRQ-00532,record_level_data_quality,dataset-raw-excel-data,record,MISSING_RECALL_STATUS_NORMALIZED_TO_NONE;FUTURE_PURCHASE_DATE_REQUIRES_REVIEW;EXPIRATION_BEFORE_PURCHASE_REQUIRES_REVIEW;EXPIRED_ITEM_FLAG,SME/Data Governance,open,SBRN=SBRN0745
HRQ-00533,record_level_data_quality,dataset-raw-excel-data,record,MISSING_RECALL_STATUS_NORMALIZED_TO_NONE;FUTURE_PURCHASE_DATE_REQUIRES_REVIEW;EXPIRATION_BEFORE_PURCHASE_REQUIRES_REVIEW;EXPIRED_ITEM_FLAG,SME/Data Governance,open,SBRN=SBRN0746
HRQ-00534,record_level_data_quality,dataset-raw-excel-data,record,MISSING_RECALL_STATUS_NORMALIZED_TO_NONE;FUTURE_PURCHASE_DATE_REQUIRES_REVIEW;EXPIRATION_BEFORE_PURCHASE_REQUIRES_REVIEW;EXPIRED_ITEM_FLAG,SME/Data Governance,open,SBRN=SBRN0747
HRQ-00535,record_level_data_quality,dataset-raw-excel-data,record,MISSING_RECALL_STATUS_NORMALIZED_TO_NONE;FUTURE_PURCHASE_DATE_REQUIRES_REVIEW;EXPIRATION_BEFORE_PURCHASE_REQUIRES_REVIEW;EXPIRED_ITEM_FLAG,SME/Data Governance,open,SBRN=SBRN0748
HRQ-00536,record_level_data_quality,dataset-raw-excel-data,record,MISSING_RECALL_STATUS_NORMALIZED_TO_NONE;FUTURE_PURCHASE_DATE_REQUIRES_REVIEW,SME/Data Governance,open,SBRN=SBRN0749
HRQ-00537,record_level_data_quality,dataset-raw-excel-data,record,MISSING_RECALL_STATUS_NORMALIZED_TO_NONE;FUTURE_PURCHASE_DATE_REQUIRES_REVIEW,SME/Data Governance,open,SBRN=SBRN0750
HRQ-00538,record_level_data_quality,dataset-raw-excel-data,record,MISSING_RECALL_STATUS_NORMALIZED_TO_NONE;FUTURE_PURCHASE_DATE_REQUIRES_REVIEW,SME/Data Governance,open,SBRN=SBRN0751
HRQ-00539,record_level_data_quality,dataset-raw-excel-data,record,RECALL_STATUS_MONITORING_REQUIRES_GOVERNANCE,SME/Data Governance,open,SBRN=SBRN0752
HRQ-00540,record_level_data_quality,dataset-raw-excel-data,record,RECALL_STATUS_MONITORING_REQUIRES_GOVERNANCE,SME/Data Governance,open,SBRN=SBRN0753
HRQ-00541,record_level_data_quality,dataset-raw-excel-data,record,RECALL_STATUS_MONITORING_REQUIRES_GOVERNANCE,SME/Data Governance,open,SBRN=SBRN0754
HRQ-00542,record_level_data_quality,dataset-raw-excel-data,record,RECALL_STATUS_MONITORING_REQUIRES_GOVERNANCE;EXPIRATION_BEFORE_PURCHASE_REQUIRES_REVIEW;EXPIRED_ITEM_FLAG,SME/Data Governance,open,SBRN=SBRN0755
HRQ-00543,record_level_data_quality,dataset-raw-excel-data,record,RECALL_STATUS_MONITORING_REQUIRES_GOVERNANCE;EXPIRATION_BEFORE_PURCHASE_REQUIRES_REVIEW;EXPIRED_ITEM_FLAG,SME/Data Governance,open,SBRN=SBRN0756
HRQ-00544,record_level_data_quality,dataset-raw-excel-data,record,RECALL_STATUS_MONITORING_REQUIRES_GOVERNANCE;EXPIRATION_BEFORE_PURCHASE_REQUIRES_REVIEW;EXPIRED_ITEM_FLAG,SME/Data Governance,open,SBRN=SBRN0757
HRQ-00545,record_level_data_quality,dataset-raw-excel-data,record,RECALL_STATUS_MONITORING_REQUIRES_GOVERNANCE;EXPIRATION_BEFORE_PURCHASE_REQUIRES_REVIEW;EXPIRED_ITEM_FLAG,SME/Data Governance,open,SBRN=SBRN0758
HRQ-00546,record_level_data_quality,dataset-raw-excel-data,record,RECALL_STATUS_MONITORING_REQUIRES_GOVERNANCE;EXPIRATION_BEFORE_PURCHASE_REQUIRES_REVIEW;EXPIRED_ITEM_FLAG,SME/Data Governance,open,SBRN=SBRN0759
HRQ-00547,record_level_data_quality,dataset-raw-excel-data,record,RECALL_STATUS_MONITORING_REQUIRES_GOVERNANCE;EXPIRATION_BEFORE_PURCHASE_REQUIRES_REVIEW;EXPIRED_ITEM_FLAG,SME/Data Governance,open,SBRN=SBRN0760
HRQ-00548,record_level_data_quality,dataset-raw-excel-data,record,RECALL_STATUS_MONITORING_REQUIRES_GOVERNANCE;EXPIRATION_BEFORE_PURCHASE_REQUIRES_REVIEW;EXPIRED_ITEM_FLAG,SME/Data Governance,open,SBRN=SBRN0761
HRQ-00549,record_level_data_quality,dataset-raw-excel-data,record,RECALL_STATUS_MONITORING_REQUIRES_GOVERNANCE;EXPIRATION_BEFORE_PURCHASE_REQUIRES_REVIEW;EXPIRED_ITEM_FLAG,SME/Data Governance,open,SBRN=SBRN0762
HRQ-00550,record_level_data_quality,dataset-raw-excel-data,record,RECALL_STATUS_MONITORING_REQUIRES_GOVERNANCE;EXPIRATION_BEFORE_PURCHASE_REQUIRES_REVIEW;EXPIRED_ITEM_FLAG,SME/Data Governance,open,SBRN=SBRN0763
HRQ-00551,record_level_data_quality,dataset-raw-excel-data,record,RECALL_STATUS_MONITORING_REQUIRES_GOVERNANCE;EXPIRATION_BEFORE_PURCHASE_REQUIRES_REVIEW;EXPIRED_ITEM_FLAG,SME/Data Governance,open,SBRN=SBRN0764
HRQ-00552,record_level_data_quality,dataset-raw-excel-data,record,FUTURE_PURCHASE_DATE_REQUIRES_REVIEW;EXPIRATION_BEFORE_PURCHASE_REQUIRES_REVIEW;EXPIRED_ITEM_FLAG,SME/Data Governance,open,SBRN=SBRN0765
HRQ-00553,record_level_data_quality,dataset-raw-excel-data,record,FUTURE_PURCHASE_DATE_REQUIRES_REVIEW;EXPIRATION_BEFORE_PURCHASE_REQUIRES_REVIEW;EXPIRED_ITEM_FLAG,SME/Data Governance,open,SBRN=SBRN0766
HRQ-00554,record_level_data_quality,dataset-raw-excel-data,record,FUTURE_PURCHASE_DATE_REQUIRES_REVIEW;EXPIRATION_BEFORE_PURCHASE_REQUIRES_REVIEW;EXPIRED_ITEM_FLAG,SME/Data Governance,open,SBRN=SBRN0767
HRQ-00555,record_level_data_quality,dataset-raw-excel-data,record,FUTURE_PURCHASE_DATE_REQUIRES_REVIEW;EXPIRATION_BEFORE_PURCHASE_REQUIRES_REVIEW;EXPIRED_ITEM_FLAG,SME/Data Governance,open,SBRN=SBRN0768
HRQ-00556,record_level_data_quality,dataset-raw-excel-data,record,FUTURE_PURCHASE_DATE_REQUIRES_REVIEW;EXPIRATION_BEFORE_PURCHASE_REQUIRES_REVIEW;EXPIRED_ITEM_FLAG,SME/Data Governance,open,SBRN=SBRN0769
HRQ-00557,record_level_data_quality,dataset-raw-excel-data,record,FUTURE_PURCHASE_DATE_REQUIRES_REVIEW;EXPIRATION_BEFORE_PURCHASE_REQUIRES_REVIEW;EXPIRED_ITEM_FLAG,SME/Data Governance,open,SBRN=SBRN0770
HRQ-00558,record_level_data_quality,dataset-raw-excel-data,record,MISSING_RECALL_STATUS_NORMALIZED_TO_NONE;EXPIRATION_BEFORE_PURCHASE_REQUIRES_REVIEW;EXPIRED_ITEM_FLAG,SME/Data Governance,open,SBRN=SBRN0771
HRQ-00559,record_level_data_quality,dataset-raw-excel-data,record,MISSING_RECALL_STATUS_NORMALIZED_TO_NONE;EXPIRATION_BEFORE_PURCHASE_REQUIRES_REVIEW;EXPIRED_ITEM_FLAG,SME/Data Governance,open,SBRN=SBRN0772
HRQ-00560,record_level_data_quality,dataset-raw-excel-data,record,MISSING_RECALL_STATUS_NORMALIZED_TO_NONE;EXPIRATION_BEFORE_PURCHASE_REQUIRES_REVIEW;EXPIRED_ITEM_FLAG,SME/Data Governance,open,SBRN=SBRN0773
HRQ-00561,record_level_data_quality,dataset-raw-excel-data,record,MISSING_RECALL_STATUS_NORMALIZED_TO_NONE;EXPIRATION_BEFORE_PURCHASE_REQUIRES_REVIEW;EXPIRED_ITEM_FLAG,SME/Data Governance,open,SBRN=SBRN0774
HRQ-00562,record_level_data_quality,dataset-raw-excel-data,record,MISSING_RECALL_STATUS_NORMALIZED_TO_NONE;EXPIRATION_BEFORE_PURCHASE_REQUIRES_REVIEW;EXPIRED_ITEM_FLAG,SME/Data Governance,open,SBRN=SBRN0775
HRQ-00563,record_level_data_quality,dataset-raw-excel-data,record,MISSING_RECALL_STATUS_NORMALIZED_TO_NONE;FUTURE_PURCHASE_DATE_REQUIRES_REVIEW;EXPIRATION_BEFORE_PURCHASE_REQUIRES_REVIEW,SME/Data Governance,open,SBRN=SBRN0783
HRQ-00564,record_level_data_quality,dataset-raw-excel-data,record,MISSING_RECALL_STATUS_NORMALIZED_TO_NONE;FUTURE_PURCHASE_DATE_REQUIRES_REVIEW;EXPIRATION_BEFORE_PURCHASE_REQUIRES_REVIEW,SME/Data Governance,open,SBRN=SBRN0784
HRQ-00565,record_level_data_quality,dataset-raw-excel-data,record,MISSING_RECALL_STATUS_NORMALIZED_TO_NONE;FUTURE_PURCHASE_DATE_REQUIRES_REVIEW;EXPIRATION_BEFORE_PURCHASE_REQUIRES_REVIEW,SME/Data Governance,open,SBRN=SBRN0785
HRQ-00566,record_level_data_quality,dataset-raw-excel-data,record,MISSING_RECALL_STATUS_NORMALIZED_TO_NONE;FUTURE_PURCHASE_DATE_REQUIRES_REVIEW;EXPIRATION_BEFORE_PURCHASE_REQUIRES_REVIEW,SME/Data Governance,open,SBRN=SBRN0786
HRQ-00567,record_level_data_quality,dataset-raw-excel-data,record,MISSING_RECALL_STATUS_NORMALIZED_TO_NONE;FUTURE_PURCHASE_DATE_REQUIRES_REVIEW;EXPIRATION_BEFORE_PURCHASE_REQUIRES_REVIEW,SME/Data Governance,open,SBRN=SBRN0787
HRQ-00568,record_level_data_quality,dataset-raw-excel-data,record,FUTURE_PURCHASE_DATE_REQUIRES_REVIEW;EXPIRATION_BEFORE_PURCHASE_REQUIRES_REVIEW;EXPIRED_ITEM_FLAG,SME/Data Governance,open,SBRN=SBRN0796
HRQ-00569,record_level_data_quality,dataset-raw-excel-data,record,FUTURE_PURCHASE_DATE_REQUIRES_REVIEW;EXPIRATION_BEFORE_PURCHASE_REQUIRES_REVIEW;EXPIRED_ITEM_FLAG,SME/Data Governance,open,SBRN=SBRN0797
HRQ-00570,record_level_data_quality,dataset-raw-excel-data,record,FUTURE_PURCHASE_DATE_REQUIRES_REVIEW;EXPIRATION_BEFORE_PURCHASE_REQUIRES_REVIEW;EXPIRED_ITEM_FLAG,SME/Data Governance,open,SBRN=SBRN0798
HRQ-00571,record_level_data_quality,dataset-raw-excel-data,record,FUTURE_PURCHASE_DATE_REQUIRES_REVIEW;EXPIRATION_BEFORE_PURCHASE_REQUIRES_REVIEW;EXPIRED_ITEM_FLAG,SME/Data Governance,open,SBRN=SBRN0799
HRQ-00572,record_level_data_quality,dataset-raw-excel-data,record,RECALL_STATUS_MONITORING_REQUIRES_GOVERNANCE;EXPIRED_ITEM_FLAG,SME/Data Governance,open,SBRN=SBRN0800
HRQ-00573,record_level_data_quality,dataset-raw-excel-data,record,RECALL_STATUS_MONITORING_REQUIRES_GOVERNANCE;EXPIRED_ITEM_FLAG,SME/Data Governance,open,SBRN=SBRN0801
HRQ-00574,record_level_data_quality,dataset-raw-excel-data,record,MISSING_RECALL_STATUS_NORMALIZED_TO_NONE;FUTURE_PURCHASE_DATE_REQUIRES_REVIEW;EXPIRATION_BEFORE_PURCHASE_REQUIRES_REVIEW;EXPIRED_ITEM_FLAG,SME/Data Governance,open,SBRN=SBRN0802
HRQ-00575,record_level_data_quality,dataset-raw-excel-data,record,MISSING_RECALL_STATUS_NORMALIZED_TO_NONE;FUTURE_PURCHASE_DATE_REQUIRES_REVIEW;EXPIRATION_BEFORE_PURCHASE_REQUIRES_REVIEW;EXPIRED_ITEM_FLAG,SME/Data Governance,open,SBRN=SBRN0803
HRQ-00576,record_level_data_quality,dataset-raw-excel-data,record,MISSING_RECALL_STATUS_NORMALIZED_TO_NONE;FUTURE_PURCHASE_DATE_REQUIRES_REVIEW;EXPIRATION_BEFORE_PURCHASE_REQUIRES_REVIEW;EXPIRED_ITEM_FLAG,SME/Data Governance,open,SBRN=SBRN0804
HRQ-00577,record_level_data_quality,dataset-raw-excel-data,record,MISSING_RECALL_STATUS_NORMALIZED_TO_NONE;FUTURE_PURCHASE_DATE_REQUIRES_REVIEW;EXPIRATION_BEFORE_PURCHASE_REQUIRES_REVIEW;EXPIRED_ITEM_FLAG,SME/Data Governance,open,SBRN=SBRN0805
HRQ-00578,record_level_data_quality,dataset-raw-excel-data,record,MISSING_RECALL_STATUS_NORMALIZED_TO_NONE;FUTURE_PURCHASE_DATE_REQUIRES_REVIEW;EXPIRATION_BEFORE_PURCHASE_REQUIRES_REVIEW;EXPIRED_ITEM_FLAG,SME/Data Governance,open,SBRN=SBRN0806
HRQ-00579,record_level_data_quality,dataset-raw-excel-data,record,MISSING_RECALL_STATUS_NORMALIZED_TO_NONE;FUTURE_PURCHASE_DATE_REQUIRES_REVIEW;EXPIRATION_BEFORE_PURCHASE_REQUIRES_REVIEW;EXPIRED_ITEM_FLAG,SME/Data Governance,open,SBRN=SBRN0807
HRQ-00580,record_level_data_quality,dataset-raw-excel-data,record,MISSING_RECALL_STATUS_NORMALIZED_TO_NONE;FUTURE_PURCHASE_DATE_REQUIRES_REVIEW;EXPIRATION_BEFORE_PURCHASE_REQUIRES_REVIEW;EXPIRED_ITEM_FLAG,SME/Data Governance,open,SBRN=SBRN0808
HRQ-00581,record_level_data_quality,dataset-raw-excel-data,record,MISSING_RECALL_STATUS_NORMALIZED_TO_NONE;FUTURE_PURCHASE_DATE_REQUIRES_REVIEW;EXPIRATION_BEFORE_PURCHASE_REQUIRES_REVIEW;EXPIRED_ITEM_FLAG,SME/Data Governance,open,SBRN=SBRN0809
HRQ-00582,record_level_data_quality,dataset-raw-excel-data,record,MISSING_RECALL_STATUS_NORMALIZED_TO_NONE;FUTURE_PURCHASE_DATE_REQUIRES_REVIEW;EXPIRATION_BEFORE_PURCHASE_REQUIRES_REVIEW;EXPIRED_ITEM_FLAG,SME/Data Governance,open,SBRN=SBRN0810
HRQ-00583,record_level_data_quality,dataset-raw-excel-data,record,EXPIRATION_BEFORE_PURCHASE_REQUIRES_REVIEW;EXPIRED_ITEM_FLAG,SME/Data Governance,open,SBRN=SBRN0811
HRQ-00584,record_level_data_quality,dataset-raw-excel-data,record,EXPIRATION_BEFORE_PURCHASE_REQUIRES_REVIEW;EXPIRED_ITEM_FLAG,SME/Data Governance,open,SBRN=SBRN0812
HRQ-00585,record_level_data_quality,dataset-raw-excel-data,record,EXPIRATION_BEFORE_PURCHASE_REQUIRES_REVIEW;EXPIRED_ITEM_FLAG,SME/Data Governance,open,SBRN=SBRN0813
HRQ-00586,record_level_data_quality,dataset-raw-excel-data,record,EXPIRATION_BEFORE_PURCHASE_REQUIRES_REVIEW;EXPIRED_ITEM_FLAG,SME/Data Governance,open,SBRN=SBRN0814
HRQ-00587,record_level_data_quality,dataset-raw-excel-data,record,EXPIRATION_BEFORE_PURCHASE_REQUIRES_REVIEW;EXPIRED_ITEM_FLAG,SME/Data Governance,open,SBRN=SBRN0815
HRQ-00588,record_level_data_quality,dataset-raw-excel-data,record,EXPIRATION_BEFORE_PURCHASE_REQUIRES_REVIEW;EXPIRED_ITEM_FLAG,SME/Data Governance,open,SBRN=SBRN0816
HRQ-00589,record_level_data_quality,dataset-raw-excel-data,record,EXPIRATION_BEFORE_PURCHASE_REQUIRES_REVIEW;EXPIRED_ITEM_FLAG,SME/Data Governance,open,SBRN=SBRN0817
HRQ-00590,record_level_data_quality,dataset-raw-excel-data,record,EXPIRATION_BEFORE_PURCHASE_REQUIRES_REVIEW;EXPIRED_ITEM_FLAG,SME/Data Governance,open,SBRN=SBRN0818
HRQ-00591,record_level_data_quality,dataset-raw-excel-data,record,RECALL_STATUS_MONITORING_REQUIRES_GOVERNANCE,SME/Data Governance,open,SBRN=SBRN0827
HRQ-00592,record_level_data_quality,dataset-raw-excel-data,record,MISSING_RECALL_STATUS_NORMALIZED_TO_NONE;EXPIRATION_BEFORE_PURCHASE_REQUIRES_REVIEW;EXPIRED_ITEM_FLAG,SME/Data Governance,open,SBRN=SBRN0828
HRQ-00593,record_level_data_quality,dataset-raw-excel-data,record,MISSING_RECALL_STATUS_NORMALIZED_TO_NONE;EXPIRATION_BEFORE_PURCHASE_REQUIRES_REVIEW;EXPIRED_ITEM_FLAG,SME/Data Governance,open,SBRN=SBRN0829
HRQ-00594,record_level_data_quality,dataset-raw-excel-data,record,MISSING_RECALL_STATUS_NORMALIZED_TO_NONE;EXPIRATION_BEFORE_PURCHASE_REQUIRES_REVIEW;EXPIRED_ITEM_FLAG,SME/Data Governance,open,SBRN=SBRN0830
HRQ-00595,record_level_data_quality,dataset-raw-excel-data,record,MISSING_RECALL_STATUS_NORMALIZED_TO_NONE;EXPIRATION_BEFORE_PURCHASE_REQUIRES_REVIEW;EXPIRED_ITEM_FLAG,SME/Data Governance,open,SBRN=SBRN0831
HRQ-00596,record_level_data_quality,dataset-raw-excel-data,record,MISSING_RECALL_STATUS_NORMALIZED_TO_NONE;EXPIRATION_BEFORE_PURCHASE_REQUIRES_REVIEW;EXPIRED_ITEM_FLAG,SME/Data Governance,open,SBRN=SBRN0832
HRQ-00597,record_level_data_quality,dataset-raw-excel-data,record,MISSING_RECALL_STATUS_NORMALIZED_TO_NONE;EXPIRATION_BEFORE_PURCHASE_REQUIRES_REVIEW;EXPIRED_ITEM_FLAG,SME/Data Governance,open,SBRN=SBRN0833
HRQ-00598,record_level_data_quality,dataset-raw-excel-data,record,RECALL_STATUS_MONITORING_REQUIRES_GOVERNANCE;EXPIRATION_BEFORE_PURCHASE_REQUIRES_REVIEW;EXPIRED_ITEM_FLAG,SME/Data Governance,open,SBRN=SBRN0834
HRQ-00599,record_level_data_quality,dataset-raw-excel-data,record,RECALL_STATUS_MONITORING_REQUIRES_GOVERNANCE;EXPIRATION_BEFORE_PURCHASE_REQUIRES_REVIEW;EXPIRED_ITEM_FLAG,SME/Data Governance,open,SBRN=SBRN0835
HRQ-00600,record_level_data_quality,dataset-raw-excel-data,record,RECALL_STATUS_MONITORING_REQUIRES_GOVERNANCE;EXPIRATION_BEFORE_PURCHASE_REQUIRES_REVIEW;EXPIRED_ITEM_FLAG,SME/Data Governance,open,SBRN=SBRN0836
HRQ-00601,record_level_data_quality,dataset-raw-excel-data,record,RECALL_STATUS_MONITORING_REQUIRES_GOVERNANCE;EXPIRATION_BEFORE_PURCHASE_REQUIRES_REVIEW;EXPIRED_ITEM_FLAG,SME/Data Governance,open,SBRN=SBRN0837
HRQ-00602,record_level_data_quality,dataset-raw-excel-data,record,RECALL_STATUS_MONITORING_REQUIRES_GOVERNANCE;EXPIRATION_BEFORE_PURCHASE_REQUIRES_REVIEW;EXPIRED_ITEM_FLAG,SME/Data Governance,open,SBRN=SBRN0838
HRQ-00603,record_level_data_quality,dataset-raw-excel-data,record,FUTURE_PURCHASE_DATE_REQUIRES_REVIEW;EXPIRATION_BEFORE_PURCHASE_REQUIRES_REVIEW;EXPIRED_ITEM_FLAG,SME/Data Governance,open,SBRN=SBRN0846
HRQ-00604,record_level_data_quality,dataset-raw-excel-data,record,FUTURE_PURCHASE_DATE_REQUIRES_REVIEW;EXPIRATION_BEFORE_PURCHASE_REQUIRES_REVIEW;EXPIRED_ITEM_FLAG,SME/Data Governance,open,SBRN=SBRN0847
HRQ-00605,record_level_data_quality,dataset-raw-excel-data,record,FUTURE_PURCHASE_DATE_REQUIRES_REVIEW;EXPIRATION_BEFORE_PURCHASE_REQUIRES_REVIEW;EXPIRED_ITEM_FLAG,SME/Data Governance,open,SBRN=SBRN0848
HRQ-00606,record_level_data_quality,dataset-raw-excel-data,record,FUTURE_PURCHASE_DATE_REQUIRES_REVIEW;EXPIRATION_BEFORE_PURCHASE_REQUIRES_REVIEW;EXPIRED_ITEM_FLAG,SME/Data Governance,open,SBRN=SBRN0849
HRQ-00607,record_level_data_quality,dataset-raw-excel-data,record,FUTURE_PURCHASE_DATE_REQUIRES_REVIEW;EXPIRATION_BEFORE_PURCHASE_REQUIRES_REVIEW;EXPIRED_ITEM_FLAG,SME/Data Governance,open,SBRN=SBRN0850
HRQ-00608,record_level_data_quality,dataset-raw-excel-data,record,FUTURE_PURCHASE_DATE_REQUIRES_REVIEW;EXPIRATION_BEFORE_PURCHASE_REQUIRES_REVIEW;EXPIRED_ITEM_FLAG,SME/Data Governance,open,SBRN=SBRN0851
HRQ-00609,record_level_data_quality,dataset-raw-excel-data,record,FUTURE_PURCHASE_DATE_REQUIRES_REVIEW;EXPIRATION_BEFORE_PURCHASE_REQUIRES_REVIEW;EXPIRED_ITEM_FLAG,SME/Data Governance,open,SBRN=SBRN0852
HRQ-00610,record_level_data_quality,dataset-raw-excel-data,record,FUTURE_PURCHASE_DATE_REQUIRES_REVIEW;EXPIRATION_BEFORE_PURCHASE_REQUIRES_REVIEW,SME/Data Governance,open,SBRN=SBRN0853
HRQ-00611,record_level_data_quality,dataset-raw-excel-data,record,RECALL_STATUS_MONITORING_REQUIRES_GOVERNANCE;EXPIRATION_BEFORE_PURCHASE_REQUIRES_REVIEW;EXPIRED_ITEM_FLAG,SME/Data Governance,open,SBRN=SBRN0857
HRQ-00612,record_level_data_quality,dataset-raw-excel-data,record,RECALL_STATUS_MONITORING_REQUIRES_GOVERNANCE;EXPIRATION_BEFORE_PURCHASE_REQUIRES_REVIEW;EXPIRED_ITEM_FLAG,SME/Data Governance,open,SBRN=SBRN0858
HRQ-00613,record_level_data_quality,dataset-raw-excel-data,record,RECALL_STATUS_MONITORING_REQUIRES_GOVERNANCE;EXPIRED_ITEM_FLAG,SME/Data Governance,open,SBRN=SBRN0859
HRQ-00614,record_level_data_quality,dataset-raw-excel-data,record,EXPIRATION_BEFORE_PURCHASE_REQUIRES_REVIEW;EXPIRED_ITEM_FLAG,SME/Data Governance,open,SBRN=SBRN0860
HRQ-00615,record_level_data_quality,dataset-raw-excel-data,record,EXPIRATION_BEFORE_PURCHASE_REQUIRES_REVIEW;EXPIRED_ITEM_FLAG,SME/Data Governance,open,SBRN=SBRN0861
HRQ-00616,record_level_data_quality,dataset-raw-excel-data,record,EXPIRATION_BEFORE_PURCHASE_REQUIRES_REVIEW;EXPIRED_ITEM_FLAG,SME/Data Governance,open,SBRN=SBRN0862
HRQ-00617,record_level_data_quality,dataset-raw-excel-data,record,EXPIRATION_BEFORE_PURCHASE_REQUIRES_REVIEW;EXPIRED_ITEM_FLAG,SME/Data Governance,open,SBRN=SBRN0863
HRQ-00618,record_level_data_quality,dataset-raw-excel-data,record,EXPIRATION_BEFORE_PURCHASE_REQUIRES_REVIEW;EXPIRED_ITEM_FLAG,SME/Data Governance,open,SBRN=SBRN0864
HRQ-00619,record_level_data_quality,dataset-raw-excel-data,record,RECALL_STATUS_MONITORING_REQUIRES_GOVERNANCE;EXPIRED_ITEM_FLAG,SME/Data Governance,open,SBRN=SBRN0865
HRQ-00620,record_level_data_quality,dataset-raw-excel-data,record,RECALL_STATUS_MONITORING_REQUIRES_GOVERNANCE;EXPIRED_ITEM_FLAG,SME/Data Governance,open,SBRN=SBRN0866
HRQ-00621,record_level_data_quality,dataset-raw-excel-data,record,RECALL_STATUS_MONITORING_REQUIRES_GOVERNANCE;EXPIRED_ITEM_FLAG,SME/Data Governance,open,SBRN=SBRN0867
HRQ-00622,record_level_data_quality,dataset-raw-excel-data,record,RECALL_STATUS_MONITORING_REQUIRES_GOVERNANCE;EXPIRED_ITEM_FLAG,SME/Data Governance,open,SBRN=SBRN0868
HRQ-00623,record_level_data_quality,dataset-raw-excel-data,record,RECALL_STATUS_MONITORING_REQUIRES_GOVERNANCE;EXPIRED_ITEM_FLAG,SME/Data Governance,open,SBRN=SBRN0869
HRQ-00624,record_level_data_quality,dataset-raw-excel-data,record,RECALL_STATUS_MONITORING_REQUIRES_GOVERNANCE;FUTURE_PURCHASE_DATE_REQUIRES_REVIEW,SME/Data Governance,open,SBRN=SBRN0874
HRQ-00625,record_level_data_quality,dataset-raw-excel-data,record,RECALL_STATUS_MONITORING_REQUIRES_GOVERNANCE;FUTURE_PURCHASE_DATE_REQUIRES_REVIEW,SME/Data Governance,open,SBRN=SBRN0875
HRQ-00626,record_level_data_quality,dataset-raw-excel-data,record,RECALL_STATUS_MONITORING_REQUIRES_GOVERNANCE;FUTURE_PURCHASE_DATE_REQUIRES_REVIEW,SME/Data Governance,open,SBRN=SBRN0876
HRQ-00627,record_level_data_quality,dataset-raw-excel-data,record,FUTURE_PURCHASE_DATE_REQUIRES_REVIEW;EXPIRATION_BEFORE_PURCHASE_REQUIRES_REVIEW,SME/Data Governance,open,SBRN=SBRN0877
HRQ-00628,record_level_data_quality,dataset-raw-excel-data,record,FUTURE_PURCHASE_DATE_REQUIRES_REVIEW;EXPIRATION_BEFORE_PURCHASE_REQUIRES_REVIEW,SME/Data Governance,open,SBRN=SBRN0878
HRQ-00629,record_level_data_quality,dataset-raw-excel-data,record,MISSING_RECALL_STATUS_NORMALIZED_TO_NONE;EXPIRATION_BEFORE_PURCHASE_REQUIRES_REVIEW;EXPIRED_ITEM_FLAG,SME/Data Governance,open,SBRN=SBRN0883
HRQ-00630,record_level_data_quality,dataset-raw-excel-data,record,MISSING_RECALL_STATUS_NORMALIZED_TO_NONE;EXPIRATION_BEFORE_PURCHASE_REQUIRES_REVIEW;EXPIRED_ITEM_FLAG,SME/Data Governance,open,SBRN=SBRN0884
HRQ-00631,record_level_data_quality,dataset-raw-excel-data,record,MISSING_RECALL_STATUS_NORMALIZED_TO_NONE;EXPIRATION_BEFORE_PURCHASE_REQUIRES_REVIEW;EXPIRED_ITEM_FLAG,SME/Data Governance,open,SBRN=SBRN0885
HRQ-00632,record_level_data_quality,dataset-raw-excel-data,record,MISSING_RECALL_STATUS_NORMALIZED_TO_NONE;EXPIRATION_BEFORE_PURCHASE_REQUIRES_REVIEW;EXPIRED_ITEM_FLAG,SME/Data Governance,open,SBRN=SBRN0886
HRQ-00633,record_level_data_quality,dataset-raw-excel-data,record,RECALL_STATUS_MONITORING_REQUIRES_GOVERNANCE;FUTURE_PURCHASE_DATE_REQUIRES_REVIEW,SME/Data Governance,open,SBRN=SBRN0887
HRQ-00634,record_level_data_quality,dataset-raw-excel-data,record,RECALL_STATUS_MONITORING_REQUIRES_GOVERNANCE;FUTURE_PURCHASE_DATE_REQUIRES_REVIEW,SME/Data Governance,open,SBRN=SBRN0888
HRQ-00635,record_level_data_quality,dataset-raw-excel-data,record,MISSING_RECALL_STATUS_NORMALIZED_TO_NONE;EXPIRATION_BEFORE_PURCHASE_REQUIRES_REVIEW;EXPIRED_ITEM_FLAG,SME/Data Governance,open,SBRN=SBRN0889
HRQ-00636,record_level_data_quality,dataset-raw-excel-data,record,MISSING_RECALL_STATUS_NORMALIZED_TO_NONE;EXPIRATION_BEFORE_PURCHASE_REQUIRES_REVIEW;EXPIRED_ITEM_FLAG,SME/Data Governance,open,SBRN=SBRN0912
HRQ-00637,record_level_data_quality,dataset-raw-excel-data,record,MISSING_RECALL_STATUS_NORMALIZED_TO_NONE;EXPIRATION_BEFORE_PURCHASE_REQUIRES_REVIEW;EXPIRED_ITEM_FLAG,SME/Data Governance,open,SBRN=SBRN0913
HRQ-00638,record_level_data_quality,dataset-raw-excel-data,record,MISSING_RECALL_STATUS_NORMALIZED_TO_NONE;EXPIRATION_BEFORE_PURCHASE_REQUIRES_REVIEW;EXPIRED_ITEM_FLAG,SME/Data Governance,open,SBRN=SBRN0914
HRQ-00639,record_level_data_quality,dataset-raw-excel-data,record,MISSING_RECALL_STATUS_NORMALIZED_TO_NONE;EXPIRATION_BEFORE_PURCHASE_REQUIRES_REVIEW;EXPIRED_ITEM_FLAG,SME/Data Governance,open,SBRN=SBRN0915
HRQ-00640,record_level_data_quality,dataset-raw-excel-data,record,MISSING_RECALL_STATUS_NORMALIZED_TO_NONE;EXPIRATION_BEFORE_PURCHASE_REQUIRES_REVIEW;EXPIRED_ITEM_FLAG,SME/Data Governance,open,SBRN=SBRN0916
HRQ-00641,record_level_data_quality,dataset-raw-excel-data,record,MISSING_RECALL_STATUS_NORMALIZED_TO_NONE;EXPIRATION_BEFORE_PURCHASE_REQUIRES_REVIEW;EXPIRED_ITEM_FLAG,SME/Data Governance,open,SBRN=SBRN0917
HRQ-00642,record_level_data_quality,dataset-raw-excel-data,record,EXPIRATION_BEFORE_PURCHASE_REQUIRES_REVIEW;EXPIRED_ITEM_FLAG,SME/Data Governance,open,SBRN=SBRN0918
HRQ-00643,record_level_data_quality,dataset-raw-excel-data,record,EXPIRATION_BEFORE_PURCHASE_REQUIRES_REVIEW;EXPIRED_ITEM_FLAG,SME/Data Governance,open,SBRN=SBRN0919
HRQ-00644,record_level_data_quality,dataset-raw-excel-data,record,EXPIRATION_BEFORE_PURCHASE_REQUIRES_REVIEW;EXPIRED_ITEM_FLAG,SME/Data Governance,open,SBRN=SBRN0920
HRQ-00645,record_level_data_quality,dataset-raw-excel-data,record,RECALL_STATUS_MONITORING_REQUIRES_GOVERNANCE;EXPIRATION_BEFORE_PURCHASE_REQUIRES_REVIEW;EXPIRED_ITEM_FLAG,SME/Data Governance,open,SBRN=SBRN0921
HRQ-00646,record_level_data_quality,dataset-raw-excel-data,record,RECALL_STATUS_MONITORING_REQUIRES_GOVERNANCE;EXPIRATION_BEFORE_PURCHASE_REQUIRES_REVIEW;EXPIRED_ITEM_FLAG,SME/Data Governance,open,SBRN=SBRN0922
HRQ-00647,record_level_data_quality,dataset-raw-excel-data,record,RECALL_STATUS_MONITORING_REQUIRES_GOVERNANCE;EXPIRATION_BEFORE_PURCHASE_REQUIRES_REVIEW;EXPIRED_ITEM_FLAG,SME/Data Governance,open,SBRN=SBRN0923
HRQ-00648,record_level_data_quality,dataset-raw-excel-data,record,RECALL_STATUS_MONITORING_REQUIRES_GOVERNANCE;EXPIRATION_BEFORE_PURCHASE_REQUIRES_REVIEW;EXPIRED_ITEM_FLAG,SME/Data Governance,open,SBRN=SBRN0924
HRQ-00649,record_level_data_quality,dataset-raw-excel-data,record,RECALL_STATUS_MONITORING_REQUIRES_GOVERNANCE;EXPIRED_ITEM_FLAG,SME/Data Governance,open,SBRN=SBRN0925
HRQ-00650,record_level_data_quality,dataset-raw-excel-data,record,RECALL_STATUS_MONITORING_REQUIRES_GOVERNANCE;EXPIRED_ITEM_FLAG,SME/Data Governance,open,SBRN=SBRN0926
HRQ-00651,record_level_data_quality,dataset-raw-excel-data,record,RECALL_STATUS_MONITORING_REQUIRES_GOVERNANCE;EXPIRED_ITEM_FLAG,SME/Data Governance,open,SBRN=SBRN0927
HRQ-00652,record_level_data_quality,dataset-raw-excel-data,record,RECALL_STATUS_MONITORING_REQUIRES_GOVERNANCE;EXPIRED_ITEM_FLAG,SME/Data Governance,open,SBRN=SBRN0928
HRQ-00653,record_level_data_quality,dataset-raw-excel-data,record,RECALL_STATUS_MONITORING_REQUIRES_GOVERNANCE;EXPIRED_ITEM_FLAG,SME/Data Governance,open,SBRN=SBRN0929
HRQ-00654,record_level_data_quality,dataset-raw-excel-data,record,RECALL_STATUS_MONITORING_REQUIRES_GOVERNANCE,SME/Data Governance,open,SBRN=SBRN0930
HRQ-00655,record_level_data_quality,dataset-raw-excel-data,record,RECALL_STATUS_MONITORING_REQUIRES_GOVERNANCE,SME/Data Governance,open,SBRN=SBRN0931
HRQ-00656,record_level_data_quality,dataset-raw-excel-data,record,RECALL_STATUS_MONITORING_REQUIRES_GOVERNANCE,SME/Data Governance,open,SBRN=SBRN0932
HRQ-00657,record_level_data_quality,dataset-raw-excel-data,record,RECALL_STATUS_MONITORING_REQUIRES_GOVERNANCE,SME/Data Governance,open,SBRN=SBRN0933
HRQ-00658,record_level_data_quality,dataset-raw-excel-data,record,RECALL_STATUS_MONITORING_REQUIRES_GOVERNANCE,SME/Data Governance,open,SBRN=SBRN0934
HRQ-00659,record_level_data_quality,dataset-raw-excel-data,record,RECALL_STATUS_MONITORING_REQUIRES_GOVERNANCE,SME/Data Governance,open,SBRN=SBRN0935
HRQ-00660,record_level_data_quality,dataset-raw-excel-data,record,RECALL_STATUS_MONITORING_REQUIRES_GOVERNANCE,SME/Data Governance,open,SBRN=SBRN0936
HRQ-00661,record_level_data_quality,dataset-raw-excel-data,record,RECALL_STATUS_MONITORING_REQUIRES_GOVERNANCE,SME/Data Governance,open,SBRN=SBRN0937
HRQ-00662,record_level_data_quality,dataset-raw-excel-data,record,MISSING_RECALL_STATUS_NORMALIZED_TO_NONE;FUTURE_PURCHASE_DATE_REQUIRES_REVIEW;EXPIRATION_BEFORE_PURCHASE_REQUIRES_REVIEW;EXPIRED_ITEM_FLAG,SME/Data Governance,open,SBRN=SBRN0940
HRQ-00663,record_level_data_quality,dataset-raw-excel-data,record,MISSING_RECALL_STATUS_NORMALIZED_TO_NONE;FUTURE_PURCHASE_DATE_REQUIRES_REVIEW;EXPIRATION_BEFORE_PURCHASE_REQUIRES_REVIEW;EXPIRED_ITEM_FLAG,SME/Data Governance,open,SBRN=SBRN0941
HRQ-00664,record_level_data_quality,dataset-raw-excel-data,record,MISSING_RECALL_STATUS_NORMALIZED_TO_NONE;FUTURE_PURCHASE_DATE_REQUIRES_REVIEW;EXPIRATION_BEFORE_PURCHASE_REQUIRES_REVIEW;EXPIRED_ITEM_FLAG,SME/Data Governance,open,SBRN=SBRN0942
HRQ-00665,record_level_data_quality,dataset-raw-excel-data,record,MISSING_RECALL_STATUS_NORMALIZED_TO_NONE;FUTURE_PURCHASE_DATE_REQUIRES_REVIEW;EXPIRATION_BEFORE_PURCHASE_REQUIRES_REVIEW;EXPIRED_ITEM_FLAG,SME/Data Governance,open,SBRN=SBRN0943
HRQ-00666,record_level_data_quality,dataset-raw-excel-data,record,MISSING_RECALL_STATUS_NORMALIZED_TO_NONE;FUTURE_PURCHASE_DATE_REQUIRES_REVIEW;EXPIRATION_BEFORE_PURCHASE_REQUIRES_REVIEW;EXPIRED_ITEM_FLAG,SME/Data Governance,open,SBRN=SBRN0944
HRQ-00667,record_level_data_quality,dataset-raw-excel-data,record,MISSING_RECALL_STATUS_NORMALIZED_TO_NONE;FUTURE_PURCHASE_DATE_REQUIRES_REVIEW;EXPIRATION_BEFORE_PURCHASE_REQUIRES_REVIEW;EXPIRED_ITEM_FLAG,SME/Data Governance,open,SBRN=SBRN0945
HRQ-00668,record_level_data_quality,dataset-raw-excel-data,record,MISSING_RECALL_STATUS_NORMALIZED_TO_NONE;FUTURE_PURCHASE_DATE_REQUIRES_REVIEW;EXPIRATION_BEFORE_PURCHASE_REQUIRES_REVIEW;EXPIRED_ITEM_FLAG,SME/Data Governance,open,SBRN=SBRN0946
HRQ-00669,record_level_data_quality,dataset-raw-excel-data,record,RECALL_STATUS_MONITORING_REQUIRES_GOVERNANCE;FUTURE_PURCHASE_DATE_REQUIRES_REVIEW;EXPIRATION_BEFORE_PURCHASE_REQUIRES_REVIEW,SME/Data Governance,open,SBRN=SBRN0947
HRQ-00670,record_level_data_quality,dataset-raw-excel-data,record,RECALL_STATUS_MONITORING_REQUIRES_GOVERNANCE;FUTURE_PURCHASE_DATE_REQUIRES_REVIEW;EXPIRATION_BEFORE_PURCHASE_REQUIRES_REVIEW,SME/Data Governance,open,SBRN=SBRN0948
HRQ-00671,record_level_data_quality,dataset-raw-excel-data,record,RECALL_STATUS_MONITORING_REQUIRES_GOVERNANCE;FUTURE_PURCHASE_DATE_REQUIRES_REVIEW;EXPIRATION_BEFORE_PURCHASE_REQUIRES_REVIEW,SME/Data Governance,open,SBRN=SBRN0949
HRQ-00672,record_level_data_quality,dataset-raw-excel-data,record,RECALL_STATUS_MONITORING_REQUIRES_GOVERNANCE;FUTURE_PURCHASE_DATE_REQUIRES_REVIEW;EXPIRATION_BEFORE_PURCHASE_REQUIRES_REVIEW,SME/Data Governance,open,SBRN=SBRN0950
HRQ-00673,record_level_data_quality,dataset-raw-excel-data,record,RECALL_STATUS_MONITORING_REQUIRES_GOVERNANCE,SME/Data Governance,open,SBRN=SBRN0955
HRQ-00674,record_level_data_quality,dataset-raw-excel-data,record,RECALL_STATUS_MONITORING_REQUIRES_GOVERNANCE,SME/Data Governance,open,SBRN=SBRN0956
HRQ-00675,record_level_data_quality,dataset-raw-excel-data,record,RECALL_STATUS_MONITORING_REQUIRES_GOVERNANCE,SME/Data Governance,open,SBRN=SBRN0957
HRQ-00676,record_level_data_quality,dataset-raw-excel-data,record,RECALL_STATUS_MONITORING_REQUIRES_GOVERNANCE,SME/Data Governance,open,SBRN=SBRN0958
HRQ-00677,record_level_data_quality,dataset-raw-excel-data,record,RECALL_STATUS_MONITORING_REQUIRES_GOVERNANCE,SME/Data Governance,open,SBRN=SBRN0962
HRQ-00678,record_level_data_quality,dataset-raw-excel-data,record,RECALL_STATUS_MONITORING_REQUIRES_GOVERNANCE,SME/Data Governance,open,SBRN=SBRN0963
HRQ-00679,record_level_data_quality,dataset-raw-excel-data,record,RECALL_STATUS_MONITORING_REQUIRES_GOVERNANCE,SME/Data Governance,open,SBRN=SBRN0964
HRQ-00680,record_level_data_quality,dataset-raw-excel-data,record,RECALL_STATUS_MONITORING_REQUIRES_GOVERNANCE,SME/Data Governance,open,SBRN=SBRN0965
HRQ-00681,record_level_data_quality,dataset-raw-excel-data,record,RECALL_STATUS_MONITORING_REQUIRES_GOVERNANCE,SME/Data Governance,open,SBRN=SBRN0966
HRQ-00682,record_level_data_quality,dataset-raw-excel-data,record,RECALL_STATUS_MONITORING_REQUIRES_GOVERNANCE,SME/Data Governance,open,SBRN=SBRN0967
HRQ-00683,record_level_data_quality,dataset-raw-excel-data,record,MISSING_RECALL_STATUS_NORMALIZED_TO_NONE;FUTURE_PURCHASE_DATE_REQUIRES_REVIEW;EXPIRATION_BEFORE_PURCHASE_REQUIRES_REVIEW,SME/Data Governance,open,SBRN=SBRN0968
HRQ-00684,record_level_data_quality,dataset-raw-excel-data,record,MISSING_RECALL_STATUS_NORMALIZED_TO_NONE;FUTURE_PURCHASE_DATE_REQUIRES_REVIEW;EXPIRATION_BEFORE_PURCHASE_REQUIRES_REVIEW,SME/Data Governance,open,SBRN=SBRN0969
HRQ-00685,record_level_data_quality,dataset-raw-excel-data,record,MISSING_RECALL_STATUS_NORMALIZED_TO_NONE;FUTURE_PURCHASE_DATE_REQUIRES_REVIEW;EXPIRATION_BEFORE_PURCHASE_REQUIRES_REVIEW,SME/Data Governance,open,SBRN=SBRN0970
HRQ-00686,record_level_data_quality,dataset-raw-excel-data,record,FUTURE_PURCHASE_DATE_REQUIRES_REVIEW;EXPIRATION_BEFORE_PURCHASE_REQUIRES_REVIEW;EXPIRED_ITEM_FLAG,SME/Data Governance,open,SBRN=SBRN0976
HRQ-00687,record_level_data_quality,dataset-raw-excel-data,record,FUTURE_PURCHASE_DATE_REQUIRES_REVIEW;EXPIRATION_BEFORE_PURCHASE_REQUIRES_REVIEW;EXPIRED_ITEM_FLAG,SME/Data Governance,open,SBRN=SBRN0977
HRQ-00688,record_level_data_quality,dataset-raw-excel-data,record,FUTURE_PURCHASE_DATE_REQUIRES_REVIEW;EXPIRATION_BEFORE_PURCHASE_REQUIRES_REVIEW;EXPIRED_ITEM_FLAG,SME/Data Governance,open,SBRN=SBRN0978
HRQ-00689,record_level_data_quality,dataset-raw-excel-data,record,FUTURE_PURCHASE_DATE_REQUIRES_REVIEW;EXPIRATION_BEFORE_PURCHASE_REQUIRES_REVIEW;EXPIRED_ITEM_FLAG,SME/Data Governance,open,SBRN=SBRN0979
HRQ-00690,record_level_data_quality,dataset-raw-excel-data,record,MISSING_RECALL_STATUS_NORMALIZED_TO_NONE;FUTURE_PURCHASE_DATE_REQUIRES_REVIEW;EXPIRATION_BEFORE_PURCHASE_REQUIRES_REVIEW;EXPIRED_ITEM_FLAG,SME/Data Governance,open,SBRN=SBRN0984
HRQ-00691,record_level_data_quality,dataset-raw-excel-data,record,MISSING_RECALL_STATUS_NORMALIZED_TO_NONE;FUTURE_PURCHASE_DATE_REQUIRES_REVIEW;EXPIRATION_BEFORE_PURCHASE_REQUIRES_REVIEW;EXPIRED_ITEM_FLAG,SME/Data Governance,open,SBRN=SBRN0985
HRQ-00692,record_level_data_quality,dataset-raw-excel-data,record,MISSING_RECALL_STATUS_NORMALIZED_TO_NONE;FUTURE_PURCHASE_DATE_REQUIRES_REVIEW;EXPIRATION_BEFORE_PURCHASE_REQUIRES_REVIEW;EXPIRED_ITEM_FLAG,SME/Data Governance,open,SBRN=SBRN0986
HRQ-00693,record_level_data_quality,dataset-raw-excel-data,record,FUTURE_PURCHASE_DATE_REQUIRES_REVIEW;EXPIRATION_BEFORE_PURCHASE_REQUIRES_REVIEW;EXPIRED_ITEM_FLAG,SME/Data Governance,open,SBRN=SBRN0994
HRQ-00694,record_level_data_quality,dataset-raw-excel-data,record,FUTURE_PURCHASE_DATE_REQUIRES_REVIEW;EXPIRATION_BEFORE_PURCHASE_REQUIRES_REVIEW;EXPIRED_ITEM_FLAG,SME/Data Governance,open,SBRN=SBRN0995
HRQ-00695,record_level_data_quality,dataset-raw-excel-data,record,FUTURE_PURCHASE_DATE_REQUIRES_REVIEW;EXPIRATION_BEFORE_PURCHASE_REQUIRES_REVIEW;EXPIRED_ITEM_FLAG,SME/Data Governance,open,SBRN=SBRN0996
HRQ-00696,record_level_data_quality,dataset-raw-excel-data,record,FUTURE_PURCHASE_DATE_REQUIRES_REVIEW;EXPIRATION_BEFORE_PURCHASE_REQUIRES_REVIEW;EXPIRED_ITEM_FLAG,SME/Data Governance,open,SBRN=SBRN0997
HRQ-00697,record_level_data_quality,dataset-raw-excel-data,record,FUTURE_PURCHASE_DATE_REQUIRES_REVIEW;EXPIRATION_BEFORE_PURCHASE_REQUIRES_REVIEW;EXPIRED_ITEM_FLAG,SME/Data Governance,open,SBRN=SBRN0998
HRQ-00698,record_level_data_quality,dataset-raw-excel-data,record,FUTURE_PURCHASE_DATE_REQUIRES_REVIEW;EXPIRATION_BEFORE_PURCHASE_REQUIRES_REVIEW;EXPIRED_ITEM_FLAG,SME/Data Governance,open,SBRN=SBRN0999
HRQ-00699,record_level_data_quality,dataset-raw-excel-data,record,FUTURE_PURCHASE_DATE_REQUIRES_REVIEW;EXPIRATION_BEFORE_PURCHASE_REQUIRES_REVIEW;EXPIRED_ITEM_FLAG,SME/Data Governance,open,SBRN=SBRN1000
HRQ-00700,record_level_data_quality,dataset-raw-excel-data,record,MISSING_RECALL_STATUS_NORMALIZED_TO_NONE;FUTURE_PURCHASE_DATE_REQUIRES_REVIEW;EXPIRATION_BEFORE_PURCHASE_REQUIRES_REVIEW;EXPIRED_ITEM_FLAG,SME/Data Governance,open,SBRN=SBRN1004
HRQ-00701,record_level_data_quality,dataset-raw-excel-data,record,RECALL_STATUS_MONITORING_REQUIRES_GOVERNANCE,SME/Data Governance,open,SBRN=SBRN1005
HRQ-00702,record_level_data_quality,dataset-raw-excel-data,record,RECALL_STATUS_MONITORING_REQUIRES_GOVERNANCE,SME/Data Governance,open,SBRN=SBRN1006
HRQ-00703,record_level_data_quality,dataset-raw-excel-data,record,RECALL_STATUS_MONITORING_REQUIRES_GOVERNANCE,SME/Data Governance,open,SBRN=SBRN1007
HRQ-00704,record_level_data_quality,dataset-raw-excel-data,record,RECALL_STATUS_MONITORING_REQUIRES_GOVERNANCE,SME/Data Governance,open,SBRN=SBRN1008
HRQ-00705,record_level_data_quality,dataset-raw-excel-data,record,RECALL_STATUS_MONITORING_REQUIRES_GOVERNANCE,SME/Data Governance,open,SBRN=SBRN1009
HRQ-00706,record_level_data_quality,dataset-raw-excel-data,record,RECALL_STATUS_MONITORING_REQUIRES_GOVERNANCE;EXPIRATION_BEFORE_PURCHASE_REQUIRES_REVIEW;EXPIRED_ITEM_FLAG,SME/Data Governance,open,SBRN=SBRN1010
HRQ-00707,record_level_data_quality,dataset-raw-excel-data,record,RECALL_STATUS_MONITORING_REQUIRES_GOVERNANCE;EXPIRATION_BEFORE_PURCHASE_REQUIRES_REVIEW;EXPIRED_ITEM_FLAG,SME/Data Governance,open,SBRN=SBRN1011
HRQ-00708,record_level_data_quality,dataset-raw-excel-data,record,RECALL_STATUS_MONITORING_REQUIRES_GOVERNANCE;EXPIRATION_BEFORE_PURCHASE_REQUIRES_REVIEW;EXPIRED_ITEM_FLAG,SME/Data Governance,open,SBRN=SBRN1012
HRQ-00709,record_level_data_quality,dataset-raw-excel-data,record,RECALL_STATUS_MONITORING_REQUIRES_GOVERNANCE;EXPIRATION_BEFORE_PURCHASE_REQUIRES_REVIEW;EXPIRED_ITEM_FLAG,SME/Data Governance,open,SBRN=SBRN1013
HRQ-00710,record_level_data_quality,dataset-raw-excel-data,record,RECALL_STATUS_MONITORING_REQUIRES_GOVERNANCE;EXPIRATION_BEFORE_PURCHASE_REQUIRES_REVIEW;EXPIRED_ITEM_FLAG,SME/Data Governance,open,SBRN=SBRN1014
HRQ-00711,record_level_data_quality,dataset-raw-excel-data,record,RECALL_STATUS_MONITORING_REQUIRES_GOVERNANCE;EXPIRED_ITEM_FLAG,SME/Data Governance,open,SBRN=SBRN1022
HRQ-00712,record_level_data_quality,dataset-raw-excel-data,record,RECALL_STATUS_MONITORING_REQUIRES_GOVERNANCE;EXPIRED_ITEM_FLAG,SME/Data Governance,open,SBRN=SBRN1023
HRQ-00713,record_level_data_quality,dataset-raw-excel-data,record,RECALL_STATUS_MONITORING_REQUIRES_GOVERNANCE;EXPIRED_ITEM_FLAG,SME/Data Governance,open,SBRN=SBRN1024
HRQ-00714,record_level_data_quality,dataset-raw-excel-data,record,RECALL_STATUS_MONITORING_REQUIRES_GOVERNANCE;EXPIRED_ITEM_FLAG,SME/Data Governance,open,SBRN=SBRN1025
HRQ-00715,record_level_data_quality,dataset-raw-excel-data,record,RECALL_STATUS_MONITORING_REQUIRES_GOVERNANCE;EXPIRED_ITEM_FLAG,SME/Data Governance,open,SBRN=SBRN1026
HRQ-00716,record_level_data_quality,dataset-raw-excel-data,record,RECALL_STATUS_MONITORING_REQUIRES_GOVERNANCE;EXPIRATION_BEFORE_PURCHASE_REQUIRES_REVIEW;EXPIRED_ITEM_FLAG,SME/Data Governance,open,SBRN=SBRN1028
HRQ-00717,record_level_data_quality,dataset-raw-excel-data,record,RECALL_STATUS_MONITORING_REQUIRES_GOVERNANCE;EXPIRATION_BEFORE_PURCHASE_REQUIRES_REVIEW;EXPIRED_ITEM_FLAG,SME/Data Governance,open,SBRN=SBRN1029
HRQ-00718,record_level_data_quality,dataset-raw-excel-data,record,RECALL_STATUS_MONITORING_REQUIRES_GOVERNANCE;EXPIRATION_BEFORE_PURCHASE_REQUIRES_REVIEW;EXPIRED_ITEM_FLAG,SME/Data Governance,open,SBRN=SBRN1030
HRQ-00719,record_level_data_quality,dataset-raw-excel-data,record,RECALL_STATUS_MONITORING_REQUIRES_GOVERNANCE;EXPIRATION_BEFORE_PURCHASE_REQUIRES_REVIEW;EXPIRED_ITEM_FLAG,SME/Data Governance,open,SBRN=SBRN1031
HRQ-00720,record_level_data_quality,dataset-raw-excel-data,record,RECALL_STATUS_MONITORING_REQUIRES_GOVERNANCE;EXPIRATION_BEFORE_PURCHASE_REQUIRES_REVIEW;EXPIRED_ITEM_FLAG,SME/Data Governance,open,SBRN=SBRN1032
HRQ-00721,record_level_data_quality,dataset-raw-excel-data,record,MISSING_RECALL_STATUS_NORMALIZED_TO_NONE;FUTURE_PURCHASE_DATE_REQUIRES_REVIEW;EXPIRATION_BEFORE_PURCHASE_REQUIRES_REVIEW;EXPIRED_ITEM_FLAG,SME/Data Governance,open,SBRN=SBRN1033
HRQ-00722,record_level_data_quality,dataset-raw-excel-data,record,MISSING_RECALL_STATUS_NORMALIZED_TO_NONE;FUTURE_PURCHASE_DATE_REQUIRES_REVIEW;EXPIRATION_BEFORE_PURCHASE_REQUIRES_REVIEW;EXPIRED_ITEM_FLAG,SME/Data Governance,open,SBRN=SBRN1034
HRQ-00723,record_level_data_quality,dataset-raw-excel-data,record,EXPIRATION_BEFORE_PURCHASE_REQUIRES_REVIEW;EXPIRED_ITEM_FLAG,SME/Data Governance,open,SBRN=SBRN1035
HRQ-00724,record_level_data_quality,dataset-raw-excel-data,record,EXPIRATION_BEFORE_PURCHASE_REQUIRES_REVIEW;EXPIRED_ITEM_FLAG,SME/Data Governance,open,SBRN=SBRN1036
HRQ-00725,record_level_data_quality,dataset-raw-excel-data,record,EXPIRATION_BEFORE_PURCHASE_REQUIRES_REVIEW;EXPIRED_ITEM_FLAG,SME/Data Governance,open,SBRN=SBRN1037
HRQ-00726,record_level_data_quality,dataset-raw-excel-data,record,EXPIRATION_BEFORE_PURCHASE_REQUIRES_REVIEW;EXPIRED_ITEM_FLAG,SME/Data Governance,open,SBRN=SBRN1038
HRQ-00727,record_level_data_quality,dataset-raw-excel-data,record,MISSING_RECALL_STATUS_NORMALIZED_TO_NONE;FUTURE_PURCHASE_DATE_REQUIRES_REVIEW;EXPIRATION_BEFORE_PURCHASE_REQUIRES_REVIEW;EXPIRED_ITEM_FLAG,SME/Data Governance,open,SBRN=SBRN1044
HRQ-00728,record_level_data_quality,dataset-raw-excel-data,record,MISSING_RECALL_STATUS_NORMALIZED_TO_NONE;FUTURE_PURCHASE_DATE_REQUIRES_REVIEW;EXPIRATION_BEFORE_PURCHASE_REQUIRES_REVIEW;EXPIRED_ITEM_FLAG,SME/Data Governance,open,SBRN=SBRN1045
HRQ-00729,record_level_data_quality,dataset-raw-excel-data,record,MISSING_RECALL_STATUS_NORMALIZED_TO_NONE;FUTURE_PURCHASE_DATE_REQUIRES_REVIEW;EXPIRATION_BEFORE_PURCHASE_REQUIRES_REVIEW;EXPIRED_ITEM_FLAG,SME/Data Governance,open,SBRN=SBRN1046
HRQ-00730,record_level_data_quality,dataset-raw-excel-data,record,MISSING_RECALL_STATUS_NORMALIZED_TO_NONE;FUTURE_PURCHASE_DATE_REQUIRES_REVIEW;EXPIRATION_BEFORE_PURCHASE_REQUIRES_REVIEW;EXPIRED_ITEM_FLAG,SME/Data Governance,open,SBRN=SBRN1047
HRQ-00731,record_level_data_quality,dataset-raw-excel-data,record,RECALL_STATUS_MONITORING_REQUIRES_GOVERNANCE,SME/Data Governance,open,SBRN=SBRN1048
HRQ-00732,record_level_data_quality,dataset-raw-excel-data,record,RECALL_STATUS_MONITORING_REQUIRES_GOVERNANCE,SME/Data Governance,open,SBRN=SBRN1049
HRQ-00733,record_level_data_quality,dataset-raw-excel-data,record,RECALL_STATUS_MONITORING_REQUIRES_GOVERNANCE,SME/Data Governance,open,SBRN=SBRN1050
HRQ-00734,record_level_data_quality,dataset-raw-excel-data,record,RECALL_STATUS_MONITORING_REQUIRES_GOVERNANCE,SME/Data Governance,open,SBRN=SBRN1051
HRQ-00735,record_level_data_quality,dataset-raw-excel-data,record,RECALL_STATUS_MONITORING_REQUIRES_GOVERNANCE,SME/Data Governance,open,SBRN=SBRN1052
HRQ-00736,record_level_data_quality,dataset-raw-excel-data,record,RECALL_STATUS_MONITORING_REQUIRES_GOVERNANCE,SME/Data Governance,open,SBRN=SBRN1053
HRQ-00737,record_level_data_quality,dataset-raw-excel-data,record,FUTURE_PURCHASE_DATE_REQUIRES_REVIEW;EXPIRATION_BEFORE_PURCHASE_REQUIRES_REVIEW;EXPIRED_ITEM_FLAG,SME/Data Governance,open,SBRN=SBRN1054
HRQ-00738,record_level_data_quality,dataset-raw-excel-data,record,FUTURE_PURCHASE_DATE_REQUIRES_REVIEW;EXPIRATION_BEFORE_PURCHASE_REQUIRES_REVIEW;EXPIRED_ITEM_FLAG,SME/Data Governance,open,SBRN=SBRN1055
HRQ-00739,record_level_data_quality,dataset-raw-excel-data,record,FUTURE_PURCHASE_DATE_REQUIRES_REVIEW;EXPIRATION_BEFORE_PURCHASE_REQUIRES_REVIEW;EXPIRED_ITEM_FLAG,SME/Data Governance,open,SBRN=SBRN1056
HRQ-00740,record_level_data_quality,dataset-raw-excel-data,record,FUTURE_PURCHASE_DATE_REQUIRES_REVIEW;EXPIRATION_BEFORE_PURCHASE_REQUIRES_REVIEW;EXPIRED_ITEM_FLAG,SME/Data Governance,open,SBRN=SBRN1057
HRQ-00741,record_level_data_quality,dataset-raw-excel-data,record,FUTURE_PURCHASE_DATE_REQUIRES_REVIEW;EXPIRATION_BEFORE_PURCHASE_REQUIRES_REVIEW;EXPIRED_ITEM_FLAG,SME/Data Governance,open,SBRN=SBRN1058
HRQ-00742,record_level_data_quality,dataset-raw-excel-data,record,FUTURE_PURCHASE_DATE_REQUIRES_REVIEW;EXPIRATION_BEFORE_PURCHASE_REQUIRES_REVIEW;EXPIRED_ITEM_FLAG,SME/Data Governance,open,SBRN=SBRN1059
HRQ-00743,record_level_data_quality,dataset-raw-excel-data,record,RECALL_STATUS_MONITORING_REQUIRES_GOVERNANCE;EXPIRED_ITEM_FLAG,SME/Data Governance,open,SBRN=SBRN1064
HRQ-00744,record_level_data_quality,dataset-raw-excel-data,record,RECALL_STATUS_MONITORING_REQUIRES_GOVERNANCE;EXPIRED_ITEM_FLAG,SME/Data Governance,open,SBRN=SBRN1065
HRQ-00745,record_level_data_quality,dataset-raw-excel-data,record,EXPIRATION_BEFORE_PURCHASE_REQUIRES_REVIEW;EXPIRED_ITEM_FLAG,SME/Data Governance,open,SBRN=SBRN1076
HRQ-00746,record_level_data_quality,dataset-raw-excel-data,record,EXPIRATION_BEFORE_PURCHASE_REQUIRES_REVIEW;EXPIRED_ITEM_FLAG,SME/Data Governance,open,SBRN=SBRN1077
HRQ-00747,record_level_data_quality,dataset-raw-excel-data,record,EXPIRATION_BEFORE_PURCHASE_REQUIRES_REVIEW;EXPIRED_ITEM_FLAG,SME/Data Governance,open,SBRN=SBRN1078
HRQ-00748,record_level_data_quality,dataset-raw-excel-data,record,EXPIRATION_BEFORE_PURCHASE_REQUIRES_REVIEW;EXPIRED_ITEM_FLAG,SME/Data Governance,open,SBRN=SBRN1081
HRQ-00749,record_level_data_quality,dataset-raw-excel-data,record,EXPIRATION_BEFORE_PURCHASE_REQUIRES_REVIEW;EXPIRED_ITEM_FLAG,SME/Data Governance,open,SBRN=SBRN1082
HRQ-00750,record_level_data_quality,dataset-raw-excel-data,record,EXPIRATION_BEFORE_PURCHASE_REQUIRES_REVIEW;EXPIRED_ITEM_FLAG,SME/Data Governance,open,SBRN=SBRN1083
HRQ-00751,record_level_data_quality,dataset-raw-excel-data,record,EXPIRATION_BEFORE_PURCHASE_REQUIRES_REVIEW;EXPIRED_ITEM_FLAG,SME/Data Governance,open,SBRN=SBRN1084
HRQ-00752,record_level_data_quality,dataset-raw-excel-data,record,EXPIRATION_BEFORE_PURCHASE_REQUIRES_REVIEW;EXPIRED_ITEM_FLAG,SME/Data Governance,open,SBRN=SBRN1085
HRQ-00753,record_level_data_quality,dataset-raw-excel-data,record,RECALL_STATUS_MONITORING_REQUIRES_GOVERNANCE;EXPIRATION_BEFORE_PURCHASE_REQUIRES_REVIEW;EXPIRED_ITEM_FLAG,SME/Data Governance,open,SBRN=SBRN1092
HRQ-00754,record_level_data_quality,dataset-raw-excel-data,record,RECALL_STATUS_MONITORING_REQUIRES_GOVERNANCE;EXPIRATION_BEFORE_PURCHASE_REQUIRES_REVIEW;EXPIRED_ITEM_FLAG,SME/Data Governance,open,SBRN=SBRN1093
HRQ-00755,record_level_data_quality,dataset-raw-excel-data,record,RECALL_STATUS_MONITORING_REQUIRES_GOVERNANCE;EXPIRATION_BEFORE_PURCHASE_REQUIRES_REVIEW;EXPIRED_ITEM_FLAG,SME/Data Governance,open,SBRN=SBRN1094
HRQ-00756,record_level_data_quality,dataset-raw-excel-data,record,RECALL_STATUS_MONITORING_REQUIRES_GOVERNANCE;EXPIRATION_BEFORE_PURCHASE_REQUIRES_REVIEW;EXPIRED_ITEM_FLAG,SME/Data Governance,open,SBRN=SBRN1095
HRQ-00757,record_level_data_quality,dataset-raw-excel-data,record,RECALL_STATUS_MONITORING_REQUIRES_GOVERNANCE;EXPIRATION_BEFORE_PURCHASE_REQUIRES_REVIEW;EXPIRED_ITEM_FLAG,SME/Data Governance,open,SBRN=SBRN1096
HRQ-00758,record_level_data_quality,dataset-raw-excel-data,record,EXPIRATION_BEFORE_PURCHASE_REQUIRES_REVIEW;EXPIRED_ITEM_FLAG,SME/Data Governance,open,SBRN=SBRN1100
HRQ-00759,record_level_data_quality,dataset-raw-excel-data,record,RECALL_STATUS_MONITORING_REQUIRES_GOVERNANCE;FUTURE_PURCHASE_DATE_REQUIRES_REVIEW;EXPIRATION_BEFORE_PURCHASE_REQUIRES_REVIEW;EXPIRED_ITEM_FLAG,SME/Data Governance,open,SBRN=SBRN1101
HRQ-00760,record_level_data_quality,dataset-raw-excel-data,record,RECALL_STATUS_MONITORING_REQUIRES_GOVERNANCE;FUTURE_PURCHASE_DATE_REQUIRES_REVIEW;EXPIRATION_BEFORE_PURCHASE_REQUIRES_REVIEW;EXPIRED_ITEM_FLAG,SME/Data Governance,open,SBRN=SBRN1102
HRQ-00761,record_level_data_quality,dataset-raw-excel-data,record,RECALL_STATUS_MONITORING_REQUIRES_GOVERNANCE;FUTURE_PURCHASE_DATE_REQUIRES_REVIEW;EXPIRATION_BEFORE_PURCHASE_REQUIRES_REVIEW;EXPIRED_ITEM_FLAG,SME/Data Governance,open,SBRN=SBRN1103
HRQ-00762,record_level_data_quality,dataset-raw-excel-data,record,RECALL_STATUS_MONITORING_REQUIRES_GOVERNANCE;FUTURE_PURCHASE_DATE_REQUIRES_REVIEW;EXPIRATION_BEFORE_PURCHASE_REQUIRES_REVIEW;EXPIRED_ITEM_FLAG,SME/Data Governance,open,SBRN=SBRN1104
HRQ-00763,record_level_data_quality,dataset-raw-excel-data,record,RECALL_STATUS_MONITORING_REQUIRES_GOVERNANCE;FUTURE_PURCHASE_DATE_REQUIRES_REVIEW;EXPIRATION_BEFORE_PURCHASE_REQUIRES_REVIEW;EXPIRED_ITEM_FLAG,SME/Data Governance,open,SBRN=SBRN1105
HRQ-00764,record_level_data_quality,dataset-raw-excel-data,record,RECALL_STATUS_MONITORING_REQUIRES_GOVERNANCE;FUTURE_PURCHASE_DATE_REQUIRES_REVIEW;EXPIRATION_BEFORE_PURCHASE_REQUIRES_REVIEW;EXPIRED_ITEM_FLAG,SME/Data Governance,open,SBRN=SBRN1106
HRQ-00765,record_level_data_quality,dataset-raw-excel-data,record,RECALL_STATUS_MONITORING_REQUIRES_GOVERNANCE;FUTURE_PURCHASE_DATE_REQUIRES_REVIEW;EXPIRATION_BEFORE_PURCHASE_REQUIRES_REVIEW;EXPIRED_ITEM_FLAG,SME/Data Governance,open,SBRN=SBRN1107
HRQ-00766,record_level_data_quality,dataset-raw-excel-data,record,RECALL_STATUS_MONITORING_REQUIRES_GOVERNANCE;FUTURE_PURCHASE_DATE_REQUIRES_REVIEW;EXPIRATION_BEFORE_PURCHASE_REQUIRES_REVIEW;EXPIRED_ITEM_FLAG,SME/Data Governance,open,SBRN=SBRN1108
HRQ-00767,record_level_data_quality,dataset-raw-excel-data,record,MISSING_RECALL_STATUS_NORMALIZED_TO_NONE;EXPIRATION_BEFORE_PURCHASE_REQUIRES_REVIEW;EXPIRED_ITEM_FLAG,SME/Data Governance,open,SBRN=SBRN1109
HRQ-00768,record_level_data_quality,dataset-raw-excel-data,record,MISSING_RECALL_STATUS_NORMALIZED_TO_NONE;EXPIRATION_BEFORE_PURCHASE_REQUIRES_REVIEW;EXPIRED_ITEM_FLAG,SME/Data Governance,open,SBRN=SBRN1110
HRQ-00769,record_level_data_quality,dataset-raw-excel-data,record,MISSING_RECALL_STATUS_NORMALIZED_TO_NONE;EXPIRATION_BEFORE_PURCHASE_REQUIRES_REVIEW;EXPIRED_ITEM_FLAG,SME/Data Governance,open,SBRN=SBRN1111
HRQ-00770,record_level_data_quality,dataset-raw-excel-data,record,RECALL_STATUS_MONITORING_REQUIRES_GOVERNANCE,SME/Data Governance,open,SBRN=SBRN1112
HRQ-00771,record_level_data_quality,dataset-raw-excel-data,record,MISSING_RECALL_STATUS_NORMALIZED_TO_NONE;EXPIRATION_BEFORE_PURCHASE_REQUIRES_REVIEW;EXPIRED_ITEM_FLAG,SME/Data Governance,open,SBRN=SBRN1113
HRQ-00772,record_level_data_quality,dataset-raw-excel-data,record,MISSING_RECALL_STATUS_NORMALIZED_TO_NONE;EXPIRATION_BEFORE_PURCHASE_REQUIRES_REVIEW;EXPIRED_ITEM_FLAG,SME/Data Governance,open,SBRN=SBRN1114
HRQ-00773,record_level_data_quality,dataset-raw-excel-data,record,MISSING_RECALL_STATUS_NORMALIZED_TO_NONE;EXPIRATION_BEFORE_PURCHASE_REQUIRES_REVIEW;EXPIRED_ITEM_FLAG,SME/Data Governance,open,SBRN=SBRN1115
HRQ-00774,record_level_data_quality,dataset-raw-excel-data,record,RECALL_STATUS_MONITORING_REQUIRES_GOVERNANCE;EXPIRATION_BEFORE_PURCHASE_REQUIRES_REVIEW;EXPIRED_ITEM_FLAG,SME/Data Governance,open,SBRN=SBRN1116
HRQ-00775,record_level_data_quality,dataset-raw-excel-data,record,RECALL_STATUS_MONITORING_REQUIRES_GOVERNANCE;EXPIRATION_BEFORE_PURCHASE_REQUIRES_REVIEW;EXPIRED_ITEM_FLAG,SME/Data Governance,open,SBRN=SBRN1117
HRQ-00776,record_level_data_quality,dataset-raw-excel-data,record,RECALL_STATUS_MONITORING_REQUIRES_GOVERNANCE;EXPIRATION_BEFORE_PURCHASE_REQUIRES_REVIEW;EXPIRED_ITEM_FLAG,SME/Data Governance,open,SBRN=SBRN1118
HRQ-00777,record_level_data_quality,dataset-raw-excel-data,record,RECALL_STATUS_MONITORING_REQUIRES_GOVERNANCE;EXPIRATION_BEFORE_PURCHASE_REQUIRES_REVIEW;EXPIRED_ITEM_FLAG,SME/Data Governance,open,SBRN=SBRN1119
HRQ-00778,record_level_data_quality,dataset-raw-excel-data,record,RECALL_STATUS_MONITORING_REQUIRES_GOVERNANCE;EXPIRED_ITEM_FLAG,SME/Data Governance,open,SBRN=SBRN1120
HRQ-00779,record_level_data_quality,dataset-raw-excel-data,record,RECALL_STATUS_MONITORING_REQUIRES_GOVERNANCE;EXPIRED_ITEM_FLAG,SME/Data Governance,open,SBRN=SBRN1121
HRQ-00780,record_level_data_quality,dataset-raw-excel-data,record,RECALL_STATUS_MONITORING_REQUIRES_GOVERNANCE;EXPIRED_ITEM_FLAG,SME/Data Governance,open,SBRN=SBRN1122
HRQ-00781,record_level_data_quality,dataset-raw-excel-data,record,RECALL_STATUS_MONITORING_REQUIRES_GOVERNANCE;EXPIRED_ITEM_FLAG,SME/Data Governance,open,SBRN=SBRN1123
HRQ-00782,record_level_data_quality,dataset-raw-excel-data,record,RECALL_STATUS_MONITORING_REQUIRES_GOVERNANCE;EXPIRED_ITEM_FLAG,SME/Data Governance,open,SBRN=SBRN1124
HRQ-00783,record_level_data_quality,dataset-raw-excel-data,record,MISSING_RECALL_STATUS_NORMALIZED_TO_NONE;EXPIRATION_BEFORE_PURCHASE_REQUIRES_REVIEW;EXPIRED_ITEM_FLAG,SME/Data Governance,open,SBRN=SBRN1125
HRQ-00784,record_level_data_quality,dataset-raw-excel-data,record,MISSING_RECALL_STATUS_NORMALIZED_TO_NONE;EXPIRATION_BEFORE_PURCHASE_REQUIRES_REVIEW;EXPIRED_ITEM_FLAG,SME/Data Governance,open,SBRN=SBRN1126
HRQ-00785,record_level_data_quality,dataset-raw-excel-data,record,MISSING_RECALL_STATUS_NORMALIZED_TO_NONE;EXPIRATION_BEFORE_PURCHASE_REQUIRES_REVIEW;EXPIRED_ITEM_FLAG,SME/Data Governance,open,SBRN=SBRN1127
HRQ-00786,record_level_data_quality,dataset-raw-excel-data,record,MISSING_RECALL_STATUS_NORMALIZED_TO_NONE;EXPIRATION_BEFORE_PURCHASE_REQUIRES_REVIEW;EXPIRED_ITEM_FLAG,SME/Data Governance,open,SBRN=SBRN1128
HRQ-00787,record_level_data_quality,dataset-raw-excel-data,record,MISSING_RECALL_STATUS_NORMALIZED_TO_NONE;EXPIRATION_BEFORE_PURCHASE_REQUIRES_REVIEW;EXPIRED_ITEM_FLAG,SME/Data Governance,open,SBRN=SBRN1129
HRQ-00788,record_level_data_quality,dataset-raw-excel-data,record,RECALL_STATUS_MONITORING_REQUIRES_GOVERNANCE,SME/Data Governance,open,SBRN=SBRN1130
HRQ-00789,record_level_data_quality,dataset-raw-excel-data,record,RECALL_STATUS_MONITORING_REQUIRES_GOVERNANCE,SME/Data Governance,open,SBRN=SBRN1131
HRQ-00790,record_level_data_quality,dataset-raw-excel-data,record,MISSING_RECALL_STATUS_NORMALIZED_TO_NONE;EXPIRATION_BEFORE_PURCHASE_REQUIRES_REVIEW;EXPIRED_ITEM_FLAG,SME/Data Governance,open,SBRN=SBRN1132
HRQ-00791,record_level_data_quality,dataset-raw-excel-data,record,RECALL_STATUS_MONITORING_REQUIRES_GOVERNANCE;EXPIRATION_BEFORE_PURCHASE_REQUIRES_REVIEW;EXPIRED_ITEM_FLAG,SME/Data Governance,open,SBRN=SBRN1133
HRQ-00792,record_level_data_quality,dataset-raw-excel-data,record,RECALL_STATUS_MONITORING_REQUIRES_GOVERNANCE;EXPIRATION_BEFORE_PURCHASE_REQUIRES_REVIEW;EXPIRED_ITEM_FLAG,SME/Data Governance,open,SBRN=SBRN1134
HRQ-00793,record_level_data_quality,dataset-raw-excel-data,record,RECALL_STATUS_MONITORING_REQUIRES_GOVERNANCE;EXPIRED_ITEM_FLAG,SME/Data Governance,open,SBRN=SBRN1135
HRQ-00794,record_level_data_quality,dataset-raw-excel-data,record,RECALL_STATUS_MONITORING_REQUIRES_GOVERNANCE;EXPIRED_ITEM_FLAG,SME/Data Governance,open,SBRN=SBRN1136
HRQ-00795,record_level_data_quality,dataset-raw-excel-data,record,FUTURE_PURCHASE_DATE_REQUIRES_REVIEW,SME/Data Governance,open,SBRN=SBRN1137
HRQ-00796,record_level_data_quality,dataset-raw-excel-data,record,FUTURE_PURCHASE_DATE_REQUIRES_REVIEW,SME/Data Governance,open,SBRN=SBRN1138
HRQ-00797,record_level_data_quality,dataset-raw-excel-data,record,FUTURE_PURCHASE_DATE_REQUIRES_REVIEW,SME/Data Governance,open,SBRN=SBRN1139
HRQ-00798,record_level_data_quality,dataset-raw-excel-data,record,FUTURE_PURCHASE_DATE_REQUIRES_REVIEW,SME/Data Governance,open,SBRN=SBRN1140
HRQ-00799,record_level_data_quality,dataset-raw-excel-data,record,RECALL_STATUS_MONITORING_REQUIRES_GOVERNANCE;EXPIRED_ITEM_FLAG,SME/Data Governance,open,SBRN=SBRN1141
HRQ-00800,record_level_data_quality,dataset-raw-excel-data,record,MISSING_RECALL_STATUS_NORMALIZED_TO_NONE;FUTURE_PURCHASE_DATE_REQUIRES_REVIEW;EXPIRATION_BEFORE_PURCHASE_REQUIRES_REVIEW;EXPIRED_ITEM_FLAG,SME/Data Governance,open,SBRN=SBRN1147
HRQ-00801,record_level_data_quality,dataset-raw-excel-data,record,MISSING_RECALL_STATUS_NORMALIZED_TO_NONE;FUTURE_PURCHASE_DATE_REQUIRES_REVIEW;EXPIRATION_BEFORE_PURCHASE_REQUIRES_REVIEW;EXPIRED_ITEM_FLAG,SME/Data Governance,open,SBRN=SBRN1148
HRQ-00802,record_level_data_quality,dataset-raw-excel-data,record,MISSING_RECALL_STATUS_NORMALIZED_TO_NONE;FUTURE_PURCHASE_DATE_REQUIRES_REVIEW;EXPIRATION_BEFORE_PURCHASE_REQUIRES_REVIEW;EXPIRED_ITEM_FLAG,SME/Data Governance,open,SBRN=SBRN1149
HRQ-00803,record_level_data_quality,dataset-raw-excel-data,record,RECALL_STATUS_MONITORING_REQUIRES_GOVERNANCE;EXPIRATION_BEFORE_PURCHASE_REQUIRES_REVIEW;EXPIRED_ITEM_FLAG,SME/Data Governance,open,SBRN=SBRN1152
HRQ-00804,record_level_data_quality,dataset-raw-excel-data,record,RECALL_STATUS_MONITORING_REQUIRES_GOVERNANCE;EXPIRATION_BEFORE_PURCHASE_REQUIRES_REVIEW;EXPIRED_ITEM_FLAG,SME/Data Governance,open,SBRN=SBRN1153
HRQ-00805,record_level_data_quality,dataset-raw-excel-data,record,RECALL_STATUS_MONITORING_REQUIRES_GOVERNANCE;EXPIRATION_BEFORE_PURCHASE_REQUIRES_REVIEW;EXPIRED_ITEM_FLAG,SME/Data Governance,open,SBRN=SBRN1154
HRQ-00806,record_level_data_quality,dataset-raw-excel-data,record,RECALL_STATUS_MONITORING_REQUIRES_GOVERNANCE;EXPIRATION_BEFORE_PURCHASE_REQUIRES_REVIEW;EXPIRED_ITEM_FLAG,SME/Data Governance,open,SBRN=SBRN1155
HRQ-00807,record_level_data_quality,dataset-raw-excel-data,record,RECALL_STATUS_MONITORING_REQUIRES_GOVERNANCE;FUTURE_PURCHASE_DATE_REQUIRES_REVIEW;EXPIRATION_BEFORE_PURCHASE_REQUIRES_REVIEW;EXPIRED_ITEM_FLAG,SME/Data Governance,open,SBRN=SBRN1156
HRQ-00808,record_level_data_quality,dataset-raw-excel-data,record,RECALL_STATUS_MONITORING_REQUIRES_GOVERNANCE;FUTURE_PURCHASE_DATE_REQUIRES_REVIEW;EXPIRATION_BEFORE_PURCHASE_REQUIRES_REVIEW;EXPIRED_ITEM_FLAG,SME/Data Governance,open,SBRN=SBRN1157
HRQ-00809,record_level_data_quality,dataset-raw-excel-data,record,RECALL_STATUS_MONITORING_REQUIRES_GOVERNANCE;FUTURE_PURCHASE_DATE_REQUIRES_REVIEW;EXPIRATION_BEFORE_PURCHASE_REQUIRES_REVIEW;EXPIRED_ITEM_FLAG,SME/Data Governance,open,SBRN=SBRN1158
HRQ-00810,record_level_data_quality,dataset-raw-excel-data,record,RECALL_STATUS_MONITORING_REQUIRES_GOVERNANCE;FUTURE_PURCHASE_DATE_REQUIRES_REVIEW;EXPIRATION_BEFORE_PURCHASE_REQUIRES_REVIEW;EXPIRED_ITEM_FLAG,SME/Data Governance,open,SBRN=SBRN1159
HRQ-00811,record_level_data_quality,dataset-raw-excel-data,record,RECALL_STATUS_MONITORING_REQUIRES_GOVERNANCE;FUTURE_PURCHASE_DATE_REQUIRES_REVIEW;EXPIRATION_BEFORE_PURCHASE_REQUIRES_REVIEW;EXPIRED_ITEM_FLAG,SME/Data Governance,open,SBRN=SBRN1160
HRQ-00812,record_level_data_quality,dataset-raw-excel-data,record,MISSING_RECALL_STATUS_NORMALIZED_TO_NONE;EXPIRATION_BEFORE_PURCHASE_REQUIRES_REVIEW;EXPIRED_ITEM_FLAG,SME/Data Governance,open,SBRN=SBRN1161
HRQ-00813,record_level_data_quality,dataset-raw-excel-data,record,MISSING_RECALL_STATUS_NORMALIZED_TO_NONE;EXPIRATION_BEFORE_PURCHASE_REQUIRES_REVIEW;EXPIRED_ITEM_FLAG,SME/Data Governance,open,SBRN=SBRN1162
HRQ-00814,record_level_data_quality,dataset-raw-excel-data,record,MISSING_RECALL_STATUS_NORMALIZED_TO_NONE;EXPIRATION_BEFORE_PURCHASE_REQUIRES_REVIEW;EXPIRED_ITEM_FLAG,SME/Data Governance,open,SBRN=SBRN1163
HRQ-00815,record_level_data_quality,dataset-raw-excel-data,record,MISSING_RECALL_STATUS_NORMALIZED_TO_NONE;EXPIRATION_BEFORE_PURCHASE_REQUIRES_REVIEW;EXPIRED_ITEM_FLAG,SME/Data Governance,open,SBRN=SBRN1164
HRQ-00816,record_level_data_quality,dataset-raw-excel-data,record,MISSING_RECALL_STATUS_NORMALIZED_TO_NONE;EXPIRATION_BEFORE_PURCHASE_REQUIRES_REVIEW;EXPIRED_ITEM_FLAG,SME/Data Governance,open,SBRN=SBRN1165
HRQ-00817,record_level_data_quality,dataset-raw-excel-data,record,MISSING_RECALL_STATUS_NORMALIZED_TO_NONE;EXPIRATION_BEFORE_PURCHASE_REQUIRES_REVIEW;EXPIRED_ITEM_FLAG,SME/Data Governance,open,SBRN=SBRN1166
HRQ-00818,record_level_data_quality,dataset-raw-excel-data,record,MISSING_RECALL_STATUS_NORMALIZED_TO_NONE;FUTURE_PURCHASE_DATE_REQUIRES_REVIEW;EXPIRATION_BEFORE_PURCHASE_REQUIRES_REVIEW,SME/Data Governance,open,SBRN=SBRN1167
HRQ-00819,record_level_data_quality,dataset-raw-excel-data,record,MISSING_RECALL_STATUS_NORMALIZED_TO_NONE;FUTURE_PURCHASE_DATE_REQUIRES_REVIEW;EXPIRATION_BEFORE_PURCHASE_REQUIRES_REVIEW,SME/Data Governance,open,SBRN=SBRN1168
HRQ-00820,record_level_data_quality,dataset-raw-excel-data,record,MISSING_RECALL_STATUS_NORMALIZED_TO_NONE;FUTURE_PURCHASE_DATE_REQUIRES_REVIEW;EXPIRATION_BEFORE_PURCHASE_REQUIRES_REVIEW,SME/Data Governance,open,SBRN=SBRN1169
HRQ-00821,record_level_data_quality,dataset-raw-excel-data,record,MISSING_RECALL_STATUS_NORMALIZED_TO_NONE;FUTURE_PURCHASE_DATE_REQUIRES_REVIEW;EXPIRATION_BEFORE_PURCHASE_REQUIRES_REVIEW,SME/Data Governance,open,SBRN=SBRN1170
HRQ-00822,record_level_data_quality,dataset-raw-excel-data,record,MISSING_RECALL_STATUS_NORMALIZED_TO_NONE;FUTURE_PURCHASE_DATE_REQUIRES_REVIEW;EXPIRATION_BEFORE_PURCHASE_REQUIRES_REVIEW,SME/Data Governance,open,SBRN=SBRN1171
HRQ-00823,record_level_data_quality,dataset-raw-excel-data,record,MISSING_RECALL_STATUS_NORMALIZED_TO_NONE;FUTURE_PURCHASE_DATE_REQUIRES_REVIEW;EXPIRATION_BEFORE_PURCHASE_REQUIRES_REVIEW,SME/Data Governance,open,SBRN=SBRN1172
HRQ-00824,record_level_data_quality,dataset-raw-excel-data,record,EXPIRATION_BEFORE_PURCHASE_REQUIRES_REVIEW;EXPIRED_ITEM_FLAG,SME/Data Governance,open,SBRN=SBRN1179
HRQ-00825,record_level_data_quality,dataset-raw-excel-data,record,EXPIRATION_BEFORE_PURCHASE_REQUIRES_REVIEW;EXPIRED_ITEM_FLAG,SME/Data Governance,open,SBRN=SBRN1180
HRQ-00826,record_level_data_quality,dataset-raw-excel-data,record,EXPIRATION_BEFORE_PURCHASE_REQUIRES_REVIEW;EXPIRED_ITEM_FLAG,SME/Data Governance,open,SBRN=SBRN1181
HRQ-00827,record_level_data_quality,dataset-raw-excel-data,record,EXPIRATION_BEFORE_PURCHASE_REQUIRES_REVIEW;EXPIRED_ITEM_FLAG,SME/Data Governance,open,SBRN=SBRN1182
HRQ-00828,record_level_data_quality,dataset-raw-excel-data,record,RECALL_STATUS_MONITORING_REQUIRES_GOVERNANCE;EXPIRATION_BEFORE_PURCHASE_REQUIRES_REVIEW;EXPIRED_ITEM_FLAG,SME/Data Governance,open,SBRN=SBRN1183
HRQ-00829,record_level_data_quality,dataset-raw-excel-data,record,EXPIRATION_BEFORE_PURCHASE_REQUIRES_REVIEW;EXPIRED_ITEM_FLAG,SME/Data Governance,open,SBRN=SBRN1184
HRQ-00830,record_level_data_quality,dataset-raw-excel-data,record,EXPIRATION_BEFORE_PURCHASE_REQUIRES_REVIEW;EXPIRED_ITEM_FLAG,SME/Data Governance,open,SBRN=SBRN1185
HRQ-00831,record_level_data_quality,dataset-raw-excel-data,record,EXPIRATION_BEFORE_PURCHASE_REQUIRES_REVIEW;EXPIRED_ITEM_FLAG,SME/Data Governance,open,SBRN=SBRN1186
HRQ-00832,record_level_data_quality,dataset-raw-excel-data,record,EXPIRATION_BEFORE_PURCHASE_REQUIRES_REVIEW;EXPIRED_ITEM_FLAG,SME/Data Governance,open,SBRN=SBRN1187
HRQ-00833,record_level_data_quality,dataset-raw-excel-data,record,RECALL_STATUS_MONITORING_REQUIRES_GOVERNANCE;EXPIRED_ITEM_FLAG,SME/Data Governance,open,SBRN=SBRN1188
HRQ-00834,record_level_data_quality,dataset-raw-excel-data,record,RECALL_STATUS_MONITORING_REQUIRES_GOVERNANCE;EXPIRED_ITEM_FLAG,SME/Data Governance,open,SBRN=SBRN1189
HRQ-00835,record_level_data_quality,dataset-raw-excel-data,record,MISSING_RECALL_STATUS_NORMALIZED_TO_NONE;EXPIRATION_BEFORE_PURCHASE_REQUIRES_REVIEW;EXPIRED_ITEM_FLAG,SME/Data Governance,open,SBRN=SBRN1190
HRQ-00836,record_level_data_quality,dataset-raw-excel-data,record,MISSING_RECALL_STATUS_NORMALIZED_TO_NONE;EXPIRATION_BEFORE_PURCHASE_REQUIRES_REVIEW;EXPIRED_ITEM_FLAG,SME/Data Governance,open,SBRN=SBRN1191
HRQ-00837,record_level_data_quality,dataset-raw-excel-data,record,MISSING_RECALL_STATUS_NORMALIZED_TO_NONE;EXPIRATION_BEFORE_PURCHASE_REQUIRES_REVIEW;EXPIRED_ITEM_FLAG,SME/Data Governance,open,SBRN=SBRN1192
HRQ-00838,record_level_data_quality,dataset-raw-excel-data,record,MISSING_RECALL_STATUS_NORMALIZED_TO_NONE;EXPIRATION_BEFORE_PURCHASE_REQUIRES_REVIEW;EXPIRED_ITEM_FLAG,SME/Data Governance,open,SBRN=SBRN1193
HRQ-00839,record_level_data_quality,dataset-raw-excel-data,record,MISSING_RECALL_STATUS_NORMALIZED_TO_NONE;EXPIRATION_BEFORE_PURCHASE_REQUIRES_REVIEW;EXPIRED_ITEM_FLAG,SME/Data Governance,open,SBRN=SBRN1194
HRQ-00840,record_level_data_quality,dataset-raw-excel-data,record,RECALL_STATUS_MONITORING_REQUIRES_GOVERNANCE,SME/Data Governance,open,SBRN=SBRN1195
HRQ-00841,record_level_data_quality,dataset-raw-excel-data,record,RECALL_STATUS_MONITORING_REQUIRES_GOVERNANCE,SME/Data Governance,open,SBRN=SBRN1196
HRQ-00842,record_level_data_quality,dataset-raw-excel-data,record,RECALL_STATUS_MONITORING_REQUIRES_GOVERNANCE;EXPIRATION_BEFORE_PURCHASE_REQUIRES_REVIEW;EXPIRED_ITEM_FLAG,SME/Data Governance,open,SBRN=SBRN1200
HRQ-00843,record_level_data_quality,dataset-raw-excel-data,record,RECALL_STATUS_MONITORING_REQUIRES_GOVERNANCE;EXPIRATION_BEFORE_PURCHASE_REQUIRES_REVIEW;EXPIRED_ITEM_FLAG,SME/Data Governance,open,SBRN=SBRN1201
HRQ-00844,record_level_data_quality,dataset-raw-excel-data,record,RECALL_STATUS_MONITORING_REQUIRES_GOVERNANCE;FUTURE_PURCHASE_DATE_REQUIRES_REVIEW;EXPIRATION_BEFORE_PURCHASE_REQUIRES_REVIEW,SME/Data Governance,open,SBRN=SBRN1202
HRQ-00845,record_level_data_quality,dataset-raw-excel-data,record,RECALL_STATUS_MONITORING_REQUIRES_GOVERNANCE;FUTURE_PURCHASE_DATE_REQUIRES_REVIEW;EXPIRATION_BEFORE_PURCHASE_REQUIRES_REVIEW,SME/Data Governance,open,SBRN=SBRN1203
HRQ-00846,record_level_data_quality,dataset-raw-excel-data,record,RECALL_STATUS_MONITORING_REQUIRES_GOVERNANCE;FUTURE_PURCHASE_DATE_REQUIRES_REVIEW;EXPIRATION_BEFORE_PURCHASE_REQUIRES_REVIEW,SME/Data Governance,open,SBRN=SBRN1204
HRQ-00847,record_level_data_quality,dataset-raw-excel-data,record,RECALL_STATUS_MONITORING_REQUIRES_GOVERNANCE;FUTURE_PURCHASE_DATE_REQUIRES_REVIEW;EXPIRATION_BEFORE_PURCHASE_REQUIRES_REVIEW,SME/Data Governance,open,SBRN=SBRN1205
HRQ-00848,record_level_data_quality,dataset-raw-excel-data,record,RECALL_STATUS_MONITORING_REQUIRES_GOVERNANCE;FUTURE_PURCHASE_DATE_REQUIRES_REVIEW;EXPIRATION_BEFORE_PURCHASE_REQUIRES_REVIEW,SME/Data Governance,open,SBRN=SBRN1206
HRQ-00849,record_level_data_quality,dataset-raw-excel-data,record,RECALL_STATUS_MONITORING_REQUIRES_GOVERNANCE;FUTURE_PURCHASE_DATE_REQUIRES_REVIEW;EXPIRATION_BEFORE_PURCHASE_REQUIRES_REVIEW,SME/Data Governance,open,SBRN=SBRN1207
HRQ-00850,record_level_data_quality,dataset-raw-excel-data,record,RECALL_STATUS_MONITORING_REQUIRES_GOVERNANCE;EXPIRED_ITEM_FLAG,SME/Data Governance,open,SBRN=SBRN1208
HRQ-00851,record_level_data_quality,dataset-raw-excel-data,record,RECALL_STATUS_MONITORING_REQUIRES_GOVERNANCE;EXPIRED_ITEM_FLAG,SME/Data Governance,open,SBRN=SBRN1209
HRQ-00852,record_level_data_quality,dataset-raw-excel-data,record,RECALL_STATUS_MONITORING_REQUIRES_GOVERNANCE;EXPIRED_ITEM_FLAG,SME/Data Governance,open,SBRN=SBRN1210
HRQ-00853,record_level_data_quality,dataset-raw-excel-data,record,RECALL_STATUS_MONITORING_REQUIRES_GOVERNANCE;EXPIRED_ITEM_FLAG,SME/Data Governance,open,SBRN=SBRN1211
HRQ-00854,record_level_data_quality,dataset-raw-excel-data,record,RECALL_STATUS_MONITORING_REQUIRES_GOVERNANCE;EXPIRED_ITEM_FLAG,SME/Data Governance,open,SBRN=SBRN1212
HRQ-00855,record_level_data_quality,dataset-raw-excel-data,record,RECALL_STATUS_MONITORING_REQUIRES_GOVERNANCE;EXPIRED_ITEM_FLAG,SME/Data Governance,open,SBRN=SBRN1213
HRQ-00856,record_level_data_quality,dataset-raw-excel-data,record,RECALL_STATUS_MONITORING_REQUIRES_GOVERNANCE;EXPIRED_ITEM_FLAG,SME/Data Governance,open,SBRN=SBRN1214
HRQ-00857,record_level_data_quality,dataset-raw-excel-data,record,MISSING_RECALL_STATUS_NORMALIZED_TO_NONE;FUTURE_PURCHASE_DATE_REQUIRES_REVIEW;EXPIRATION_BEFORE_PURCHASE_REQUIRES_REVIEW;EXPIRED_ITEM_FLAG,SME/Data Governance,open,SBRN=SBRN1215
HRQ-00858,record_level_data_quality,dataset-raw-excel-data,record,MISSING_RECALL_STATUS_NORMALIZED_TO_NONE;FUTURE_PURCHASE_DATE_REQUIRES_REVIEW;EXPIRATION_BEFORE_PURCHASE_REQUIRES_REVIEW;EXPIRED_ITEM_FLAG,SME/Data Governance,open,SBRN=SBRN1216
HRQ-00859,record_level_data_quality,dataset-raw-excel-data,record,MISSING_RECALL_STATUS_NORMALIZED_TO_NONE;FUTURE_PURCHASE_DATE_REQUIRES_REVIEW;EXPIRATION_BEFORE_PURCHASE_REQUIRES_REVIEW;EXPIRED_ITEM_FLAG,SME/Data Governance,open,SBRN=SBRN1217
HRQ-00860,record_level_data_quality,dataset-raw-excel-data,record,MISSING_RECALL_STATUS_NORMALIZED_TO_NONE;FUTURE_PURCHASE_DATE_REQUIRES_REVIEW;EXPIRATION_BEFORE_PURCHASE_REQUIRES_REVIEW;EXPIRED_ITEM_FLAG,SME/Data Governance,open,SBRN=SBRN1218
HRQ-00861,record_level_data_quality,dataset-raw-excel-data,record,MISSING_RECALL_STATUS_NORMALIZED_TO_NONE;FUTURE_PURCHASE_DATE_REQUIRES_REVIEW;EXPIRATION_BEFORE_PURCHASE_REQUIRES_REVIEW;EXPIRED_ITEM_FLAG,SME/Data Governance,open,SBRN=SBRN1219
HRQ-00862,record_level_data_quality,dataset-raw-excel-data,record,MISSING_RECALL_STATUS_NORMALIZED_TO_NONE;FUTURE_PURCHASE_DATE_REQUIRES_REVIEW;EXPIRATION_BEFORE_PURCHASE_REQUIRES_REVIEW;EXPIRED_ITEM_FLAG,SME/Data Governance,open,SBRN=SBRN1220
HRQ-00863,record_level_data_quality,dataset-raw-excel-data,record,MISSING_RECALL_STATUS_NORMALIZED_TO_NONE;EXPIRATION_BEFORE_PURCHASE_REQUIRES_REVIEW;EXPIRED_ITEM_FLAG,SME/Data Governance,open,SBRN=SBRN1222
HRQ-00864,record_level_data_quality,dataset-raw-excel-data,record,MISSING_RECALL_STATUS_NORMALIZED_TO_NONE;EXPIRATION_BEFORE_PURCHASE_REQUIRES_REVIEW;EXPIRED_ITEM_FLAG,SME/Data Governance,open,SBRN=SBRN1223
HRQ-00865,record_level_data_quality,dataset-raw-excel-data,record,MISSING_RECALL_STATUS_NORMALIZED_TO_NONE;EXPIRATION_BEFORE_PURCHASE_REQUIRES_REVIEW;EXPIRED_ITEM_FLAG,SME/Data Governance,open,SBRN=SBRN1224
HRQ-00866,record_level_data_quality,dataset-raw-excel-data,record,MISSING_RECALL_STATUS_NORMALIZED_TO_NONE;EXPIRATION_BEFORE_PURCHASE_REQUIRES_REVIEW;EXPIRED_ITEM_FLAG,SME/Data Governance,open,SBRN=SBRN1225
HRQ-00867,record_level_data_quality,dataset-raw-excel-data,record,MISSING_RECALL_STATUS_NORMALIZED_TO_NONE;EXPIRATION_BEFORE_PURCHASE_REQUIRES_REVIEW;EXPIRED_ITEM_FLAG,SME/Data Governance,open,SBRN=SBRN1226
HRQ-00868,record_level_data_quality,dataset-raw-excel-data,record,RECALL_STATUS_MONITORING_REQUIRES_GOVERNANCE;EXPIRATION_BEFORE_PURCHASE_REQUIRES_REVIEW;EXPIRED_ITEM_FLAG,SME/Data Governance,open,SBRN=SBRN1229
HRQ-00869,record_level_data_quality,dataset-raw-excel-data,record,RECALL_STATUS_MONITORING_REQUIRES_GOVERNANCE;EXPIRATION_BEFORE_PURCHASE_REQUIRES_REVIEW;EXPIRED_ITEM_FLAG,SME/Data Governance,open,SBRN=SBRN1230
HRQ-00870,record_level_data_quality,dataset-raw-excel-data,record,RECALL_STATUS_MONITORING_REQUIRES_GOVERNANCE;EXPIRATION_BEFORE_PURCHASE_REQUIRES_REVIEW;EXPIRED_ITEM_FLAG,SME/Data Governance,open,SBRN=SBRN1231
HRQ-00871,record_level_data_quality,dataset-raw-excel-data,record,RECALL_STATUS_MONITORING_REQUIRES_GOVERNANCE;FUTURE_PURCHASE_DATE_REQUIRES_REVIEW;EXPIRATION_BEFORE_PURCHASE_REQUIRES_REVIEW;EXPIRED_ITEM_FLAG,SME/Data Governance,open,SBRN=SBRN1237
HRQ-00872,record_level_data_quality,dataset-raw-excel-data,record,RECALL_STATUS_MONITORING_REQUIRES_GOVERNANCE;FUTURE_PURCHASE_DATE_REQUIRES_REVIEW;EXPIRATION_BEFORE_PURCHASE_REQUIRES_REVIEW;EXPIRED_ITEM_FLAG,SME/Data Governance,open,SBRN=SBRN1238
HRQ-00873,record_level_data_quality,dataset-raw-excel-data,record,RECALL_STATUS_MONITORING_REQUIRES_GOVERNANCE;FUTURE_PURCHASE_DATE_REQUIRES_REVIEW;EXPIRATION_BEFORE_PURCHASE_REQUIRES_REVIEW;EXPIRED_ITEM_FLAG,SME/Data Governance,open,SBRN=SBRN1239
HRQ-00874,record_level_data_quality,dataset-raw-excel-data,record,RECALL_STATUS_MONITORING_REQUIRES_GOVERNANCE;EXPIRED_ITEM_FLAG,SME/Data Governance,open,SBRN=SBRN1240
HRQ-00875,record_level_data_quality,dataset-raw-excel-data,record,RECALL_STATUS_MONITORING_REQUIRES_GOVERNANCE;EXPIRED_ITEM_FLAG,SME/Data Governance,open,SBRN=SBRN1241
HRQ-00876,record_level_data_quality,dataset-raw-excel-data,record,RECALL_STATUS_MONITORING_REQUIRES_GOVERNANCE;EXPIRED_ITEM_FLAG,SME/Data Governance,open,SBRN=SBRN1242
HRQ-00877,record_level_data_quality,dataset-raw-excel-data,record,RECALL_STATUS_MONITORING_REQUIRES_GOVERNANCE;EXPIRED_ITEM_FLAG,SME/Data Governance,open,SBRN=SBRN1243
HRQ-00878,record_level_data_quality,dataset-raw-excel-data,record,RECALL_STATUS_MONITORING_REQUIRES_GOVERNANCE;EXPIRED_ITEM_FLAG,SME/Data Governance,open,SBRN=SBRN1244
HRQ-00879,record_level_data_quality,dataset-raw-excel-data,record,RECALL_STATUS_MONITORING_REQUIRES_GOVERNANCE;EXPIRED_ITEM_FLAG,SME/Data Governance,open,SBRN=SBRN1245
HRQ-00880,record_level_data_quality,dataset-raw-excel-data,record,RECALL_STATUS_MONITORING_REQUIRES_GOVERNANCE;EXPIRED_ITEM_FLAG,SME/Data Governance,open,SBRN=SBRN1246
HRQ-00881,record_level_data_quality,dataset-raw-excel-data,record,MISSING_RECALL_STATUS_NORMALIZED_TO_NONE;FUTURE_PURCHASE_DATE_REQUIRES_REVIEW;EXPIRATION_BEFORE_PURCHASE_REQUIRES_REVIEW;EXPIRED_ITEM_FLAG,SME/Data Governance,open,SBRN=SBRN1247
HRQ-00882,record_level_data_quality,dataset-raw-excel-data,record,MISSING_RECALL_STATUS_NORMALIZED_TO_NONE;FUTURE_PURCHASE_DATE_REQUIRES_REVIEW;EXPIRATION_BEFORE_PURCHASE_REQUIRES_REVIEW;EXPIRED_ITEM_FLAG,SME/Data Governance,open,SBRN=SBRN1248
HRQ-00883,record_level_data_quality,dataset-raw-excel-data,record,FUTURE_PURCHASE_DATE_REQUIRES_REVIEW;EXPIRATION_BEFORE_PURCHASE_REQUIRES_REVIEW;EXPIRED_ITEM_FLAG,SME/Data Governance,open,SBRN=SBRN1249
HRQ-00884,record_level_data_quality,dataset-raw-excel-data,record,FUTURE_PURCHASE_DATE_REQUIRES_REVIEW;EXPIRATION_BEFORE_PURCHASE_REQUIRES_REVIEW;EXPIRED_ITEM_FLAG,SME/Data Governance,open,SBRN=SBRN1250
HRQ-00885,record_level_data_quality,dataset-raw-excel-data,record,FUTURE_PURCHASE_DATE_REQUIRES_REVIEW;EXPIRATION_BEFORE_PURCHASE_REQUIRES_REVIEW;EXPIRED_ITEM_FLAG,SME/Data Governance,open,SBRN=SBRN1251
HRQ-00886,record_level_data_quality,dataset-raw-excel-data,record,MISSING_RECALL_STATUS_NORMALIZED_TO_NONE;FUTURE_PURCHASE_DATE_REQUIRES_REVIEW;EXPIRATION_BEFORE_PURCHASE_REQUIRES_REVIEW;EXPIRED_ITEM_FLAG,SME/Data Governance,open,SBRN=SBRN1252
HRQ-00887,record_level_data_quality,dataset-raw-excel-data,record,MISSING_RECALL_STATUS_NORMALIZED_TO_NONE;FUTURE_PURCHASE_DATE_REQUIRES_REVIEW;EXPIRATION_BEFORE_PURCHASE_REQUIRES_REVIEW;EXPIRED_ITEM_FLAG,SME/Data Governance,open,SBRN=SBRN1253
HRQ-00888,record_level_data_quality,dataset-raw-excel-data,record,MISSING_RECALL_STATUS_NORMALIZED_TO_NONE;FUTURE_PURCHASE_DATE_REQUIRES_REVIEW;EXPIRATION_BEFORE_PURCHASE_REQUIRES_REVIEW;EXPIRED_ITEM_FLAG,SME/Data Governance,open,SBRN=SBRN1254
HRQ-00889,record_level_data_quality,dataset-raw-excel-data,record,MISSING_RECALL_STATUS_NORMALIZED_TO_NONE;FUTURE_PURCHASE_DATE_REQUIRES_REVIEW;EXPIRATION_BEFORE_PURCHASE_REQUIRES_REVIEW;EXPIRED_ITEM_FLAG,SME/Data Governance,open,SBRN=SBRN1255
HRQ-00890,record_level_data_quality,dataset-raw-excel-data,record,MISSING_RECALL_STATUS_NORMALIZED_TO_NONE;FUTURE_PURCHASE_DATE_REQUIRES_REVIEW;EXPIRATION_BEFORE_PURCHASE_REQUIRES_REVIEW;EXPIRED_ITEM_FLAG,SME/Data Governance,open,SBRN=SBRN1256
HRQ-00891,record_level_data_quality,dataset-raw-excel-data,record,RECALL_STATUS_MONITORING_REQUIRES_GOVERNANCE,SME/Data Governance,open,SBRN=SBRN1257
HRQ-00892,record_level_data_quality,dataset-raw-excel-data,record,RECALL_STATUS_MONITORING_REQUIRES_GOVERNANCE,SME/Data Governance,open,SBRN=SBRN1258
HRQ-00893,record_level_data_quality,dataset-raw-excel-data,record,RECALL_STATUS_MONITORING_REQUIRES_GOVERNANCE,SME/Data Governance,open,SBRN=SBRN1259
HRQ-00894,record_level_data_quality,dataset-raw-excel-data,record,RECALL_STATUS_MONITORING_REQUIRES_GOVERNANCE,SME/Data Governance,open,SBRN=SBRN1260
HRQ-00895,record_level_data_quality,dataset-raw-excel-data,record,RECALL_STATUS_MONITORING_REQUIRES_GOVERNANCE,SME/Data Governance,open,SBRN=SBRN1261
HRQ-00896,record_level_data_quality,dataset-raw-excel-data,record,RECALL_STATUS_MONITORING_REQUIRES_GOVERNANCE,SME/Data Governance,open,SBRN=SBRN1262
HRQ-00897,record_level_data_quality,dataset-raw-excel-data,record,MISSING_RECALL_STATUS_NORMALIZED_TO_NONE;EXPIRATION_BEFORE_PURCHASE_REQUIRES_REVIEW;EXPIRED_ITEM_FLAG,SME/Data Governance,open,SBRN=SBRN1263
HRQ-00898,record_level_data_quality,dataset-raw-excel-data,record,MISSING_RECALL_STATUS_NORMALIZED_TO_NONE;EXPIRATION_BEFORE_PURCHASE_REQUIRES_REVIEW;EXPIRED_ITEM_FLAG,SME/Data Governance,open,SBRN=SBRN1264
HRQ-00899,record_level_data_quality,dataset-raw-excel-data,record,MISSING_RECALL_STATUS_NORMALIZED_TO_NONE;EXPIRATION_BEFORE_PURCHASE_REQUIRES_REVIEW;EXPIRED_ITEM_FLAG,SME/Data Governance,open,SBRN=SBRN1265
HRQ-00900,record_level_data_quality,dataset-raw-excel-data,record,MISSING_RECALL_STATUS_NORMALIZED_TO_NONE;EXPIRATION_BEFORE_PURCHASE_REQUIRES_REVIEW;EXPIRED_ITEM_FLAG,SME/Data Governance,open,SBRN=SBRN1266
HRQ-00901,record_level_data_quality,dataset-raw-excel-data,record,MISSING_RECALL_STATUS_NORMALIZED_TO_NONE;EXPIRATION_BEFORE_PURCHASE_REQUIRES_REVIEW;EXPIRED_ITEM_FLAG,SME/Data Governance,open,SBRN=SBRN1267
HRQ-00902,record_level_data_quality,dataset-raw-excel-data,record,MISSING_RECALL_STATUS_NORMALIZED_TO_NONE;EXPIRATION_BEFORE_PURCHASE_REQUIRES_REVIEW;EXPIRED_ITEM_FLAG,SME/Data Governance,open,SBRN=SBRN1268
HRQ-00903,record_level_data_quality,dataset-raw-excel-data,record,MISSING_RECALL_STATUS_NORMALIZED_TO_NONE;EXPIRATION_BEFORE_PURCHASE_REQUIRES_REVIEW;EXPIRED_ITEM_FLAG,SME/Data Governance,open,SBRN=SBRN1269
HRQ-00904,record_level_data_quality,dataset-raw-excel-data,record,FUTURE_PURCHASE_DATE_REQUIRES_REVIEW;EXPIRATION_BEFORE_PURCHASE_REQUIRES_REVIEW;EXPIRED_ITEM_FLAG,SME/Data Governance,open,SBRN=SBRN1270
HRQ-00905,record_level_data_quality,dataset-raw-excel-data,record,FUTURE_PURCHASE_DATE_REQUIRES_REVIEW;EXPIRATION_BEFORE_PURCHASE_REQUIRES_REVIEW;EXPIRED_ITEM_FLAG,SME/Data Governance,open,SBRN=SBRN1271
HRQ-00906,record_level_data_quality,dataset-raw-excel-data,record,FUTURE_PURCHASE_DATE_REQUIRES_REVIEW;EXPIRATION_BEFORE_PURCHASE_REQUIRES_REVIEW;EXPIRED_ITEM_FLAG,SME/Data Governance,open,SBRN=SBRN1272
HRQ-00907,record_level_data_quality,dataset-raw-excel-data,record,FUTURE_PURCHASE_DATE_REQUIRES_REVIEW;EXPIRATION_BEFORE_PURCHASE_REQUIRES_REVIEW;EXPIRED_ITEM_FLAG,SME/Data Governance,open,SBRN=SBRN1273
HRQ-00908,record_level_data_quality,dataset-raw-excel-data,record,FUTURE_PURCHASE_DATE_REQUIRES_REVIEW;EXPIRATION_BEFORE_PURCHASE_REQUIRES_REVIEW;EXPIRED_ITEM_FLAG,SME/Data Governance,open,SBRN=SBRN1274
HRQ-00909,record_level_data_quality,dataset-raw-excel-data,record,MISSING_RECALL_STATUS_NORMALIZED_TO_NONE;EXPIRATION_BEFORE_PURCHASE_REQUIRES_REVIEW;EXPIRED_ITEM_FLAG,SME/Data Governance,open,SBRN=SBRN1282
HRQ-00910,record_level_data_quality,dataset-raw-excel-data,record,FUTURE_PURCHASE_DATE_REQUIRES_REVIEW;EXPIRATION_BEFORE_PURCHASE_REQUIRES_REVIEW;EXPIRED_ITEM_FLAG,SME/Data Governance,open,SBRN=SBRN1298
HRQ-00911,record_level_data_quality,dataset-raw-excel-data,record,FUTURE_PURCHASE_DATE_REQUIRES_REVIEW;EXPIRATION_BEFORE_PURCHASE_REQUIRES_REVIEW;EXPIRED_ITEM_FLAG,SME/Data Governance,open,SBRN=SBRN1299
HRQ-00912,record_level_data_quality,dataset-raw-excel-data,record,FUTURE_PURCHASE_DATE_REQUIRES_REVIEW;EXPIRATION_BEFORE_PURCHASE_REQUIRES_REVIEW;EXPIRED_ITEM_FLAG,SME/Data Governance,open,SBRN=SBRN1300
HRQ-00913,record_level_data_quality,dataset-raw-excel-data,record,RECALL_STATUS_MONITORING_REQUIRES_GOVERNANCE,SME/Data Governance,open,SBRN=SBRN1305
HRQ-00914,record_level_data_quality,dataset-raw-excel-data,record,RECALL_STATUS_MONITORING_REQUIRES_GOVERNANCE,SME/Data Governance,open,SBRN=SBRN1306
HRQ-00915,record_level_data_quality,dataset-raw-excel-data,record,RECALL_STATUS_MONITORING_REQUIRES_GOVERNANCE,SME/Data Governance,open,SBRN=SBRN1307
HRQ-00916,record_level_data_quality,dataset-raw-excel-data,record,RECALL_STATUS_MONITORING_REQUIRES_GOVERNANCE,SME/Data Governance,open,SBRN=SBRN1308
HRQ-00917,record_level_data_quality,dataset-raw-excel-data,record,RECALL_STATUS_MONITORING_REQUIRES_GOVERNANCE,SME/Data Governance,open,SBRN=SBRN1309
HRQ-00918,record_level_data_quality,dataset-raw-excel-data,record,MISSING_RECALL_STATUS_NORMALIZED_TO_NONE;EXPIRATION_BEFORE_PURCHASE_REQUIRES_REVIEW;EXPIRED_ITEM_FLAG,SME/Data Governance,open,SBRN=SBRN1310
HRQ-00919,record_level_data_quality,dataset-raw-excel-data,record,MISSING_RECALL_STATUS_NORMALIZED_TO_NONE;EXPIRATION_BEFORE_PURCHASE_REQUIRES_REVIEW;EXPIRED_ITEM_FLAG,SME/Data Governance,open,SBRN=SBRN1311
HRQ-00920,record_level_data_quality,dataset-raw-excel-data,record,MISSING_RECALL_STATUS_NORMALIZED_TO_NONE;EXPIRATION_BEFORE_PURCHASE_REQUIRES_REVIEW;EXPIRED_ITEM_FLAG,SME/Data Governance,open,SBRN=SBRN1312
HRQ-00921,record_level_data_quality,dataset-raw-excel-data,record,MISSING_RECALL_STATUS_NORMALIZED_TO_NONE;EXPIRATION_BEFORE_PURCHASE_REQUIRES_REVIEW;EXPIRED_ITEM_FLAG,SME/Data Governance,open,SBRN=SBRN1313
HRQ-00922,record_level_data_quality,dataset-raw-excel-data,record,EXPIRATION_BEFORE_PURCHASE_REQUIRES_REVIEW;EXPIRED_ITEM_FLAG,SME/Data Governance,open,SBRN=SBRN1314
HRQ-00923,record_level_data_quality,dataset-raw-excel-data,record,EXPIRATION_BEFORE_PURCHASE_REQUIRES_REVIEW;EXPIRED_ITEM_FLAG,SME/Data Governance,open,SBRN=SBRN1315
HRQ-00924,record_level_data_quality,dataset-raw-excel-data,record,RECALL_STATUS_MONITORING_REQUIRES_GOVERNANCE,SME/Data Governance,open,SBRN=SBRN1322
HRQ-00925,record_level_data_quality,dataset-raw-excel-data,record,RECALL_STATUS_MONITORING_REQUIRES_GOVERNANCE,SME/Data Governance,open,SBRN=SBRN1323
HRQ-00926,record_level_data_quality,dataset-raw-excel-data,record,RECALL_STATUS_MONITORING_REQUIRES_GOVERNANCE,SME/Data Governance,open,SBRN=SBRN1324
HRQ-00927,record_level_data_quality,dataset-raw-excel-data,record,RECALL_STATUS_MONITORING_REQUIRES_GOVERNANCE;EXPIRED_ITEM_FLAG,SME/Data Governance,open,SBRN=SBRN1325
HRQ-00928,record_level_data_quality,dataset-raw-excel-data,record,RECALL_STATUS_MONITORING_REQUIRES_GOVERNANCE;EXPIRED_ITEM_FLAG,SME/Data Governance,open,SBRN=SBRN1326
HRQ-00929,record_level_data_quality,dataset-raw-excel-data,record,RECALL_STATUS_MONITORING_REQUIRES_GOVERNANCE;EXPIRED_ITEM_FLAG,SME/Data Governance,open,SBRN=SBRN1327
HRQ-00930,record_level_data_quality,dataset-raw-excel-data,record,RECALL_STATUS_MONITORING_REQUIRES_GOVERNANCE;EXPIRED_ITEM_FLAG,SME/Data Governance,open,SBRN=SBRN1328
HRQ-00931,record_level_data_quality,dataset-raw-excel-data,record,RECALL_STATUS_MONITORING_REQUIRES_GOVERNANCE;EXPIRED_ITEM_FLAG,SME/Data Governance,open,SBRN=SBRN1329
HRQ-00932,record_level_data_quality,dataset-raw-excel-data,record,RECALL_STATUS_MONITORING_REQUIRES_GOVERNANCE;EXPIRED_ITEM_FLAG,SME/Data Governance,open,SBRN=SBRN1330
HRQ-00933,record_level_data_quality,dataset-raw-excel-data,record,RECALL_STATUS_MONITORING_REQUIRES_GOVERNANCE;EXPIRED_ITEM_FLAG,SME/Data Governance,open,SBRN=SBRN1331
HRQ-00934,record_level_data_quality,dataset-raw-excel-data,record,MISSING_RECALL_STATUS_NORMALIZED_TO_NONE;FUTURE_PURCHASE_DATE_REQUIRES_REVIEW;EXPIRATION_BEFORE_PURCHASE_REQUIRES_REVIEW;EXPIRED_ITEM_FLAG,SME/Data Governance,open,SBRN=SBRN1334
HRQ-00935,record_level_data_quality,dataset-raw-excel-data,record,MISSING_RECALL_STATUS_NORMALIZED_TO_NONE;FUTURE_PURCHASE_DATE_REQUIRES_REVIEW;EXPIRATION_BEFORE_PURCHASE_REQUIRES_REVIEW;EXPIRED_ITEM_FLAG,SME/Data Governance,open,SBRN=SBRN1335
HRQ-00936,record_level_data_quality,dataset-raw-excel-data,record,MISSING_RECALL_STATUS_NORMALIZED_TO_NONE;EXPIRATION_BEFORE_PURCHASE_REQUIRES_REVIEW;EXPIRED_ITEM_FLAG,SME/Data Governance,open,SBRN=SBRN1339
HRQ-00937,record_level_data_quality,dataset-raw-excel-data,record,MISSING_RECALL_STATUS_NORMALIZED_TO_NONE;EXPIRATION_BEFORE_PURCHASE_REQUIRES_REVIEW;EXPIRED_ITEM_FLAG,SME/Data Governance,open,SBRN=SBRN1340
HRQ-00938,record_level_data_quality,dataset-raw-excel-data,record,MISSING_RECALL_STATUS_NORMALIZED_TO_NONE;EXPIRATION_BEFORE_PURCHASE_REQUIRES_REVIEW;EXPIRED_ITEM_FLAG,SME/Data Governance,open,SBRN=SBRN1341
HRQ-00939,record_level_data_quality,dataset-raw-excel-data,record,MISSING_RECALL_STATUS_NORMALIZED_TO_NONE;EXPIRATION_BEFORE_PURCHASE_REQUIRES_REVIEW;EXPIRED_ITEM_FLAG,SME/Data Governance,open,SBRN=SBRN1342
HRQ-00940,record_level_data_quality,dataset-raw-excel-data,record,MISSING_RECALL_STATUS_NORMALIZED_TO_NONE;EXPIRATION_BEFORE_PURCHASE_REQUIRES_REVIEW;EXPIRED_ITEM_FLAG,SME/Data Governance,open,SBRN=SBRN1343
HRQ-00941,record_level_data_quality,dataset-raw-excel-data,record,MISSING_RECALL_STATUS_NORMALIZED_TO_NONE;EXPIRATION_BEFORE_PURCHASE_REQUIRES_REVIEW;EXPIRED_ITEM_FLAG,SME/Data Governance,open,SBRN=SBRN1344
HRQ-00942,record_level_data_quality,dataset-raw-excel-data,record,MISSING_RECALL_STATUS_NORMALIZED_TO_NONE;EXPIRATION_BEFORE_PURCHASE_REQUIRES_REVIEW;EXPIRED_ITEM_FLAG,SME/Data Governance,open,SBRN=SBRN1345
HRQ-00943,record_level_data_quality,dataset-raw-excel-data,record,MISSING_RECALL_STATUS_NORMALIZED_TO_NONE;EXPIRATION_BEFORE_PURCHASE_REQUIRES_REVIEW;EXPIRED_ITEM_FLAG,SME/Data Governance,open,SBRN=SBRN1346
HRQ-00944,record_level_data_quality,dataset-raw-excel-data,record,MISSING_RECALL_STATUS_NORMALIZED_TO_NONE;EXPIRATION_BEFORE_PURCHASE_REQUIRES_REVIEW;EXPIRED_ITEM_FLAG,SME/Data Governance,open,SBRN=SBRN1347
HRQ-00945,record_level_data_quality,dataset-raw-excel-data,record,RECALL_STATUS_MONITORING_REQUIRES_GOVERNANCE;EXPIRED_ITEM_FLAG,SME/Data Governance,open,SBRN=SBRN1348
HRQ-00946,record_level_data_quality,dataset-raw-excel-data,record,RECALL_STATUS_MONITORING_REQUIRES_GOVERNANCE;EXPIRED_ITEM_FLAG,SME/Data Governance,open,SBRN=SBRN1349
HRQ-00947,record_level_data_quality,dataset-raw-excel-data,record,RECALL_STATUS_MONITORING_REQUIRES_GOVERNANCE;EXPIRED_ITEM_FLAG,SME/Data Governance,open,SBRN=SBRN1350
HRQ-00948,record_level_data_quality,dataset-raw-excel-data,record,RECALL_STATUS_MONITORING_REQUIRES_GOVERNANCE;EXPIRED_ITEM_FLAG,SME/Data Governance,open,SBRN=SBRN1351
HRQ-00949,record_level_data_quality,dataset-raw-excel-data,record,FUTURE_PURCHASE_DATE_REQUIRES_REVIEW,SME/Data Governance,open,SBRN=SBRN1352
HRQ-00950,record_level_data_quality,dataset-raw-excel-data,record,FUTURE_PURCHASE_DATE_REQUIRES_REVIEW,SME/Data Governance,open,SBRN=SBRN1353
HRQ-00951,record_level_data_quality,dataset-raw-excel-data,record,FUTURE_PURCHASE_DATE_REQUIRES_REVIEW,SME/Data Governance,open,SBRN=SBRN1354
HRQ-00952,record_level_data_quality,dataset-raw-excel-data,record,FUTURE_PURCHASE_DATE_REQUIRES_REVIEW,SME/Data Governance,open,SBRN=SBRN1355
HRQ-00953,record_level_data_quality,dataset-raw-excel-data,record,MISSING_RECALL_STATUS_NORMALIZED_TO_NONE;EXPIRATION_BEFORE_PURCHASE_REQUIRES_REVIEW;EXPIRED_ITEM_FLAG,SME/Data Governance,open,SBRN=SBRN1356
HRQ-00954,record_level_data_quality,dataset-raw-excel-data,record,MISSING_RECALL_STATUS_NORMALIZED_TO_NONE;EXPIRATION_BEFORE_PURCHASE_REQUIRES_REVIEW;EXPIRED_ITEM_FLAG,SME/Data Governance,open,SBRN=SBRN1357
HRQ-00955,record_level_data_quality,dataset-raw-excel-data,record,MISSING_RECALL_STATUS_NORMALIZED_TO_NONE;EXPIRATION_BEFORE_PURCHASE_REQUIRES_REVIEW;EXPIRED_ITEM_FLAG,SME/Data Governance,open,SBRN=SBRN1358
HRQ-00956,record_level_data_quality,dataset-raw-excel-data,record,MISSING_RECALL_STATUS_NORMALIZED_TO_NONE;EXPIRATION_BEFORE_PURCHASE_REQUIRES_REVIEW;EXPIRED_ITEM_FLAG,SME/Data Governance,open,SBRN=SBRN1359
HRQ-00957,record_level_data_quality,dataset-raw-excel-data,record,MISSING_RECALL_STATUS_NORMALIZED_TO_NONE;EXPIRATION_BEFORE_PURCHASE_REQUIRES_REVIEW;EXPIRED_ITEM_FLAG,SME/Data Governance,open,SBRN=SBRN1360
HRQ-00958,record_level_data_quality,dataset-raw-excel-data,record,MISSING_RECALL_STATUS_NORMALIZED_TO_NONE;FUTURE_PURCHASE_DATE_REQUIRES_REVIEW;EXPIRATION_BEFORE_PURCHASE_REQUIRES_REVIEW;EXPIRED_ITEM_FLAG,SME/Data Governance,open,SBRN=SBRN1367
HRQ-00959,record_level_data_quality,dataset-raw-excel-data,record,MISSING_RECALL_STATUS_NORMALIZED_TO_NONE;FUTURE_PURCHASE_DATE_REQUIRES_REVIEW;EXPIRATION_BEFORE_PURCHASE_REQUIRES_REVIEW;EXPIRED_ITEM_FLAG,SME/Data Governance,open,SBRN=SBRN1368
HRQ-00960,record_level_data_quality,dataset-raw-excel-data,record,MISSING_RECALL_STATUS_NORMALIZED_TO_NONE;FUTURE_PURCHASE_DATE_REQUIRES_REVIEW;EXPIRATION_BEFORE_PURCHASE_REQUIRES_REVIEW;EXPIRED_ITEM_FLAG,SME/Data Governance,open,SBRN=SBRN1369
HRQ-00961,record_level_data_quality,dataset-raw-excel-data,record,MISSING_RECALL_STATUS_NORMALIZED_TO_NONE;FUTURE_PURCHASE_DATE_REQUIRES_REVIEW;EXPIRATION_BEFORE_PURCHASE_REQUIRES_REVIEW;EXPIRED_ITEM_FLAG,SME/Data Governance,open,SBRN=SBRN1370
HRQ-00962,record_level_data_quality,dataset-raw-excel-data,record,MISSING_RECALL_STATUS_NORMALIZED_TO_NONE;FUTURE_PURCHASE_DATE_REQUIRES_REVIEW;EXPIRATION_BEFORE_PURCHASE_REQUIRES_REVIEW;EXPIRED_ITEM_FLAG,SME/Data Governance,open,SBRN=SBRN1371
HRQ-00963,record_level_data_quality,dataset-raw-excel-data,record,EXPIRATION_BEFORE_PURCHASE_REQUIRES_REVIEW;EXPIRED_ITEM_FLAG,SME/Data Governance,open,SBRN=SBRN1380
HRQ-00964,record_level_data_quality,dataset-raw-excel-data,record,EXPIRATION_BEFORE_PURCHASE_REQUIRES_REVIEW;EXPIRED_ITEM_FLAG,SME/Data Governance,open,SBRN=SBRN1381
HRQ-00965,record_level_data_quality,dataset-raw-excel-data,record,EXPIRATION_BEFORE_PURCHASE_REQUIRES_REVIEW;EXPIRED_ITEM_FLAG,SME/Data Governance,open,SBRN=SBRN1382
HRQ-00966,record_level_data_quality,dataset-raw-excel-data,record,EXPIRATION_BEFORE_PURCHASE_REQUIRES_REVIEW;EXPIRED_ITEM_FLAG,SME/Data Governance,open,SBRN=SBRN1383
HRQ-00967,record_level_data_quality,dataset-raw-excel-data,record,EXPIRATION_BEFORE_PURCHASE_REQUIRES_REVIEW;EXPIRED_ITEM_FLAG,SME/Data Governance,open,SBRN=SBRN1384
HRQ-00968,record_level_data_quality,dataset-raw-excel-data,record,EXPIRATION_BEFORE_PURCHASE_REQUIRES_REVIEW;EXPIRED_ITEM_FLAG,SME/Data Governance,open,SBRN=SBRN1385
HRQ-00969,record_level_data_quality,dataset-raw-excel-data,record,MISSING_RECALL_STATUS_NORMALIZED_TO_NONE;EXPIRATION_BEFORE_PURCHASE_REQUIRES_REVIEW;EXPIRED_ITEM_FLAG,SME/Data Governance,open,SBRN=SBRN1386
HRQ-00970,record_level_data_quality,dataset-raw-excel-data,record,MISSING_RECALL_STATUS_NORMALIZED_TO_NONE;EXPIRATION_BEFORE_PURCHASE_REQUIRES_REVIEW;EXPIRED_ITEM_FLAG,SME/Data Governance,open,SBRN=SBRN1387
HRQ-00971,record_level_data_quality,dataset-raw-excel-data,record,MISSING_RECALL_STATUS_NORMALIZED_TO_NONE;EXPIRATION_BEFORE_PURCHASE_REQUIRES_REVIEW;EXPIRED_ITEM_FLAG,SME/Data Governance,open,SBRN=SBRN1388
HRQ-00972,record_level_data_quality,dataset-raw-excel-data,record,MISSING_RECALL_STATUS_NORMALIZED_TO_NONE;EXPIRATION_BEFORE_PURCHASE_REQUIRES_REVIEW;EXPIRED_ITEM_FLAG,SME/Data Governance,open,SBRN=SBRN1389
HRQ-00973,record_level_data_quality,dataset-raw-excel-data,record,RECALL_STATUS_MONITORING_REQUIRES_GOVERNANCE,SME/Data Governance,open,SBRN=SBRN1390
HRQ-00974,record_level_data_quality,dataset-raw-excel-data,record,RECALL_STATUS_MONITORING_REQUIRES_GOVERNANCE,SME/Data Governance,open,SBRN=SBRN1391
HRQ-00975,record_level_data_quality,dataset-raw-excel-data,record,RECALL_STATUS_MONITORING_REQUIRES_GOVERNANCE,SME/Data Governance,open,SBRN=SBRN1392
HRQ-00976,record_level_data_quality,dataset-raw-excel-data,record,RECALL_STATUS_MONITORING_REQUIRES_GOVERNANCE,SME/Data Governance,open,SBRN=SBRN1393
HRQ-00977,record_level_data_quality,dataset-raw-excel-data,record,RECALL_STATUS_MONITORING_REQUIRES_GOVERNANCE,SME/Data Governance,open,SBRN=SBRN1394
HRQ-00978,record_level_data_quality,dataset-raw-excel-data,record,MISSING_RECALL_STATUS_NORMALIZED_TO_NONE;EXPIRATION_BEFORE_PURCHASE_REQUIRES_REVIEW;EXPIRED_ITEM_FLAG,SME/Data Governance,open,SBRN=SBRN1395
HRQ-00979,record_level_data_quality,dataset-raw-excel-data,record,MISSING_RECALL_STATUS_NORMALIZED_TO_NONE;EXPIRATION_BEFORE_PURCHASE_REQUIRES_REVIEW;EXPIRED_ITEM_FLAG,SME/Data Governance,open,SBRN=SBRN1396
HRQ-00980,record_level_data_quality,dataset-raw-excel-data,record,MISSING_RECALL_STATUS_NORMALIZED_TO_NONE;EXPIRATION_BEFORE_PURCHASE_REQUIRES_REVIEW;EXPIRED_ITEM_FLAG,SME/Data Governance,open,SBRN=SBRN1397
HRQ-00981,record_level_data_quality,dataset-raw-excel-data,record,MISSING_RECALL_STATUS_NORMALIZED_TO_NONE;EXPIRATION_BEFORE_PURCHASE_REQUIRES_REVIEW;EXPIRED_ITEM_FLAG,SME/Data Governance,open,SBRN=SBRN1398
HRQ-00982,record_level_data_quality,dataset-raw-excel-data,record,MISSING_RECALL_STATUS_NORMALIZED_TO_NONE;EXPIRATION_BEFORE_PURCHASE_REQUIRES_REVIEW;EXPIRED_ITEM_FLAG,SME/Data Governance,open,SBRN=SBRN1399
HRQ-00983,record_level_data_quality,dataset-raw-excel-data,record,RECALL_STATUS_MONITORING_REQUIRES_GOVERNANCE;EXPIRED_ITEM_FLAG,SME/Data Governance,open,SBRN=SBRN1409
HRQ-00984,record_level_data_quality,dataset-raw-excel-data,record,RECALL_STATUS_MONITORING_REQUIRES_GOVERNANCE;EXPIRED_ITEM_FLAG,SME/Data Governance,open,SBRN=SBRN1410
HRQ-00985,record_level_data_quality,dataset-raw-excel-data,record,RECALL_STATUS_MONITORING_REQUIRES_GOVERNANCE;EXPIRED_ITEM_FLAG,SME/Data Governance,open,SBRN=SBRN1411
HRQ-00986,record_level_data_quality,dataset-raw-excel-data,record,RECALL_STATUS_MONITORING_REQUIRES_GOVERNANCE;EXPIRED_ITEM_FLAG,SME/Data Governance,open,SBRN=SBRN1412
HRQ-00987,record_level_data_quality,dataset-raw-excel-data,record,RECALL_STATUS_MONITORING_REQUIRES_GOVERNANCE;EXPIRED_ITEM_FLAG,SME/Data Governance,open,SBRN=SBRN1413
HRQ-00988,record_level_data_quality,dataset-raw-excel-data,record,RECALL_STATUS_MONITORING_REQUIRES_GOVERNANCE;EXPIRED_ITEM_FLAG,SME/Data Governance,open,SBRN=SBRN1414
HRQ-00989,record_level_data_quality,dataset-raw-excel-data,record,RECALL_STATUS_MONITORING_REQUIRES_GOVERNANCE;EXPIRED_ITEM_FLAG,SME/Data Governance,open,SBRN=SBRN1415
HRQ-00990,record_level_data_quality,dataset-raw-excel-data,record,RECALL_STATUS_MONITORING_REQUIRES_GOVERNANCE;EXPIRED_ITEM_FLAG,SME/Data Governance,open,SBRN=SBRN1416
HRQ-00991,record_level_data_quality,dataset-raw-excel-data,record,RECALL_STATUS_MONITORING_REQUIRES_GOVERNANCE;EXPIRED_ITEM_FLAG,SME/Data Governance,open,SBRN=SBRN1417
HRQ-00992,record_level_data_quality,dataset-raw-excel-data,record,RECALL_STATUS_MONITORING_REQUIRES_GOVERNANCE;EXPIRED_ITEM_FLAG,SME/Data Governance,open,SBRN=SBRN1418
HRQ-00993,record_level_data_quality,dataset-raw-excel-data,record,RECALL_STATUS_MONITORING_REQUIRES_GOVERNANCE;EXPIRED_ITEM_FLAG,SME/Data Governance,open,SBRN=SBRN1419
HRQ-00994,record_level_data_quality,dataset-raw-excel-data,record,RECALL_STATUS_MONITORING_REQUIRES_GOVERNANCE;EXPIRED_ITEM_FLAG,SME/Data Governance,open,SBRN=SBRN1420
HRQ-00995,record_level_data_quality,dataset-raw-excel-data,record,RECALL_STATUS_MONITORING_REQUIRES_GOVERNANCE;EXPIRED_ITEM_FLAG,SME/Data Governance,open,SBRN=SBRN1421
HRQ-00996,record_level_data_quality,dataset-raw-excel-data,record,EXPIRATION_BEFORE_PURCHASE_REQUIRES_REVIEW;EXPIRED_ITEM_FLAG,SME/Data Governance,open,SBRN=SBRN1422
HRQ-00997,record_level_data_quality,dataset-raw-excel-data,record,EXPIRATION_BEFORE_PURCHASE_REQUIRES_REVIEW;EXPIRED_ITEM_FLAG,SME/Data Governance,open,SBRN=SBRN1423
HRQ-00998,record_level_data_quality,dataset-raw-excel-data,record,EXPIRATION_BEFORE_PURCHASE_REQUIRES_REVIEW;EXPIRED_ITEM_FLAG,SME/Data Governance,open,SBRN=SBRN1424
HRQ-00999,record_level_data_quality,dataset-raw-excel-data,record,EXPIRATION_BEFORE_PURCHASE_REQUIRES_REVIEW;EXPIRED_ITEM_FLAG,SME/Data Governance,open,SBRN=SBRN1425
HRQ-01000,record_level_data_quality,dataset-raw-excel-data,record,MISSING_RECALL_STATUS_NORMALIZED_TO_NONE;FUTURE_PURCHASE_DATE_REQUIRES_REVIEW;EXPIRATION_BEFORE_PURCHASE_REQUIRES_REVIEW,SME/Data Governance,open,SBRN=SBRN1428
HRQ-01001,record_level_data_quality,dataset-raw-excel-data,record,MISSING_RECALL_STATUS_NORMALIZED_TO_NONE;FUTURE_PURCHASE_DATE_REQUIRES_REVIEW;EXPIRATION_BEFORE_PURCHASE_REQUIRES_REVIEW,SME/Data Governance,open,SBRN=SBRN1429
HRQ-01002,record_level_data_quality,dataset-raw-excel-data,record,MISSING_RECALL_STATUS_NORMALIZED_TO_NONE;FUTURE_PURCHASE_DATE_REQUIRES_REVIEW;EXPIRATION_BEFORE_PURCHASE_REQUIRES_REVIEW,SME/Data Governance,open,SBRN=SBRN1430
HRQ-01003,record_level_data_quality,dataset-raw-excel-data,record,MISSING_RECALL_STATUS_NORMALIZED_TO_NONE;FUTURE_PURCHASE_DATE_REQUIRES_REVIEW;EXPIRATION_BEFORE_PURCHASE_REQUIRES_REVIEW,SME/Data Governance,open,SBRN=SBRN1431
HRQ-01004,record_level_data_quality,dataset-raw-excel-data,record,MISSING_RECALL_STATUS_NORMALIZED_TO_NONE;FUTURE_PURCHASE_DATE_REQUIRES_REVIEW;EXPIRATION_BEFORE_PURCHASE_REQUIRES_REVIEW,SME/Data Governance,open,SBRN=SBRN1432
HRQ-01005,record_level_data_quality,dataset-raw-excel-data,record,MISSING_RECALL_STATUS_NORMALIZED_TO_NONE;FUTURE_PURCHASE_DATE_REQUIRES_REVIEW;EXPIRATION_BEFORE_PURCHASE_REQUIRES_REVIEW,SME/Data Governance,open,SBRN=SBRN1433
HRQ-01006,record_level_data_quality,dataset-raw-excel-data,record,MISSING_RECALL_STATUS_NORMALIZED_TO_NONE;FUTURE_PURCHASE_DATE_REQUIRES_REVIEW;EXPIRATION_BEFORE_PURCHASE_REQUIRES_REVIEW,SME/Data Governance,open,SBRN=SBRN1434
HRQ-01007,record_level_data_quality,dataset-raw-excel-data,record,MISSING_RECALL_STATUS_NORMALIZED_TO_NONE;FUTURE_PURCHASE_DATE_REQUIRES_REVIEW;EXPIRATION_BEFORE_PURCHASE_REQUIRES_REVIEW,SME/Data Governance,open,SBRN=SBRN1435
HRQ-01008,record_level_data_quality,dataset-raw-excel-data,record,RECALL_STATUS_MONITORING_REQUIRES_GOVERNANCE;EXPIRATION_BEFORE_PURCHASE_REQUIRES_REVIEW;EXPIRED_ITEM_FLAG,SME/Data Governance,open,SBRN=SBRN1442
HRQ-01009,record_level_data_quality,dataset-raw-excel-data,record,RECALL_STATUS_MONITORING_REQUIRES_GOVERNANCE;EXPIRATION_BEFORE_PURCHASE_REQUIRES_REVIEW;EXPIRED_ITEM_FLAG,SME/Data Governance,open,SBRN=SBRN1443
HRQ-01010,record_level_data_quality,dataset-raw-excel-data,record,RECALL_STATUS_MONITORING_REQUIRES_GOVERNANCE;EXPIRATION_BEFORE_PURCHASE_REQUIRES_REVIEW;EXPIRED_ITEM_FLAG,SME/Data Governance,open,SBRN=SBRN1444
HRQ-01011,record_level_data_quality,dataset-raw-excel-data,record,RECALL_STATUS_MONITORING_REQUIRES_GOVERNANCE;EXPIRATION_BEFORE_PURCHASE_REQUIRES_REVIEW;EXPIRED_ITEM_FLAG,SME/Data Governance,open,SBRN=SBRN1445
HRQ-01012,record_level_data_quality,dataset-raw-excel-data,record,RECALL_STATUS_MONITORING_REQUIRES_GOVERNANCE;EXPIRED_ITEM_FLAG,SME/Data Governance,open,SBRN=SBRN1446
HRQ-01013,record_level_data_quality,dataset-raw-excel-data,record,RECALL_STATUS_MONITORING_REQUIRES_GOVERNANCE;EXPIRED_ITEM_FLAG,SME/Data Governance,open,SBRN=SBRN1447
HRQ-01014,record_level_data_quality,dataset-raw-excel-data,record,RECALL_STATUS_MONITORING_REQUIRES_GOVERNANCE;FUTURE_PURCHASE_DATE_REQUIRES_REVIEW;EXPIRATION_BEFORE_PURCHASE_REQUIRES_REVIEW;EXPIRED_ITEM_FLAG,SME/Data Governance,open,SBRN=SBRN1452
HRQ-01015,record_level_data_quality,dataset-raw-excel-data,record,RECALL_STATUS_MONITORING_REQUIRES_GOVERNANCE;FUTURE_PURCHASE_DATE_REQUIRES_REVIEW;EXPIRATION_BEFORE_PURCHASE_REQUIRES_REVIEW;EXPIRED_ITEM_FLAG,SME/Data Governance,open,SBRN=SBRN1453
HRQ-01016,record_level_data_quality,dataset-raw-excel-data,record,RECALL_STATUS_MONITORING_REQUIRES_GOVERNANCE;FUTURE_PURCHASE_DATE_REQUIRES_REVIEW;EXPIRATION_BEFORE_PURCHASE_REQUIRES_REVIEW;EXPIRED_ITEM_FLAG,SME/Data Governance,open,SBRN=SBRN1454
HRQ-01017,record_level_data_quality,dataset-raw-excel-data,record,RECALL_STATUS_MONITORING_REQUIRES_GOVERNANCE;FUTURE_PURCHASE_DATE_REQUIRES_REVIEW;EXPIRATION_BEFORE_PURCHASE_REQUIRES_REVIEW;EXPIRED_ITEM_FLAG,SME/Data Governance,open,SBRN=SBRN1455
HRQ-01018,record_level_data_quality,dataset-raw-excel-data,record,FUTURE_PURCHASE_DATE_REQUIRES_REVIEW,SME/Data Governance,open,SBRN=SBRN1463
HRQ-01019,record_level_data_quality,dataset-raw-excel-data,record,FUTURE_PURCHASE_DATE_REQUIRES_REVIEW,SME/Data Governance,open,SBRN=SBRN1464
HRQ-01020,record_level_data_quality,dataset-raw-excel-data,record,FUTURE_PURCHASE_DATE_REQUIRES_REVIEW,SME/Data Governance,open,SBRN=SBRN1465
HRQ-01021,record_level_data_quality,dataset-raw-excel-data,record,FUTURE_PURCHASE_DATE_REQUIRES_REVIEW,SME/Data Governance,open,SBRN=SBRN1466
HRQ-01022,record_level_data_quality,dataset-raw-excel-data,record,FUTURE_PURCHASE_DATE_REQUIRES_REVIEW,SME/Data Governance,open,SBRN=SBRN1467
HRQ-01023,record_level_data_quality,dataset-raw-excel-data,record,FUTURE_PURCHASE_DATE_REQUIRES_REVIEW,SME/Data Governance,open,SBRN=SBRN1468
HRQ-01024,record_level_data_quality,dataset-raw-excel-data,record,FUTURE_PURCHASE_DATE_REQUIRES_REVIEW,SME/Data Governance,open,SBRN=SBRN1469
HRQ-01025,record_level_data_quality,dataset-raw-excel-data,record,RECALL_STATUS_MONITORING_REQUIRES_GOVERNANCE;EXPIRATION_BEFORE_PURCHASE_REQUIRES_REVIEW;EXPIRED_ITEM_FLAG,SME/Data Governance,open,SBRN=SBRN1470
HRQ-01026,record_level_data_quality,dataset-raw-excel-data,record,RECALL_STATUS_MONITORING_REQUIRES_GOVERNANCE;EXPIRATION_BEFORE_PURCHASE_REQUIRES_REVIEW;EXPIRED_ITEM_FLAG,SME/Data Governance,open,SBRN=SBRN1471
HRQ-01027,record_level_data_quality,dataset-raw-excel-data,record,RECALL_STATUS_MONITORING_REQUIRES_GOVERNANCE;EXPIRATION_BEFORE_PURCHASE_REQUIRES_REVIEW;EXPIRED_ITEM_FLAG,SME/Data Governance,open,SBRN=SBRN1472
HRQ-01028,record_level_data_quality,dataset-raw-excel-data,record,RECALL_STATUS_MONITORING_REQUIRES_GOVERNANCE;EXPIRATION_BEFORE_PURCHASE_REQUIRES_REVIEW;EXPIRED_ITEM_FLAG,SME/Data Governance,open,SBRN=SBRN1473
HRQ-01029,record_level_data_quality,dataset-raw-excel-data,record,EXPIRATION_BEFORE_PURCHASE_REQUIRES_REVIEW;EXPIRED_ITEM_FLAG,SME/Data Governance,open,SBRN=SBRN1474
HRQ-01030,record_level_data_quality,dataset-raw-excel-data,record,EXPIRATION_BEFORE_PURCHASE_REQUIRES_REVIEW;EXPIRED_ITEM_FLAG,SME/Data Governance,open,SBRN=SBRN1475
HRQ-01031,record_level_data_quality,dataset-raw-excel-data,record,EXPIRATION_BEFORE_PURCHASE_REQUIRES_REVIEW;EXPIRED_ITEM_FLAG,SME/Data Governance,open,SBRN=SBRN1476
HRQ-01032,record_level_data_quality,dataset-raw-excel-data,record,EXPIRATION_BEFORE_PURCHASE_REQUIRES_REVIEW;EXPIRED_ITEM_FLAG,SME/Data Governance,open,SBRN=SBRN1477
HRQ-01033,record_level_data_quality,dataset-raw-excel-data,record,EXPIRATION_BEFORE_PURCHASE_REQUIRES_REVIEW;EXPIRED_ITEM_FLAG,SME/Data Governance,open,SBRN=SBRN1478
HRQ-01034,record_level_data_quality,dataset-raw-excel-data,record,EXPIRATION_BEFORE_PURCHASE_REQUIRES_REVIEW;EXPIRED_ITEM_FLAG,SME/Data Governance,open,SBRN=SBRN1479
HRQ-01035,record_level_data_quality,dataset-raw-excel-data,record,EXPIRATION_BEFORE_PURCHASE_REQUIRES_REVIEW;EXPIRED_ITEM_FLAG,SME/Data Governance,open,SBRN=SBRN1480
HRQ-01036,record_level_data_quality,dataset-raw-excel-data,record,EXPIRATION_BEFORE_PURCHASE_REQUIRES_REVIEW;EXPIRED_ITEM_FLAG,SME/Data Governance,open,SBRN=SBRN1481
HRQ-01037,record_level_data_quality,dataset-raw-excel-data,record,RECALL_STATUS_MONITORING_REQUIRES_GOVERNANCE,SME/Data Governance,open,SBRN=SBRN1482
HRQ-01038,record_level_data_quality,dataset-raw-excel-data,record,RECALL_STATUS_MONITORING_REQUIRES_GOVERNANCE,SME/Data Governance,open,SBRN=SBRN1483
HRQ-01039,record_level_data_quality,dataset-raw-excel-data,record,RECALL_STATUS_MONITORING_REQUIRES_GOVERNANCE,SME/Data Governance,open,SBRN=SBRN1484
HRQ-01040,record_level_data_quality,dataset-raw-excel-data,record,RECALL_STATUS_MONITORING_REQUIRES_GOVERNANCE,SME/Data Governance,open,SBRN=SBRN1485
HRQ-01041,record_level_data_quality,dataset-raw-excel-data,record,RECALL_STATUS_MONITORING_REQUIRES_GOVERNANCE,SME/Data Governance,open,SBRN=SBRN1486
HRQ-01042,record_level_data_quality,dataset-raw-excel-data,record,RECALL_STATUS_MONITORING_REQUIRES_GOVERNANCE,SME/Data Governance,open,SBRN=SBRN1487
HRQ-01043,record_level_data_quality,dataset-raw-excel-data,record,MISSING_RECALL_STATUS_NORMALIZED_TO_NONE;FUTURE_PURCHASE_DATE_REQUIRES_REVIEW;EXPIRATION_BEFORE_PURCHASE_REQUIRES_REVIEW,SME/Data Governance,open,SBRN=SBRN1488
HRQ-01044,record_level_data_quality,dataset-raw-excel-data,record,RECALL_STATUS_MONITORING_REQUIRES_GOVERNANCE;EXPIRATION_BEFORE_PURCHASE_REQUIRES_REVIEW;EXPIRED_ITEM_FLAG,SME/Data Governance,open,SBRN=SBRN1489
HRQ-01045,record_level_data_quality,dataset-raw-excel-data,record,RECALL_STATUS_MONITORING_REQUIRES_GOVERNANCE;EXPIRATION_BEFORE_PURCHASE_REQUIRES_REVIEW;EXPIRED_ITEM_FLAG,SME/Data Governance,open,SBRN=SBRN1490
HRQ-01046,record_level_data_quality,dataset-raw-excel-data,record,MISSING_RECALL_STATUS_NORMALIZED_TO_NONE;EXPIRATION_BEFORE_PURCHASE_REQUIRES_REVIEW;EXPIRED_ITEM_FLAG,SME/Data Governance,open,SBRN=SBRN1491
HRQ-01047,record_level_data_quality,dataset-raw-excel-data,record,MISSING_RECALL_STATUS_NORMALIZED_TO_NONE;EXPIRATION_BEFORE_PURCHASE_REQUIRES_REVIEW;EXPIRED_ITEM_FLAG,SME/Data Governance,open,SBRN=SBRN1492
HRQ-01048,record_level_data_quality,dataset-raw-excel-data,record,MISSING_RECALL_STATUS_NORMALIZED_TO_NONE;EXPIRATION_BEFORE_PURCHASE_REQUIRES_REVIEW;EXPIRED_ITEM_FLAG,SME/Data Governance,open,SBRN=SBRN1493
HRQ-01049,record_level_data_quality,dataset-raw-excel-data,record,MISSING_RECALL_STATUS_NORMALIZED_TO_NONE;EXPIRATION_BEFORE_PURCHASE_REQUIRES_REVIEW;EXPIRED_ITEM_FLAG,SME/Data Governance,open,SBRN=SBRN1494
HRQ-01050,record_level_data_quality,dataset-raw-excel-data,record,MISSING_RECALL_STATUS_NORMALIZED_TO_NONE;EXPIRATION_BEFORE_PURCHASE_REQUIRES_REVIEW;EXPIRED_ITEM_FLAG,SME/Data Governance,open,SBRN=SBRN1495
HRQ-01051,record_level_data_quality,dataset-raw-excel-data,record,MISSING_RECALL_STATUS_NORMALIZED_TO_NONE;FUTURE_PURCHASE_DATE_REQUIRES_REVIEW;EXPIRATION_BEFORE_PURCHASE_REQUIRES_REVIEW;EXPIRED_ITEM_FLAG,SME/Data Governance,open,SBRN=SBRN1501
HRQ-01052,record_level_data_quality,dataset-raw-excel-data,record,MISSING_RECALL_STATUS_NORMALIZED_TO_NONE;FUTURE_PURCHASE_DATE_REQUIRES_REVIEW;EXPIRATION_BEFORE_PURCHASE_REQUIRES_REVIEW;EXPIRED_ITEM_FLAG,SME/Data Governance,open,SBRN=SBRN1502
HRQ-01053,record_level_data_quality,dataset-raw-excel-data,record,MISSING_RECALL_STATUS_NORMALIZED_TO_NONE;FUTURE_PURCHASE_DATE_REQUIRES_REVIEW;EXPIRATION_BEFORE_PURCHASE_REQUIRES_REVIEW;EXPIRED_ITEM_FLAG,SME/Data Governance,open,SBRN=SBRN1503
HRQ-01054,record_level_data_quality,dataset-raw-excel-data,record,MISSING_RECALL_STATUS_NORMALIZED_TO_NONE;FUTURE_PURCHASE_DATE_REQUIRES_REVIEW;EXPIRATION_BEFORE_PURCHASE_REQUIRES_REVIEW;EXPIRED_ITEM_FLAG,SME/Data Governance,open,SBRN=SBRN1504
HRQ-01055,record_level_data_quality,dataset-raw-excel-data,record,MISSING_RECALL_STATUS_NORMALIZED_TO_NONE;FUTURE_PURCHASE_DATE_REQUIRES_REVIEW;EXPIRATION_BEFORE_PURCHASE_REQUIRES_REVIEW;EXPIRED_ITEM_FLAG,SME/Data Governance,open,SBRN=SBRN1505
HRQ-01056,record_level_data_quality,dataset-raw-excel-data,record,RECALL_STATUS_MONITORING_REQUIRES_GOVERNANCE;EXPIRATION_BEFORE_PURCHASE_REQUIRES_REVIEW;EXPIRED_ITEM_FLAG,SME/Data Governance,open,SBRN=SBRN1510
HRQ-01057,record_level_data_quality,dataset-raw-excel-data,record,RECALL_STATUS_MONITORING_REQUIRES_GOVERNANCE;EXPIRATION_BEFORE_PURCHASE_REQUIRES_REVIEW;EXPIRED_ITEM_FLAG,SME/Data Governance,open,SBRN=SBRN1511
HRQ-01058,record_level_data_quality,dataset-raw-excel-data,record,RECALL_STATUS_MONITORING_REQUIRES_GOVERNANCE;EXPIRATION_BEFORE_PURCHASE_REQUIRES_REVIEW;EXPIRED_ITEM_FLAG,SME/Data Governance,open,SBRN=SBRN1512
HRQ-01059,record_level_data_quality,dataset-raw-excel-data,record,EXPIRATION_BEFORE_PURCHASE_REQUIRES_REVIEW;EXPIRED_ITEM_FLAG,SME/Data Governance,open,SBRN=SBRN1513
HRQ-01060,record_level_data_quality,dataset-raw-excel-data,record,EXPIRATION_BEFORE_PURCHASE_REQUIRES_REVIEW;EXPIRED_ITEM_FLAG,SME/Data Governance,open,SBRN=SBRN1514
HRQ-01061,record_level_data_quality,dataset-raw-excel-data,record,EXPIRATION_BEFORE_PURCHASE_REQUIRES_REVIEW;EXPIRED_ITEM_FLAG,SME/Data Governance,open,SBRN=SBRN1515
HRQ-01062,record_level_data_quality,dataset-raw-excel-data,record,EXPIRATION_BEFORE_PURCHASE_REQUIRES_REVIEW;EXPIRED_ITEM_FLAG,SME/Data Governance,open,SBRN=SBRN1516
HRQ-01063,record_level_data_quality,dataset-raw-excel-data,record,EXPIRATION_BEFORE_PURCHASE_REQUIRES_REVIEW;EXPIRED_ITEM_FLAG,SME/Data Governance,open,SBRN=SBRN1517
HRQ-01064,record_level_data_quality,dataset-raw-excel-data,record,EXPIRATION_BEFORE_PURCHASE_REQUIRES_REVIEW;EXPIRED_ITEM_FLAG,SME/Data Governance,open,SBRN=SBRN1518
HRQ-01065,record_level_data_quality,dataset-raw-excel-data,record,EXPIRATION_BEFORE_PURCHASE_REQUIRES_REVIEW;EXPIRED_ITEM_FLAG,SME/Data Governance,open,SBRN=SBRN1519
HRQ-01066,record_level_data_quality,dataset-raw-excel-data,record,EXPIRATION_BEFORE_PURCHASE_REQUIRES_REVIEW;EXPIRED_ITEM_FLAG,SME/Data Governance,open,SBRN=SBRN1520
HRQ-01067,record_level_data_quality,dataset-raw-excel-data,record,EXPIRATION_BEFORE_PURCHASE_REQUIRES_REVIEW;EXPIRED_ITEM_FLAG,SME/Data Governance,open,SBRN=SBRN1521
HRQ-01068,record_level_data_quality,dataset-raw-excel-data,record,EXPIRATION_BEFORE_PURCHASE_REQUIRES_REVIEW;EXPIRED_ITEM_FLAG,SME/Data Governance,open,SBRN=SBRN1522
HRQ-01069,record_level_data_quality,dataset-raw-excel-data,record,RECALL_STATUS_MONITORING_REQUIRES_GOVERNANCE;FUTURE_PURCHASE_DATE_REQUIRES_REVIEW;EXPIRATION_BEFORE_PURCHASE_REQUIRES_REVIEW;EXPIRED_ITEM_FLAG,SME/Data Governance,open,SBRN=SBRN1523
HRQ-01070,record_level_data_quality,dataset-raw-excel-data,record,RECALL_STATUS_MONITORING_REQUIRES_GOVERNANCE;FUTURE_PURCHASE_DATE_REQUIRES_REVIEW;EXPIRATION_BEFORE_PURCHASE_REQUIRES_REVIEW;EXPIRED_ITEM_FLAG,SME/Data Governance,open,SBRN=SBRN1524
HRQ-01071,record_level_data_quality,dataset-raw-excel-data,record,RECALL_STATUS_MONITORING_REQUIRES_GOVERNANCE;FUTURE_PURCHASE_DATE_REQUIRES_REVIEW;EXPIRATION_BEFORE_PURCHASE_REQUIRES_REVIEW;EXPIRED_ITEM_FLAG,SME/Data Governance,open,SBRN=SBRN1525
HRQ-01072,record_level_data_quality,dataset-raw-excel-data,record,EXPIRATION_BEFORE_PURCHASE_REQUIRES_REVIEW;EXPIRED_ITEM_FLAG,SME/Data Governance,open,SBRN=SBRN1526
HRQ-01073,record_level_data_quality,dataset-raw-excel-data,record,EXPIRATION_BEFORE_PURCHASE_REQUIRES_REVIEW;EXPIRED_ITEM_FLAG,SME/Data Governance,open,SBRN=SBRN1527
HRQ-01074,record_level_data_quality,dataset-raw-excel-data,record,EXPIRATION_BEFORE_PURCHASE_REQUIRES_REVIEW;EXPIRED_ITEM_FLAG,SME/Data Governance,open,SBRN=SBRN1528
HRQ-01075,record_level_data_quality,dataset-raw-excel-data,record,FUTURE_PURCHASE_DATE_REQUIRES_REVIEW;EXPIRATION_BEFORE_PURCHASE_REQUIRES_REVIEW;EXPIRED_ITEM_FLAG,SME/Data Governance,open,SBRN=SBRN1529
HRQ-01076,record_level_data_quality,dataset-raw-excel-data,record,FUTURE_PURCHASE_DATE_REQUIRES_REVIEW;EXPIRATION_BEFORE_PURCHASE_REQUIRES_REVIEW;EXPIRED_ITEM_FLAG,SME/Data Governance,open,SBRN=SBRN1530
HRQ-01077,record_level_data_quality,dataset-raw-excel-data,record,FUTURE_PURCHASE_DATE_REQUIRES_REVIEW;EXPIRATION_BEFORE_PURCHASE_REQUIRES_REVIEW;EXPIRED_ITEM_FLAG,SME/Data Governance,open,SBRN=SBRN1531
HRQ-01078,record_level_data_quality,dataset-raw-excel-data,record,FUTURE_PURCHASE_DATE_REQUIRES_REVIEW;EXPIRATION_BEFORE_PURCHASE_REQUIRES_REVIEW;EXPIRED_ITEM_FLAG,SME/Data Governance,open,SBRN=SBRN1532
HRQ-01079,record_level_data_quality,dataset-raw-excel-data,record,FUTURE_PURCHASE_DATE_REQUIRES_REVIEW;EXPIRATION_BEFORE_PURCHASE_REQUIRES_REVIEW;EXPIRED_ITEM_FLAG,SME/Data Governance,open,SBRN=SBRN1533
HRQ-01080,record_level_data_quality,dataset-raw-excel-data,record,RECALL_STATUS_MONITORING_REQUIRES_GOVERNANCE;FUTURE_PURCHASE_DATE_REQUIRES_REVIEW;EXPIRATION_BEFORE_PURCHASE_REQUIRES_REVIEW;EXPIRED_ITEM_FLAG,SME/Data Governance,open,SBRN=SBRN1534
HRQ-01081,record_level_data_quality,dataset-raw-excel-data,record,RECALL_STATUS_MONITORING_REQUIRES_GOVERNANCE;FUTURE_PURCHASE_DATE_REQUIRES_REVIEW;EXPIRATION_BEFORE_PURCHASE_REQUIRES_REVIEW;EXPIRED_ITEM_FLAG,SME/Data Governance,open,SBRN=SBRN1535
HRQ-01082,record_level_data_quality,dataset-raw-excel-data,record,RECALL_STATUS_MONITORING_REQUIRES_GOVERNANCE;EXPIRED_ITEM_FLAG,SME/Data Governance,open,SBRN=SBRN1536
HRQ-01083,record_level_data_quality,dataset-raw-excel-data,record,RECALL_STATUS_MONITORING_REQUIRES_GOVERNANCE;EXPIRED_ITEM_FLAG,SME/Data Governance,open,SBRN=SBRN1537
HRQ-01084,record_level_data_quality,dataset-raw-excel-data,record,RECALL_STATUS_MONITORING_REQUIRES_GOVERNANCE;EXPIRED_ITEM_FLAG,SME/Data Governance,open,SBRN=SBRN1538
HRQ-01085,record_level_data_quality,dataset-raw-excel-data,record,RECALL_STATUS_MONITORING_REQUIRES_GOVERNANCE;EXPIRED_ITEM_FLAG,SME/Data Governance,open,SBRN=SBRN1539
HRQ-01086,record_level_data_quality,dataset-raw-excel-data,record,RECALL_STATUS_MONITORING_REQUIRES_GOVERNANCE;EXPIRED_ITEM_FLAG,SME/Data Governance,open,SBRN=SBRN1540
HRQ-01087,record_level_data_quality,dataset-raw-excel-data,record,RECALL_STATUS_MONITORING_REQUIRES_GOVERNANCE;EXPIRED_ITEM_FLAG,SME/Data Governance,open,SBRN=SBRN1541
HRQ-01088,record_level_data_quality,dataset-raw-excel-data,record,RECALL_STATUS_MONITORING_REQUIRES_GOVERNANCE;EXPIRED_ITEM_FLAG,SME/Data Governance,open,SBRN=SBRN1542
HRQ-01089,record_level_data_quality,dataset-raw-excel-data,record,RECALL_STATUS_MONITORING_REQUIRES_GOVERNANCE;EXPIRED_ITEM_FLAG,SME/Data Governance,open,SBRN=SBRN1543
HRQ-01090,record_level_data_quality,dataset-raw-excel-data,record,MISSING_RECALL_STATUS_NORMALIZED_TO_NONE;FUTURE_PURCHASE_DATE_REQUIRES_REVIEW;EXPIRATION_BEFORE_PURCHASE_REQUIRES_REVIEW;EXPIRED_ITEM_FLAG,SME/Data Governance,open,SBRN=SBRN1544
HRQ-01091,record_level_data_quality,dataset-raw-excel-data,record,MISSING_RECALL_STATUS_NORMALIZED_TO_NONE;FUTURE_PURCHASE_DATE_REQUIRES_REVIEW;EXPIRATION_BEFORE_PURCHASE_REQUIRES_REVIEW;EXPIRED_ITEM_FLAG,SME/Data Governance,open,SBRN=SBRN1545
HRQ-01092,record_level_data_quality,dataset-raw-excel-data,record,MISSING_RECALL_STATUS_NORMALIZED_TO_NONE;FUTURE_PURCHASE_DATE_REQUIRES_REVIEW;EXPIRATION_BEFORE_PURCHASE_REQUIRES_REVIEW;EXPIRED_ITEM_FLAG,SME/Data Governance,open,SBRN=SBRN1546
HRQ-01093,record_level_data_quality,dataset-raw-excel-data,record,MISSING_RECALL_STATUS_NORMALIZED_TO_NONE;FUTURE_PURCHASE_DATE_REQUIRES_REVIEW;EXPIRATION_BEFORE_PURCHASE_REQUIRES_REVIEW;EXPIRED_ITEM_FLAG,SME/Data Governance,open,SBRN=SBRN1547
HRQ-01094,record_level_data_quality,dataset-raw-excel-data,record,MISSING_RECALL_STATUS_NORMALIZED_TO_NONE;FUTURE_PURCHASE_DATE_REQUIRES_REVIEW;EXPIRATION_BEFORE_PURCHASE_REQUIRES_REVIEW;EXPIRED_ITEM_FLAG,SME/Data Governance,open,SBRN=SBRN1548
HRQ-01095,record_level_data_quality,dataset-raw-excel-data,record,MISSING_RECALL_STATUS_NORMALIZED_TO_NONE;FUTURE_PURCHASE_DATE_REQUIRES_REVIEW;EXPIRATION_BEFORE_PURCHASE_REQUIRES_REVIEW;EXPIRED_ITEM_FLAG,SME/Data Governance,open,SBRN=SBRN1549
HRQ-01096,record_level_data_quality,dataset-raw-excel-data,record,EXPIRATION_BEFORE_PURCHASE_REQUIRES_REVIEW;EXPIRED_ITEM_FLAG,SME/Data Governance,open,SBRN=SBRN1550
HRQ-01097,record_level_data_quality,dataset-raw-excel-data,record,EXPIRATION_BEFORE_PURCHASE_REQUIRES_REVIEW;EXPIRED_ITEM_FLAG,SME/Data Governance,open,SBRN=SBRN1551
HRQ-01098,record_level_data_quality,dataset-raw-excel-data,record,EXPIRATION_BEFORE_PURCHASE_REQUIRES_REVIEW;EXPIRED_ITEM_FLAG,SME/Data Governance,open,SBRN=SBRN1552
HRQ-01099,record_level_data_quality,dataset-raw-excel-data,record,EXPIRATION_BEFORE_PURCHASE_REQUIRES_REVIEW;EXPIRED_ITEM_FLAG,SME/Data Governance,open,SBRN=SBRN1553
HRQ-01100,record_level_data_quality,dataset-raw-excel-data,record,RECALL_STATUS_MONITORING_REQUIRES_GOVERNANCE;EXPIRED_ITEM_FLAG,SME/Data Governance,open,SBRN=SBRN1558
HRQ-01101,record_level_data_quality,dataset-raw-excel-data,record,RECALL_STATUS_MONITORING_REQUIRES_GOVERNANCE;EXPIRED_ITEM_FLAG,SME/Data Governance,open,SBRN=SBRN1559
HRQ-01102,record_level_data_quality,dataset-raw-excel-data,record,RECALL_STATUS_MONITORING_REQUIRES_GOVERNANCE;EXPIRED_ITEM_FLAG,SME/Data Governance,open,SBRN=SBRN1560
HRQ-01103,record_level_data_quality,dataset-raw-excel-data,record,RECALL_STATUS_MONITORING_REQUIRES_GOVERNANCE;EXPIRED_ITEM_FLAG,SME/Data Governance,open,SBRN=SBRN1561
HRQ-01104,record_level_data_quality,dataset-raw-excel-data,record,RECALL_STATUS_MONITORING_REQUIRES_GOVERNANCE;EXPIRED_ITEM_FLAG,SME/Data Governance,open,SBRN=SBRN1562
HRQ-01105,record_level_data_quality,dataset-raw-excel-data,record,RECALL_STATUS_MONITORING_REQUIRES_GOVERNANCE;EXPIRED_ITEM_FLAG,SME/Data Governance,open,SBRN=SBRN1563
HRQ-01106,record_level_data_quality,dataset-raw-excel-data,record,RECALL_STATUS_MONITORING_REQUIRES_GOVERNANCE;EXPIRED_ITEM_FLAG,SME/Data Governance,open,SBRN=SBRN1564
HRQ-01107,record_level_data_quality,dataset-raw-excel-data,record,RECALL_STATUS_MONITORING_REQUIRES_GOVERNANCE;EXPIRED_ITEM_FLAG,SME/Data Governance,open,SBRN=SBRN1565
HRQ-01108,record_level_data_quality,dataset-raw-excel-data,record,RECALL_STATUS_MONITORING_REQUIRES_GOVERNANCE;EXPIRED_ITEM_FLAG,SME/Data Governance,open,SBRN=SBRN1566
HRQ-01109,record_level_data_quality,dataset-raw-excel-data,record,RECALL_STATUS_MONITORING_REQUIRES_GOVERNANCE;EXPIRED_ITEM_FLAG,SME/Data Governance,open,SBRN=SBRN1567
HRQ-01110,record_level_data_quality,dataset-raw-excel-data,record,RECALL_STATUS_MONITORING_REQUIRES_GOVERNANCE;EXPIRED_ITEM_FLAG,SME/Data Governance,open,SBRN=SBRN1568
HRQ-01111,record_level_data_quality,dataset-raw-excel-data,record,RECALL_STATUS_MONITORING_REQUIRES_GOVERNANCE;EXPIRED_ITEM_FLAG,SME/Data Governance,open,SBRN=SBRN1569
HRQ-01112,record_level_data_quality,dataset-raw-excel-data,record,RECALL_STATUS_MONITORING_REQUIRES_GOVERNANCE;EXPIRED_ITEM_FLAG,SME/Data Governance,open,SBRN=SBRN1570
HRQ-01113,record_level_data_quality,dataset-raw-excel-data,record,RECALL_STATUS_MONITORING_REQUIRES_GOVERNANCE;EXPIRED_ITEM_FLAG,SME/Data Governance,open,SBRN=SBRN1571
HRQ-01114,record_level_data_quality,dataset-raw-excel-data,record,RECALL_STATUS_MONITORING_REQUIRES_GOVERNANCE;EXPIRED_ITEM_FLAG,SME/Data Governance,open,SBRN=SBRN1572
HRQ-01115,record_level_data_quality,dataset-raw-excel-data,record,FUTURE_PURCHASE_DATE_REQUIRES_REVIEW;EXPIRATION_BEFORE_PURCHASE_REQUIRES_REVIEW;EXPIRED_ITEM_FLAG,SME/Data Governance,open,SBRN=SBRN1573
HRQ-01116,record_level_data_quality,dataset-raw-excel-data,record,RECALL_STATUS_MONITORING_REQUIRES_GOVERNANCE;FUTURE_PURCHASE_DATE_REQUIRES_REVIEW;EXPIRATION_BEFORE_PURCHASE_REQUIRES_REVIEW;EXPIRED_ITEM_FLAG,SME/Data Governance,open,SBRN=SBRN1578
HRQ-01117,record_level_data_quality,dataset-raw-excel-data,record,RECALL_STATUS_MONITORING_REQUIRES_GOVERNANCE;FUTURE_PURCHASE_DATE_REQUIRES_REVIEW;EXPIRATION_BEFORE_PURCHASE_REQUIRES_REVIEW;EXPIRED_ITEM_FLAG,SME/Data Governance,open,SBRN=SBRN1579
HRQ-01118,record_level_data_quality,dataset-raw-excel-data,record,RECALL_STATUS_MONITORING_REQUIRES_GOVERNANCE;FUTURE_PURCHASE_DATE_REQUIRES_REVIEW;EXPIRATION_BEFORE_PURCHASE_REQUIRES_REVIEW;EXPIRED_ITEM_FLAG,SME/Data Governance,open,SBRN=SBRN1580
HRQ-01119,record_level_data_quality,dataset-raw-excel-data,record,RECALL_STATUS_MONITORING_REQUIRES_GOVERNANCE;FUTURE_PURCHASE_DATE_REQUIRES_REVIEW;EXPIRATION_BEFORE_PURCHASE_REQUIRES_REVIEW;EXPIRED_ITEM_FLAG,SME/Data Governance,open,SBRN=SBRN1581
HRQ-01120,record_level_data_quality,dataset-raw-excel-data,record,RECALL_STATUS_MONITORING_REQUIRES_GOVERNANCE;FUTURE_PURCHASE_DATE_REQUIRES_REVIEW;EXPIRATION_BEFORE_PURCHASE_REQUIRES_REVIEW;EXPIRED_ITEM_FLAG,SME/Data Governance,open,SBRN=SBRN1582
HRQ-01121,record_level_data_quality,dataset-raw-excel-data,record,RECALL_STATUS_MONITORING_REQUIRES_GOVERNANCE;FUTURE_PURCHASE_DATE_REQUIRES_REVIEW;EXPIRATION_BEFORE_PURCHASE_REQUIRES_REVIEW;EXPIRED_ITEM_FLAG,SME/Data Governance,open,SBRN=SBRN1583
HRQ-01122,record_level_data_quality,dataset-raw-excel-data,record,RECALL_STATUS_MONITORING_REQUIRES_GOVERNANCE;FUTURE_PURCHASE_DATE_REQUIRES_REVIEW;EXPIRATION_BEFORE_PURCHASE_REQUIRES_REVIEW;EXPIRED_ITEM_FLAG,SME/Data Governance,open,SBRN=SBRN1584
HRQ-01123,record_level_data_quality,dataset-raw-excel-data,record,RECALL_STATUS_MONITORING_REQUIRES_GOVERNANCE;FUTURE_PURCHASE_DATE_REQUIRES_REVIEW;EXPIRATION_BEFORE_PURCHASE_REQUIRES_REVIEW;EXPIRED_ITEM_FLAG,SME/Data Governance,open,SBRN=SBRN1585
HRQ-01124,record_level_data_quality,dataset-raw-excel-data,record,MISSING_RECALL_STATUS_NORMALIZED_TO_NONE;EXPIRATION_BEFORE_PURCHASE_REQUIRES_REVIEW;EXPIRED_ITEM_FLAG,SME/Data Governance,open,SBRN=SBRN1586
HRQ-01125,record_level_data_quality,dataset-raw-excel-data,record,MISSING_RECALL_STATUS_NORMALIZED_TO_NONE;EXPIRATION_BEFORE_PURCHASE_REQUIRES_REVIEW;EXPIRED_ITEM_FLAG,SME/Data Governance,open,SBRN=SBRN1587
HRQ-01126,record_level_data_quality,dataset-raw-excel-data,record,MISSING_RECALL_STATUS_NORMALIZED_TO_NONE;EXPIRATION_BEFORE_PURCHASE_REQUIRES_REVIEW;EXPIRED_ITEM_FLAG,SME/Data Governance,open,SBRN=SBRN1588
HRQ-01127,record_level_data_quality,dataset-raw-excel-data,record,MISSING_RECALL_STATUS_NORMALIZED_TO_NONE;EXPIRATION_BEFORE_PURCHASE_REQUIRES_REVIEW;EXPIRED_ITEM_FLAG,SME/Data Governance,open,SBRN=SBRN1589
HRQ-01128,record_level_data_quality,dataset-raw-excel-data,record,MISSING_RECALL_STATUS_NORMALIZED_TO_NONE;FUTURE_PURCHASE_DATE_REQUIRES_REVIEW;EXPIRATION_BEFORE_PURCHASE_REQUIRES_REVIEW;EXPIRED_ITEM_FLAG,SME/Data Governance,open,SBRN=SBRN1590
HRQ-01129,record_level_data_quality,dataset-raw-excel-data,record,MISSING_RECALL_STATUS_NORMALIZED_TO_NONE;FUTURE_PURCHASE_DATE_REQUIRES_REVIEW;EXPIRATION_BEFORE_PURCHASE_REQUIRES_REVIEW;EXPIRED_ITEM_FLAG,SME/Data Governance,open,SBRN=SBRN1591
HRQ-01130,record_level_data_quality,dataset-raw-excel-data,record,MISSING_RECALL_STATUS_NORMALIZED_TO_NONE;FUTURE_PURCHASE_DATE_REQUIRES_REVIEW;EXPIRATION_BEFORE_PURCHASE_REQUIRES_REVIEW;EXPIRED_ITEM_FLAG,SME/Data Governance,open,SBRN=SBRN1592
HRQ-01131,record_level_data_quality,dataset-raw-excel-data,record,MISSING_RECALL_STATUS_NORMALIZED_TO_NONE;FUTURE_PURCHASE_DATE_REQUIRES_REVIEW;EXPIRATION_BEFORE_PURCHASE_REQUIRES_REVIEW;EXPIRED_ITEM_FLAG,SME/Data Governance,open,SBRN=SBRN1593
HRQ-01132,record_level_data_quality,dataset-raw-excel-data,record,MISSING_RECALL_STATUS_NORMALIZED_TO_NONE;FUTURE_PURCHASE_DATE_REQUIRES_REVIEW;EXPIRATION_BEFORE_PURCHASE_REQUIRES_REVIEW;EXPIRED_ITEM_FLAG,SME/Data Governance,open,SBRN=SBRN1594
HRQ-01133,record_level_data_quality,dataset-raw-excel-data,record,MISSING_RECALL_STATUS_NORMALIZED_TO_NONE;FUTURE_PURCHASE_DATE_REQUIRES_REVIEW;EXPIRATION_BEFORE_PURCHASE_REQUIRES_REVIEW;EXPIRED_ITEM_FLAG,SME/Data Governance,open,SBRN=SBRN1595
HRQ-01134,record_level_data_quality,dataset-raw-excel-data,record,MISSING_RECALL_STATUS_NORMALIZED_TO_NONE;FUTURE_PURCHASE_DATE_REQUIRES_REVIEW;EXPIRATION_BEFORE_PURCHASE_REQUIRES_REVIEW;EXPIRED_ITEM_FLAG,SME/Data Governance,open,SBRN=SBRN1596
HRQ-01135,record_level_data_quality,dataset-raw-excel-data,record,MISSING_RECALL_STATUS_NORMALIZED_TO_NONE;FUTURE_PURCHASE_DATE_REQUIRES_REVIEW;EXPIRATION_BEFORE_PURCHASE_REQUIRES_REVIEW,SME/Data Governance,open,SBRN=SBRN1597
HRQ-01136,record_level_data_quality,dataset-raw-excel-data,record,MISSING_RECALL_STATUS_NORMALIZED_TO_NONE;FUTURE_PURCHASE_DATE_REQUIRES_REVIEW;EXPIRATION_BEFORE_PURCHASE_REQUIRES_REVIEW,SME/Data Governance,open,SBRN=SBRN1598
HRQ-01137,record_level_data_quality,dataset-raw-excel-data,record,MISSING_RECALL_STATUS_NORMALIZED_TO_NONE;FUTURE_PURCHASE_DATE_REQUIRES_REVIEW;EXPIRATION_BEFORE_PURCHASE_REQUIRES_REVIEW,SME/Data Governance,open,SBRN=SBRN1599
HRQ-01138,record_level_data_quality,dataset-raw-excel-data,record,RECALL_STATUS_MONITORING_REQUIRES_GOVERNANCE,SME/Data Governance,open,SBRN=SBRN1600
HRQ-01139,record_level_data_quality,dataset-raw-excel-data,record,RECALL_STATUS_MONITORING_REQUIRES_GOVERNANCE,SME/Data Governance,open,SBRN=SBRN1601
HRQ-01140,record_level_data_quality,dataset-raw-excel-data,record,RECALL_STATUS_MONITORING_REQUIRES_GOVERNANCE,SME/Data Governance,open,SBRN=SBRN1602
HRQ-01141,record_level_data_quality,dataset-raw-excel-data,record,RECALL_STATUS_MONITORING_REQUIRES_GOVERNANCE,SME/Data Governance,open,SBRN=SBRN1603
HRQ-01142,record_level_data_quality,dataset-raw-excel-data,record,RECALL_STATUS_MONITORING_REQUIRES_GOVERNANCE,SME/Data Governance,open,SBRN=SBRN1604
HRQ-01143,record_level_data_quality,dataset-raw-excel-data,record,RECALL_STATUS_MONITORING_REQUIRES_GOVERNANCE,SME/Data Governance,open,SBRN=SBRN1605
HRQ-01144,record_level_data_quality,dataset-raw-excel-data,record,RECALL_STATUS_MONITORING_REQUIRES_GOVERNANCE,SME/Data Governance,open,SBRN=SBRN1606
HRQ-01145,record_level_data_quality,dataset-raw-excel-data,record,RECALL_STATUS_MONITORING_REQUIRES_GOVERNANCE,SME/Data Governance,open,SBRN=SBRN1607
HRQ-01146,record_level_data_quality,dataset-raw-excel-data,record,RECALL_STATUS_MONITORING_REQUIRES_GOVERNANCE;FUTURE_PURCHASE_DATE_REQUIRES_REVIEW;EXPIRATION_BEFORE_PURCHASE_REQUIRES_REVIEW;EXPIRED_ITEM_FLAG,SME/Data Governance,open,SBRN=SBRN1608
HRQ-01147,record_level_data_quality,dataset-raw-excel-data,record,RECALL_STATUS_MONITORING_REQUIRES_GOVERNANCE;FUTURE_PURCHASE_DATE_REQUIRES_REVIEW;EXPIRATION_BEFORE_PURCHASE_REQUIRES_REVIEW;EXPIRED_ITEM_FLAG,SME/Data Governance,open,SBRN=SBRN1609
HRQ-01148,record_level_data_quality,dataset-raw-excel-data,record,RECALL_STATUS_MONITORING_REQUIRES_GOVERNANCE;EXPIRATION_BEFORE_PURCHASE_REQUIRES_REVIEW;EXPIRED_ITEM_FLAG,SME/Data Governance,open,SBRN=SBRN1610
HRQ-01149,record_level_data_quality,dataset-raw-excel-data,record,RECALL_STATUS_MONITORING_REQUIRES_GOVERNANCE;EXPIRATION_BEFORE_PURCHASE_REQUIRES_REVIEW;EXPIRED_ITEM_FLAG,SME/Data Governance,open,SBRN=SBRN1611
HRQ-01150,record_level_data_quality,dataset-raw-excel-data,record,RECALL_STATUS_MONITORING_REQUIRES_GOVERNANCE;EXPIRATION_BEFORE_PURCHASE_REQUIRES_REVIEW;EXPIRED_ITEM_FLAG,SME/Data Governance,open,SBRN=SBRN1612
HRQ-01151,record_level_data_quality,dataset-raw-excel-data,record,RECALL_STATUS_MONITORING_REQUIRES_GOVERNANCE;EXPIRATION_BEFORE_PURCHASE_REQUIRES_REVIEW;EXPIRED_ITEM_FLAG,SME/Data Governance,open,SBRN=SBRN1613
HRQ-01152,record_level_data_quality,dataset-raw-excel-data,record,RECALL_STATUS_MONITORING_REQUIRES_GOVERNANCE;FUTURE_PURCHASE_DATE_REQUIRES_REVIEW;EXPIRATION_BEFORE_PURCHASE_REQUIRES_REVIEW,SME/Data Governance,open,SBRN=SBRN1615
HRQ-01153,record_level_data_quality,dataset-raw-excel-data,record,RECALL_STATUS_MONITORING_REQUIRES_GOVERNANCE;FUTURE_PURCHASE_DATE_REQUIRES_REVIEW;EXPIRATION_BEFORE_PURCHASE_REQUIRES_REVIEW,SME/Data Governance,open,SBRN=SBRN1616
HRQ-01154,record_level_data_quality,dataset-raw-excel-data,record,RECALL_STATUS_MONITORING_REQUIRES_GOVERNANCE;FUTURE_PURCHASE_DATE_REQUIRES_REVIEW;EXPIRATION_BEFORE_PURCHASE_REQUIRES_REVIEW,SME/Data Governance,open,SBRN=SBRN1617
HRQ-01155,record_level_data_quality,dataset-raw-excel-data,record,RECALL_STATUS_MONITORING_REQUIRES_GOVERNANCE;FUTURE_PURCHASE_DATE_REQUIRES_REVIEW;EXPIRATION_BEFORE_PURCHASE_REQUIRES_REVIEW,SME/Data Governance,open,SBRN=SBRN1618
HRQ-01156,record_level_data_quality,dataset-raw-excel-data,record,RECALL_STATUS_MONITORING_REQUIRES_GOVERNANCE;EXPIRATION_BEFORE_PURCHASE_REQUIRES_REVIEW;EXPIRED_ITEM_FLAG,SME/Data Governance,open,SBRN=SBRN1619
HRQ-01157,record_level_data_quality,dataset-raw-excel-data,record,RECALL_STATUS_MONITORING_REQUIRES_GOVERNANCE;EXPIRATION_BEFORE_PURCHASE_REQUIRES_REVIEW;EXPIRED_ITEM_FLAG,SME/Data Governance,open,SBRN=SBRN1620
HRQ-01158,record_level_data_quality,dataset-raw-excel-data,record,RECALL_STATUS_MONITORING_REQUIRES_GOVERNANCE;EXPIRATION_BEFORE_PURCHASE_REQUIRES_REVIEW;EXPIRED_ITEM_FLAG,SME/Data Governance,open,SBRN=SBRN1621
HRQ-01159,record_level_data_quality,dataset-raw-excel-data,record,RECALL_STATUS_MONITORING_REQUIRES_GOVERNANCE;EXPIRATION_BEFORE_PURCHASE_REQUIRES_REVIEW;EXPIRED_ITEM_FLAG,SME/Data Governance,open,SBRN=SBRN1622
HRQ-01160,record_level_data_quality,dataset-raw-excel-data,record,RECALL_STATUS_MONITORING_REQUIRES_GOVERNANCE,SME/Data Governance,open,SBRN=SBRN1623
HRQ-01161,record_level_data_quality,dataset-raw-excel-data,record,RECALL_STATUS_MONITORING_REQUIRES_GOVERNANCE,SME/Data Governance,open,SBRN=SBRN1624
HRQ-01162,record_level_data_quality,dataset-raw-excel-data,record,RECALL_STATUS_MONITORING_REQUIRES_GOVERNANCE,SME/Data Governance,open,SBRN=SBRN1625
HRQ-01163,record_level_data_quality,dataset-raw-excel-data,record,RECALL_STATUS_MONITORING_REQUIRES_GOVERNANCE;FUTURE_PURCHASE_DATE_REQUIRES_REVIEW;EXPIRATION_BEFORE_PURCHASE_REQUIRES_REVIEW;EXPIRED_ITEM_FLAG,SME/Data Governance,open,SBRN=SBRN1632
HRQ-01164,record_level_data_quality,dataset-raw-excel-data,record,RECALL_STATUS_MONITORING_REQUIRES_GOVERNANCE;FUTURE_PURCHASE_DATE_REQUIRES_REVIEW;EXPIRATION_BEFORE_PURCHASE_REQUIRES_REVIEW;EXPIRED_ITEM_FLAG,SME/Data Governance,open,SBRN=SBRN1633
HRQ-01165,record_level_data_quality,dataset-raw-excel-data,record,RECALL_STATUS_MONITORING_REQUIRES_GOVERNANCE;FUTURE_PURCHASE_DATE_REQUIRES_REVIEW;EXPIRATION_BEFORE_PURCHASE_REQUIRES_REVIEW;EXPIRED_ITEM_FLAG,SME/Data Governance,open,SBRN=SBRN1634
HRQ-01166,record_level_data_quality,dataset-raw-excel-data,record,RECALL_STATUS_MONITORING_REQUIRES_GOVERNANCE;FUTURE_PURCHASE_DATE_REQUIRES_REVIEW;EXPIRATION_BEFORE_PURCHASE_REQUIRES_REVIEW;EXPIRED_ITEM_FLAG,SME/Data Governance,open,SBRN=SBRN1635
HRQ-01167,record_level_data_quality,dataset-raw-excel-data,record,RECALL_STATUS_MONITORING_REQUIRES_GOVERNANCE;FUTURE_PURCHASE_DATE_REQUIRES_REVIEW;EXPIRATION_BEFORE_PURCHASE_REQUIRES_REVIEW;EXPIRED_ITEM_FLAG,SME/Data Governance,open,SBRN=SBRN1636
HRQ-01168,record_level_data_quality,dataset-raw-excel-data,record,RECALL_STATUS_MONITORING_REQUIRES_GOVERNANCE;FUTURE_PURCHASE_DATE_REQUIRES_REVIEW;EXPIRATION_BEFORE_PURCHASE_REQUIRES_REVIEW;EXPIRED_ITEM_FLAG,SME/Data Governance,open,SBRN=SBRN1637
HRQ-01169,record_level_data_quality,dataset-raw-excel-data,record,RECALL_STATUS_MONITORING_REQUIRES_GOVERNANCE;FUTURE_PURCHASE_DATE_REQUIRES_REVIEW;EXPIRATION_BEFORE_PURCHASE_REQUIRES_REVIEW;EXPIRED_ITEM_FLAG,SME/Data Governance,open,SBRN=SBRN1638
HRQ-01170,record_level_data_quality,dataset-raw-excel-data,record,RECALL_STATUS_MONITORING_REQUIRES_GOVERNANCE;FUTURE_PURCHASE_DATE_REQUIRES_REVIEW;EXPIRATION_BEFORE_PURCHASE_REQUIRES_REVIEW;EXPIRED_ITEM_FLAG,SME/Data Governance,open,SBRN=SBRN1639
HRQ-01171,record_level_data_quality,dataset-raw-excel-data,record,MISSING_RECALL_STATUS_NORMALIZED_TO_NONE;FUTURE_PURCHASE_DATE_REQUIRES_REVIEW;EXPIRATION_BEFORE_PURCHASE_REQUIRES_REVIEW,SME/Data Governance,open,SBRN=SBRN1640
HRQ-01172,record_level_data_quality,dataset-raw-excel-data,record,MISSING_RECALL_STATUS_NORMALIZED_TO_NONE;FUTURE_PURCHASE_DATE_REQUIRES_REVIEW;EXPIRATION_BEFORE_PURCHASE_REQUIRES_REVIEW,SME/Data Governance,open,SBRN=SBRN1641
HRQ-01173,record_level_data_quality,dataset-raw-excel-data,record,MISSING_RECALL_STATUS_NORMALIZED_TO_NONE;FUTURE_PURCHASE_DATE_REQUIRES_REVIEW;EXPIRATION_BEFORE_PURCHASE_REQUIRES_REVIEW,SME/Data Governance,open,SBRN=SBRN1642
HRQ-01174,record_level_data_quality,dataset-raw-excel-data,record,MISSING_RECALL_STATUS_NORMALIZED_TO_NONE;FUTURE_PURCHASE_DATE_REQUIRES_REVIEW;EXPIRATION_BEFORE_PURCHASE_REQUIRES_REVIEW,SME/Data Governance,open,SBRN=SBRN1643
HRQ-01175,record_level_data_quality,dataset-raw-excel-data,record,MISSING_RECALL_STATUS_NORMALIZED_TO_NONE;FUTURE_PURCHASE_DATE_REQUIRES_REVIEW;EXPIRATION_BEFORE_PURCHASE_REQUIRES_REVIEW,SME/Data Governance,open,SBRN=SBRN1644
HRQ-01176,record_level_data_quality,dataset-raw-excel-data,record,RECALL_STATUS_MONITORING_REQUIRES_GOVERNANCE;FUTURE_PURCHASE_DATE_REQUIRES_REVIEW,SME/Data Governance,open,SBRN=SBRN1645
HRQ-01177,record_level_data_quality,dataset-raw-excel-data,record,RECALL_STATUS_MONITORING_REQUIRES_GOVERNANCE;FUTURE_PURCHASE_DATE_REQUIRES_REVIEW,SME/Data Governance,open,SBRN=SBRN1646
HRQ-01178,record_level_data_quality,dataset-raw-excel-data,record,RECALL_STATUS_MONITORING_REQUIRES_GOVERNANCE;FUTURE_PURCHASE_DATE_REQUIRES_REVIEW,SME/Data Governance,open,SBRN=SBRN1647
HRQ-01179,record_level_data_quality,dataset-raw-excel-data,record,RECALL_STATUS_MONITORING_REQUIRES_GOVERNANCE;FUTURE_PURCHASE_DATE_REQUIRES_REVIEW,SME/Data Governance,open,SBRN=SBRN1648
HRQ-01180,record_level_data_quality,dataset-raw-excel-data,record,RECALL_STATUS_MONITORING_REQUIRES_GOVERNANCE;FUTURE_PURCHASE_DATE_REQUIRES_REVIEW,SME/Data Governance,open,SBRN=SBRN1649
HRQ-01181,record_level_data_quality,dataset-raw-excel-data,record,MISSING_RECALL_STATUS_NORMALIZED_TO_NONE;FUTURE_PURCHASE_DATE_REQUIRES_REVIEW;EXPIRATION_BEFORE_PURCHASE_REQUIRES_REVIEW;EXPIRED_ITEM_FLAG,SME/Data Governance,open,SBRN=SBRN1650
HRQ-01182,record_level_data_quality,dataset-raw-excel-data,record,MISSING_RECALL_STATUS_NORMALIZED_TO_NONE;FUTURE_PURCHASE_DATE_REQUIRES_REVIEW;EXPIRATION_BEFORE_PURCHASE_REQUIRES_REVIEW;EXPIRED_ITEM_FLAG,SME/Data Governance,open,SBRN=SBRN1651
HRQ-01183,record_level_data_quality,dataset-raw-excel-data,record,MISSING_RECALL_STATUS_NORMALIZED_TO_NONE;FUTURE_PURCHASE_DATE_REQUIRES_REVIEW;EXPIRATION_BEFORE_PURCHASE_REQUIRES_REVIEW;EXPIRED_ITEM_FLAG,SME/Data Governance,open,SBRN=SBRN1652
HRQ-01184,record_level_data_quality,dataset-raw-excel-data,record,MISSING_RECALL_STATUS_NORMALIZED_TO_NONE;FUTURE_PURCHASE_DATE_REQUIRES_REVIEW;EXPIRATION_BEFORE_PURCHASE_REQUIRES_REVIEW;EXPIRED_ITEM_FLAG,SME/Data Governance,open,SBRN=SBRN1653
HRQ-01185,record_level_data_quality,dataset-raw-excel-data,record,EXPIRATION_BEFORE_PURCHASE_REQUIRES_REVIEW;EXPIRED_ITEM_FLAG,SME/Data Governance,open,SBRN=SBRN1654
HRQ-01186,record_level_data_quality,dataset-raw-excel-data,record,EXPIRATION_BEFORE_PURCHASE_REQUIRES_REVIEW;EXPIRED_ITEM_FLAG,SME/Data Governance,open,SBRN=SBRN1655
HRQ-01187,record_level_data_quality,dataset-raw-excel-data,record,EXPIRATION_BEFORE_PURCHASE_REQUIRES_REVIEW;EXPIRED_ITEM_FLAG,SME/Data Governance,open,SBRN=SBRN1656
HRQ-01188,record_level_data_quality,dataset-raw-excel-data,record,MISSING_RECALL_STATUS_NORMALIZED_TO_NONE;EXPIRATION_BEFORE_PURCHASE_REQUIRES_REVIEW;EXPIRED_ITEM_FLAG,SME/Data Governance,open,SBRN=SBRN1657
HRQ-01189,record_level_data_quality,dataset-raw-excel-data,record,MISSING_RECALL_STATUS_NORMALIZED_TO_NONE;EXPIRATION_BEFORE_PURCHASE_REQUIRES_REVIEW;EXPIRED_ITEM_FLAG,SME/Data Governance,open,SBRN=SBRN1658
HRQ-01190,record_level_data_quality,dataset-raw-excel-data,record,MISSING_RECALL_STATUS_NORMALIZED_TO_NONE;EXPIRATION_BEFORE_PURCHASE_REQUIRES_REVIEW;EXPIRED_ITEM_FLAG,SME/Data Governance,open,SBRN=SBRN1659
HRQ-01191,record_level_data_quality,dataset-raw-excel-data,record,MISSING_RECALL_STATUS_NORMALIZED_TO_NONE;EXPIRATION_BEFORE_PURCHASE_REQUIRES_REVIEW;EXPIRED_ITEM_FLAG,SME/Data Governance,open,SBRN=SBRN1660
HRQ-01192,record_level_data_quality,dataset-raw-excel-data,record,MISSING_RECALL_STATUS_NORMALIZED_TO_NONE;EXPIRATION_BEFORE_PURCHASE_REQUIRES_REVIEW;EXPIRED_ITEM_FLAG,SME/Data Governance,open,SBRN=SBRN1661
HRQ-01193,record_level_data_quality,dataset-raw-excel-data,record,EXPIRATION_BEFORE_PURCHASE_REQUIRES_REVIEW;EXPIRED_ITEM_FLAG,SME/Data Governance,open,SBRN=SBRN1662
HRQ-01194,record_level_data_quality,dataset-raw-excel-data,record,EXPIRATION_BEFORE_PURCHASE_REQUIRES_REVIEW;EXPIRED_ITEM_FLAG,SME/Data Governance,open,SBRN=SBRN1663
HRQ-01195,record_level_data_quality,dataset-raw-excel-data,record,EXPIRATION_BEFORE_PURCHASE_REQUIRES_REVIEW;EXPIRED_ITEM_FLAG,SME/Data Governance,open,SBRN=SBRN1664
HRQ-01196,record_level_data_quality,dataset-raw-excel-data,record,RECALL_STATUS_MONITORING_REQUIRES_GOVERNANCE;EXPIRATION_BEFORE_PURCHASE_REQUIRES_REVIEW;EXPIRED_ITEM_FLAG,SME/Data Governance,open,SBRN=SBRN1675
HRQ-01197,record_level_data_quality,dataset-raw-excel-data,record,RECALL_STATUS_MONITORING_REQUIRES_GOVERNANCE;EXPIRATION_BEFORE_PURCHASE_REQUIRES_REVIEW;EXPIRED_ITEM_FLAG,SME/Data Governance,open,SBRN=SBRN1676
HRQ-01198,record_level_data_quality,dataset-raw-excel-data,record,RECALL_STATUS_MONITORING_REQUIRES_GOVERNANCE;EXPIRATION_BEFORE_PURCHASE_REQUIRES_REVIEW;EXPIRED_ITEM_FLAG,SME/Data Governance,open,SBRN=SBRN1677
HRQ-01199,record_level_data_quality,dataset-raw-excel-data,record,RECALL_STATUS_MONITORING_REQUIRES_GOVERNANCE;EXPIRATION_BEFORE_PURCHASE_REQUIRES_REVIEW;EXPIRED_ITEM_FLAG,SME/Data Governance,open,SBRN=SBRN1678
HRQ-01200,record_level_data_quality,dataset-raw-excel-data,record,RECALL_STATUS_MONITORING_REQUIRES_GOVERNANCE;EXPIRATION_BEFORE_PURCHASE_REQUIRES_REVIEW;EXPIRED_ITEM_FLAG,SME/Data Governance,open,SBRN=SBRN1679
HRQ-01201,record_level_data_quality,dataset-raw-excel-data,record,RECALL_STATUS_MONITORING_REQUIRES_GOVERNANCE;EXPIRATION_BEFORE_PURCHASE_REQUIRES_REVIEW;EXPIRED_ITEM_FLAG,SME/Data Governance,open,SBRN=SBRN1680
HRQ-01202,record_level_data_quality,dataset-raw-excel-data,record,MISSING_RECALL_STATUS_NORMALIZED_TO_NONE;EXPIRATION_BEFORE_PURCHASE_REQUIRES_REVIEW;EXPIRED_ITEM_FLAG,SME/Data Governance,open,SBRN=SBRN1681
HRQ-01203,record_level_data_quality,dataset-raw-excel-data,record,MISSING_RECALL_STATUS_NORMALIZED_TO_NONE;EXPIRATION_BEFORE_PURCHASE_REQUIRES_REVIEW;EXPIRED_ITEM_FLAG,SME/Data Governance,open,SBRN=SBRN1682
HRQ-01204,record_level_data_quality,dataset-raw-excel-data,record,MISSING_RECALL_STATUS_NORMALIZED_TO_NONE;EXPIRATION_BEFORE_PURCHASE_REQUIRES_REVIEW;EXPIRED_ITEM_FLAG,SME/Data Governance,open,SBRN=SBRN1683
HRQ-01205,record_level_data_quality,dataset-raw-excel-data,record,MISSING_RECALL_STATUS_NORMALIZED_TO_NONE;EXPIRATION_BEFORE_PURCHASE_REQUIRES_REVIEW;EXPIRED_ITEM_FLAG,SME/Data Governance,open,SBRN=SBRN1684
HRQ-01206,record_level_data_quality,dataset-raw-excel-data,record,MISSING_RECALL_STATUS_NORMALIZED_TO_NONE;EXPIRATION_BEFORE_PURCHASE_REQUIRES_REVIEW;EXPIRED_ITEM_FLAG,SME/Data Governance,open,SBRN=SBRN1685
HRQ-01207,record_level_data_quality,dataset-raw-excel-data,record,MISSING_RECALL_STATUS_NORMALIZED_TO_NONE;EXPIRATION_BEFORE_PURCHASE_REQUIRES_REVIEW;EXPIRED_ITEM_FLAG,SME/Data Governance,open,SBRN=SBRN1686
HRQ-01208,record_level_data_quality,dataset-raw-excel-data,record,MISSING_RECALL_STATUS_NORMALIZED_TO_NONE;EXPIRATION_BEFORE_PURCHASE_REQUIRES_REVIEW;EXPIRED_ITEM_FLAG,SME/Data Governance,open,SBRN=SBRN1687
HRQ-01209,record_level_data_quality,dataset-raw-excel-data,record,RECALL_STATUS_MONITORING_REQUIRES_GOVERNANCE;EXPIRATION_BEFORE_PURCHASE_REQUIRES_REVIEW;EXPIRED_ITEM_FLAG,SME/Data Governance,open,SBRN=SBRN1700
HRQ-01210,record_level_data_quality,dataset-raw-excel-data,record,RECALL_STATUS_MONITORING_REQUIRES_GOVERNANCE;EXPIRATION_BEFORE_PURCHASE_REQUIRES_REVIEW;EXPIRED_ITEM_FLAG,SME/Data Governance,open,SBRN=SBRN1701
HRQ-01211,record_level_data_quality,dataset-raw-excel-data,record,RECALL_STATUS_MONITORING_REQUIRES_GOVERNANCE;EXPIRATION_BEFORE_PURCHASE_REQUIRES_REVIEW;EXPIRED_ITEM_FLAG,SME/Data Governance,open,SBRN=SBRN1702
HRQ-01212,record_level_data_quality,dataset-raw-excel-data,record,RECALL_STATUS_MONITORING_REQUIRES_GOVERNANCE;EXPIRATION_BEFORE_PURCHASE_REQUIRES_REVIEW;EXPIRED_ITEM_FLAG,SME/Data Governance,open,SBRN=SBRN1703
HRQ-01213,record_level_data_quality,dataset-raw-excel-data,record,RECALL_STATUS_MONITORING_REQUIRES_GOVERNANCE;EXPIRATION_BEFORE_PURCHASE_REQUIRES_REVIEW;EXPIRED_ITEM_FLAG,SME/Data Governance,open,SBRN=SBRN1704
HRQ-01214,record_level_data_quality,dataset-raw-excel-data,record,RECALL_STATUS_MONITORING_REQUIRES_GOVERNANCE;EXPIRATION_BEFORE_PURCHASE_REQUIRES_REVIEW;EXPIRED_ITEM_FLAG,SME/Data Governance,open,SBRN=SBRN1705
HRQ-01215,record_level_data_quality,dataset-raw-excel-data,record,RECALL_STATUS_MONITORING_REQUIRES_GOVERNANCE;EXPIRED_ITEM_FLAG,SME/Data Governance,open,SBRN=SBRN1708
HRQ-01216,record_level_data_quality,dataset-raw-excel-data,record,RECALL_STATUS_MONITORING_REQUIRES_GOVERNANCE;EXPIRED_ITEM_FLAG,SME/Data Governance,open,SBRN=SBRN1709
HRQ-01217,record_level_data_quality,dataset-raw-excel-data,record,RECALL_STATUS_MONITORING_REQUIRES_GOVERNANCE;EXPIRED_ITEM_FLAG,SME/Data Governance,open,SBRN=SBRN1710
HRQ-01218,record_level_data_quality,dataset-raw-excel-data,record,RECALL_STATUS_MONITORING_REQUIRES_GOVERNANCE;EXPIRED_ITEM_FLAG,SME/Data Governance,open,SBRN=SBRN1711
HRQ-01219,record_level_data_quality,dataset-raw-excel-data,record,RECALL_STATUS_MONITORING_REQUIRES_GOVERNANCE;EXPIRED_ITEM_FLAG,SME/Data Governance,open,SBRN=SBRN1712
HRQ-01220,record_level_data_quality,dataset-raw-excel-data,record,RECALL_STATUS_MONITORING_REQUIRES_GOVERNANCE;EXPIRED_ITEM_FLAG,SME/Data Governance,open,SBRN=SBRN1713
HRQ-01221,record_level_data_quality,dataset-raw-excel-data,record,RECALL_STATUS_MONITORING_REQUIRES_GOVERNANCE;EXPIRED_ITEM_FLAG,SME/Data Governance,open,SBRN=SBRN1714
HRQ-01222,record_level_data_quality,dataset-raw-excel-data,record,RECALL_STATUS_MONITORING_REQUIRES_GOVERNANCE;EXPIRED_ITEM_FLAG,SME/Data Governance,open,SBRN=SBRN1715
HRQ-01223,record_level_data_quality,dataset-raw-excel-data,record,RECALL_STATUS_MONITORING_REQUIRES_GOVERNANCE,SME/Data Governance,open,SBRN=SBRN1722
HRQ-01224,record_level_data_quality,dataset-raw-excel-data,record,RECALL_STATUS_MONITORING_REQUIRES_GOVERNANCE,SME/Data Governance,open,SBRN=SBRN1723
HRQ-01225,record_level_data_quality,dataset-raw-excel-data,record,RECALL_STATUS_MONITORING_REQUIRES_GOVERNANCE,SME/Data Governance,open,SBRN=SBRN1724
HRQ-01226,record_level_data_quality,dataset-raw-excel-data,record,MISSING_RECALL_STATUS_NORMALIZED_TO_NONE;FUTURE_PURCHASE_DATE_REQUIRES_REVIEW;EXPIRATION_BEFORE_PURCHASE_REQUIRES_REVIEW;EXPIRED_ITEM_FLAG,SME/Data Governance,open,SBRN=SBRN1725
HRQ-01227,record_level_data_quality,dataset-raw-excel-data,record,MISSING_RECALL_STATUS_NORMALIZED_TO_NONE;FUTURE_PURCHASE_DATE_REQUIRES_REVIEW;EXPIRATION_BEFORE_PURCHASE_REQUIRES_REVIEW;EXPIRED_ITEM_FLAG,SME/Data Governance,open,SBRN=SBRN1726
HRQ-01228,record_level_data_quality,dataset-raw-excel-data,record,MISSING_RECALL_STATUS_NORMALIZED_TO_NONE;FUTURE_PURCHASE_DATE_REQUIRES_REVIEW;EXPIRATION_BEFORE_PURCHASE_REQUIRES_REVIEW;EXPIRED_ITEM_FLAG,SME/Data Governance,open,SBRN=SBRN1727
HRQ-01229,record_level_data_quality,dataset-raw-excel-data,record,MISSING_RECALL_STATUS_NORMALIZED_TO_NONE;FUTURE_PURCHASE_DATE_REQUIRES_REVIEW;EXPIRATION_BEFORE_PURCHASE_REQUIRES_REVIEW;EXPIRED_ITEM_FLAG,SME/Data Governance,open,SBRN=SBRN1728
HRQ-01230,record_level_data_quality,dataset-raw-excel-data,record,RECALL_STATUS_MONITORING_REQUIRES_GOVERNANCE,SME/Data Governance,open,SBRN=SBRN1733
HRQ-01231,record_level_data_quality,dataset-raw-excel-data,record,RECALL_STATUS_MONITORING_REQUIRES_GOVERNANCE,SME/Data Governance,open,SBRN=SBRN1734
HRQ-01232,record_level_data_quality,dataset-raw-excel-data,record,RECALL_STATUS_MONITORING_REQUIRES_GOVERNANCE,SME/Data Governance,open,SBRN=SBRN1735
HRQ-01233,record_level_data_quality,dataset-raw-excel-data,record,EXPIRATION_BEFORE_PURCHASE_REQUIRES_REVIEW;EXPIRED_ITEM_FLAG,SME/Data Governance,open,SBRN=SBRN1736
HRQ-01234,record_level_data_quality,dataset-raw-excel-data,record,EXPIRATION_BEFORE_PURCHASE_REQUIRES_REVIEW;EXPIRED_ITEM_FLAG,SME/Data Governance,open,SBRN=SBRN1737
HRQ-01235,record_level_data_quality,dataset-raw-excel-data,record,FUTURE_PURCHASE_DATE_REQUIRES_REVIEW;EXPIRATION_BEFORE_PURCHASE_REQUIRES_REVIEW;EXPIRED_ITEM_FLAG,SME/Data Governance,open,SBRN=SBRN1738
HRQ-01236,record_level_data_quality,dataset-raw-excel-data,record,FUTURE_PURCHASE_DATE_REQUIRES_REVIEW;EXPIRATION_BEFORE_PURCHASE_REQUIRES_REVIEW;EXPIRED_ITEM_FLAG,SME/Data Governance,open,SBRN=SBRN1739
HRQ-01237,record_level_data_quality,dataset-raw-excel-data,record,FUTURE_PURCHASE_DATE_REQUIRES_REVIEW;EXPIRATION_BEFORE_PURCHASE_REQUIRES_REVIEW;EXPIRED_ITEM_FLAG,SME/Data Governance,open,SBRN=SBRN1740
HRQ-01238,record_level_data_quality,dataset-raw-excel-data,record,FUTURE_PURCHASE_DATE_REQUIRES_REVIEW;EXPIRATION_BEFORE_PURCHASE_REQUIRES_REVIEW;EXPIRED_ITEM_FLAG,SME/Data Governance,open,SBRN=SBRN1741
HRQ-01239,record_level_data_quality,dataset-raw-excel-data,record,RECALL_STATUS_MONITORING_REQUIRES_GOVERNANCE;EXPIRATION_BEFORE_PURCHASE_REQUIRES_REVIEW;EXPIRED_ITEM_FLAG,SME/Data Governance,open,SBRN=SBRN1742
HRQ-01240,record_level_data_quality,dataset-raw-excel-data,record,RECALL_STATUS_MONITORING_REQUIRES_GOVERNANCE;EXPIRATION_BEFORE_PURCHASE_REQUIRES_REVIEW;EXPIRED_ITEM_FLAG,SME/Data Governance,open,SBRN=SBRN1743
HRQ-01241,record_level_data_quality,dataset-raw-excel-data,record,RECALL_STATUS_MONITORING_REQUIRES_GOVERNANCE;EXPIRATION_BEFORE_PURCHASE_REQUIRES_REVIEW;EXPIRED_ITEM_FLAG,SME/Data Governance,open,SBRN=SBRN1744
HRQ-01242,record_level_data_quality,dataset-raw-excel-data,record,EXPIRATION_BEFORE_PURCHASE_REQUIRES_REVIEW;EXPIRED_ITEM_FLAG,SME/Data Governance,open,SBRN=SBRN1750
HRQ-01243,record_level_data_quality,dataset-raw-excel-data,record,RECALL_STATUS_MONITORING_REQUIRES_GOVERNANCE;EXPIRED_ITEM_FLAG,SME/Data Governance,open,SBRN=SBRN1751
HRQ-01244,record_level_data_quality,dataset-raw-excel-data,record,RECALL_STATUS_MONITORING_REQUIRES_GOVERNANCE;EXPIRED_ITEM_FLAG,SME/Data Governance,open,SBRN=SBRN1752
HRQ-01245,record_level_data_quality,dataset-raw-excel-data,record,RECALL_STATUS_MONITORING_REQUIRES_GOVERNANCE;EXPIRATION_BEFORE_PURCHASE_REQUIRES_REVIEW;EXPIRED_ITEM_FLAG,SME/Data Governance,open,SBRN=SBRN1753
HRQ-01246,record_level_data_quality,dataset-raw-excel-data,record,RECALL_STATUS_MONITORING_REQUIRES_GOVERNANCE;EXPIRATION_BEFORE_PURCHASE_REQUIRES_REVIEW;EXPIRED_ITEM_FLAG,SME/Data Governance,open,SBRN=SBRN1754
HRQ-01247,record_level_data_quality,dataset-raw-excel-data,record,RECALL_STATUS_MONITORING_REQUIRES_GOVERNANCE;EXPIRED_ITEM_FLAG,SME/Data Governance,open,SBRN=SBRN1755
HRQ-01248,record_level_data_quality,dataset-raw-excel-data,record,RECALL_STATUS_MONITORING_REQUIRES_GOVERNANCE;EXPIRED_ITEM_FLAG,SME/Data Governance,open,SBRN=SBRN1756
HRQ-01249,record_level_data_quality,dataset-raw-excel-data,record,RECALL_STATUS_MONITORING_REQUIRES_GOVERNANCE;EXPIRED_ITEM_FLAG,SME/Data Governance,open,SBRN=SBRN1757
HRQ-01250,record_level_data_quality,dataset-raw-excel-data,record,MISSING_RECALL_STATUS_NORMALIZED_TO_NONE;FUTURE_PURCHASE_DATE_REQUIRES_REVIEW;EXPIRATION_BEFORE_PURCHASE_REQUIRES_REVIEW,SME/Data Governance,open,SBRN=SBRN1758
HRQ-01251,record_level_data_quality,dataset-raw-excel-data,record,MISSING_RECALL_STATUS_NORMALIZED_TO_NONE;FUTURE_PURCHASE_DATE_REQUIRES_REVIEW;EXPIRATION_BEFORE_PURCHASE_REQUIRES_REVIEW,SME/Data Governance,open,SBRN=SBRN1759
HRQ-01252,record_level_data_quality,dataset-raw-excel-data,record,RECALL_STATUS_MONITORING_REQUIRES_GOVERNANCE,SME/Data Governance,open,SBRN=SBRN1761
HRQ-01253,record_level_data_quality,dataset-raw-excel-data,record,RECALL_STATUS_MONITORING_REQUIRES_GOVERNANCE,SME/Data Governance,open,SBRN=SBRN1762
HRQ-01254,record_level_data_quality,dataset-raw-excel-data,record,RECALL_STATUS_MONITORING_REQUIRES_GOVERNANCE,SME/Data Governance,open,SBRN=SBRN1763
HRQ-01255,record_level_data_quality,dataset-raw-excel-data,record,MISSING_RECALL_STATUS_NORMALIZED_TO_NONE;EXPIRATION_BEFORE_PURCHASE_REQUIRES_REVIEW;EXPIRED_ITEM_FLAG,SME/Data Governance,open,SBRN=SBRN1764
HRQ-01256,record_level_data_quality,dataset-raw-excel-data,record,MISSING_RECALL_STATUS_NORMALIZED_TO_NONE;EXPIRATION_BEFORE_PURCHASE_REQUIRES_REVIEW;EXPIRED_ITEM_FLAG,SME/Data Governance,open,SBRN=SBRN1765
HRQ-01257,record_level_data_quality,dataset-raw-excel-data,record,MISSING_RECALL_STATUS_NORMALIZED_TO_NONE;EXPIRATION_BEFORE_PURCHASE_REQUIRES_REVIEW;EXPIRED_ITEM_FLAG,SME/Data Governance,open,SBRN=SBRN1766
HRQ-01258,record_level_data_quality,dataset-raw-excel-data,record,MISSING_RECALL_STATUS_NORMALIZED_TO_NONE;EXPIRATION_BEFORE_PURCHASE_REQUIRES_REVIEW;EXPIRED_ITEM_FLAG,SME/Data Governance,open,SBRN=SBRN1767
HRQ-01259,record_level_data_quality,dataset-raw-excel-data,record,MISSING_RECALL_STATUS_NORMALIZED_TO_NONE;EXPIRATION_BEFORE_PURCHASE_REQUIRES_REVIEW;EXPIRED_ITEM_FLAG,SME/Data Governance,open,SBRN=SBRN1768
HRQ-01260,record_level_data_quality,dataset-raw-excel-data,record,MISSING_RECALL_STATUS_NORMALIZED_TO_NONE;EXPIRATION_BEFORE_PURCHASE_REQUIRES_REVIEW;EXPIRED_ITEM_FLAG,SME/Data Governance,open,SBRN=SBRN1769
HRQ-01261,record_level_data_quality,dataset-raw-excel-data,record,RECALL_STATUS_MONITORING_REQUIRES_GOVERNANCE;EXPIRATION_BEFORE_PURCHASE_REQUIRES_REVIEW;EXPIRED_ITEM_FLAG,SME/Data Governance,open,SBRN=SBRN1773
HRQ-01262,record_level_data_quality,dataset-raw-excel-data,record,RECALL_STATUS_MONITORING_REQUIRES_GOVERNANCE;EXPIRATION_BEFORE_PURCHASE_REQUIRES_REVIEW;EXPIRED_ITEM_FLAG,SME/Data Governance,open,SBRN=SBRN1774
HRQ-01263,record_level_data_quality,dataset-raw-excel-data,record,RECALL_STATUS_MONITORING_REQUIRES_GOVERNANCE;FUTURE_PURCHASE_DATE_REQUIRES_REVIEW;EXPIRATION_BEFORE_PURCHASE_REQUIRES_REVIEW;EXPIRED_ITEM_FLAG,SME/Data Governance,open,SBRN=SBRN1775
HRQ-01264,record_level_data_quality,dataset-raw-excel-data,record,RECALL_STATUS_MONITORING_REQUIRES_GOVERNANCE;FUTURE_PURCHASE_DATE_REQUIRES_REVIEW;EXPIRATION_BEFORE_PURCHASE_REQUIRES_REVIEW;EXPIRED_ITEM_FLAG,SME/Data Governance,open,SBRN=SBRN1776
HRQ-01265,record_level_data_quality,dataset-raw-excel-data,record,RECALL_STATUS_MONITORING_REQUIRES_GOVERNANCE;FUTURE_PURCHASE_DATE_REQUIRES_REVIEW;EXPIRATION_BEFORE_PURCHASE_REQUIRES_REVIEW;EXPIRED_ITEM_FLAG,SME/Data Governance,open,SBRN=SBRN1777
HRQ-01266,record_level_data_quality,dataset-raw-excel-data,record,RECALL_STATUS_MONITORING_REQUIRES_GOVERNANCE;FUTURE_PURCHASE_DATE_REQUIRES_REVIEW;EXPIRATION_BEFORE_PURCHASE_REQUIRES_REVIEW;EXPIRED_ITEM_FLAG,SME/Data Governance,open,SBRN=SBRN1778
HRQ-01267,record_level_data_quality,dataset-raw-excel-data,record,RECALL_STATUS_MONITORING_REQUIRES_GOVERNANCE;FUTURE_PURCHASE_DATE_REQUIRES_REVIEW;EXPIRATION_BEFORE_PURCHASE_REQUIRES_REVIEW;EXPIRED_ITEM_FLAG,SME/Data Governance,open,SBRN=SBRN1779
HRQ-01268,record_level_data_quality,dataset-raw-excel-data,record,RECALL_STATUS_MONITORING_REQUIRES_GOVERNANCE;FUTURE_PURCHASE_DATE_REQUIRES_REVIEW;EXPIRATION_BEFORE_PURCHASE_REQUIRES_REVIEW;EXPIRED_ITEM_FLAG,SME/Data Governance,open,SBRN=SBRN1780
HRQ-01269,record_level_data_quality,dataset-raw-excel-data,record,RECALL_STATUS_MONITORING_REQUIRES_GOVERNANCE;EXPIRED_ITEM_FLAG,SME/Data Governance,open,SBRN=SBRN1785
HRQ-01270,record_level_data_quality,dataset-raw-excel-data,record,RECALL_STATUS_MONITORING_REQUIRES_GOVERNANCE;EXPIRED_ITEM_FLAG,SME/Data Governance,open,SBRN=SBRN1786
HRQ-01271,record_level_data_quality,dataset-raw-excel-data,record,RECALL_STATUS_MONITORING_REQUIRES_GOVERNANCE;EXPIRED_ITEM_FLAG,SME/Data Governance,open,SBRN=SBRN1787
HRQ-01272,record_level_data_quality,dataset-raw-excel-data,record,RECALL_STATUS_MONITORING_REQUIRES_GOVERNANCE;EXPIRED_ITEM_FLAG,SME/Data Governance,open,SBRN=SBRN1788
HRQ-01273,record_level_data_quality,dataset-raw-excel-data,record,RECALL_STATUS_MONITORING_REQUIRES_GOVERNANCE;EXPIRED_ITEM_FLAG,SME/Data Governance,open,SBRN=SBRN1789
HRQ-01274,record_level_data_quality,dataset-raw-excel-data,record,RECALL_STATUS_MONITORING_REQUIRES_GOVERNANCE;EXPIRED_ITEM_FLAG,SME/Data Governance,open,SBRN=SBRN1790
HRQ-01275,record_level_data_quality,dataset-raw-excel-data,record,RECALL_STATUS_MONITORING_REQUIRES_GOVERNANCE;EXPIRED_ITEM_FLAG,SME/Data Governance,open,SBRN=SBRN1791
HRQ-01276,record_level_data_quality,dataset-raw-excel-data,record,RECALL_STATUS_MONITORING_REQUIRES_GOVERNANCE;EXPIRED_ITEM_FLAG,SME/Data Governance,open,SBRN=SBRN1792
HRQ-01277,record_level_data_quality,dataset-raw-excel-data,record,RECALL_STATUS_MONITORING_REQUIRES_GOVERNANCE;EXPIRED_ITEM_FLAG,SME/Data Governance,open,SBRN=SBRN1793
HRQ-01278,record_level_data_quality,dataset-raw-excel-data,record,RECALL_STATUS_MONITORING_REQUIRES_GOVERNANCE;EXPIRED_ITEM_FLAG,SME/Data Governance,open,SBRN=SBRN1794
HRQ-01279,record_level_data_quality,dataset-raw-excel-data,record,RECALL_STATUS_MONITORING_REQUIRES_GOVERNANCE;EXPIRED_ITEM_FLAG,SME/Data Governance,open,SBRN=SBRN1795
HRQ-01280,record_level_data_quality,dataset-raw-excel-data,record,RECALL_STATUS_MONITORING_REQUIRES_GOVERNANCE;EXPIRED_ITEM_FLAG,SME/Data Governance,open,SBRN=SBRN1796
HRQ-01281,record_level_data_quality,dataset-raw-excel-data,record,RECALL_STATUS_MONITORING_REQUIRES_GOVERNANCE;EXPIRED_ITEM_FLAG,SME/Data Governance,open,SBRN=SBRN1797
HRQ-01282,record_level_data_quality,dataset-raw-excel-data,record,RECALL_STATUS_MONITORING_REQUIRES_GOVERNANCE;EXPIRED_ITEM_FLAG,SME/Data Governance,open,SBRN=SBRN1798
HRQ-01283,record_level_data_quality,dataset-raw-excel-data,record,RECALL_STATUS_MONITORING_REQUIRES_GOVERNANCE;EXPIRED_ITEM_FLAG,SME/Data Governance,open,SBRN=SBRN1802
HRQ-01284,record_level_data_quality,dataset-raw-excel-data,record,RECALL_STATUS_MONITORING_REQUIRES_GOVERNANCE;EXPIRED_ITEM_FLAG,SME/Data Governance,open,SBRN=SBRN1803
HRQ-01285,record_level_data_quality,dataset-raw-excel-data,record,RECALL_STATUS_MONITORING_REQUIRES_GOVERNANCE;EXPIRED_ITEM_FLAG,SME/Data Governance,open,SBRN=SBRN1804
HRQ-01286,record_level_data_quality,dataset-raw-excel-data,record,RECALL_STATUS_MONITORING_REQUIRES_GOVERNANCE;EXPIRED_ITEM_FLAG,SME/Data Governance,open,SBRN=SBRN1805
HRQ-01287,record_level_data_quality,dataset-raw-excel-data,record,RECALL_STATUS_MONITORING_REQUIRES_GOVERNANCE;EXPIRED_ITEM_FLAG,SME/Data Governance,open,SBRN=SBRN1806
HRQ-01288,record_level_data_quality,dataset-raw-excel-data,record,RECALL_STATUS_MONITORING_REQUIRES_GOVERNANCE;FUTURE_PURCHASE_DATE_REQUIRES_REVIEW,SME/Data Governance,open,SBRN=SBRN1807
HRQ-01289,record_level_data_quality,dataset-raw-excel-data,record,RECALL_STATUS_MONITORING_REQUIRES_GOVERNANCE;FUTURE_PURCHASE_DATE_REQUIRES_REVIEW,SME/Data Governance,open,SBRN=SBRN1808
HRQ-01290,record_level_data_quality,dataset-raw-excel-data,record,RECALL_STATUS_MONITORING_REQUIRES_GOVERNANCE;FUTURE_PURCHASE_DATE_REQUIRES_REVIEW,SME/Data Governance,open,SBRN=SBRN1809
HRQ-01291,record_level_data_quality,dataset-raw-excel-data,record,RECALL_STATUS_MONITORING_REQUIRES_GOVERNANCE;FUTURE_PURCHASE_DATE_REQUIRES_REVIEW,SME/Data Governance,open,SBRN=SBRN1810
HRQ-01292,record_level_data_quality,dataset-raw-excel-data,record,RECALL_STATUS_MONITORING_REQUIRES_GOVERNANCE;FUTURE_PURCHASE_DATE_REQUIRES_REVIEW,SME/Data Governance,open,SBRN=SBRN1811
HRQ-01293,record_level_data_quality,dataset-raw-excel-data,record,MISSING_RECALL_STATUS_NORMALIZED_TO_NONE;FUTURE_PURCHASE_DATE_REQUIRES_REVIEW;EXPIRATION_BEFORE_PURCHASE_REQUIRES_REVIEW;EXPIRED_ITEM_FLAG,SME/Data Governance,open,SBRN=SBRN1816
HRQ-01294,record_level_data_quality,dataset-raw-excel-data,record,MISSING_RECALL_STATUS_NORMALIZED_TO_NONE;FUTURE_PURCHASE_DATE_REQUIRES_REVIEW;EXPIRATION_BEFORE_PURCHASE_REQUIRES_REVIEW;EXPIRED_ITEM_FLAG,SME/Data Governance,open,SBRN=SBRN1817
HRQ-01295,record_level_data_quality,dataset-raw-excel-data,record,MISSING_RECALL_STATUS_NORMALIZED_TO_NONE;FUTURE_PURCHASE_DATE_REQUIRES_REVIEW;EXPIRATION_BEFORE_PURCHASE_REQUIRES_REVIEW;EXPIRED_ITEM_FLAG,SME/Data Governance,open,SBRN=SBRN1818
HRQ-01296,record_level_data_quality,dataset-raw-excel-data,record,MISSING_RECALL_STATUS_NORMALIZED_TO_NONE;FUTURE_PURCHASE_DATE_REQUIRES_REVIEW;EXPIRATION_BEFORE_PURCHASE_REQUIRES_REVIEW;EXPIRED_ITEM_FLAG,SME/Data Governance,open,SBRN=SBRN1819
HRQ-01297,record_level_data_quality,dataset-raw-excel-data,record,MISSING_RECALL_STATUS_NORMALIZED_TO_NONE;FUTURE_PURCHASE_DATE_REQUIRES_REVIEW;EXPIRATION_BEFORE_PURCHASE_REQUIRES_REVIEW;EXPIRED_ITEM_FLAG,SME/Data Governance,open,SBRN=SBRN1820
HRQ-01298,record_level_data_quality,dataset-raw-excel-data,record,MISSING_RECALL_STATUS_NORMALIZED_TO_NONE;FUTURE_PURCHASE_DATE_REQUIRES_REVIEW;EXPIRATION_BEFORE_PURCHASE_REQUIRES_REVIEW;EXPIRED_ITEM_FLAG,SME/Data Governance,open,SBRN=SBRN1821
HRQ-01299,record_level_data_quality,dataset-raw-excel-data,record,MISSING_RECALL_STATUS_NORMALIZED_TO_NONE;FUTURE_PURCHASE_DATE_REQUIRES_REVIEW;EXPIRATION_BEFORE_PURCHASE_REQUIRES_REVIEW;EXPIRED_ITEM_FLAG,SME/Data Governance,open,SBRN=SBRN1822
HRQ-01300,record_level_data_quality,dataset-raw-excel-data,record,RECALL_STATUS_MONITORING_REQUIRES_GOVERNANCE,SME/Data Governance,open,SBRN=SBRN1823
HRQ-01301,record_level_data_quality,dataset-raw-excel-data,record,RECALL_STATUS_MONITORING_REQUIRES_GOVERNANCE,SME/Data Governance,open,SBRN=SBRN1824
HRQ-01302,record_level_data_quality,dataset-raw-excel-data,record,RECALL_STATUS_MONITORING_REQUIRES_GOVERNANCE,SME/Data Governance,open,SBRN=SBRN1825
HRQ-01303,record_level_data_quality,dataset-raw-excel-data,record,RECALL_STATUS_MONITORING_REQUIRES_GOVERNANCE,SME/Data Governance,open,SBRN=SBRN1826
HRQ-01304,record_level_data_quality,dataset-raw-excel-data,record,RECALL_STATUS_MONITORING_REQUIRES_GOVERNANCE,SME/Data Governance,open,SBRN=SBRN1827
HRQ-01305,record_level_data_quality,dataset-raw-excel-data,record,RECALL_STATUS_MONITORING_REQUIRES_GOVERNANCE,SME/Data Governance,open,SBRN=SBRN1828
HRQ-01306,record_level_data_quality,dataset-raw-excel-data,record,RECALL_STATUS_MONITORING_REQUIRES_GOVERNANCE,SME/Data Governance,open,SBRN=SBRN1829
HRQ-01307,record_level_data_quality,dataset-raw-excel-data,record,RECALL_STATUS_MONITORING_REQUIRES_GOVERNANCE,SME/Data Governance,open,SBRN=SBRN1830
HRQ-01308,record_level_data_quality,dataset-raw-excel-data,record,RECALL_STATUS_MONITORING_REQUIRES_GOVERNANCE,SME/Data Governance,open,SBRN=SBRN1831
HRQ-01309,record_level_data_quality,dataset-raw-excel-data,record,RECALL_STATUS_MONITORING_REQUIRES_GOVERNANCE,SME/Data Governance,open,SBRN=SBRN1832
HRQ-01310,record_level_data_quality,dataset-raw-excel-data,record,FUTURE_PURCHASE_DATE_REQUIRES_REVIEW;EXPIRATION_BEFORE_PURCHASE_REQUIRES_REVIEW;EXPIRED_ITEM_FLAG,SME/Data Governance,open,SBRN=SBRN1833
HRQ-01311,record_level_data_quality,dataset-raw-excel-data,record,FUTURE_PURCHASE_DATE_REQUIRES_REVIEW;EXPIRATION_BEFORE_PURCHASE_REQUIRES_REVIEW;EXPIRED_ITEM_FLAG,SME/Data Governance,open,SBRN=SBRN1834
HRQ-01312,record_level_data_quality,dataset-raw-excel-data,record,FUTURE_PURCHASE_DATE_REQUIRES_REVIEW;EXPIRATION_BEFORE_PURCHASE_REQUIRES_REVIEW;EXPIRED_ITEM_FLAG,SME/Data Governance,open,SBRN=SBRN1835
HRQ-01313,record_level_data_quality,dataset-raw-excel-data,record,FUTURE_PURCHASE_DATE_REQUIRES_REVIEW;EXPIRATION_BEFORE_PURCHASE_REQUIRES_REVIEW;EXPIRED_ITEM_FLAG,SME/Data Governance,open,SBRN=SBRN1836
HRQ-01314,record_level_data_quality,dataset-raw-excel-data,record,FUTURE_PURCHASE_DATE_REQUIRES_REVIEW;EXPIRATION_BEFORE_PURCHASE_REQUIRES_REVIEW;EXPIRED_ITEM_FLAG,SME/Data Governance,open,SBRN=SBRN1837
HRQ-01315,record_level_data_quality,dataset-raw-excel-data,record,FUTURE_PURCHASE_DATE_REQUIRES_REVIEW;EXPIRATION_BEFORE_PURCHASE_REQUIRES_REVIEW;EXPIRED_ITEM_FLAG,SME/Data Governance,open,SBRN=SBRN1838
HRQ-01316,record_level_data_quality,dataset-raw-excel-data,record,FUTURE_PURCHASE_DATE_REQUIRES_REVIEW;EXPIRATION_BEFORE_PURCHASE_REQUIRES_REVIEW;EXPIRED_ITEM_FLAG,SME/Data Governance,open,SBRN=SBRN1839
HRQ-01317,record_level_data_quality,dataset-raw-excel-data,record,RECALL_STATUS_MONITORING_REQUIRES_GOVERNANCE;FUTURE_PURCHASE_DATE_REQUIRES_REVIEW;EXPIRATION_BEFORE_PURCHASE_REQUIRES_REVIEW;EXPIRED_ITEM_FLAG,SME/Data Governance,open,SBRN=SBRN1840
HRQ-01318,record_level_data_quality,dataset-raw-excel-data,record,RECALL_STATUS_MONITORING_REQUIRES_GOVERNANCE;FUTURE_PURCHASE_DATE_REQUIRES_REVIEW;EXPIRATION_BEFORE_PURCHASE_REQUIRES_REVIEW;EXPIRED_ITEM_FLAG,SME/Data Governance,open,SBRN=SBRN1841
HRQ-01319,record_level_data_quality,dataset-raw-excel-data,record,RECALL_STATUS_MONITORING_REQUIRES_GOVERNANCE;FUTURE_PURCHASE_DATE_REQUIRES_REVIEW;EXPIRATION_BEFORE_PURCHASE_REQUIRES_REVIEW;EXPIRED_ITEM_FLAG,SME/Data Governance,open,SBRN=SBRN1842
HRQ-01320,record_level_data_quality,dataset-raw-excel-data,record,RECALL_STATUS_MONITORING_REQUIRES_GOVERNANCE;FUTURE_PURCHASE_DATE_REQUIRES_REVIEW;EXPIRATION_BEFORE_PURCHASE_REQUIRES_REVIEW;EXPIRED_ITEM_FLAG,SME/Data Governance,open,SBRN=SBRN1843
HRQ-01321,record_level_data_quality,dataset-raw-excel-data,record,RECALL_STATUS_MONITORING_REQUIRES_GOVERNANCE;FUTURE_PURCHASE_DATE_REQUIRES_REVIEW;EXPIRATION_BEFORE_PURCHASE_REQUIRES_REVIEW;EXPIRED_ITEM_FLAG,SME/Data Governance,open,SBRN=SBRN1844
HRQ-01322,record_level_data_quality,dataset-raw-excel-data,record,MISSING_RECALL_STATUS_NORMALIZED_TO_NONE;FUTURE_PURCHASE_DATE_REQUIRES_REVIEW;EXPIRATION_BEFORE_PURCHASE_REQUIRES_REVIEW,SME/Data Governance,open,SBRN=SBRN1845
HRQ-01323,record_level_data_quality,dataset-raw-excel-data,record,MISSING_RECALL_STATUS_NORMALIZED_TO_NONE;FUTURE_PURCHASE_DATE_REQUIRES_REVIEW;EXPIRATION_BEFORE_PURCHASE_REQUIRES_REVIEW,SME/Data Governance,open,SBRN=SBRN1846
HRQ-01324,record_level_data_quality,dataset-raw-excel-data,record,MISSING_RECALL_STATUS_NORMALIZED_TO_NONE;FUTURE_PURCHASE_DATE_REQUIRES_REVIEW;EXPIRATION_BEFORE_PURCHASE_REQUIRES_REVIEW,SME/Data Governance,open,SBRN=SBRN1847
HRQ-01325,record_level_data_quality,dataset-raw-excel-data,record,RECALL_STATUS_MONITORING_REQUIRES_GOVERNANCE,SME/Data Governance,open,SBRN=SBRN1853
HRQ-01326,record_level_data_quality,dataset-raw-excel-data,record,RECALL_STATUS_MONITORING_REQUIRES_GOVERNANCE,SME/Data Governance,open,SBRN=SBRN1854
HRQ-01327,record_level_data_quality,dataset-raw-excel-data,record,RECALL_STATUS_MONITORING_REQUIRES_GOVERNANCE,SME/Data Governance,open,SBRN=SBRN1855
HRQ-01328,record_level_data_quality,dataset-raw-excel-data,record,RECALL_STATUS_MONITORING_REQUIRES_GOVERNANCE,SME/Data Governance,open,SBRN=SBRN1856
HRQ-01329,record_level_data_quality,dataset-raw-excel-data,record,RECALL_STATUS_MONITORING_REQUIRES_GOVERNANCE,SME/Data Governance,open,SBRN=SBRN1857
HRQ-01330,record_level_data_quality,dataset-raw-excel-data,record,MISSING_RECALL_STATUS_NORMALIZED_TO_NONE;FUTURE_PURCHASE_DATE_REQUIRES_REVIEW;EXPIRATION_BEFORE_PURCHASE_REQUIRES_REVIEW;EXPIRED_ITEM_FLAG,SME/Data Governance,open,SBRN=SBRN1858
HRQ-01331,record_level_data_quality,dataset-raw-excel-data,record,RECALL_STATUS_MONITORING_REQUIRES_GOVERNANCE;EXPIRED_ITEM_FLAG,SME/Data Governance,open,SBRN=SBRN1859
HRQ-01332,record_level_data_quality,dataset-raw-excel-data,record,RECALL_STATUS_MONITORING_REQUIRES_GOVERNANCE;EXPIRED_ITEM_FLAG,SME/Data Governance,open,SBRN=SBRN1860
HRQ-01333,record_level_data_quality,dataset-raw-excel-data,record,EXPIRATION_BEFORE_PURCHASE_REQUIRES_REVIEW;EXPIRED_ITEM_FLAG,SME/Data Governance,open,SBRN=SBRN1864
HRQ-01334,record_level_data_quality,dataset-raw-excel-data,record,EXPIRATION_BEFORE_PURCHASE_REQUIRES_REVIEW;EXPIRED_ITEM_FLAG,SME/Data Governance,open,SBRN=SBRN1865
HRQ-01335,record_level_data_quality,dataset-raw-excel-data,record,EXPIRATION_BEFORE_PURCHASE_REQUIRES_REVIEW;EXPIRED_ITEM_FLAG,SME/Data Governance,open,SBRN=SBRN1866
HRQ-01336,record_level_data_quality,dataset-raw-excel-data,record,EXPIRATION_BEFORE_PURCHASE_REQUIRES_REVIEW;EXPIRED_ITEM_FLAG,SME/Data Governance,open,SBRN=SBRN1867
HRQ-01337,record_level_data_quality,dataset-raw-excel-data,record,EXPIRATION_BEFORE_PURCHASE_REQUIRES_REVIEW;EXPIRED_ITEM_FLAG,SME/Data Governance,open,SBRN=SBRN1868
HRQ-01338,record_level_data_quality,dataset-raw-excel-data,record,MISSING_RECALL_STATUS_NORMALIZED_TO_NONE;EXPIRATION_BEFORE_PURCHASE_REQUIRES_REVIEW;EXPIRED_ITEM_FLAG,SME/Data Governance,open,SBRN=SBRN1869
HRQ-01339,record_level_data_quality,dataset-raw-excel-data,record,MISSING_RECALL_STATUS_NORMALIZED_TO_NONE;EXPIRATION_BEFORE_PURCHASE_REQUIRES_REVIEW;EXPIRED_ITEM_FLAG,SME/Data Governance,open,SBRN=SBRN1870
HRQ-01340,record_level_data_quality,dataset-raw-excel-data,record,MISSING_RECALL_STATUS_NORMALIZED_TO_NONE;EXPIRATION_BEFORE_PURCHASE_REQUIRES_REVIEW;EXPIRED_ITEM_FLAG,SME/Data Governance,open,SBRN=SBRN1871
HRQ-01341,record_level_data_quality,dataset-raw-excel-data,record,MISSING_RECALL_STATUS_NORMALIZED_TO_NONE;EXPIRATION_BEFORE_PURCHASE_REQUIRES_REVIEW;EXPIRED_ITEM_FLAG,SME/Data Governance,open,SBRN=SBRN1872
HRQ-01342,record_level_data_quality,dataset-raw-excel-data,record,MISSING_RECALL_STATUS_NORMALIZED_TO_NONE;EXPIRATION_BEFORE_PURCHASE_REQUIRES_REVIEW;EXPIRED_ITEM_FLAG,SME/Data Governance,open,SBRN=SBRN1873
HRQ-01343,record_level_data_quality,dataset-raw-excel-data,record,RECALL_STATUS_MONITORING_REQUIRES_GOVERNANCE;EXPIRATION_BEFORE_PURCHASE_REQUIRES_REVIEW;EXPIRED_ITEM_FLAG,SME/Data Governance,open,SBRN=SBRN1874
HRQ-01344,record_level_data_quality,dataset-raw-excel-data,record,RECALL_STATUS_MONITORING_REQUIRES_GOVERNANCE;EXPIRATION_BEFORE_PURCHASE_REQUIRES_REVIEW;EXPIRED_ITEM_FLAG,SME/Data Governance,open,SBRN=SBRN1875
HRQ-01345,record_level_data_quality,dataset-raw-excel-data,record,RECALL_STATUS_MONITORING_REQUIRES_GOVERNANCE;EXPIRATION_BEFORE_PURCHASE_REQUIRES_REVIEW;EXPIRED_ITEM_FLAG,SME/Data Governance,open,SBRN=SBRN1876
HRQ-01346,record_level_data_quality,dataset-raw-excel-data,record,RECALL_STATUS_MONITORING_REQUIRES_GOVERNANCE;EXPIRATION_BEFORE_PURCHASE_REQUIRES_REVIEW;EXPIRED_ITEM_FLAG,SME/Data Governance,open,SBRN=SBRN1877
HRQ-01347,record_level_data_quality,dataset-raw-excel-data,record,RECALL_STATUS_MONITORING_REQUIRES_GOVERNANCE;EXPIRATION_BEFORE_PURCHASE_REQUIRES_REVIEW;EXPIRED_ITEM_FLAG,SME/Data Governance,open,SBRN=SBRN1878
HRQ-01348,record_level_data_quality,dataset-raw-excel-data,record,RECALL_STATUS_MONITORING_REQUIRES_GOVERNANCE;EXPIRATION_BEFORE_PURCHASE_REQUIRES_REVIEW;EXPIRED_ITEM_FLAG,SME/Data Governance,open,SBRN=SBRN1879
HRQ-01349,record_level_data_quality,dataset-raw-excel-data,record,MISSING_RECALL_STATUS_NORMALIZED_TO_NONE;EXPIRATION_BEFORE_PURCHASE_REQUIRES_REVIEW;EXPIRED_ITEM_FLAG,SME/Data Governance,open,SBRN=SBRN1880
HRQ-01350,record_level_data_quality,dataset-raw-excel-data,record,MISSING_RECALL_STATUS_NORMALIZED_TO_NONE;EXPIRATION_BEFORE_PURCHASE_REQUIRES_REVIEW;EXPIRED_ITEM_FLAG,SME/Data Governance,open,SBRN=SBRN1881
HRQ-01351,record_level_data_quality,dataset-raw-excel-data,record,MISSING_RECALL_STATUS_NORMALIZED_TO_NONE;EXPIRATION_BEFORE_PURCHASE_REQUIRES_REVIEW;EXPIRED_ITEM_FLAG,SME/Data Governance,open,SBRN=SBRN1882
HRQ-01352,record_level_data_quality,dataset-raw-excel-data,record,RECALL_STATUS_MONITORING_REQUIRES_GOVERNANCE,SME/Data Governance,open,SBRN=SBRN1883
HRQ-01353,record_level_data_quality,dataset-raw-excel-data,record,RECALL_STATUS_MONITORING_REQUIRES_GOVERNANCE,SME/Data Governance,open,SBRN=SBRN1884
HRQ-01354,record_level_data_quality,dataset-raw-excel-data,record,RECALL_STATUS_MONITORING_REQUIRES_GOVERNANCE,SME/Data Governance,open,SBRN=SBRN1885
HRQ-01355,record_level_data_quality,dataset-raw-excel-data,record,RECALL_STATUS_MONITORING_REQUIRES_GOVERNANCE,SME/Data Governance,open,SBRN=SBRN1886
HRQ-01356,record_level_data_quality,dataset-raw-excel-data,record,RECALL_STATUS_MONITORING_REQUIRES_GOVERNANCE;FUTURE_PURCHASE_DATE_REQUIRES_REVIEW;EXPIRATION_BEFORE_PURCHASE_REQUIRES_REVIEW;EXPIRED_ITEM_FLAG,SME/Data Governance,open,SBRN=SBRN1887
HRQ-01357,record_level_data_quality,dataset-raw-excel-data,record,RECALL_STATUS_MONITORING_REQUIRES_GOVERNANCE;FUTURE_PURCHASE_DATE_REQUIRES_REVIEW;EXPIRATION_BEFORE_PURCHASE_REQUIRES_REVIEW;EXPIRED_ITEM_FLAG,SME/Data Governance,open,SBRN=SBRN1888
HRQ-01358,record_level_data_quality,dataset-raw-excel-data,record,RECALL_STATUS_MONITORING_REQUIRES_GOVERNANCE;FUTURE_PURCHASE_DATE_REQUIRES_REVIEW;EXPIRATION_BEFORE_PURCHASE_REQUIRES_REVIEW;EXPIRED_ITEM_FLAG,SME/Data Governance,open,SBRN=SBRN1889
HRQ-01359,record_level_data_quality,dataset-raw-excel-data,record,RECALL_STATUS_MONITORING_REQUIRES_GOVERNANCE;FUTURE_PURCHASE_DATE_REQUIRES_REVIEW;EXPIRATION_BEFORE_PURCHASE_REQUIRES_REVIEW;EXPIRED_ITEM_FLAG,SME/Data Governance,open,SBRN=SBRN1890
HRQ-01360,record_level_data_quality,dataset-raw-excel-data,record,RECALL_STATUS_MONITORING_REQUIRES_GOVERNANCE;FUTURE_PURCHASE_DATE_REQUIRES_REVIEW;EXPIRATION_BEFORE_PURCHASE_REQUIRES_REVIEW;EXPIRED_ITEM_FLAG,SME/Data Governance,open,SBRN=SBRN1891
HRQ-01361,record_level_data_quality,dataset-raw-excel-data,record,RECALL_STATUS_MONITORING_REQUIRES_GOVERNANCE;FUTURE_PURCHASE_DATE_REQUIRES_REVIEW;EXPIRATION_BEFORE_PURCHASE_REQUIRES_REVIEW;EXPIRED_ITEM_FLAG,SME/Data Governance,open,SBRN=SBRN1892
HRQ-01362,record_level_data_quality,dataset-raw-excel-data,record,RECALL_STATUS_MONITORING_REQUIRES_GOVERNANCE;FUTURE_PURCHASE_DATE_REQUIRES_REVIEW;EXPIRATION_BEFORE_PURCHASE_REQUIRES_REVIEW;EXPIRED_ITEM_FLAG,SME/Data Governance,open,SBRN=SBRN1893
HRQ-01363,record_level_data_quality,dataset-raw-excel-data,record,RECALL_STATUS_MONITORING_REQUIRES_GOVERNANCE;FUTURE_PURCHASE_DATE_REQUIRES_REVIEW;EXPIRATION_BEFORE_PURCHASE_REQUIRES_REVIEW;EXPIRED_ITEM_FLAG,SME/Data Governance,open,SBRN=SBRN1894
HRQ-01364,record_level_data_quality,dataset-raw-excel-data,record,MISSING_RECALL_STATUS_NORMALIZED_TO_NONE;EXPIRATION_BEFORE_PURCHASE_REQUIRES_REVIEW;EXPIRED_ITEM_FLAG,SME/Data Governance,open,SBRN=SBRN1895
HRQ-01365,record_level_data_quality,dataset-raw-excel-data,record,RECALL_STATUS_MONITORING_REQUIRES_GOVERNANCE;EXPIRED_ITEM_FLAG,SME/Data Governance,open,SBRN=SBRN1901
HRQ-01366,record_level_data_quality,dataset-raw-excel-data,record,RECALL_STATUS_MONITORING_REQUIRES_GOVERNANCE;EXPIRED_ITEM_FLAG,SME/Data Governance,open,SBRN=SBRN1902
HRQ-01367,record_level_data_quality,dataset-raw-excel-data,record,RECALL_STATUS_MONITORING_REQUIRES_GOVERNANCE;EXPIRED_ITEM_FLAG,SME/Data Governance,open,SBRN=SBRN1903
HRQ-01368,record_level_data_quality,dataset-raw-excel-data,record,RECALL_STATUS_MONITORING_REQUIRES_GOVERNANCE;EXPIRED_ITEM_FLAG,SME/Data Governance,open,SBRN=SBRN1904
HRQ-01369,record_level_data_quality,dataset-raw-excel-data,record,RECALL_STATUS_MONITORING_REQUIRES_GOVERNANCE;EXPIRATION_BEFORE_PURCHASE_REQUIRES_REVIEW;EXPIRED_ITEM_FLAG,SME/Data Governance,open,SBRN=SBRN1908
HRQ-01370,record_level_data_quality,dataset-raw-excel-data,record,RECALL_STATUS_MONITORING_REQUIRES_GOVERNANCE;EXPIRATION_BEFORE_PURCHASE_REQUIRES_REVIEW;EXPIRED_ITEM_FLAG,SME/Data Governance,open,SBRN=SBRN1909
HRQ-01371,record_level_data_quality,dataset-raw-excel-data,record,RECALL_STATUS_MONITORING_REQUIRES_GOVERNANCE;EXPIRATION_BEFORE_PURCHASE_REQUIRES_REVIEW;EXPIRED_ITEM_FLAG,SME/Data Governance,open,SBRN=SBRN1910
HRQ-01372,record_level_data_quality,dataset-raw-excel-data,record,RECALL_STATUS_MONITORING_REQUIRES_GOVERNANCE;EXPIRATION_BEFORE_PURCHASE_REQUIRES_REVIEW;EXPIRED_ITEM_FLAG,SME/Data Governance,open,SBRN=SBRN1911
HRQ-01373,record_level_data_quality,dataset-raw-excel-data,record,RECALL_STATUS_MONITORING_REQUIRES_GOVERNANCE,SME/Data Governance,open,SBRN=SBRN1912
HRQ-01374,record_level_data_quality,dataset-raw-excel-data,record,RECALL_STATUS_MONITORING_REQUIRES_GOVERNANCE,SME/Data Governance,open,SBRN=SBRN1913
HRQ-01375,record_level_data_quality,dataset-raw-excel-data,record,RECALL_STATUS_MONITORING_REQUIRES_GOVERNANCE,SME/Data Governance,open,SBRN=SBRN1914
HRQ-01376,record_level_data_quality,dataset-raw-excel-data,record,RECALL_STATUS_MONITORING_REQUIRES_GOVERNANCE,SME/Data Governance,open,SBRN=SBRN1915
HRQ-01377,record_level_data_quality,dataset-raw-excel-data,record,EXPIRATION_BEFORE_PURCHASE_REQUIRES_REVIEW;EXPIRED_ITEM_FLAG,SME/Data Governance,open,SBRN=SBRN1916
HRQ-01378,record_level_data_quality,dataset-raw-excel-data,record,EXPIRATION_BEFORE_PURCHASE_REQUIRES_REVIEW;EXPIRED_ITEM_FLAG,SME/Data Governance,open,SBRN=SBRN1917
HRQ-01379,record_level_data_quality,dataset-raw-excel-data,record,EXPIRATION_BEFORE_PURCHASE_REQUIRES_REVIEW;EXPIRED_ITEM_FLAG,SME/Data Governance,open,SBRN=SBRN1918
HRQ-01380,record_level_data_quality,dataset-raw-excel-data,record,RECALL_STATUS_MONITORING_REQUIRES_GOVERNANCE,SME/Data Governance,open,SBRN=SBRN1919
HRQ-01381,record_level_data_quality,dataset-raw-excel-data,record,RECALL_STATUS_MONITORING_REQUIRES_GOVERNANCE,SME/Data Governance,open,SBRN=SBRN1920
HRQ-01382,record_level_data_quality,dataset-raw-excel-data,record,RECALL_STATUS_MONITORING_REQUIRES_GOVERNANCE,SME/Data Governance,open,SBRN=SBRN1921
HRQ-01383,record_level_data_quality,dataset-raw-excel-data,record,RECALL_STATUS_MONITORING_REQUIRES_GOVERNANCE,SME/Data Governance,open,SBRN=SBRN1922
HRQ-01384,record_level_data_quality,dataset-raw-excel-data,record,RECALL_STATUS_MONITORING_REQUIRES_GOVERNANCE,SME/Data Governance,open,SBRN=SBRN1923
HRQ-01385,record_level_data_quality,dataset-raw-excel-data,record,RECALL_STATUS_MONITORING_REQUIRES_GOVERNANCE,SME/Data Governance,open,SBRN=SBRN1924
HRQ-01386,record_level_data_quality,dataset-raw-excel-data,record,RECALL_STATUS_MONITORING_REQUIRES_GOVERNANCE,SME/Data Governance,open,SBRN=SBRN1925
HRQ-01387,record_level_data_quality,dataset-raw-excel-data,record,RECALL_STATUS_MONITORING_REQUIRES_GOVERNANCE,SME/Data Governance,open,SBRN=SBRN1926
HRQ-01388,record_level_data_quality,dataset-raw-excel-data,record,RECALL_STATUS_MONITORING_REQUIRES_GOVERNANCE,SME/Data Governance,open,SBRN=SBRN1927
HRQ-01389,record_level_data_quality,dataset-raw-excel-data,record,RECALL_STATUS_MONITORING_REQUIRES_GOVERNANCE,SME/Data Governance,open,SBRN=SBRN1928
HRQ-01390,record_level_data_quality,dataset-raw-excel-data,record,RECALL_STATUS_MONITORING_REQUIRES_GOVERNANCE,SME/Data Governance,open,SBRN=SBRN1929
HRQ-01391,record_level_data_quality,dataset-raw-excel-data,record,RECALL_STATUS_MONITORING_REQUIRES_GOVERNANCE,SME/Data Governance,open,SBRN=SBRN1930
HRQ-01392,record_level_data_quality,dataset-raw-excel-data,record,RECALL_STATUS_MONITORING_REQUIRES_GOVERNANCE;EXPIRED_ITEM_FLAG,SME/Data Governance,open,SBRN=SBRN1931
HRQ-01393,record_level_data_quality,dataset-raw-excel-data,record,RECALL_STATUS_MONITORING_REQUIRES_GOVERNANCE;EXPIRED_ITEM_FLAG,SME/Data Governance,open,SBRN=SBRN1932
HRQ-01394,record_level_data_quality,dataset-raw-excel-data,record,RECALL_STATUS_MONITORING_REQUIRES_GOVERNANCE;EXPIRED_ITEM_FLAG,SME/Data Governance,open,SBRN=SBRN1933
HRQ-01395,record_level_data_quality,dataset-raw-excel-data,record,RECALL_STATUS_MONITORING_REQUIRES_GOVERNANCE;EXPIRED_ITEM_FLAG,SME/Data Governance,open,SBRN=SBRN1934
HRQ-01396,record_level_data_quality,dataset-raw-excel-data,record,RECALL_STATUS_MONITORING_REQUIRES_GOVERNANCE;EXPIRED_ITEM_FLAG,SME/Data Governance,open,SBRN=SBRN1935
HRQ-01397,record_level_data_quality,dataset-raw-excel-data,record,RECALL_STATUS_MONITORING_REQUIRES_GOVERNANCE;EXPIRED_ITEM_FLAG,SME/Data Governance,open,SBRN=SBRN1936
HRQ-01398,record_level_data_quality,dataset-raw-excel-data,record,MISSING_RECALL_STATUS_NORMALIZED_TO_NONE;FUTURE_PURCHASE_DATE_REQUIRES_REVIEW;EXPIRATION_BEFORE_PURCHASE_REQUIRES_REVIEW,SME/Data Governance,open,SBRN=SBRN1937
HRQ-01399,record_level_data_quality,dataset-raw-excel-data,record,MISSING_RECALL_STATUS_NORMALIZED_TO_NONE;FUTURE_PURCHASE_DATE_REQUIRES_REVIEW;EXPIRATION_BEFORE_PURCHASE_REQUIRES_REVIEW,SME/Data Governance,open,SBRN=SBRN1938
HRQ-01400,record_level_data_quality,dataset-raw-excel-data,record,MISSING_RECALL_STATUS_NORMALIZED_TO_NONE;FUTURE_PURCHASE_DATE_REQUIRES_REVIEW;EXPIRATION_BEFORE_PURCHASE_REQUIRES_REVIEW;EXPIRED_ITEM_FLAG,SME/Data Governance,open,SBRN=SBRN1940
HRQ-01401,record_level_data_quality,dataset-raw-excel-data,record,MISSING_RECALL_STATUS_NORMALIZED_TO_NONE;FUTURE_PURCHASE_DATE_REQUIRES_REVIEW;EXPIRATION_BEFORE_PURCHASE_REQUIRES_REVIEW;EXPIRED_ITEM_FLAG,SME/Data Governance,open,SBRN=SBRN1941
HRQ-01402,record_level_data_quality,dataset-raw-excel-data,record,MISSING_RECALL_STATUS_NORMALIZED_TO_NONE;FUTURE_PURCHASE_DATE_REQUIRES_REVIEW;EXPIRATION_BEFORE_PURCHASE_REQUIRES_REVIEW;EXPIRED_ITEM_FLAG,SME/Data Governance,open,SBRN=SBRN1942
HRQ-01403,record_level_data_quality,dataset-raw-excel-data,record,EXPIRATION_BEFORE_PURCHASE_REQUIRES_REVIEW;EXPIRED_ITEM_FLAG,SME/Data Governance,open,SBRN=SBRN1948
HRQ-01404,record_level_data_quality,dataset-raw-excel-data,record,EXPIRATION_BEFORE_PURCHASE_REQUIRES_REVIEW;EXPIRED_ITEM_FLAG,SME/Data Governance,open,SBRN=SBRN1949
HRQ-01405,record_level_data_quality,dataset-raw-excel-data,record,EXPIRATION_BEFORE_PURCHASE_REQUIRES_REVIEW;EXPIRED_ITEM_FLAG,SME/Data Governance,open,SBRN=SBRN1950
HRQ-01406,record_level_data_quality,dataset-raw-excel-data,record,EXPIRATION_BEFORE_PURCHASE_REQUIRES_REVIEW;EXPIRED_ITEM_FLAG,SME/Data Governance,open,SBRN=SBRN1951
HRQ-01407,record_level_data_quality,dataset-raw-excel-data,record,RECALL_STATUS_MONITORING_REQUIRES_GOVERNANCE,SME/Data Governance,open,SBRN=SBRN1954
HRQ-01408,record_level_data_quality,dataset-raw-excel-data,record,RECALL_STATUS_MONITORING_REQUIRES_GOVERNANCE,SME/Data Governance,open,SBRN=SBRN1955
HRQ-01409,record_level_data_quality,dataset-raw-excel-data,record,RECALL_STATUS_MONITORING_REQUIRES_GOVERNANCE;EXPIRATION_BEFORE_PURCHASE_REQUIRES_REVIEW;EXPIRED_ITEM_FLAG,SME/Data Governance,open,SBRN=SBRN1956
HRQ-01410,record_level_data_quality,dataset-raw-excel-data,record,RECALL_STATUS_MONITORING_REQUIRES_GOVERNANCE;EXPIRATION_BEFORE_PURCHASE_REQUIRES_REVIEW;EXPIRED_ITEM_FLAG,SME/Data Governance,open,SBRN=SBRN1957
HRQ-01411,record_level_data_quality,dataset-raw-excel-data,record,MISSING_RECALL_STATUS_NORMALIZED_TO_NONE;FUTURE_PURCHASE_DATE_REQUIRES_REVIEW;EXPIRATION_BEFORE_PURCHASE_REQUIRES_REVIEW,SME/Data Governance,open,SBRN=SBRN1958
HRQ-01412,record_level_data_quality,dataset-raw-excel-data,record,MISSING_RECALL_STATUS_NORMALIZED_TO_NONE;FUTURE_PURCHASE_DATE_REQUIRES_REVIEW;EXPIRATION_BEFORE_PURCHASE_REQUIRES_REVIEW,SME/Data Governance,open,SBRN=SBRN1959
HRQ-01413,record_level_data_quality,dataset-raw-excel-data,record,MISSING_RECALL_STATUS_NORMALIZED_TO_NONE;FUTURE_PURCHASE_DATE_REQUIRES_REVIEW;EXPIRATION_BEFORE_PURCHASE_REQUIRES_REVIEW,SME/Data Governance,open,SBRN=SBRN1960
HRQ-01414,record_level_data_quality,dataset-raw-excel-data,record,MISSING_RECALL_STATUS_NORMALIZED_TO_NONE;EXPIRATION_BEFORE_PURCHASE_REQUIRES_REVIEW;EXPIRED_ITEM_FLAG,SME/Data Governance,open,SBRN=SBRN1961
HRQ-01415,record_level_data_quality,dataset-raw-excel-data,record,MISSING_RECALL_STATUS_NORMALIZED_TO_NONE;EXPIRATION_BEFORE_PURCHASE_REQUIRES_REVIEW;EXPIRED_ITEM_FLAG,SME/Data Governance,open,SBRN=SBRN1962
HRQ-01416,record_level_data_quality,dataset-raw-excel-data,record,MISSING_RECALL_STATUS_NORMALIZED_TO_NONE;EXPIRATION_BEFORE_PURCHASE_REQUIRES_REVIEW;EXPIRED_ITEM_FLAG,SME/Data Governance,open,SBRN=SBRN1963
HRQ-01417,record_level_data_quality,dataset-raw-excel-data,record,MISSING_RECALL_STATUS_NORMALIZED_TO_NONE;EXPIRATION_BEFORE_PURCHASE_REQUIRES_REVIEW;EXPIRED_ITEM_FLAG,SME/Data Governance,open,SBRN=SBRN1964
HRQ-01418,record_level_data_quality,dataset-raw-excel-data,record,RECALL_STATUS_MONITORING_REQUIRES_GOVERNANCE;EXPIRATION_BEFORE_PURCHASE_REQUIRES_REVIEW;EXPIRED_ITEM_FLAG,SME/Data Governance,open,SBRN=SBRN1965
HRQ-01419,record_level_data_quality,dataset-raw-excel-data,record,RECALL_STATUS_MONITORING_REQUIRES_GOVERNANCE;EXPIRATION_BEFORE_PURCHASE_REQUIRES_REVIEW;EXPIRED_ITEM_FLAG,SME/Data Governance,open,SBRN=SBRN1966
HRQ-01420,record_level_data_quality,dataset-raw-excel-data,record,RECALL_STATUS_MONITORING_REQUIRES_GOVERNANCE;EXPIRATION_BEFORE_PURCHASE_REQUIRES_REVIEW;EXPIRED_ITEM_FLAG,SME/Data Governance,open,SBRN=SBRN1967
HRQ-01421,record_level_data_quality,dataset-raw-excel-data,record,MISSING_RECALL_STATUS_NORMALIZED_TO_NONE;EXPIRATION_BEFORE_PURCHASE_REQUIRES_REVIEW;EXPIRED_ITEM_FLAG,SME/Data Governance,open,SBRN=SBRN1968
HRQ-01422,record_level_data_quality,dataset-raw-excel-data,record,MISSING_RECALL_STATUS_NORMALIZED_TO_NONE;EXPIRATION_BEFORE_PURCHASE_REQUIRES_REVIEW;EXPIRED_ITEM_FLAG,SME/Data Governance,open,SBRN=SBRN1969
HRQ-01423,record_level_data_quality,dataset-raw-excel-data,record,EXPIRATION_BEFORE_PURCHASE_REQUIRES_REVIEW;EXPIRED_ITEM_FLAG,SME/Data Governance,open,SBRN=SBRN1988
HRQ-01424,record_level_data_quality,dataset-raw-excel-data,record,EXPIRATION_BEFORE_PURCHASE_REQUIRES_REVIEW;EXPIRED_ITEM_FLAG,SME/Data Governance,open,SBRN=SBRN1989
HRQ-01425,record_level_data_quality,dataset-raw-excel-data,record,EXPIRATION_BEFORE_PURCHASE_REQUIRES_REVIEW;EXPIRED_ITEM_FLAG,SME/Data Governance,open,SBRN=SBRN1990
HRQ-01426,record_level_data_quality,dataset-raw-excel-data,record,EXPIRATION_BEFORE_PURCHASE_REQUIRES_REVIEW;EXPIRED_ITEM_FLAG,SME/Data Governance,open,SBRN=SBRN1991
HRQ-01427,record_level_data_quality,dataset-raw-excel-data,record,EXPIRATION_BEFORE_PURCHASE_REQUIRES_REVIEW;EXPIRED_ITEM_FLAG,SME/Data Governance,open,SBRN=SBRN1992
HRQ-01428,record_level_data_quality,dataset-raw-excel-data,record,EXPIRATION_BEFORE_PURCHASE_REQUIRES_REVIEW;EXPIRED_ITEM_FLAG,SME/Data Governance,open,SBRN=SBRN1993
HRQ-01429,record_level_data_quality,dataset-raw-excel-data,record,EXPIRATION_BEFORE_PURCHASE_REQUIRES_REVIEW;EXPIRED_ITEM_FLAG,SME/Data Governance,open,SBRN=SBRN1994
HRQ-01430,record_level_data_quality,dataset-raw-excel-data,record,EXPIRATION_BEFORE_PURCHASE_REQUIRES_REVIEW;EXPIRED_ITEM_FLAG,SME/Data Governance,open,SBRN=SBRN1995
HRQ-01431,record_level_data_quality,dataset-raw-excel-data,record,RECALL_STATUS_MONITORING_REQUIRES_GOVERNANCE;FUTURE_PURCHASE_DATE_REQUIRES_REVIEW;EXPIRATION_BEFORE_PURCHASE_REQUIRES_REVIEW;EXPIRED_ITEM_FLAG,SME/Data Governance,open,SBRN=SBRN1996
HRQ-01432,record_level_data_quality,dataset-raw-excel-data,record,RECALL_STATUS_MONITORING_REQUIRES_GOVERNANCE;FUTURE_PURCHASE_DATE_REQUIRES_REVIEW;EXPIRATION_BEFORE_PURCHASE_REQUIRES_REVIEW;EXPIRED_ITEM_FLAG,SME/Data Governance,open,SBRN=SBRN1997
HRQ-01433,record_level_data_quality,dataset-raw-excel-data,record,RECALL_STATUS_MONITORING_REQUIRES_GOVERNANCE;FUTURE_PURCHASE_DATE_REQUIRES_REVIEW;EXPIRATION_BEFORE_PURCHASE_REQUIRES_REVIEW;EXPIRED_ITEM_FLAG,SME/Data Governance,open,SBRN=SBRN1998
HRQ-01434,record_level_data_quality,dataset-raw-excel-data,record,RECALL_STATUS_MONITORING_REQUIRES_GOVERNANCE;FUTURE_PURCHASE_DATE_REQUIRES_REVIEW;EXPIRATION_BEFORE_PURCHASE_REQUIRES_REVIEW;EXPIRED_ITEM_FLAG,SME/Data Governance,open,SBRN=SBRN1999
HRQ-01435,record_level_data_quality,dataset-raw-excel-data,record,RECALL_STATUS_MONITORING_REQUIRES_GOVERNANCE;FUTURE_PURCHASE_DATE_REQUIRES_REVIEW;EXPIRATION_BEFORE_PURCHASE_REQUIRES_REVIEW;EXPIRED_ITEM_FLAG,SME/Data Governance,open,SBRN=SBRN2000
HRQ-01436,record_level_data_quality,dataset-raw-excel-data,record,EXPIRATION_BEFORE_PURCHASE_REQUIRES_REVIEW;EXPIRED_ITEM_FLAG,SME/Data Governance,open,SBRN=SBRN2005
HRQ-01437,record_level_data_quality,dataset-raw-excel-data,record,EXPIRATION_BEFORE_PURCHASE_REQUIRES_REVIEW;EXPIRED_ITEM_FLAG,SME/Data Governance,open,SBRN=SBRN2006
HRQ-01438,record_level_data_quality,dataset-raw-excel-data,record,EXPIRATION_BEFORE_PURCHASE_REQUIRES_REVIEW;EXPIRED_ITEM_FLAG,SME/Data Governance,open,SBRN=SBRN2011
HRQ-01439,record_level_data_quality,dataset-raw-excel-data,record,RECALL_STATUS_MONITORING_REQUIRES_GOVERNANCE;EXPIRED_ITEM_FLAG,SME/Data Governance,open,SBRN=SBRN2012
HRQ-01440,record_level_data_quality,dataset-raw-excel-data,record,RECALL_STATUS_MONITORING_REQUIRES_GOVERNANCE;EXPIRED_ITEM_FLAG,SME/Data Governance,open,SBRN=SBRN2013
HRQ-01441,record_level_data_quality,dataset-raw-excel-data,record,RECALL_STATUS_MONITORING_REQUIRES_GOVERNANCE;EXPIRED_ITEM_FLAG,SME/Data Governance,open,SBRN=SBRN2014
HRQ-01442,record_level_data_quality,dataset-raw-excel-data,record,RECALL_STATUS_MONITORING_REQUIRES_GOVERNANCE;EXPIRED_ITEM_FLAG,SME/Data Governance,open,SBRN=SBRN2015
HRQ-01443,record_level_data_quality,dataset-raw-excel-data,record,MISSING_RECALL_STATUS_NORMALIZED_TO_NONE;EXPIRATION_BEFORE_PURCHASE_REQUIRES_REVIEW;EXPIRED_ITEM_FLAG,SME/Data Governance,open,SBRN=SBRN2016
HRQ-01444,record_level_data_quality,dataset-raw-excel-data,record,MISSING_RECALL_STATUS_NORMALIZED_TO_NONE;EXPIRATION_BEFORE_PURCHASE_REQUIRES_REVIEW;EXPIRED_ITEM_FLAG,SME/Data Governance,open,SBRN=SBRN2017
HRQ-01445,record_level_data_quality,dataset-raw-excel-data,record,RECALL_STATUS_MONITORING_REQUIRES_GOVERNANCE;EXPIRATION_BEFORE_PURCHASE_REQUIRES_REVIEW;EXPIRED_ITEM_FLAG,SME/Data Governance,open,SBRN=SBRN2018
HRQ-01446,record_level_data_quality,dataset-raw-excel-data,record,RECALL_STATUS_MONITORING_REQUIRES_GOVERNANCE;EXPIRATION_BEFORE_PURCHASE_REQUIRES_REVIEW;EXPIRED_ITEM_FLAG,SME/Data Governance,open,SBRN=SBRN2019
HRQ-01447,record_level_data_quality,dataset-raw-excel-data,record,RECALL_STATUS_MONITORING_REQUIRES_GOVERNANCE;EXPIRATION_BEFORE_PURCHASE_REQUIRES_REVIEW;EXPIRED_ITEM_FLAG,SME/Data Governance,open,SBRN=SBRN2020
HRQ-01448,record_level_data_quality,dataset-raw-excel-data,record,RECALL_STATUS_MONITORING_REQUIRES_GOVERNANCE;EXPIRATION_BEFORE_PURCHASE_REQUIRES_REVIEW;EXPIRED_ITEM_FLAG,SME/Data Governance,open,SBRN=SBRN2021
HRQ-01449,record_level_data_quality,dataset-raw-excel-data,record,RECALL_STATUS_MONITORING_REQUIRES_GOVERNANCE;EXPIRATION_BEFORE_PURCHASE_REQUIRES_REVIEW;EXPIRED_ITEM_FLAG,SME/Data Governance,open,SBRN=SBRN2022
HRQ-01450,record_level_data_quality,dataset-raw-excel-data,record,RECALL_STATUS_MONITORING_REQUIRES_GOVERNANCE;EXPIRATION_BEFORE_PURCHASE_REQUIRES_REVIEW;EXPIRED_ITEM_FLAG,SME/Data Governance,open,SBRN=SBRN2023
HRQ-01451,record_level_data_quality,dataset-raw-excel-data,record,FUTURE_PURCHASE_DATE_REQUIRES_REVIEW,SME/Data Governance,open,SBRN=SBRN2024
HRQ-01452,record_level_data_quality,dataset-raw-excel-data,record,FUTURE_PURCHASE_DATE_REQUIRES_REVIEW,SME/Data Governance,open,SBRN=SBRN2025
HRQ-01453,record_level_data_quality,dataset-raw-excel-data,record,FUTURE_PURCHASE_DATE_REQUIRES_REVIEW,SME/Data Governance,open,SBRN=SBRN2026
HRQ-01454,record_level_data_quality,dataset-raw-excel-data,record,FUTURE_PURCHASE_DATE_REQUIRES_REVIEW,SME/Data Governance,open,SBRN=SBRN2027
HRQ-01455,record_level_data_quality,dataset-raw-excel-data,record,FUTURE_PURCHASE_DATE_REQUIRES_REVIEW,SME/Data Governance,open,SBRN=SBRN2028
HRQ-01456,record_level_data_quality,dataset-raw-excel-data,record,RECALL_STATUS_MONITORING_REQUIRES_GOVERNANCE,SME/Data Governance,open,SBRN=SBRN2029
HRQ-01457,record_level_data_quality,dataset-raw-excel-data,record,RECALL_STATUS_MONITORING_REQUIRES_GOVERNANCE,SME/Data Governance,open,SBRN=SBRN2030
HRQ-01458,record_level_data_quality,dataset-raw-excel-data,record,RECALL_STATUS_MONITORING_REQUIRES_GOVERNANCE,SME/Data Governance,open,SBRN=SBRN2031
HRQ-01459,record_level_data_quality,dataset-raw-excel-data,record,RECALL_STATUS_MONITORING_REQUIRES_GOVERNANCE,SME/Data Governance,open,SBRN=SBRN2032
HRQ-01460,record_level_data_quality,dataset-raw-excel-data,record,FUTURE_PURCHASE_DATE_REQUIRES_REVIEW,SME/Data Governance,open,SBRN=SBRN2033
HRQ-01461,record_level_data_quality,dataset-raw-excel-data,record,FUTURE_PURCHASE_DATE_REQUIRES_REVIEW,SME/Data Governance,open,SBRN=SBRN2034
HRQ-01462,record_level_data_quality,dataset-raw-excel-data,record,EXPIRATION_BEFORE_PURCHASE_REQUIRES_REVIEW;EXPIRED_ITEM_FLAG,SME/Data Governance,open,SBRN=SBRN2035
HRQ-01463,record_level_data_quality,dataset-raw-excel-data,record,EXPIRATION_BEFORE_PURCHASE_REQUIRES_REVIEW;EXPIRED_ITEM_FLAG,SME/Data Governance,open,SBRN=SBRN2036
HRQ-01464,record_level_data_quality,dataset-raw-excel-data,record,RECALL_STATUS_MONITORING_REQUIRES_GOVERNANCE;EXPIRED_ITEM_FLAG,SME/Data Governance,open,SBRN=SBRN2037
HRQ-01465,record_level_data_quality,dataset-raw-excel-data,record,RECALL_STATUS_MONITORING_REQUIRES_GOVERNANCE;EXPIRED_ITEM_FLAG,SME/Data Governance,open,SBRN=SBRN2038
HRQ-01466,record_level_data_quality,dataset-raw-excel-data,record,RECALL_STATUS_MONITORING_REQUIRES_GOVERNANCE;EXPIRED_ITEM_FLAG,SME/Data Governance,open,SBRN=SBRN2039
HRQ-01467,record_level_data_quality,dataset-raw-excel-data,record,RECALL_STATUS_MONITORING_REQUIRES_GOVERNANCE;EXPIRED_ITEM_FLAG,SME/Data Governance,open,SBRN=SBRN2040
HRQ-01468,record_level_data_quality,dataset-raw-excel-data,record,RECALL_STATUS_MONITORING_REQUIRES_GOVERNANCE;EXPIRED_ITEM_FLAG,SME/Data Governance,open,SBRN=SBRN2041
HRQ-01469,record_level_data_quality,dataset-raw-excel-data,record,RECALL_STATUS_MONITORING_REQUIRES_GOVERNANCE;EXPIRED_ITEM_FLAG,SME/Data Governance,open,SBRN=SBRN2042
HRQ-01470,record_level_data_quality,dataset-raw-excel-data,record,RECALL_STATUS_MONITORING_REQUIRES_GOVERNANCE;EXPIRATION_BEFORE_PURCHASE_REQUIRES_REVIEW;EXPIRED_ITEM_FLAG,SME/Data Governance,open,SBRN=SBRN2043
HRQ-01471,record_level_data_quality,dataset-raw-excel-data,record,RECALL_STATUS_MONITORING_REQUIRES_GOVERNANCE;EXPIRATION_BEFORE_PURCHASE_REQUIRES_REVIEW;EXPIRED_ITEM_FLAG,SME/Data Governance,open,SBRN=SBRN2044
HRQ-01472,record_level_data_quality,dataset-raw-excel-data,record,RECALL_STATUS_MONITORING_REQUIRES_GOVERNANCE;EXPIRATION_BEFORE_PURCHASE_REQUIRES_REVIEW;EXPIRED_ITEM_FLAG,SME/Data Governance,open,SBRN=SBRN2045
HRQ-01473,record_level_data_quality,dataset-raw-excel-data,record,RECALL_STATUS_MONITORING_REQUIRES_GOVERNANCE;EXPIRATION_BEFORE_PURCHASE_REQUIRES_REVIEW;EXPIRED_ITEM_FLAG,SME/Data Governance,open,SBRN=SBRN2046
HRQ-01474,record_level_data_quality,dataset-raw-excel-data,record,RECALL_STATUS_MONITORING_REQUIRES_GOVERNANCE;EXPIRATION_BEFORE_PURCHASE_REQUIRES_REVIEW;EXPIRED_ITEM_FLAG,SME/Data Governance,open,SBRN=SBRN2047
HRQ-01475,record_level_data_quality,dataset-raw-excel-data,record,MISSING_RECALL_STATUS_NORMALIZED_TO_NONE;EXPIRATION_BEFORE_PURCHASE_REQUIRES_REVIEW;EXPIRED_ITEM_FLAG,SME/Data Governance,open,SBRN=SBRN2048
HRQ-01476,record_level_data_quality,dataset-raw-excel-data,record,MISSING_RECALL_STATUS_NORMALIZED_TO_NONE;EXPIRATION_BEFORE_PURCHASE_REQUIRES_REVIEW;EXPIRED_ITEM_FLAG,SME/Data Governance,open,SBRN=SBRN2049
HRQ-01477,record_level_data_quality,dataset-raw-excel-data,record,RECALL_STATUS_MONITORING_REQUIRES_GOVERNANCE;EXPIRED_ITEM_FLAG,SME/Data Governance,open,SBRN=SBRN2050
HRQ-01478,record_level_data_quality,dataset-raw-excel-data,record,RECALL_STATUS_MONITORING_REQUIRES_GOVERNANCE;EXPIRED_ITEM_FLAG,SME/Data Governance,open,SBRN=SBRN2051
HRQ-01479,record_level_data_quality,dataset-raw-excel-data,record,RECALL_STATUS_MONITORING_REQUIRES_GOVERNANCE;EXPIRED_ITEM_FLAG,SME/Data Governance,open,SBRN=SBRN2052
HRQ-01480,record_level_data_quality,dataset-raw-excel-data,record,RECALL_STATUS_MONITORING_REQUIRES_GOVERNANCE;EXPIRED_ITEM_FLAG,SME/Data Governance,open,SBRN=SBRN2053
HRQ-01481,record_level_data_quality,dataset-raw-excel-data,record,RECALL_STATUS_MONITORING_REQUIRES_GOVERNANCE;EXPIRED_ITEM_FLAG,SME/Data Governance,open,SBRN=SBRN2054
HRQ-01482,record_level_data_quality,dataset-raw-excel-data,record,RECALL_STATUS_MONITORING_REQUIRES_GOVERNANCE;EXPIRED_ITEM_FLAG,SME/Data Governance,open,SBRN=SBRN2055
HRQ-01483,record_level_data_quality,dataset-raw-excel-data,record,RECALL_STATUS_MONITORING_REQUIRES_GOVERNANCE;EXPIRED_ITEM_FLAG,SME/Data Governance,open,SBRN=SBRN2056
HRQ-01484,record_level_data_quality,dataset-raw-excel-data,record,RECALL_STATUS_MONITORING_REQUIRES_GOVERNANCE,SME/Data Governance,open,SBRN=SBRN2057
HRQ-01485,record_level_data_quality,dataset-raw-excel-data,record,RECALL_STATUS_MONITORING_REQUIRES_GOVERNANCE,SME/Data Governance,open,SBRN=SBRN2058
HRQ-01486,record_level_data_quality,dataset-raw-excel-data,record,RECALL_STATUS_MONITORING_REQUIRES_GOVERNANCE,SME/Data Governance,open,SBRN=SBRN2059
HRQ-01487,record_level_data_quality,dataset-raw-excel-data,record,MISSING_RECALL_STATUS_NORMALIZED_TO_NONE;EXPIRATION_BEFORE_PURCHASE_REQUIRES_REVIEW;EXPIRED_ITEM_FLAG,SME/Data Governance,open,SBRN=SBRN2060
HRQ-01488,record_level_data_quality,dataset-raw-excel-data,record,MISSING_RECALL_STATUS_NORMALIZED_TO_NONE;EXPIRATION_BEFORE_PURCHASE_REQUIRES_REVIEW;EXPIRED_ITEM_FLAG,SME/Data Governance,open,SBRN=SBRN2061
HRQ-01489,record_level_data_quality,dataset-raw-excel-data,record,MISSING_RECALL_STATUS_NORMALIZED_TO_NONE;EXPIRATION_BEFORE_PURCHASE_REQUIRES_REVIEW;EXPIRED_ITEM_FLAG,SME/Data Governance,open,SBRN=SBRN2062
HRQ-01490,record_level_data_quality,dataset-raw-excel-data,record,FUTURE_PURCHASE_DATE_REQUIRES_REVIEW,SME/Data Governance,open,SBRN=SBRN2063
HRQ-01491,record_level_data_quality,dataset-raw-excel-data,record,FUTURE_PURCHASE_DATE_REQUIRES_REVIEW,SME/Data Governance,open,SBRN=SBRN2064
HRQ-01492,record_level_data_quality,dataset-raw-excel-data,record,FUTURE_PURCHASE_DATE_REQUIRES_REVIEW,SME/Data Governance,open,SBRN=SBRN2065
HRQ-01493,record_level_data_quality,dataset-raw-excel-data,record,FUTURE_PURCHASE_DATE_REQUIRES_REVIEW,SME/Data Governance,open,SBRN=SBRN2066
HRQ-01494,record_level_data_quality,dataset-raw-excel-data,record,RECALL_STATUS_MONITORING_REQUIRES_GOVERNANCE;EXPIRED_ITEM_FLAG,SME/Data Governance,open,SBRN=SBRN2074
HRQ-01495,record_level_data_quality,dataset-raw-excel-data,record,RECALL_STATUS_MONITORING_REQUIRES_GOVERNANCE;EXPIRED_ITEM_FLAG,SME/Data Governance,open,SBRN=SBRN2075
HRQ-01496,record_level_data_quality,dataset-raw-excel-data,record,RECALL_STATUS_MONITORING_REQUIRES_GOVERNANCE;EXPIRED_ITEM_FLAG,SME/Data Governance,open,SBRN=SBRN2076
HRQ-01497,record_level_data_quality,dataset-raw-excel-data,record,RECALL_STATUS_MONITORING_REQUIRES_GOVERNANCE;EXPIRED_ITEM_FLAG,SME/Data Governance,open,SBRN=SBRN2077
HRQ-01498,record_level_data_quality,dataset-raw-excel-data,record,RECALL_STATUS_MONITORING_REQUIRES_GOVERNANCE;EXPIRED_ITEM_FLAG,SME/Data Governance,open,SBRN=SBRN2078
HRQ-01499,record_level_data_quality,dataset-raw-excel-data,record,RECALL_STATUS_MONITORING_REQUIRES_GOVERNANCE;EXPIRED_ITEM_FLAG,SME/Data Governance,open,SBRN=SBRN2079
HRQ-01500,record_level_data_quality,dataset-raw-excel-data,record,MISSING_RECALL_STATUS_NORMALIZED_TO_NONE;FUTURE_PURCHASE_DATE_REQUIRES_REVIEW;EXPIRATION_BEFORE_PURCHASE_REQUIRES_REVIEW;EXPIRED_ITEM_FLAG,SME/Data Governance,open,SBRN=SBRN2080
HRQ-01501,record_level_data_quality,dataset-raw-excel-data,record,MISSING_RECALL_STATUS_NORMALIZED_TO_NONE;FUTURE_PURCHASE_DATE_REQUIRES_REVIEW;EXPIRATION_BEFORE_PURCHASE_REQUIRES_REVIEW;EXPIRED_ITEM_FLAG,SME/Data Governance,open,SBRN=SBRN2081
HRQ-01502,record_level_data_quality,dataset-raw-excel-data,record,MISSING_RECALL_STATUS_NORMALIZED_TO_NONE;FUTURE_PURCHASE_DATE_REQUIRES_REVIEW;EXPIRATION_BEFORE_PURCHASE_REQUIRES_REVIEW;EXPIRED_ITEM_FLAG,SME/Data Governance,open,SBRN=SBRN2082
HRQ-01503,record_level_data_quality,dataset-raw-excel-data,record,MISSING_RECALL_STATUS_NORMALIZED_TO_NONE;EXPIRATION_BEFORE_PURCHASE_REQUIRES_REVIEW;EXPIRED_ITEM_FLAG,SME/Data Governance,open,SBRN=SBRN2083
HRQ-01504,record_level_data_quality,dataset-raw-excel-data,record,MISSING_RECALL_STATUS_NORMALIZED_TO_NONE;EXPIRATION_BEFORE_PURCHASE_REQUIRES_REVIEW;EXPIRED_ITEM_FLAG,SME/Data Governance,open,SBRN=SBRN2084
HRQ-01505,record_level_data_quality,dataset-raw-excel-data,record,MISSING_RECALL_STATUS_NORMALIZED_TO_NONE;EXPIRATION_BEFORE_PURCHASE_REQUIRES_REVIEW;EXPIRED_ITEM_FLAG,SME/Data Governance,open,SBRN=SBRN2085
HRQ-01506,record_level_data_quality,dataset-raw-excel-data,record,EXPIRATION_BEFORE_PURCHASE_REQUIRES_REVIEW;EXPIRED_ITEM_FLAG,SME/Data Governance,open,SBRN=SBRN2090
HRQ-01507,record_level_data_quality,dataset-raw-excel-data,record,EXPIRATION_BEFORE_PURCHASE_REQUIRES_REVIEW;EXPIRED_ITEM_FLAG,SME/Data Governance,open,SBRN=SBRN2091
HRQ-01508,record_level_data_quality,dataset-raw-excel-data,record,EXPIRATION_BEFORE_PURCHASE_REQUIRES_REVIEW;EXPIRED_ITEM_FLAG,SME/Data Governance,open,SBRN=SBRN2092
HRQ-01509,record_level_data_quality,dataset-raw-excel-data,record,EXPIRATION_BEFORE_PURCHASE_REQUIRES_REVIEW;EXPIRED_ITEM_FLAG,SME/Data Governance,open,SBRN=SBRN2093
HRQ-01510,record_level_data_quality,dataset-raw-excel-data,record,EXPIRATION_BEFORE_PURCHASE_REQUIRES_REVIEW;EXPIRED_ITEM_FLAG,SME/Data Governance,open,SBRN=SBRN2094
HRQ-01511,record_level_data_quality,dataset-raw-excel-data,record,EXPIRATION_BEFORE_PURCHASE_REQUIRES_REVIEW;EXPIRED_ITEM_FLAG,SME/Data Governance,open,SBRN=SBRN2095
HRQ-01512,record_level_data_quality,dataset-raw-excel-data,record,EXPIRATION_BEFORE_PURCHASE_REQUIRES_REVIEW;EXPIRED_ITEM_FLAG,SME/Data Governance,open,SBRN=SBRN2096
HRQ-01513,record_level_data_quality,dataset-raw-excel-data,record,EXPIRATION_BEFORE_PURCHASE_REQUIRES_REVIEW;EXPIRED_ITEM_FLAG,SME/Data Governance,open,SBRN=SBRN2097
HRQ-01514,record_level_data_quality,dataset-raw-excel-data,record,EXPIRATION_BEFORE_PURCHASE_REQUIRES_REVIEW;EXPIRED_ITEM_FLAG,SME/Data Governance,open,SBRN=SBRN2105
HRQ-01515,record_level_data_quality,dataset-raw-excel-data,record,EXPIRATION_BEFORE_PURCHASE_REQUIRES_REVIEW;EXPIRED_ITEM_FLAG,SME/Data Governance,open,SBRN=SBRN2106
HRQ-01516,record_level_data_quality,dataset-raw-excel-data,record,EXPIRATION_BEFORE_PURCHASE_REQUIRES_REVIEW;EXPIRED_ITEM_FLAG,SME/Data Governance,open,SBRN=SBRN2107
HRQ-01517,record_level_data_quality,dataset-raw-excel-data,record,EXPIRATION_BEFORE_PURCHASE_REQUIRES_REVIEW;EXPIRED_ITEM_FLAG,SME/Data Governance,open,SBRN=SBRN2108
HRQ-01518,record_level_data_quality,dataset-raw-excel-data,record,EXPIRATION_BEFORE_PURCHASE_REQUIRES_REVIEW;EXPIRED_ITEM_FLAG,SME/Data Governance,open,SBRN=SBRN2109
HRQ-01519,record_level_data_quality,dataset-raw-excel-data,record,EXPIRATION_BEFORE_PURCHASE_REQUIRES_REVIEW;EXPIRED_ITEM_FLAG,SME/Data Governance,open,SBRN=SBRN2110
HRQ-01520,record_level_data_quality,dataset-raw-excel-data,record,EXPIRATION_BEFORE_PURCHASE_REQUIRES_REVIEW;EXPIRED_ITEM_FLAG,SME/Data Governance,open,SBRN=SBRN2111
HRQ-01521,record_level_data_quality,dataset-raw-excel-data,record,EXPIRATION_BEFORE_PURCHASE_REQUIRES_REVIEW;EXPIRED_ITEM_FLAG,SME/Data Governance,open,SBRN=SBRN2112
HRQ-01522,record_level_data_quality,dataset-raw-excel-data,record,EXPIRATION_BEFORE_PURCHASE_REQUIRES_REVIEW;EXPIRED_ITEM_FLAG,SME/Data Governance,open,SBRN=SBRN2113
HRQ-01523,record_level_data_quality,dataset-raw-excel-data,record,MISSING_RECALL_STATUS_NORMALIZED_TO_NONE;FUTURE_PURCHASE_DATE_REQUIRES_REVIEW;EXPIRATION_BEFORE_PURCHASE_REQUIRES_REVIEW;EXPIRED_ITEM_FLAG,SME/Data Governance,open,SBRN=SBRN2114
HRQ-01524,record_level_data_quality,dataset-raw-excel-data,record,MISSING_RECALL_STATUS_NORMALIZED_TO_NONE;EXPIRATION_BEFORE_PURCHASE_REQUIRES_REVIEW;EXPIRED_ITEM_FLAG,SME/Data Governance,open,SBRN=SBRN2115
HRQ-01525,record_level_data_quality,dataset-raw-excel-data,record,MISSING_RECALL_STATUS_NORMALIZED_TO_NONE;EXPIRATION_BEFORE_PURCHASE_REQUIRES_REVIEW;EXPIRED_ITEM_FLAG,SME/Data Governance,open,SBRN=SBRN2116
HRQ-01526,record_level_data_quality,dataset-raw-excel-data,record,MISSING_RECALL_STATUS_NORMALIZED_TO_NONE;EXPIRATION_BEFORE_PURCHASE_REQUIRES_REVIEW;EXPIRED_ITEM_FLAG,SME/Data Governance,open,SBRN=SBRN2117
HRQ-01527,record_level_data_quality,dataset-raw-excel-data,record,RECALL_STATUS_MONITORING_REQUIRES_GOVERNANCE,SME/Data Governance,open,SBRN=SBRN2118
HRQ-01528,record_level_data_quality,dataset-raw-excel-data,record,RECALL_STATUS_MONITORING_REQUIRES_GOVERNANCE,SME/Data Governance,open,SBRN=SBRN2119
HRQ-01529,record_level_data_quality,dataset-raw-excel-data,record,RECALL_STATUS_MONITORING_REQUIRES_GOVERNANCE,SME/Data Governance,open,SBRN=SBRN2120
HRQ-01530,record_level_data_quality,dataset-raw-excel-data,record,RECALL_STATUS_MONITORING_REQUIRES_GOVERNANCE;EXPIRED_ITEM_FLAG,SME/Data Governance,open,SBRN=SBRN2121
HRQ-01531,record_level_data_quality,dataset-raw-excel-data,record,RECALL_STATUS_MONITORING_REQUIRES_GOVERNANCE;EXPIRED_ITEM_FLAG,SME/Data Governance,open,SBRN=SBRN2122
HRQ-01532,record_level_data_quality,dataset-raw-excel-data,record,RECALL_STATUS_MONITORING_REQUIRES_GOVERNANCE;FUTURE_PURCHASE_DATE_REQUIRES_REVIEW;EXPIRATION_BEFORE_PURCHASE_REQUIRES_REVIEW;EXPIRED_ITEM_FLAG,SME/Data Governance,open,SBRN=SBRN2127
HRQ-01533,record_level_data_quality,dataset-raw-excel-data,record,RECALL_STATUS_MONITORING_REQUIRES_GOVERNANCE;FUTURE_PURCHASE_DATE_REQUIRES_REVIEW;EXPIRATION_BEFORE_PURCHASE_REQUIRES_REVIEW;EXPIRED_ITEM_FLAG,SME/Data Governance,open,SBRN=SBRN2128
HRQ-01534,record_level_data_quality,dataset-raw-excel-data,record,RECALL_STATUS_MONITORING_REQUIRES_GOVERNANCE;FUTURE_PURCHASE_DATE_REQUIRES_REVIEW;EXPIRATION_BEFORE_PURCHASE_REQUIRES_REVIEW;EXPIRED_ITEM_FLAG,SME/Data Governance,open,SBRN=SBRN2129
HRQ-01535,record_level_data_quality,dataset-raw-excel-data,record,RECALL_STATUS_MONITORING_REQUIRES_GOVERNANCE;FUTURE_PURCHASE_DATE_REQUIRES_REVIEW;EXPIRATION_BEFORE_PURCHASE_REQUIRES_REVIEW;EXPIRED_ITEM_FLAG,SME/Data Governance,open,SBRN=SBRN2130
HRQ-01536,record_level_data_quality,dataset-raw-excel-data,record,RECALL_STATUS_MONITORING_REQUIRES_GOVERNANCE;FUTURE_PURCHASE_DATE_REQUIRES_REVIEW;EXPIRATION_BEFORE_PURCHASE_REQUIRES_REVIEW;EXPIRED_ITEM_FLAG,SME/Data Governance,open,SBRN=SBRN2131
HRQ-01537,record_level_data_quality,dataset-raw-excel-data,record,MISSING_RECALL_STATUS_NORMALIZED_TO_NONE;FUTURE_PURCHASE_DATE_REQUIRES_REVIEW;EXPIRATION_BEFORE_PURCHASE_REQUIRES_REVIEW;EXPIRED_ITEM_FLAG,SME/Data Governance,open,SBRN=SBRN2132
HRQ-01538,record_level_data_quality,dataset-raw-excel-data,record,MISSING_RECALL_STATUS_NORMALIZED_TO_NONE;FUTURE_PURCHASE_DATE_REQUIRES_REVIEW;EXPIRATION_BEFORE_PURCHASE_REQUIRES_REVIEW;EXPIRED_ITEM_FLAG,SME/Data Governance,open,SBRN=SBRN2133
HRQ-01539,record_level_data_quality,dataset-raw-excel-data,record,RECALL_STATUS_MONITORING_REQUIRES_GOVERNANCE;FUTURE_PURCHASE_DATE_REQUIRES_REVIEW,SME/Data Governance,open,SBRN=SBRN2138
HRQ-01540,record_level_data_quality,dataset-raw-excel-data,record,RECALL_STATUS_MONITORING_REQUIRES_GOVERNANCE;FUTURE_PURCHASE_DATE_REQUIRES_REVIEW,SME/Data Governance,open,SBRN=SBRN2139
HRQ-01541,record_level_data_quality,dataset-raw-excel-data,record,RECALL_STATUS_MONITORING_REQUIRES_GOVERNANCE;FUTURE_PURCHASE_DATE_REQUIRES_REVIEW,SME/Data Governance,open,SBRN=SBRN2140
HRQ-01542,record_level_data_quality,dataset-raw-excel-data,record,MISSING_RECALL_STATUS_NORMALIZED_TO_NONE;FUTURE_PURCHASE_DATE_REQUIRES_REVIEW,SME/Data Governance,open,SBRN=SBRN2141
HRQ-01543,record_level_data_quality,dataset-raw-excel-data,record,MISSING_RECALL_STATUS_NORMALIZED_TO_NONE;FUTURE_PURCHASE_DATE_REQUIRES_REVIEW,SME/Data Governance,open,SBRN=SBRN2142
HRQ-01544,record_level_data_quality,dataset-raw-excel-data,record,MISSING_RECALL_STATUS_NORMALIZED_TO_NONE;FUTURE_PURCHASE_DATE_REQUIRES_REVIEW,SME/Data Governance,open,SBRN=SBRN2143
HRQ-01545,record_level_data_quality,dataset-raw-excel-data,record,EXPIRATION_BEFORE_PURCHASE_REQUIRES_REVIEW;EXPIRED_ITEM_FLAG,SME/Data Governance,open,SBRN=SBRN2148
HRQ-01546,record_level_data_quality,dataset-raw-excel-data,record,EXPIRATION_BEFORE_PURCHASE_REQUIRES_REVIEW;EXPIRED_ITEM_FLAG,SME/Data Governance,open,SBRN=SBRN2149
HRQ-01547,record_level_data_quality,dataset-raw-excel-data,record,EXPIRATION_BEFORE_PURCHASE_REQUIRES_REVIEW;EXPIRED_ITEM_FLAG,SME/Data Governance,open,SBRN=SBRN2150
HRQ-01548,record_level_data_quality,dataset-raw-excel-data,record,EXPIRATION_BEFORE_PURCHASE_REQUIRES_REVIEW;EXPIRED_ITEM_FLAG,SME/Data Governance,open,SBRN=SBRN2151
HRQ-01549,record_level_data_quality,dataset-raw-excel-data,record,EXPIRATION_BEFORE_PURCHASE_REQUIRES_REVIEW;EXPIRED_ITEM_FLAG,SME/Data Governance,open,SBRN=SBRN2152
HRQ-01550,record_level_data_quality,dataset-raw-excel-data,record,EXPIRATION_BEFORE_PURCHASE_REQUIRES_REVIEW;EXPIRED_ITEM_FLAG,SME/Data Governance,open,SBRN=SBRN2153
HRQ-01551,record_level_data_quality,dataset-raw-excel-data,record,RECALL_STATUS_MONITORING_REQUIRES_GOVERNANCE,SME/Data Governance,open,SBRN=SBRN2154
HRQ-01552,record_level_data_quality,dataset-raw-excel-data,record,RECALL_STATUS_MONITORING_REQUIRES_GOVERNANCE,SME/Data Governance,open,SBRN=SBRN2155
HRQ-01553,record_level_data_quality,dataset-raw-excel-data,record,RECALL_STATUS_MONITORING_REQUIRES_GOVERNANCE,SME/Data Governance,open,SBRN=SBRN2156
HRQ-01554,record_level_data_quality,dataset-raw-excel-data,record,RECALL_STATUS_MONITORING_REQUIRES_GOVERNANCE,SME/Data Governance,open,SBRN=SBRN2157
HRQ-01555,record_level_data_quality,dataset-raw-excel-data,record,RECALL_STATUS_MONITORING_REQUIRES_GOVERNANCE,SME/Data Governance,open,SBRN=SBRN2158
HRQ-01556,record_level_data_quality,dataset-raw-excel-data,record,RECALL_STATUS_MONITORING_REQUIRES_GOVERNANCE,SME/Data Governance,open,SBRN=SBRN2159
HRQ-01557,record_level_data_quality,dataset-raw-excel-data,record,MISSING_RECALL_STATUS_NORMALIZED_TO_NONE;EXPIRATION_BEFORE_PURCHASE_REQUIRES_REVIEW;EXPIRED_ITEM_FLAG,SME/Data Governance,open,SBRN=SBRN2160
HRQ-01558,record_level_data_quality,dataset-raw-excel-data,record,MISSING_RECALL_STATUS_NORMALIZED_TO_NONE;EXPIRATION_BEFORE_PURCHASE_REQUIRES_REVIEW;EXPIRED_ITEM_FLAG,SME/Data Governance,open,SBRN=SBRN2161
HRQ-01559,record_level_data_quality,dataset-raw-excel-data,record,MISSING_RECALL_STATUS_NORMALIZED_TO_NONE;EXPIRATION_BEFORE_PURCHASE_REQUIRES_REVIEW;EXPIRED_ITEM_FLAG,SME/Data Governance,open,SBRN=SBRN2162
HRQ-01560,record_level_data_quality,dataset-raw-excel-data,record,RECALL_STATUS_MONITORING_REQUIRES_GOVERNANCE,SME/Data Governance,open,SBRN=SBRN2163
HRQ-01561,record_level_data_quality,dataset-raw-excel-data,record,RECALL_STATUS_MONITORING_REQUIRES_GOVERNANCE,SME/Data Governance,open,SBRN=SBRN2164
HRQ-01562,record_level_data_quality,dataset-raw-excel-data,record,RECALL_STATUS_MONITORING_REQUIRES_GOVERNANCE,SME/Data Governance,open,SBRN=SBRN2165
HRQ-01563,record_level_data_quality,dataset-raw-excel-data,record,RECALL_STATUS_MONITORING_REQUIRES_GOVERNANCE,SME/Data Governance,open,SBRN=SBRN2166
HRQ-01564,record_level_data_quality,dataset-raw-excel-data,record,RECALL_STATUS_MONITORING_REQUIRES_GOVERNANCE;EXPIRATION_BEFORE_PURCHASE_REQUIRES_REVIEW;EXPIRED_ITEM_FLAG,SME/Data Governance,open,SBRN=SBRN2171
HRQ-01565,record_level_data_quality,dataset-raw-excel-data,record,RECALL_STATUS_MONITORING_REQUIRES_GOVERNANCE;EXPIRATION_BEFORE_PURCHASE_REQUIRES_REVIEW;EXPIRED_ITEM_FLAG,SME/Data Governance,open,SBRN=SBRN2172
HRQ-01566,record_level_data_quality,dataset-raw-excel-data,record,RECALL_STATUS_MONITORING_REQUIRES_GOVERNANCE;FUTURE_PURCHASE_DATE_REQUIRES_REVIEW;EXPIRATION_BEFORE_PURCHASE_REQUIRES_REVIEW;EXPIRED_ITEM_FLAG,SME/Data Governance,open,SBRN=SBRN2180
HRQ-01567,record_level_data_quality,dataset-raw-excel-data,record,RECALL_STATUS_MONITORING_REQUIRES_GOVERNANCE;FUTURE_PURCHASE_DATE_REQUIRES_REVIEW;EXPIRATION_BEFORE_PURCHASE_REQUIRES_REVIEW;EXPIRED_ITEM_FLAG,SME/Data Governance,open,SBRN=SBRN2181
HRQ-01568,record_level_data_quality,dataset-raw-excel-data,record,RECALL_STATUS_MONITORING_REQUIRES_GOVERNANCE;FUTURE_PURCHASE_DATE_REQUIRES_REVIEW;EXPIRATION_BEFORE_PURCHASE_REQUIRES_REVIEW;EXPIRED_ITEM_FLAG,SME/Data Governance,open,SBRN=SBRN2182
HRQ-01569,record_level_data_quality,dataset-raw-excel-data,record,RECALL_STATUS_MONITORING_REQUIRES_GOVERNANCE;FUTURE_PURCHASE_DATE_REQUIRES_REVIEW;EXPIRATION_BEFORE_PURCHASE_REQUIRES_REVIEW;EXPIRED_ITEM_FLAG,SME/Data Governance,open,SBRN=SBRN2183
HRQ-01570,record_level_data_quality,dataset-raw-excel-data,record,RECALL_STATUS_MONITORING_REQUIRES_GOVERNANCE;FUTURE_PURCHASE_DATE_REQUIRES_REVIEW;EXPIRATION_BEFORE_PURCHASE_REQUIRES_REVIEW;EXPIRED_ITEM_FLAG,SME/Data Governance,open,SBRN=SBRN2184
HRQ-01571,record_level_data_quality,dataset-raw-excel-data,record,RECALL_STATUS_MONITORING_REQUIRES_GOVERNANCE;EXPIRED_ITEM_FLAG,SME/Data Governance,open,SBRN=SBRN2185
HRQ-01572,record_level_data_quality,dataset-raw-excel-data,record,RECALL_STATUS_MONITORING_REQUIRES_GOVERNANCE;EXPIRED_ITEM_FLAG,SME/Data Governance,open,SBRN=SBRN2186
HRQ-01573,record_level_data_quality,dataset-raw-excel-data,record,MISSING_RECALL_STATUS_NORMALIZED_TO_NONE;EXPIRATION_BEFORE_PURCHASE_REQUIRES_REVIEW;EXPIRED_ITEM_FLAG,SME/Data Governance,open,SBRN=SBRN2187
HRQ-01574,record_level_data_quality,dataset-raw-excel-data,record,MISSING_RECALL_STATUS_NORMALIZED_TO_NONE;EXPIRATION_BEFORE_PURCHASE_REQUIRES_REVIEW;EXPIRED_ITEM_FLAG,SME/Data Governance,open,SBRN=SBRN2188
HRQ-01575,record_level_data_quality,dataset-raw-excel-data,record,MISSING_RECALL_STATUS_NORMALIZED_TO_NONE;EXPIRATION_BEFORE_PURCHASE_REQUIRES_REVIEW;EXPIRED_ITEM_FLAG,SME/Data Governance,open,SBRN=SBRN2189
HRQ-01576,record_level_data_quality,dataset-raw-excel-data,record,MISSING_RECALL_STATUS_NORMALIZED_TO_NONE;EXPIRATION_BEFORE_PURCHASE_REQUIRES_REVIEW;EXPIRED_ITEM_FLAG,SME/Data Governance,open,SBRN=SBRN2190
HRQ-01577,record_level_data_quality,dataset-raw-excel-data,record,MISSING_RECALL_STATUS_NORMALIZED_TO_NONE;EXPIRATION_BEFORE_PURCHASE_REQUIRES_REVIEW;EXPIRED_ITEM_FLAG,SME/Data Governance,open,SBRN=SBRN2191
HRQ-01578,record_level_data_quality,dataset-raw-excel-data,record,MISSING_RECALL_STATUS_NORMALIZED_TO_NONE;EXPIRATION_BEFORE_PURCHASE_REQUIRES_REVIEW;EXPIRED_ITEM_FLAG,SME/Data Governance,open,SBRN=SBRN2192
HRQ-01579,record_level_data_quality,dataset-raw-excel-data,record,MISSING_RECALL_STATUS_NORMALIZED_TO_NONE;EXPIRATION_BEFORE_PURCHASE_REQUIRES_REVIEW;EXPIRED_ITEM_FLAG,SME/Data Governance,open,SBRN=SBRN2193
HRQ-01580,record_level_data_quality,dataset-raw-excel-data,record,RECALL_STATUS_MONITORING_REQUIRES_GOVERNANCE;EXPIRED_ITEM_FLAG,SME/Data Governance,open,SBRN=SBRN2194
HRQ-01581,record_level_data_quality,dataset-raw-excel-data,record,RECALL_STATUS_MONITORING_REQUIRES_GOVERNANCE;EXPIRED_ITEM_FLAG,SME/Data Governance,open,SBRN=SBRN2195
HRQ-01582,record_level_data_quality,dataset-raw-excel-data,record,RECALL_STATUS_MONITORING_REQUIRES_GOVERNANCE;EXPIRED_ITEM_FLAG,SME/Data Governance,open,SBRN=SBRN2196
HRQ-01583,record_level_data_quality,dataset-raw-excel-data,record,RECALL_STATUS_MONITORING_REQUIRES_GOVERNANCE;EXPIRED_ITEM_FLAG,SME/Data Governance,open,SBRN=SBRN2197
HRQ-01584,record_level_data_quality,dataset-raw-excel-data,record,RECALL_STATUS_MONITORING_REQUIRES_GOVERNANCE;EXPIRED_ITEM_FLAG,SME/Data Governance,open,SBRN=SBRN2198
HRQ-01585,record_level_data_quality,dataset-raw-excel-data,record,RECALL_STATUS_MONITORING_REQUIRES_GOVERNANCE;EXPIRED_ITEM_FLAG,SME/Data Governance,open,SBRN=SBRN2199
HRQ-01586,record_level_data_quality,dataset-raw-excel-data,record,RECALL_STATUS_MONITORING_REQUIRES_GOVERNANCE;FUTURE_PURCHASE_DATE_REQUIRES_REVIEW,SME/Data Governance,open,SBRN=SBRN2200
HRQ-01587,record_level_data_quality,dataset-raw-excel-data,record,RECALL_STATUS_MONITORING_REQUIRES_GOVERNANCE;FUTURE_PURCHASE_DATE_REQUIRES_REVIEW,SME/Data Governance,open,SBRN=SBRN2201
HRQ-01588,record_level_data_quality,dataset-raw-excel-data,record,RECALL_STATUS_MONITORING_REQUIRES_GOVERNANCE;FUTURE_PURCHASE_DATE_REQUIRES_REVIEW,SME/Data Governance,open,SBRN=SBRN2202
HRQ-01589,record_level_data_quality,dataset-raw-excel-data,record,RECALL_STATUS_MONITORING_REQUIRES_GOVERNANCE;FUTURE_PURCHASE_DATE_REQUIRES_REVIEW,SME/Data Governance,open,SBRN=SBRN2203
HRQ-01590,record_level_data_quality,dataset-raw-excel-data,record,RECALL_STATUS_MONITORING_REQUIRES_GOVERNANCE,SME/Data Governance,open,SBRN=SBRN2204
HRQ-01591,record_level_data_quality,dataset-raw-excel-data,record,RECALL_STATUS_MONITORING_REQUIRES_GOVERNANCE,SME/Data Governance,open,SBRN=SBRN2205
HRQ-01592,record_level_data_quality,dataset-raw-excel-data,record,RECALL_STATUS_MONITORING_REQUIRES_GOVERNANCE,SME/Data Governance,open,SBRN=SBRN2206
HRQ-01593,record_level_data_quality,dataset-raw-excel-data,record,RECALL_STATUS_MONITORING_REQUIRES_GOVERNANCE,SME/Data Governance,open,SBRN=SBRN2207
HRQ-01594,record_level_data_quality,dataset-raw-excel-data,record,RECALL_STATUS_MONITORING_REQUIRES_GOVERNANCE,SME/Data Governance,open,SBRN=SBRN2208
HRQ-01595,record_level_data_quality,dataset-raw-excel-data,record,RECALL_STATUS_MONITORING_REQUIRES_GOVERNANCE;EXPIRED_ITEM_FLAG,SME/Data Governance,open,SBRN=SBRN2230
HRQ-01596,record_level_data_quality,dataset-raw-excel-data,record,RECALL_STATUS_MONITORING_REQUIRES_GOVERNANCE;EXPIRED_ITEM_FLAG,SME/Data Governance,open,SBRN=SBRN2231
HRQ-01597,record_level_data_quality,dataset-raw-excel-data,record,RECALL_STATUS_MONITORING_REQUIRES_GOVERNANCE;EXPIRED_ITEM_FLAG,SME/Data Governance,open,SBRN=SBRN2232
HRQ-01598,record_level_data_quality,dataset-raw-excel-data,record,RECALL_STATUS_MONITORING_REQUIRES_GOVERNANCE;EXPIRED_ITEM_FLAG,SME/Data Governance,open,SBRN=SBRN2233
HRQ-01599,record_level_data_quality,dataset-raw-excel-data,record,RECALL_STATUS_MONITORING_REQUIRES_GOVERNANCE;EXPIRED_ITEM_FLAG,SME/Data Governance,open,SBRN=SBRN2234
HRQ-01600,record_level_data_quality,dataset-raw-excel-data,record,RECALL_STATUS_MONITORING_REQUIRES_GOVERNANCE;EXPIRED_ITEM_FLAG,SME/Data Governance,open,SBRN=SBRN2235
HRQ-01601,record_level_data_quality,dataset-raw-excel-data,record,RECALL_STATUS_MONITORING_REQUIRES_GOVERNANCE;EXPIRED_ITEM_FLAG,SME/Data Governance,open,SBRN=SBRN2236
HRQ-01602,record_level_data_quality,dataset-raw-excel-data,record,EXPIRATION_BEFORE_PURCHASE_REQUIRES_REVIEW;EXPIRED_ITEM_FLAG,SME/Data Governance,open,SBRN=SBRN2237
HRQ-01603,record_level_data_quality,dataset-raw-excel-data,record,EXPIRATION_BEFORE_PURCHASE_REQUIRES_REVIEW;EXPIRED_ITEM_FLAG,SME/Data Governance,open,SBRN=SBRN2238
HRQ-01604,record_level_data_quality,dataset-raw-excel-data,record,EXPIRATION_BEFORE_PURCHASE_REQUIRES_REVIEW;EXPIRED_ITEM_FLAG,SME/Data Governance,open,SBRN=SBRN2239
HRQ-01605,record_level_data_quality,dataset-raw-excel-data,record,EXPIRATION_BEFORE_PURCHASE_REQUIRES_REVIEW;EXPIRED_ITEM_FLAG,SME/Data Governance,open,SBRN=SBRN2240
HRQ-01606,record_level_data_quality,dataset-raw-excel-data,record,EXPIRATION_BEFORE_PURCHASE_REQUIRES_REVIEW;EXPIRED_ITEM_FLAG,SME/Data Governance,open,SBRN=SBRN2241
HRQ-01607,record_level_data_quality,dataset-raw-excel-data,record,RECALL_STATUS_MONITORING_REQUIRES_GOVERNANCE;EXPIRATION_BEFORE_PURCHASE_REQUIRES_REVIEW;EXPIRED_ITEM_FLAG,SME/Data Governance,open,SBRN=SBRN2242
HRQ-01608,record_level_data_quality,dataset-raw-excel-data,record,RECALL_STATUS_MONITORING_REQUIRES_GOVERNANCE;EXPIRATION_BEFORE_PURCHASE_REQUIRES_REVIEW;EXPIRED_ITEM_FLAG,SME/Data Governance,open,SBRN=SBRN2243
HRQ-01609,record_level_data_quality,dataset-raw-excel-data,record,RECALL_STATUS_MONITORING_REQUIRES_GOVERNANCE;EXPIRATION_BEFORE_PURCHASE_REQUIRES_REVIEW;EXPIRED_ITEM_FLAG,SME/Data Governance,open,SBRN=SBRN2244
HRQ-01610,record_level_data_quality,dataset-raw-excel-data,record,RECALL_STATUS_MONITORING_REQUIRES_GOVERNANCE;EXPIRED_ITEM_FLAG,SME/Data Governance,open,SBRN=SBRN2250
HRQ-01611,record_level_data_quality,dataset-raw-excel-data,record,RECALL_STATUS_MONITORING_REQUIRES_GOVERNANCE;EXPIRED_ITEM_FLAG,SME/Data Governance,open,SBRN=SBRN2251
HRQ-01612,record_level_data_quality,dataset-raw-excel-data,record,RECALL_STATUS_MONITORING_REQUIRES_GOVERNANCE;EXPIRED_ITEM_FLAG,SME/Data Governance,open,SBRN=SBRN2252
HRQ-01613,record_level_data_quality,dataset-raw-excel-data,record,RECALL_STATUS_MONITORING_REQUIRES_GOVERNANCE;EXPIRED_ITEM_FLAG,SME/Data Governance,open,SBRN=SBRN2253
HRQ-01614,record_level_data_quality,dataset-raw-excel-data,record,RECALL_STATUS_MONITORING_REQUIRES_GOVERNANCE;EXPIRED_ITEM_FLAG,SME/Data Governance,open,SBRN=SBRN2254
HRQ-01615,record_level_data_quality,dataset-raw-excel-data,record,RECALL_STATUS_MONITORING_REQUIRES_GOVERNANCE;EXPIRED_ITEM_FLAG,SME/Data Governance,open,SBRN=SBRN2255
HRQ-01616,record_level_data_quality,dataset-raw-excel-data,record,RECALL_STATUS_MONITORING_REQUIRES_GOVERNANCE;EXPIRED_ITEM_FLAG,SME/Data Governance,open,SBRN=SBRN2256
HRQ-01617,record_level_data_quality,dataset-raw-excel-data,record,RECALL_STATUS_MONITORING_REQUIRES_GOVERNANCE;EXPIRED_ITEM_FLAG,SME/Data Governance,open,SBRN=SBRN2257
HRQ-01618,record_level_data_quality,dataset-raw-excel-data,record,RECALL_STATUS_MONITORING_REQUIRES_GOVERNANCE;PART_NAME_DERIVED_FROM_DESCRIPTION,SME/Data Governance,open,SBRN=SBRN2260
HRQ-01619,record_level_data_quality,dataset-raw-excel-data,record,MISSING_RECALL_STATUS_NORMALIZED_TO_NONE;FUTURE_PURCHASE_DATE_REQUIRES_REVIEW;EXPIRATION_BEFORE_PURCHASE_REQUIRES_REVIEW;EXPIRED_ITEM_FLAG,SME/Data Governance,open,SBRN=SBRN2261
HRQ-01620,record_level_data_quality,dataset-raw-excel-data,record,MISSING_RECALL_STATUS_NORMALIZED_TO_NONE;FUTURE_PURCHASE_DATE_REQUIRES_REVIEW;EXPIRATION_BEFORE_PURCHASE_REQUIRES_REVIEW;EXPIRED_ITEM_FLAG,SME/Data Governance,open,SBRN=SBRN2262
HRQ-01621,record_level_data_quality,dataset-raw-excel-data,record,MISSING_RECALL_STATUS_NORMALIZED_TO_NONE;FUTURE_PURCHASE_DATE_REQUIRES_REVIEW;EXPIRATION_BEFORE_PURCHASE_REQUIRES_REVIEW;EXPIRED_ITEM_FLAG,SME/Data Governance,open,SBRN=SBRN2263
HRQ-01622,record_level_data_quality,dataset-raw-excel-data,record,MISSING_RECALL_STATUS_NORMALIZED_TO_NONE;FUTURE_PURCHASE_DATE_REQUIRES_REVIEW;EXPIRATION_BEFORE_PURCHASE_REQUIRES_REVIEW;EXPIRED_ITEM_FLAG,SME/Data Governance,open,SBRN=SBRN2264
HRQ-01623,record_level_data_quality,dataset-raw-excel-data,record,MISSING_RECALL_STATUS_NORMALIZED_TO_NONE;FUTURE_PURCHASE_DATE_REQUIRES_REVIEW;EXPIRATION_BEFORE_PURCHASE_REQUIRES_REVIEW;EXPIRED_ITEM_FLAG,SME/Data Governance,open,SBRN=SBRN2278
HRQ-01624,record_level_data_quality,dataset-raw-excel-data,record,MISSING_RECALL_STATUS_NORMALIZED_TO_NONE;FUTURE_PURCHASE_DATE_REQUIRES_REVIEW;EXPIRATION_BEFORE_PURCHASE_REQUIRES_REVIEW;EXPIRED_ITEM_FLAG,SME/Data Governance,open,SBRN=SBRN2279
HRQ-01625,record_level_data_quality,dataset-raw-excel-data,record,RECALL_STATUS_MONITORING_REQUIRES_GOVERNANCE;FUTURE_PURCHASE_DATE_REQUIRES_REVIEW,SME/Data Governance,open,SBRN=SBRN2280
HRQ-01626,record_level_data_quality,dataset-raw-excel-data,record,RECALL_STATUS_MONITORING_REQUIRES_GOVERNANCE;FUTURE_PURCHASE_DATE_REQUIRES_REVIEW,SME/Data Governance,open,SBRN=SBRN2281
HRQ-01627,record_level_data_quality,dataset-raw-excel-data,record,RECALL_STATUS_MONITORING_REQUIRES_GOVERNANCE;FUTURE_PURCHASE_DATE_REQUIRES_REVIEW,SME/Data Governance,open,SBRN=SBRN2282
HRQ-01628,record_level_data_quality,dataset-raw-excel-data,record,RECALL_STATUS_MONITORING_REQUIRES_GOVERNANCE;EXPIRATION_BEFORE_PURCHASE_REQUIRES_REVIEW;EXPIRED_ITEM_FLAG,SME/Data Governance,open,SBRN=SBRN2283
HRQ-01629,record_level_data_quality,dataset-raw-excel-data,record,FUTURE_PURCHASE_DATE_REQUIRES_REVIEW;EXPIRATION_BEFORE_PURCHASE_REQUIRES_REVIEW;EXPIRED_ITEM_FLAG,SME/Data Governance,open,SBRN=SBRN2284
HRQ-01630,record_level_data_quality,dataset-raw-excel-data,record,FUTURE_PURCHASE_DATE_REQUIRES_REVIEW;EXPIRATION_BEFORE_PURCHASE_REQUIRES_REVIEW;EXPIRED_ITEM_FLAG,SME/Data Governance,open,SBRN=SBRN2285
HRQ-01631,record_level_data_quality,dataset-raw-excel-data,record,FUTURE_PURCHASE_DATE_REQUIRES_REVIEW;EXPIRATION_BEFORE_PURCHASE_REQUIRES_REVIEW;EXPIRED_ITEM_FLAG,SME/Data Governance,open,SBRN=SBRN2286
HRQ-01632,record_level_data_quality,dataset-raw-excel-data,record,RECALL_STATUS_MONITORING_REQUIRES_GOVERNANCE;FUTURE_PURCHASE_DATE_REQUIRES_REVIEW;EXPIRATION_BEFORE_PURCHASE_REQUIRES_REVIEW;EXPIRED_ITEM_FLAG,SME/Data Governance,open,SBRN=SBRN2291
HRQ-01633,record_level_data_quality,dataset-raw-excel-data,record,RECALL_STATUS_MONITORING_REQUIRES_GOVERNANCE;FUTURE_PURCHASE_DATE_REQUIRES_REVIEW;EXPIRATION_BEFORE_PURCHASE_REQUIRES_REVIEW;EXPIRED_ITEM_FLAG,SME/Data Governance,open,SBRN=SBRN2292
HRQ-01634,record_level_data_quality,dataset-raw-excel-data,record,RECALL_STATUS_MONITORING_REQUIRES_GOVERNANCE;FUTURE_PURCHASE_DATE_REQUIRES_REVIEW;EXPIRATION_BEFORE_PURCHASE_REQUIRES_REVIEW;EXPIRED_ITEM_FLAG,SME/Data Governance,open,SBRN=SBRN2293
HRQ-01635,record_level_data_quality,dataset-raw-excel-data,record,RECALL_STATUS_MONITORING_REQUIRES_GOVERNANCE;FUTURE_PURCHASE_DATE_REQUIRES_REVIEW;EXPIRATION_BEFORE_PURCHASE_REQUIRES_REVIEW;EXPIRED_ITEM_FLAG,SME/Data Governance,open,SBRN=SBRN2294
HRQ-01636,record_level_data_quality,dataset-raw-excel-data,record,RECALL_STATUS_MONITORING_REQUIRES_GOVERNANCE;FUTURE_PURCHASE_DATE_REQUIRES_REVIEW;EXPIRATION_BEFORE_PURCHASE_REQUIRES_REVIEW;EXPIRED_ITEM_FLAG,SME/Data Governance,open,SBRN=SBRN2295
HRQ-01637,record_level_data_quality,dataset-raw-excel-data,record,RECALL_STATUS_MONITORING_REQUIRES_GOVERNANCE;FUTURE_PURCHASE_DATE_REQUIRES_REVIEW;EXPIRATION_BEFORE_PURCHASE_REQUIRES_REVIEW;EXPIRED_ITEM_FLAG,SME/Data Governance,open,SBRN=SBRN2296
HRQ-01638,record_level_data_quality,dataset-raw-excel-data,record,RECALL_STATUS_MONITORING_REQUIRES_GOVERNANCE;EXPIRED_ITEM_FLAG,SME/Data Governance,open,SBRN=SBRN2297
HRQ-01639,record_level_data_quality,dataset-raw-excel-data,record,RECALL_STATUS_MONITORING_REQUIRES_GOVERNANCE;EXPIRED_ITEM_FLAG,SME/Data Governance,open,SBRN=SBRN2298
HRQ-01640,record_level_data_quality,dataset-raw-excel-data,record,RECALL_STATUS_MONITORING_REQUIRES_GOVERNANCE;EXPIRED_ITEM_FLAG,SME/Data Governance,open,SBRN=SBRN2299
HRQ-01641,record_level_data_quality,dataset-raw-excel-data,record,RECALL_STATUS_MONITORING_REQUIRES_GOVERNANCE;EXPIRED_ITEM_FLAG,SME/Data Governance,open,SBRN=SBRN2300
HRQ-01642,record_level_data_quality,dataset-raw-excel-data,record,RECALL_STATUS_MONITORING_REQUIRES_GOVERNANCE;EXPIRED_ITEM_FLAG,SME/Data Governance,open,SBRN=SBRN2301
HRQ-01643,record_level_data_quality,dataset-raw-excel-data,record,RECALL_STATUS_MONITORING_REQUIRES_GOVERNANCE;EXPIRATION_BEFORE_PURCHASE_REQUIRES_REVIEW;EXPIRED_ITEM_FLAG,SME/Data Governance,open,SBRN=SBRN2302
HRQ-01644,record_level_data_quality,dataset-raw-excel-data,record,RECALL_STATUS_MONITORING_REQUIRES_GOVERNANCE;EXPIRATION_BEFORE_PURCHASE_REQUIRES_REVIEW;EXPIRED_ITEM_FLAG,SME/Data Governance,open,SBRN=SBRN2303
HRQ-01645,record_level_data_quality,dataset-raw-excel-data,record,RECALL_STATUS_MONITORING_REQUIRES_GOVERNANCE;EXPIRATION_BEFORE_PURCHASE_REQUIRES_REVIEW;EXPIRED_ITEM_FLAG,SME/Data Governance,open,SBRN=SBRN2304
HRQ-01646,record_level_data_quality,dataset-raw-excel-data,record,EXPIRATION_BEFORE_PURCHASE_REQUIRES_REVIEW;EXPIRED_ITEM_FLAG,SME/Data Governance,open,SBRN=SBRN2305
HRQ-01647,record_level_data_quality,dataset-raw-excel-data,record,EXPIRATION_BEFORE_PURCHASE_REQUIRES_REVIEW;EXPIRED_ITEM_FLAG,SME/Data Governance,open,SBRN=SBRN2306
HRQ-01648,record_level_data_quality,dataset-raw-excel-data,record,EXPIRATION_BEFORE_PURCHASE_REQUIRES_REVIEW;EXPIRED_ITEM_FLAG,SME/Data Governance,open,SBRN=SBRN2307
HRQ-01649,record_level_data_quality,dataset-raw-excel-data,record,EXPIRATION_BEFORE_PURCHASE_REQUIRES_REVIEW;EXPIRED_ITEM_FLAG,SME/Data Governance,open,SBRN=SBRN2308
HRQ-01650,record_level_data_quality,dataset-raw-excel-data,record,EXPIRATION_BEFORE_PURCHASE_REQUIRES_REVIEW;EXPIRED_ITEM_FLAG,SME/Data Governance,open,SBRN=SBRN2309
HRQ-01651,record_level_data_quality,dataset-raw-excel-data,record,EXPIRATION_BEFORE_PURCHASE_REQUIRES_REVIEW;EXPIRED_ITEM_FLAG,SME/Data Governance,open,SBRN=SBRN2310
HRQ-01652,record_level_data_quality,dataset-raw-excel-data,record,EXPIRATION_BEFORE_PURCHASE_REQUIRES_REVIEW;EXPIRED_ITEM_FLAG,SME/Data Governance,open,SBRN=SBRN2311
HRQ-01653,record_level_data_quality,dataset-raw-excel-data,record,EXPIRATION_BEFORE_PURCHASE_REQUIRES_REVIEW;EXPIRED_ITEM_FLAG,SME/Data Governance,open,SBRN=SBRN2312
HRQ-01654,record_level_data_quality,dataset-raw-excel-data,record,RECALL_STATUS_MONITORING_REQUIRES_GOVERNANCE;EXPIRED_ITEM_FLAG,SME/Data Governance,open,SBRN=SBRN2313
HRQ-01655,record_level_data_quality,dataset-raw-excel-data,record,RECALL_STATUS_MONITORING_REQUIRES_GOVERNANCE;EXPIRED_ITEM_FLAG,SME/Data Governance,open,SBRN=SBRN2314
HRQ-01656,record_level_data_quality,dataset-raw-excel-data,record,RECALL_STATUS_MONITORING_REQUIRES_GOVERNANCE;EXPIRED_ITEM_FLAG,SME/Data Governance,open,SBRN=SBRN2315
HRQ-01657,record_level_data_quality,dataset-raw-excel-data,record,RECALL_STATUS_MONITORING_REQUIRES_GOVERNANCE;FUTURE_PURCHASE_DATE_REQUIRES_REVIEW;EXPIRATION_BEFORE_PURCHASE_REQUIRES_REVIEW;EXPIRED_ITEM_FLAG,SME/Data Governance,open,SBRN=SBRN2316
HRQ-01658,record_level_data_quality,dataset-raw-excel-data,record,RECALL_STATUS_MONITORING_REQUIRES_GOVERNANCE;FUTURE_PURCHASE_DATE_REQUIRES_REVIEW;EXPIRATION_BEFORE_PURCHASE_REQUIRES_REVIEW;EXPIRED_ITEM_FLAG,SME/Data Governance,open,SBRN=SBRN2317
HRQ-01659,record_level_data_quality,dataset-raw-excel-data,record,RECALL_STATUS_MONITORING_REQUIRES_GOVERNANCE;FUTURE_PURCHASE_DATE_REQUIRES_REVIEW;EXPIRATION_BEFORE_PURCHASE_REQUIRES_REVIEW;EXPIRED_ITEM_FLAG,SME/Data Governance,open,SBRN=SBRN2318
HRQ-01660,record_level_data_quality,dataset-raw-excel-data,record,RECALL_STATUS_MONITORING_REQUIRES_GOVERNANCE;FUTURE_PURCHASE_DATE_REQUIRES_REVIEW;EXPIRATION_BEFORE_PURCHASE_REQUIRES_REVIEW;EXPIRED_ITEM_FLAG,SME/Data Governance,open,SBRN=SBRN2319
HRQ-01661,record_level_data_quality,dataset-raw-excel-data,record,FUTURE_PURCHASE_DATE_REQUIRES_REVIEW;EXPIRATION_BEFORE_PURCHASE_REQUIRES_REVIEW;EXPIRED_ITEM_FLAG,SME/Data Governance,open,SBRN=SBRN2320
HRQ-01662,record_level_data_quality,dataset-raw-excel-data,record,FUTURE_PURCHASE_DATE_REQUIRES_REVIEW;EXPIRATION_BEFORE_PURCHASE_REQUIRES_REVIEW;EXPIRED_ITEM_FLAG,SME/Data Governance,open,SBRN=SBRN2321
HRQ-01663,record_level_data_quality,dataset-raw-excel-data,record,RECALL_STATUS_MONITORING_REQUIRES_GOVERNANCE;EXPIRATION_BEFORE_PURCHASE_REQUIRES_REVIEW;EXPIRED_ITEM_FLAG,SME/Data Governance,open,SBRN=SBRN2322
HRQ-01664,record_level_data_quality,dataset-raw-excel-data,record,RECALL_STATUS_MONITORING_REQUIRES_GOVERNANCE;EXPIRATION_BEFORE_PURCHASE_REQUIRES_REVIEW;EXPIRED_ITEM_FLAG,SME/Data Governance,open,SBRN=SBRN2323
HRQ-01665,record_level_data_quality,dataset-raw-excel-data,record,RECALL_STATUS_MONITORING_REQUIRES_GOVERNANCE;EXPIRATION_BEFORE_PURCHASE_REQUIRES_REVIEW;EXPIRED_ITEM_FLAG,SME/Data Governance,open,SBRN=SBRN2324
HRQ-01666,record_level_data_quality,dataset-raw-excel-data,record,RECALL_STATUS_MONITORING_REQUIRES_GOVERNANCE;EXPIRATION_BEFORE_PURCHASE_REQUIRES_REVIEW;EXPIRED_ITEM_FLAG,SME/Data Governance,open,SBRN=SBRN2325
HRQ-01667,record_level_data_quality,dataset-raw-excel-data,record,FUTURE_PURCHASE_DATE_REQUIRES_REVIEW;EXPIRATION_BEFORE_PURCHASE_REQUIRES_REVIEW;EXPIRED_ITEM_FLAG,SME/Data Governance,open,SBRN=SBRN2326
HRQ-01668,record_level_data_quality,dataset-raw-excel-data,record,FUTURE_PURCHASE_DATE_REQUIRES_REVIEW;EXPIRATION_BEFORE_PURCHASE_REQUIRES_REVIEW;EXPIRED_ITEM_FLAG,SME/Data Governance,open,SBRN=SBRN2327
HRQ-01669,record_level_data_quality,dataset-raw-excel-data,record,FUTURE_PURCHASE_DATE_REQUIRES_REVIEW;EXPIRATION_BEFORE_PURCHASE_REQUIRES_REVIEW;EXPIRED_ITEM_FLAG,SME/Data Governance,open,SBRN=SBRN2328
HRQ-01670,record_level_data_quality,dataset-raw-excel-data,record,MISSING_RECALL_STATUS_NORMALIZED_TO_NONE;FUTURE_PURCHASE_DATE_REQUIRES_REVIEW;EXPIRATION_BEFORE_PURCHASE_REQUIRES_REVIEW;EXPIRED_ITEM_FLAG,SME/Data Governance,open,SBRN=SBRN2329
HRQ-01671,record_level_data_quality,dataset-raw-excel-data,record,MISSING_RECALL_STATUS_NORMALIZED_TO_NONE;FUTURE_PURCHASE_DATE_REQUIRES_REVIEW;EXPIRATION_BEFORE_PURCHASE_REQUIRES_REVIEW;EXPIRED_ITEM_FLAG,SME/Data Governance,open,SBRN=SBRN2330
HRQ-01672,record_level_data_quality,dataset-raw-excel-data,record,MISSING_RECALL_STATUS_NORMALIZED_TO_NONE;FUTURE_PURCHASE_DATE_REQUIRES_REVIEW;EXPIRATION_BEFORE_PURCHASE_REQUIRES_REVIEW;EXPIRED_ITEM_FLAG,SME/Data Governance,open,SBRN=SBRN2331
HRQ-01673,record_level_data_quality,dataset-raw-excel-data,record,MISSING_RECALL_STATUS_NORMALIZED_TO_NONE;FUTURE_PURCHASE_DATE_REQUIRES_REVIEW;EXPIRATION_BEFORE_PURCHASE_REQUIRES_REVIEW;EXPIRED_ITEM_FLAG,SME/Data Governance,open,SBRN=SBRN2332
HRQ-01674,record_level_data_quality,dataset-raw-excel-data,record,RECALL_STATUS_MONITORING_REQUIRES_GOVERNANCE;EXPIRED_ITEM_FLAG,SME/Data Governance,open,SBRN=SBRN2333
HRQ-01675,record_level_data_quality,dataset-raw-excel-data,record,RECALL_STATUS_MONITORING_REQUIRES_GOVERNANCE;EXPIRED_ITEM_FLAG,SME/Data Governance,open,SBRN=SBRN2334
HRQ-01676,record_level_data_quality,dataset-raw-excel-data,record,RECALL_STATUS_MONITORING_REQUIRES_GOVERNANCE;EXPIRED_ITEM_FLAG,SME/Data Governance,open,SBRN=SBRN2335
HRQ-01677,record_level_data_quality,dataset-raw-excel-data,record,RECALL_STATUS_MONITORING_REQUIRES_GOVERNANCE;EXPIRED_ITEM_FLAG,SME/Data Governance,open,SBRN=SBRN2336
HRQ-01678,record_level_data_quality,dataset-raw-excel-data,record,RECALL_STATUS_MONITORING_REQUIRES_GOVERNANCE;EXPIRED_ITEM_FLAG,SME/Data Governance,open,SBRN=SBRN2337
HRQ-01679,record_level_data_quality,dataset-raw-excel-data,record,RECALL_STATUS_MONITORING_REQUIRES_GOVERNANCE;EXPIRED_ITEM_FLAG,SME/Data Governance,open,SBRN=SBRN2338
HRQ-01680,record_level_data_quality,dataset-raw-excel-data,record,MISSING_RECALL_STATUS_NORMALIZED_TO_NONE;FUTURE_PURCHASE_DATE_REQUIRES_REVIEW;EXPIRATION_BEFORE_PURCHASE_REQUIRES_REVIEW;EXPIRED_ITEM_FLAG,SME/Data Governance,open,SBRN=SBRN2339
HRQ-01681,record_level_data_quality,dataset-raw-excel-data,record,MISSING_RECALL_STATUS_NORMALIZED_TO_NONE;FUTURE_PURCHASE_DATE_REQUIRES_REVIEW;EXPIRATION_BEFORE_PURCHASE_REQUIRES_REVIEW;EXPIRED_ITEM_FLAG,SME/Data Governance,open,SBRN=SBRN2340
HRQ-01682,record_level_data_quality,dataset-raw-excel-data,record,MISSING_RECALL_STATUS_NORMALIZED_TO_NONE;FUTURE_PURCHASE_DATE_REQUIRES_REVIEW;EXPIRATION_BEFORE_PURCHASE_REQUIRES_REVIEW;EXPIRED_ITEM_FLAG,SME/Data Governance,open,SBRN=SBRN2341
HRQ-01683,record_level_data_quality,dataset-raw-excel-data,record,MISSING_RECALL_STATUS_NORMALIZED_TO_NONE;FUTURE_PURCHASE_DATE_REQUIRES_REVIEW;EXPIRATION_BEFORE_PURCHASE_REQUIRES_REVIEW;EXPIRED_ITEM_FLAG,SME/Data Governance,open,SBRN=SBRN2342
HRQ-01684,record_level_data_quality,dataset-raw-excel-data,record,RECALL_STATUS_MONITORING_REQUIRES_GOVERNANCE;FUTURE_PURCHASE_DATE_REQUIRES_REVIEW;EXPIRATION_BEFORE_PURCHASE_REQUIRES_REVIEW;EXPIRED_ITEM_FLAG,SME/Data Governance,open,SBRN=SBRN2343
HRQ-01685,record_level_data_quality,dataset-raw-excel-data,record,RECALL_STATUS_MONITORING_REQUIRES_GOVERNANCE;FUTURE_PURCHASE_DATE_REQUIRES_REVIEW;EXPIRATION_BEFORE_PURCHASE_REQUIRES_REVIEW;EXPIRED_ITEM_FLAG,SME/Data Governance,open,SBRN=SBRN2344
HRQ-01686,record_level_data_quality,dataset-raw-excel-data,record,RECALL_STATUS_MONITORING_REQUIRES_GOVERNANCE;FUTURE_PURCHASE_DATE_REQUIRES_REVIEW;EXPIRATION_BEFORE_PURCHASE_REQUIRES_REVIEW;EXPIRED_ITEM_FLAG,SME/Data Governance,open,SBRN=SBRN2345
HRQ-01687,record_level_data_quality,dataset-raw-excel-data,record,RECALL_STATUS_MONITORING_REQUIRES_GOVERNANCE;FUTURE_PURCHASE_DATE_REQUIRES_REVIEW;EXPIRATION_BEFORE_PURCHASE_REQUIRES_REVIEW;EXPIRED_ITEM_FLAG,SME/Data Governance,open,SBRN=SBRN2346
HRQ-01688,record_level_data_quality,dataset-raw-excel-data,record,RECALL_STATUS_MONITORING_REQUIRES_GOVERNANCE;FUTURE_PURCHASE_DATE_REQUIRES_REVIEW;EXPIRATION_BEFORE_PURCHASE_REQUIRES_REVIEW;EXPIRED_ITEM_FLAG,SME/Data Governance,open,SBRN=SBRN2347
HRQ-01689,record_level_data_quality,dataset-raw-excel-data,record,RECALL_STATUS_MONITORING_REQUIRES_GOVERNANCE;FUTURE_PURCHASE_DATE_REQUIRES_REVIEW;EXPIRATION_BEFORE_PURCHASE_REQUIRES_REVIEW;EXPIRED_ITEM_FLAG,SME/Data Governance,open,SBRN=SBRN2348
HRQ-01690,record_level_data_quality,dataset-raw-excel-data,record,RECALL_STATUS_MONITORING_REQUIRES_GOVERNANCE;FUTURE_PURCHASE_DATE_REQUIRES_REVIEW;EXPIRATION_BEFORE_PURCHASE_REQUIRES_REVIEW;EXPIRED_ITEM_FLAG,SME/Data Governance,open,SBRN=SBRN2349
HRQ-01691,record_level_data_quality,dataset-raw-excel-data,record,RECALL_STATUS_MONITORING_REQUIRES_GOVERNANCE;FUTURE_PURCHASE_DATE_REQUIRES_REVIEW;EXPIRATION_BEFORE_PURCHASE_REQUIRES_REVIEW;EXPIRED_ITEM_FLAG,SME/Data Governance,open,SBRN=SBRN2350
HRQ-01692,record_level_data_quality,dataset-raw-excel-data,record,RECALL_STATUS_MONITORING_REQUIRES_GOVERNANCE;FUTURE_PURCHASE_DATE_REQUIRES_REVIEW;EXPIRATION_BEFORE_PURCHASE_REQUIRES_REVIEW;EXPIRED_ITEM_FLAG,SME/Data Governance,open,SBRN=SBRN2351
HRQ-01693,record_level_data_quality,dataset-raw-excel-data,record,RECALL_STATUS_MONITORING_REQUIRES_GOVERNANCE;FUTURE_PURCHASE_DATE_REQUIRES_REVIEW;EXPIRATION_BEFORE_PURCHASE_REQUIRES_REVIEW;EXPIRED_ITEM_FLAG,SME/Data Governance,open,SBRN=SBRN2352
HRQ-01694,record_level_data_quality,dataset-raw-excel-data,record,RECALL_STATUS_MONITORING_REQUIRES_GOVERNANCE;FUTURE_PURCHASE_DATE_REQUIRES_REVIEW;EXPIRATION_BEFORE_PURCHASE_REQUIRES_REVIEW;EXPIRED_ITEM_FLAG,SME/Data Governance,open,SBRN=SBRN2353
HRQ-01695,record_level_data_quality,dataset-raw-excel-data,record,RECALL_STATUS_MONITORING_REQUIRES_GOVERNANCE;FUTURE_PURCHASE_DATE_REQUIRES_REVIEW;EXPIRATION_BEFORE_PURCHASE_REQUIRES_REVIEW;EXPIRED_ITEM_FLAG,SME/Data Governance,open,SBRN=SBRN2354
HRQ-01696,record_level_data_quality,dataset-raw-excel-data,record,RECALL_STATUS_MONITORING_REQUIRES_GOVERNANCE;FUTURE_PURCHASE_DATE_REQUIRES_REVIEW;EXPIRATION_BEFORE_PURCHASE_REQUIRES_REVIEW;EXPIRED_ITEM_FLAG,SME/Data Governance,open,SBRN=SBRN2355
HRQ-01697,record_level_data_quality,dataset-raw-excel-data,record,RECALL_STATUS_MONITORING_REQUIRES_GOVERNANCE;FUTURE_PURCHASE_DATE_REQUIRES_REVIEW;EXPIRATION_BEFORE_PURCHASE_REQUIRES_REVIEW;EXPIRED_ITEM_FLAG,SME/Data Governance,open,SBRN=SBRN2356
HRQ-01698,record_level_data_quality,dataset-raw-excel-data,record,EXPIRATION_BEFORE_PURCHASE_REQUIRES_REVIEW;EXPIRED_ITEM_FLAG,SME/Data Governance,open,SBRN=SBRN2357
HRQ-01699,record_level_data_quality,dataset-raw-excel-data,record,EXPIRATION_BEFORE_PURCHASE_REQUIRES_REVIEW;EXPIRED_ITEM_FLAG,SME/Data Governance,open,SBRN=SBRN2358
HRQ-01700,record_level_data_quality,dataset-raw-excel-data,record,EXPIRATION_BEFORE_PURCHASE_REQUIRES_REVIEW;EXPIRED_ITEM_FLAG,SME/Data Governance,open,SBRN=SBRN2359
HRQ-01701,record_level_data_quality,dataset-raw-excel-data,record,MISSING_RECALL_STATUS_NORMALIZED_TO_NONE;FUTURE_PURCHASE_DATE_REQUIRES_REVIEW,SME/Data Governance,open,SBRN=SBRN2360
HRQ-01702,record_level_data_quality,dataset-raw-excel-data,record,MISSING_RECALL_STATUS_NORMALIZED_TO_NONE;FUTURE_PURCHASE_DATE_REQUIRES_REVIEW,SME/Data Governance,open,SBRN=SBRN2361
HRQ-01703,record_level_data_quality,dataset-raw-excel-data,record,MISSING_RECALL_STATUS_NORMALIZED_TO_NONE;FUTURE_PURCHASE_DATE_REQUIRES_REVIEW,SME/Data Governance,open,SBRN=SBRN2362
HRQ-01704,record_level_data_quality,dataset-raw-excel-data,record,MISSING_RECALL_STATUS_NORMALIZED_TO_NONE;FUTURE_PURCHASE_DATE_REQUIRES_REVIEW,SME/Data Governance,open,SBRN=SBRN2363
HRQ-01705,record_level_data_quality,dataset-raw-excel-data,record,MISSING_RECALL_STATUS_NORMALIZED_TO_NONE;FUTURE_PURCHASE_DATE_REQUIRES_REVIEW,SME/Data Governance,open,SBRN=SBRN2364
HRQ-01706,record_level_data_quality,dataset-raw-excel-data,record,MISSING_RECALL_STATUS_NORMALIZED_TO_NONE;FUTURE_PURCHASE_DATE_REQUIRES_REVIEW,SME/Data Governance,open,SBRN=SBRN2365
HRQ-01707,record_level_data_quality,dataset-raw-excel-data,record,MISSING_RECALL_STATUS_NORMALIZED_TO_NONE;FUTURE_PURCHASE_DATE_REQUIRES_REVIEW,SME/Data Governance,open,SBRN=SBRN2366
HRQ-01708,record_level_data_quality,dataset-raw-excel-data,record,MISSING_RECALL_STATUS_NORMALIZED_TO_NONE;FUTURE_PURCHASE_DATE_REQUIRES_REVIEW,SME/Data Governance,open,SBRN=SBRN2367
HRQ-01709,record_level_data_quality,dataset-raw-excel-data,record,RECALL_STATUS_MONITORING_REQUIRES_GOVERNANCE;EXPIRED_ITEM_FLAG,SME/Data Governance,open,SBRN=SBRN2368
HRQ-01710,record_level_data_quality,dataset-raw-excel-data,record,RECALL_STATUS_MONITORING_REQUIRES_GOVERNANCE;EXPIRED_ITEM_FLAG,SME/Data Governance,open,SBRN=SBRN2369
HRQ-01711,record_level_data_quality,dataset-raw-excel-data,record,RECALL_STATUS_MONITORING_REQUIRES_GOVERNANCE;EXPIRED_ITEM_FLAG,SME/Data Governance,open,SBRN=SBRN2370
HRQ-01712,record_level_data_quality,dataset-raw-excel-data,record,RECALL_STATUS_MONITORING_REQUIRES_GOVERNANCE;EXPIRED_ITEM_FLAG,SME/Data Governance,open,SBRN=SBRN2371
HRQ-01713,record_level_data_quality,dataset-raw-excel-data,record,RECALL_STATUS_MONITORING_REQUIRES_GOVERNANCE;EXPIRED_ITEM_FLAG,SME/Data Governance,open,SBRN=SBRN2372
HRQ-01714,record_level_data_quality,dataset-raw-excel-data,record,RECALL_STATUS_MONITORING_REQUIRES_GOVERNANCE;EXPIRED_ITEM_FLAG,SME/Data Governance,open,SBRN=SBRN2373
HRQ-01715,record_level_data_quality,dataset-raw-excel-data,record,RECALL_STATUS_MONITORING_REQUIRES_GOVERNANCE;EXPIRED_ITEM_FLAG,SME/Data Governance,open,SBRN=SBRN2374
HRQ-01716,record_level_data_quality,dataset-raw-excel-data,record,MISSING_RECALL_STATUS_NORMALIZED_TO_NONE;EXPIRATION_BEFORE_PURCHASE_REQUIRES_REVIEW;EXPIRED_ITEM_FLAG,SME/Data Governance,open,SBRN=SBRN2375
HRQ-01717,record_level_data_quality,dataset-raw-excel-data,record,MISSING_RECALL_STATUS_NORMALIZED_TO_NONE;EXPIRATION_BEFORE_PURCHASE_REQUIRES_REVIEW;EXPIRED_ITEM_FLAG,SME/Data Governance,open,SBRN=SBRN2376
HRQ-01718,record_level_data_quality,dataset-raw-excel-data,record,MISSING_RECALL_STATUS_NORMALIZED_TO_NONE;EXPIRATION_BEFORE_PURCHASE_REQUIRES_REVIEW;EXPIRED_ITEM_FLAG,SME/Data Governance,open,SBRN=SBRN2377
HRQ-01719,record_level_data_quality,dataset-raw-excel-data,record,RECALL_STATUS_MONITORING_REQUIRES_GOVERNANCE,SME/Data Governance,open,SBRN=SBRN2378
HRQ-01720,record_level_data_quality,dataset-raw-excel-data,record,RECALL_STATUS_MONITORING_REQUIRES_GOVERNANCE,SME/Data Governance,open,SBRN=SBRN2379
HRQ-01721,record_level_data_quality,dataset-raw-excel-data,record,RECALL_STATUS_MONITORING_REQUIRES_GOVERNANCE,SME/Data Governance,open,SBRN=SBRN2380
HRQ-01722,record_level_data_quality,dataset-raw-excel-data,record,MISSING_RECALL_STATUS_NORMALIZED_TO_NONE;FUTURE_PURCHASE_DATE_REQUIRES_REVIEW;EXPIRATION_BEFORE_PURCHASE_REQUIRES_REVIEW,SME/Data Governance,open,SBRN=SBRN2381
HRQ-01723,record_level_data_quality,dataset-raw-excel-data,record,MISSING_RECALL_STATUS_NORMALIZED_TO_NONE;FUTURE_PURCHASE_DATE_REQUIRES_REVIEW;EXPIRATION_BEFORE_PURCHASE_REQUIRES_REVIEW,SME/Data Governance,open,SBRN=SBRN2382
HRQ-01724,record_level_data_quality,dataset-raw-excel-data,record,MISSING_RECALL_STATUS_NORMALIZED_TO_NONE;FUTURE_PURCHASE_DATE_REQUIRES_REVIEW;EXPIRATION_BEFORE_PURCHASE_REQUIRES_REVIEW,SME/Data Governance,open,SBRN=SBRN2383
HRQ-01725,record_level_data_quality,dataset-raw-excel-data,record,MISSING_RECALL_STATUS_NORMALIZED_TO_NONE;FUTURE_PURCHASE_DATE_REQUIRES_REVIEW;EXPIRATION_BEFORE_PURCHASE_REQUIRES_REVIEW,SME/Data Governance,open,SBRN=SBRN2384
HRQ-01726,record_level_data_quality,dataset-raw-excel-data,record,RECALL_STATUS_MONITORING_REQUIRES_GOVERNANCE,SME/Data Governance,open,SBRN=SBRN2387
HRQ-01727,record_level_data_quality,dataset-raw-excel-data,record,RECALL_STATUS_MONITORING_REQUIRES_GOVERNANCE,SME/Data Governance,open,SBRN=SBRN2388
HRQ-01728,record_level_data_quality,dataset-raw-excel-data,record,RECALL_STATUS_MONITORING_REQUIRES_GOVERNANCE,SME/Data Governance,open,SBRN=SBRN2389
HRQ-01729,record_level_data_quality,dataset-raw-excel-data,record,RECALL_STATUS_MONITORING_REQUIRES_GOVERNANCE,SME/Data Governance,open,SBRN=SBRN2390
HRQ-01730,record_level_data_quality,dataset-raw-excel-data,record,RECALL_STATUS_MONITORING_REQUIRES_GOVERNANCE,SME/Data Governance,open,SBRN=SBRN2391
HRQ-01731,record_level_data_quality,dataset-raw-excel-data,record,RECALL_STATUS_MONITORING_REQUIRES_GOVERNANCE,SME/Data Governance,open,SBRN=SBRN2392
HRQ-01732,record_level_data_quality,dataset-raw-excel-data,record,RECALL_STATUS_MONITORING_REQUIRES_GOVERNANCE,SME/Data Governance,open,SBRN=SBRN2393
HRQ-01733,record_level_data_quality,dataset-raw-excel-data,record,RECALL_STATUS_MONITORING_REQUIRES_GOVERNANCE,SME/Data Governance,open,SBRN=SBRN2394
HRQ-01734,record_level_data_quality,dataset-raw-excel-data,record,RECALL_STATUS_MONITORING_REQUIRES_GOVERNANCE,SME/Data Governance,open,SBRN=SBRN2395
HRQ-01735,record_level_data_quality,dataset-raw-excel-data,record,RECALL_STATUS_MONITORING_REQUIRES_GOVERNANCE;FUTURE_PURCHASE_DATE_REQUIRES_REVIEW;EXPIRATION_BEFORE_PURCHASE_REQUIRES_REVIEW,SME/Data Governance,open,SBRN=SBRN2396
HRQ-01736,record_level_data_quality,dataset-raw-excel-data,record,RECALL_STATUS_MONITORING_REQUIRES_GOVERNANCE;FUTURE_PURCHASE_DATE_REQUIRES_REVIEW;EXPIRATION_BEFORE_PURCHASE_REQUIRES_REVIEW,SME/Data Governance,open,SBRN=SBRN2397
HRQ-01737,record_level_data_quality,dataset-raw-excel-data,record,RECALL_STATUS_MONITORING_REQUIRES_GOVERNANCE;FUTURE_PURCHASE_DATE_REQUIRES_REVIEW;EXPIRATION_BEFORE_PURCHASE_REQUIRES_REVIEW,SME/Data Governance,open,SBRN=SBRN2398
HRQ-01738,record_level_data_quality,dataset-raw-excel-data,record,RECALL_STATUS_MONITORING_REQUIRES_GOVERNANCE;FUTURE_PURCHASE_DATE_REQUIRES_REVIEW;EXPIRATION_BEFORE_PURCHASE_REQUIRES_REVIEW,SME/Data Governance,open,SBRN=SBRN2399
HRQ-01739,record_level_data_quality,dataset-raw-excel-data,record,RECALL_STATUS_MONITORING_REQUIRES_GOVERNANCE;FUTURE_PURCHASE_DATE_REQUIRES_REVIEW;EXPIRATION_BEFORE_PURCHASE_REQUIRES_REVIEW,SME/Data Governance,open,SBRN=SBRN2400
HRQ-01740,record_level_data_quality,dataset-raw-excel-data,record,RECALL_STATUS_MONITORING_REQUIRES_GOVERNANCE;FUTURE_PURCHASE_DATE_REQUIRES_REVIEW;EXPIRATION_BEFORE_PURCHASE_REQUIRES_REVIEW,SME/Data Governance,open,SBRN=SBRN2401
HRQ-01741,record_level_data_quality,dataset-raw-excel-data,record,RECALL_STATUS_MONITORING_REQUIRES_GOVERNANCE;FUTURE_PURCHASE_DATE_REQUIRES_REVIEW;EXPIRATION_BEFORE_PURCHASE_REQUIRES_REVIEW,SME/Data Governance,open,SBRN=SBRN2402
HRQ-01742,record_level_data_quality,dataset-raw-excel-data,record,MISSING_RECALL_STATUS_NORMALIZED_TO_NONE;FUTURE_PURCHASE_DATE_REQUIRES_REVIEW;EXPIRATION_BEFORE_PURCHASE_REQUIRES_REVIEW,SME/Data Governance,open,SBRN=SBRN2411
HRQ-01743,record_level_data_quality,dataset-raw-excel-data,record,MISSING_RECALL_STATUS_NORMALIZED_TO_NONE;FUTURE_PURCHASE_DATE_REQUIRES_REVIEW;EXPIRATION_BEFORE_PURCHASE_REQUIRES_REVIEW,SME/Data Governance,open,SBRN=SBRN2412
HRQ-01744,record_level_data_quality,dataset-raw-excel-data,record,MISSING_RECALL_STATUS_NORMALIZED_TO_NONE;FUTURE_PURCHASE_DATE_REQUIRES_REVIEW;EXPIRATION_BEFORE_PURCHASE_REQUIRES_REVIEW,SME/Data Governance,open,SBRN=SBRN2413
HRQ-01745,record_level_data_quality,dataset-raw-excel-data,record,FUTURE_PURCHASE_DATE_REQUIRES_REVIEW;EXPIRATION_BEFORE_PURCHASE_REQUIRES_REVIEW;EXPIRED_ITEM_FLAG,SME/Data Governance,open,SBRN=SBRN2428
HRQ-01746,record_level_data_quality,dataset-raw-excel-data,record,FUTURE_PURCHASE_DATE_REQUIRES_REVIEW;EXPIRATION_BEFORE_PURCHASE_REQUIRES_REVIEW;EXPIRED_ITEM_FLAG,SME/Data Governance,open,SBRN=SBRN2429
HRQ-01747,record_level_data_quality,dataset-raw-excel-data,record,MISSING_RECALL_STATUS_NORMALIZED_TO_NONE;EXPIRATION_BEFORE_PURCHASE_REQUIRES_REVIEW;EXPIRED_ITEM_FLAG,SME/Data Governance,open,SBRN=SBRN2430
HRQ-01748,record_level_data_quality,dataset-raw-excel-data,record,MISSING_RECALL_STATUS_NORMALIZED_TO_NONE;EXPIRATION_BEFORE_PURCHASE_REQUIRES_REVIEW;EXPIRED_ITEM_FLAG,SME/Data Governance,open,SBRN=SBRN2431
HRQ-01749,record_level_data_quality,dataset-raw-excel-data,record,MISSING_RECALL_STATUS_NORMALIZED_TO_NONE;EXPIRATION_BEFORE_PURCHASE_REQUIRES_REVIEW;EXPIRED_ITEM_FLAG,SME/Data Governance,open,SBRN=SBRN2432
HRQ-01750,record_level_data_quality,dataset-raw-excel-data,record,MISSING_RECALL_STATUS_NORMALIZED_TO_NONE;EXPIRATION_BEFORE_PURCHASE_REQUIRES_REVIEW;EXPIRED_ITEM_FLAG,SME/Data Governance,open,SBRN=SBRN2433
HRQ-01751,record_level_data_quality,dataset-raw-excel-data,record,MISSING_RECALL_STATUS_NORMALIZED_TO_NONE;EXPIRATION_BEFORE_PURCHASE_REQUIRES_REVIEW;EXPIRED_ITEM_FLAG,SME/Data Governance,open,SBRN=SBRN2434
HRQ-01752,record_level_data_quality,dataset-raw-excel-data,record,EXPIRATION_BEFORE_PURCHASE_REQUIRES_REVIEW;EXPIRED_ITEM_FLAG,SME/Data Governance,open,SBRN=SBRN2435
HRQ-01753,record_level_data_quality,dataset-raw-excel-data,record,EXPIRATION_BEFORE_PURCHASE_REQUIRES_REVIEW;EXPIRED_ITEM_FLAG,SME/Data Governance,open,SBRN=SBRN2436
HRQ-01754,record_level_data_quality,dataset-raw-excel-data,record,EXPIRATION_BEFORE_PURCHASE_REQUIRES_REVIEW;EXPIRED_ITEM_FLAG,SME/Data Governance,open,SBRN=SBRN2437
HRQ-01755,record_level_data_quality,dataset-raw-excel-data,record,EXPIRATION_BEFORE_PURCHASE_REQUIRES_REVIEW;EXPIRED_ITEM_FLAG,SME/Data Governance,open,SBRN=SBRN2438
HRQ-01756,record_level_data_quality,dataset-raw-excel-data,record,EXPIRATION_BEFORE_PURCHASE_REQUIRES_REVIEW;EXPIRED_ITEM_FLAG,SME/Data Governance,open,SBRN=SBRN2439
HRQ-01757,record_level_data_quality,dataset-raw-excel-data,record,EXPIRATION_BEFORE_PURCHASE_REQUIRES_REVIEW;EXPIRED_ITEM_FLAG,SME/Data Governance,open,SBRN=SBRN2440
HRQ-01758,record_level_data_quality,dataset-raw-excel-data,record,EXPIRATION_BEFORE_PURCHASE_REQUIRES_REVIEW;EXPIRED_ITEM_FLAG,SME/Data Governance,open,SBRN=SBRN2441
HRQ-01759,record_level_data_quality,dataset-raw-excel-data,record,EXPIRATION_BEFORE_PURCHASE_REQUIRES_REVIEW;EXPIRED_ITEM_FLAG,SME/Data Governance,open,SBRN=SBRN2442
HRQ-01760,record_level_data_quality,dataset-raw-excel-data,record,MISSING_RECALL_STATUS_NORMALIZED_TO_NONE;EXPIRATION_BEFORE_PURCHASE_REQUIRES_REVIEW;EXPIRED_ITEM_FLAG,SME/Data Governance,open,SBRN=SBRN2446
HRQ-01761,record_level_data_quality,dataset-raw-excel-data,record,MISSING_RECALL_STATUS_NORMALIZED_TO_NONE;EXPIRATION_BEFORE_PURCHASE_REQUIRES_REVIEW;EXPIRED_ITEM_FLAG,SME/Data Governance,open,SBRN=SBRN2447
HRQ-01762,record_level_data_quality,dataset-raw-excel-data,record,MISSING_RECALL_STATUS_NORMALIZED_TO_NONE;EXPIRATION_BEFORE_PURCHASE_REQUIRES_REVIEW;EXPIRED_ITEM_FLAG,SME/Data Governance,open,SBRN=SBRN2448
HRQ-01763,record_level_data_quality,dataset-raw-excel-data,record,MISSING_RECALL_STATUS_NORMALIZED_TO_NONE;EXPIRATION_BEFORE_PURCHASE_REQUIRES_REVIEW;EXPIRED_ITEM_FLAG,SME/Data Governance,open,SBRN=SBRN2449
HRQ-01764,record_level_data_quality,dataset-raw-excel-data,record,RECALL_STATUS_MONITORING_REQUIRES_GOVERNANCE;EXPIRATION_BEFORE_PURCHASE_REQUIRES_REVIEW;EXPIRED_ITEM_FLAG,SME/Data Governance,open,SBRN=SBRN2450
HRQ-01765,record_level_data_quality,dataset-raw-excel-data,record,RECALL_STATUS_MONITORING_REQUIRES_GOVERNANCE;EXPIRATION_BEFORE_PURCHASE_REQUIRES_REVIEW;EXPIRED_ITEM_FLAG,SME/Data Governance,open,SBRN=SBRN2451
HRQ-01766,record_level_data_quality,dataset-raw-excel-data,record,RECALL_STATUS_MONITORING_REQUIRES_GOVERNANCE;EXPIRATION_BEFORE_PURCHASE_REQUIRES_REVIEW;EXPIRED_ITEM_FLAG,SME/Data Governance,open,SBRN=SBRN2452
HRQ-01767,record_level_data_quality,dataset-raw-excel-data,record,RECALL_STATUS_MONITORING_REQUIRES_GOVERNANCE;EXPIRED_ITEM_FLAG,SME/Data Governance,open,SBRN=SBRN2453
HRQ-01768,record_level_data_quality,dataset-raw-excel-data,record,RECALL_STATUS_MONITORING_REQUIRES_GOVERNANCE;EXPIRED_ITEM_FLAG,SME/Data Governance,open,SBRN=SBRN2454
HRQ-01769,record_level_data_quality,dataset-raw-excel-data,record,RECALL_STATUS_MONITORING_REQUIRES_GOVERNANCE;EXPIRED_ITEM_FLAG,SME/Data Governance,open,SBRN=SBRN2455
HRQ-01770,record_level_data_quality,dataset-raw-excel-data,record,RECALL_STATUS_MONITORING_REQUIRES_GOVERNANCE;EXPIRED_ITEM_FLAG,SME/Data Governance,open,SBRN=SBRN2456
HRQ-01771,record_level_data_quality,dataset-raw-excel-data,record,RECALL_STATUS_MONITORING_REQUIRES_GOVERNANCE;EXPIRED_ITEM_FLAG,SME/Data Governance,open,SBRN=SBRN2457
HRQ-01772,record_level_data_quality,dataset-raw-excel-data,record,RECALL_STATUS_MONITORING_REQUIRES_GOVERNANCE;EXPIRED_ITEM_FLAG,SME/Data Governance,open,SBRN=SBRN2458
HRQ-01773,record_level_data_quality,dataset-raw-excel-data,record,MISSING_RECALL_STATUS_NORMALIZED_TO_NONE;EXPIRATION_BEFORE_PURCHASE_REQUIRES_REVIEW;EXPIRED_ITEM_FLAG,SME/Data Governance,open,SBRN=SBRN2459
HRQ-01774,record_level_data_quality,dataset-raw-excel-data,record,MISSING_RECALL_STATUS_NORMALIZED_TO_NONE;EXPIRATION_BEFORE_PURCHASE_REQUIRES_REVIEW;EXPIRED_ITEM_FLAG,SME/Data Governance,open,SBRN=SBRN2460
HRQ-01775,record_level_data_quality,dataset-raw-excel-data,record,MISSING_RECALL_STATUS_NORMALIZED_TO_NONE;EXPIRATION_BEFORE_PURCHASE_REQUIRES_REVIEW;EXPIRED_ITEM_FLAG,SME/Data Governance,open,SBRN=SBRN2461
HRQ-01776,record_level_data_quality,dataset-raw-excel-data,record,MISSING_RECALL_STATUS_NORMALIZED_TO_NONE;EXPIRATION_BEFORE_PURCHASE_REQUIRES_REVIEW;EXPIRED_ITEM_FLAG,SME/Data Governance,open,SBRN=SBRN2462
HRQ-01777,record_level_data_quality,dataset-raw-excel-data,record,MISSING_RECALL_STATUS_NORMALIZED_TO_NONE;EXPIRATION_BEFORE_PURCHASE_REQUIRES_REVIEW;EXPIRED_ITEM_FLAG,SME/Data Governance,open,SBRN=SBRN2463
HRQ-01778,record_level_data_quality,dataset-raw-excel-data,record,RECALL_STATUS_MONITORING_REQUIRES_GOVERNANCE;EXPIRED_ITEM_FLAG,SME/Data Governance,open,SBRN=SBRN2470
HRQ-01779,record_level_data_quality,dataset-raw-excel-data,record,RECALL_STATUS_MONITORING_REQUIRES_GOVERNANCE;EXPIRED_ITEM_FLAG,SME/Data Governance,open,SBRN=SBRN2471
HRQ-01780,record_level_data_quality,dataset-raw-excel-data,record,RECALL_STATUS_MONITORING_REQUIRES_GOVERNANCE;EXPIRED_ITEM_FLAG,SME/Data Governance,open,SBRN=SBRN2472
HRQ-01781,record_level_data_quality,dataset-raw-excel-data,record,RECALL_STATUS_MONITORING_REQUIRES_GOVERNANCE;EXPIRED_ITEM_FLAG,SME/Data Governance,open,SBRN=SBRN2473
HRQ-01782,record_level_data_quality,dataset-raw-excel-data,record,RECALL_STATUS_MONITORING_REQUIRES_GOVERNANCE;EXPIRED_ITEM_FLAG,SME/Data Governance,open,SBRN=SBRN2474
HRQ-01783,record_level_data_quality,dataset-raw-excel-data,record,RECALL_STATUS_MONITORING_REQUIRES_GOVERNANCE;EXPIRED_ITEM_FLAG,SME/Data Governance,open,SBRN=SBRN2475
HRQ-01784,record_level_data_quality,dataset-raw-excel-data,record,RECALL_STATUS_MONITORING_REQUIRES_GOVERNANCE;EXPIRED_ITEM_FLAG,SME/Data Governance,open,SBRN=SBRN2476
HRQ-01785,record_level_data_quality,dataset-raw-excel-data,record,RECALL_STATUS_MONITORING_REQUIRES_GOVERNANCE;EXPIRED_ITEM_FLAG,SME/Data Governance,open,SBRN=SBRN2477
HRQ-01786,record_level_data_quality,dataset-raw-excel-data,record,EXPIRATION_BEFORE_PURCHASE_REQUIRES_REVIEW;EXPIRED_ITEM_FLAG,SME/Data Governance,open,SBRN=SBRN2478
HRQ-01787,record_level_data_quality,dataset-raw-excel-data,record,EXPIRATION_BEFORE_PURCHASE_REQUIRES_REVIEW;EXPIRED_ITEM_FLAG,SME/Data Governance,open,SBRN=SBRN2479
HRQ-01788,record_level_data_quality,dataset-raw-excel-data,record,EXPIRATION_BEFORE_PURCHASE_REQUIRES_REVIEW;EXPIRED_ITEM_FLAG,SME/Data Governance,open,SBRN=SBRN2480
HRQ-01789,record_level_data_quality,dataset-raw-excel-data,record,EXPIRATION_BEFORE_PURCHASE_REQUIRES_REVIEW;EXPIRED_ITEM_FLAG,SME/Data Governance,open,SBRN=SBRN2481
HRQ-01790,record_level_data_quality,dataset-raw-excel-data,record,EXPIRATION_BEFORE_PURCHASE_REQUIRES_REVIEW;EXPIRED_ITEM_FLAG,SME/Data Governance,open,SBRN=SBRN2482
HRQ-01791,record_level_data_quality,dataset-raw-excel-data,record,FUTURE_PURCHASE_DATE_REQUIRES_REVIEW,SME/Data Governance,open,SBRN=SBRN2483
HRQ-01792,record_level_data_quality,dataset-raw-excel-data,record,RECALL_STATUS_MONITORING_REQUIRES_GOVERNANCE;FUTURE_PURCHASE_DATE_REQUIRES_REVIEW;EXPIRATION_BEFORE_PURCHASE_REQUIRES_REVIEW;EXPIRED_ITEM_FLAG,SME/Data Governance,open,SBRN=SBRN2484
HRQ-01793,record_level_data_quality,dataset-raw-excel-data,record,RECALL_STATUS_MONITORING_REQUIRES_GOVERNANCE;FUTURE_PURCHASE_DATE_REQUIRES_REVIEW;EXPIRATION_BEFORE_PURCHASE_REQUIRES_REVIEW;EXPIRED_ITEM_FLAG,SME/Data Governance,open,SBRN=SBRN2485
HRQ-01794,record_level_data_quality,dataset-raw-excel-data,record,RECALL_STATUS_MONITORING_REQUIRES_GOVERNANCE;FUTURE_PURCHASE_DATE_REQUIRES_REVIEW;EXPIRATION_BEFORE_PURCHASE_REQUIRES_REVIEW;EXPIRED_ITEM_FLAG,SME/Data Governance,open,SBRN=SBRN2486
HRQ-01795,record_level_data_quality,dataset-raw-excel-data,record,RECALL_STATUS_MONITORING_REQUIRES_GOVERNANCE;FUTURE_PURCHASE_DATE_REQUIRES_REVIEW;EXPIRATION_BEFORE_PURCHASE_REQUIRES_REVIEW;EXPIRED_ITEM_FLAG,SME/Data Governance,open,SBRN=SBRN2487
HRQ-01796,record_level_data_quality,dataset-raw-excel-data,record,RECALL_STATUS_MONITORING_REQUIRES_GOVERNANCE;EXPIRED_ITEM_FLAG,SME/Data Governance,open,SBRN=SBRN2488
HRQ-01797,record_level_data_quality,dataset-raw-excel-data,record,RECALL_STATUS_MONITORING_REQUIRES_GOVERNANCE;EXPIRED_ITEM_FLAG,SME/Data Governance,open,SBRN=SBRN2489
HRQ-01798,record_level_data_quality,dataset-raw-excel-data,record,RECALL_STATUS_MONITORING_REQUIRES_GOVERNANCE;EXPIRED_ITEM_FLAG,SME/Data Governance,open,SBRN=SBRN2490
HRQ-01799,record_level_data_quality,dataset-raw-excel-data,record,RECALL_STATUS_MONITORING_REQUIRES_GOVERNANCE;EXPIRED_ITEM_FLAG,SME/Data Governance,open,SBRN=SBRN2491
HRQ-01800,record_level_data_quality,dataset-raw-excel-data,record,RECALL_STATUS_MONITORING_REQUIRES_GOVERNANCE;EXPIRED_ITEM_FLAG,SME/Data Governance,open,SBRN=SBRN2492
HRQ-01801,record_level_data_quality,dataset-raw-excel-data,record,RECALL_STATUS_MONITORING_REQUIRES_GOVERNANCE;EXPIRED_ITEM_FLAG,SME/Data Governance,open,SBRN=SBRN2493
HRQ-01802,record_level_data_quality,dataset-raw-excel-data,record,RECALL_STATUS_MONITORING_REQUIRES_GOVERNANCE;FUTURE_PURCHASE_DATE_REQUIRES_REVIEW;EXPIRATION_BEFORE_PURCHASE_REQUIRES_REVIEW;EXPIRED_ITEM_FLAG,SME/Data Governance,open,SBRN=SBRN2494
HRQ-01803,record_level_data_quality,dataset-raw-excel-data,record,RECALL_STATUS_MONITORING_REQUIRES_GOVERNANCE;FUTURE_PURCHASE_DATE_REQUIRES_REVIEW;EXPIRATION_BEFORE_PURCHASE_REQUIRES_REVIEW;EXPIRED_ITEM_FLAG,SME/Data Governance,open,SBRN=SBRN2495
HRQ-01804,record_level_data_quality,dataset-raw-excel-data,record,RECALL_STATUS_MONITORING_REQUIRES_GOVERNANCE,SME/Data Governance,open,SBRN=SBRN2501
HRQ-01805,record_level_data_quality,dataset-raw-excel-data,record,RECALL_STATUS_MONITORING_REQUIRES_GOVERNANCE,SME/Data Governance,open,SBRN=SBRN2502
HRQ-01806,record_level_data_quality,dataset-raw-excel-data,record,FUTURE_PURCHASE_DATE_REQUIRES_REVIEW,SME/Data Governance,open,SBRN=SBRN2504
HRQ-01807,record_level_data_quality,dataset-raw-excel-data,record,RECALL_STATUS_MONITORING_REQUIRES_GOVERNANCE;EXPIRATION_BEFORE_PURCHASE_REQUIRES_REVIEW;EXPIRED_ITEM_FLAG,SME/Data Governance,open,SBRN=SBRN2505
HRQ-01808,record_level_data_quality,dataset-raw-excel-data,record,FUTURE_PURCHASE_DATE_REQUIRES_REVIEW;EXPIRATION_BEFORE_PURCHASE_REQUIRES_REVIEW;EXPIRED_ITEM_FLAG,SME/Data Governance,open,SBRN=SBRN2506
HRQ-01809,record_level_data_quality,dataset-raw-excel-data,record,RECALL_STATUS_MONITORING_REQUIRES_GOVERNANCE,SME/Data Governance,open,SBRN=SBRN2509
HRQ-01810,record_level_data_quality,dataset-raw-excel-data,record,RECALL_STATUS_MONITORING_REQUIRES_GOVERNANCE,SME/Data Governance,open,SBRN=SBRN2510
HRQ-01811,record_level_data_quality,dataset-raw-excel-data,record,RECALL_STATUS_MONITORING_REQUIRES_GOVERNANCE;FUTURE_PURCHASE_DATE_REQUIRES_REVIEW;EXPIRATION_BEFORE_PURCHASE_REQUIRES_REVIEW;EXPIRED_ITEM_FLAG,SME/Data Governance,open,SBRN=SBRN2511
HRQ-01812,record_level_data_quality,dataset-raw-excel-data,record,MISSING_RECALL_STATUS_NORMALIZED_TO_NONE;EXPIRATION_BEFORE_PURCHASE_REQUIRES_REVIEW;EXPIRED_ITEM_FLAG,SME/Data Governance,open,SBRN=SBRN2513
HRQ-01813,record_level_data_quality,dataset-raw-excel-data,record,EXPIRATION_BEFORE_PURCHASE_REQUIRES_REVIEW;EXPIRED_ITEM_FLAG,SME/Data Governance,open,SBRN=SBRN2514
HRQ-01814,record_level_data_quality,dataset-raw-excel-data,record,FUTURE_PURCHASE_DATE_REQUIRES_REVIEW,SME/Data Governance,open,SBRN=SBRN2515
HRQ-01815,record_level_data_quality,dataset-raw-excel-data,record,RECALL_STATUS_MONITORING_REQUIRES_GOVERNANCE;EXPIRED_ITEM_FLAG,SME/Data Governance,open,SBRN=SBRN2516
HRQ-01816,record_level_data_quality,dataset-raw-excel-data,record,RECALL_STATUS_MONITORING_REQUIRES_GOVERNANCE;EXPIRED_ITEM_FLAG,SME/Data Governance,open,SBRN=SBRN2517
HRQ-01817,record_level_data_quality,dataset-raw-excel-data,record,RECALL_STATUS_MONITORING_REQUIRES_GOVERNANCE;EXPIRED_ITEM_FLAG,SME/Data Governance,open,SBRN=SBRN2520
HRQ-01818,record_level_data_quality,dataset-raw-excel-data,record,RECALL_STATUS_MONITORING_REQUIRES_GOVERNANCE;EXPIRED_ITEM_FLAG,SME/Data Governance,open,SBRN=SBRN2521
HRQ-01819,record_level_data_quality,dataset-raw-excel-data,record,FUTURE_PURCHASE_DATE_REQUIRES_REVIEW;EXPIRATION_BEFORE_PURCHASE_REQUIRES_REVIEW;EXPIRED_ITEM_FLAG,SME/Data Governance,open,SBRN=SBRN2523
HRQ-01820,record_level_data_quality,dataset-raw-excel-data,record,MISSING_RECALL_STATUS_NORMALIZED_TO_NONE;FUTURE_PURCHASE_DATE_REQUIRES_REVIEW;EXPIRATION_BEFORE_PURCHASE_REQUIRES_REVIEW;EXPIRED_ITEM_FLAG,SME/Data Governance,open,SBRN=SBRN2524
HRQ-01821,record_level_data_quality,dataset-raw-excel-data,record,MISSING_RECALL_STATUS_NORMALIZED_TO_NONE;EXPIRATION_BEFORE_PURCHASE_REQUIRES_REVIEW;EXPIRED_ITEM_FLAG,SME/Data Governance,open,SBRN=SBRN2525
HRQ-01822,record_level_data_quality,dataset-raw-excel-data,record,RECALL_STATUS_MONITORING_REQUIRES_GOVERNANCE;EXPIRED_ITEM_FLAG,SME/Data Governance,open,SBRN=SBRN2526
HRQ-01823,record_level_data_quality,dataset-raw-excel-data,record,MISSING_RECALL_STATUS_NORMALIZED_TO_NONE;FUTURE_PURCHASE_DATE_REQUIRES_REVIEW;EXPIRATION_BEFORE_PURCHASE_REQUIRES_REVIEW;EXPIRED_ITEM_FLAG,SME/Data Governance,open,SBRN=SBRN2527
HRQ-01824,record_level_data_quality,dataset-raw-excel-data,record,RECALL_STATUS_MONITORING_REQUIRES_GOVERNANCE;FUTURE_PURCHASE_DATE_REQUIRES_REVIEW;EXPIRATION_BEFORE_PURCHASE_REQUIRES_REVIEW,SME/Data Governance,open,SBRN=SBRN2528
HRQ-01825,record_level_data_quality,dataset-raw-excel-data,record,RECALL_STATUS_MONITORING_REQUIRES_GOVERNANCE,SME/Data Governance,open,SBRN=SBRN2529
HRQ-01826,record_level_data_quality,dataset-raw-excel-data,record,RECALL_STATUS_MONITORING_REQUIRES_GOVERNANCE,SME/Data Governance,open,SBRN=SBRN2530
HRQ-01827,record_level_data_quality,dataset-raw-excel-data,record,RECALL_STATUS_MONITORING_REQUIRES_GOVERNANCE;EXPIRED_ITEM_FLAG,SME/Data Governance,open,SBRN=SBRN2531
HRQ-01828,record_level_data_quality,dataset-raw-excel-data,record,RECALL_STATUS_MONITORING_REQUIRES_GOVERNANCE,SME/Data Governance,open,SBRN=SBRN2533
HRQ-01829,record_level_data_quality,dataset-raw-excel-data,record,RECALL_STATUS_MONITORING_REQUIRES_GOVERNANCE;EXPIRED_ITEM_FLAG,SME/Data Governance,open,SBRN=SBRN2534
HRQ-01830,record_level_data_quality,dataset-raw-excel-data,record,MISSING_RECALL_STATUS_NORMALIZED_TO_NONE;FUTURE_PURCHASE_DATE_REQUIRES_REVIEW;EXPIRATION_BEFORE_PURCHASE_REQUIRES_REVIEW;EXPIRED_ITEM_FLAG,SME/Data Governance,open,SBRN=SBRN2536
HRQ-01831,record_level_data_quality,dataset-raw-excel-data,record,RECALL_STATUS_MONITORING_REQUIRES_GOVERNANCE;FUTURE_PURCHASE_DATE_REQUIRES_REVIEW,SME/Data Governance,open,SBRN=SBRN2537
HRQ-01832,record_level_data_quality,dataset-raw-excel-data,record,MISSING_RECALL_STATUS_NORMALIZED_TO_NONE;EXPIRATION_BEFORE_PURCHASE_REQUIRES_REVIEW;EXPIRED_ITEM_FLAG,SME/Data Governance,open,SBRN=SBRN2539
HRQ-01833,record_level_data_quality,dataset-raw-excel-data,record,EXPIRATION_BEFORE_PURCHASE_REQUIRES_REVIEW;EXPIRED_ITEM_FLAG,SME/Data Governance,open,SBRN=SBRN2540
HRQ-01834,record_level_data_quality,dataset-raw-excel-data,record,RECALL_STATUS_MONITORING_REQUIRES_GOVERNANCE,SME/Data Governance,open,SBRN=SBRN2541
HRQ-01835,record_level_data_quality,dataset-raw-excel-data,record,EXPIRATION_BEFORE_PURCHASE_REQUIRES_REVIEW;EXPIRED_ITEM_FLAG,SME/Data Governance,open,SBRN=SBRN2542
HRQ-01836,record_level_data_quality,dataset-raw-excel-data,record,RECALL_STATUS_MONITORING_REQUIRES_GOVERNANCE;FUTURE_PURCHASE_DATE_REQUIRES_REVIEW;EXPIRATION_BEFORE_PURCHASE_REQUIRES_REVIEW;EXPIRED_ITEM_FLAG,SME/Data Governance,open,SBRN=SBRN2544
HRQ-01837,record_level_data_quality,dataset-raw-excel-data,record,MISSING_RECALL_STATUS_NORMALIZED_TO_NONE;EXPIRATION_BEFORE_PURCHASE_REQUIRES_REVIEW;EXPIRED_ITEM_FLAG,SME/Data Governance,open,SBRN=SBRN2548
HRQ-01838,record_level_data_quality,dataset-raw-excel-data,record,FUTURE_PURCHASE_DATE_REQUIRES_REVIEW;EXPIRATION_BEFORE_PURCHASE_REQUIRES_REVIEW;EXPIRED_ITEM_FLAG,SME/Data Governance,open,SBRN=SBRN2550
HRQ-01839,record_level_data_quality,dataset-raw-excel-data,record,RECALL_STATUS_MONITORING_REQUIRES_GOVERNANCE,SME/Data Governance,open,SBRN=SBRN2552
HRQ-01840,record_level_data_quality,dataset-raw-excel-data,record,RECALL_STATUS_MONITORING_REQUIRES_GOVERNANCE;EXPIRED_ITEM_FLAG,SME/Data Governance,open,SBRN=SBRN2553
HRQ-01841,record_level_data_quality,dataset-raw-excel-data,record,RECALL_STATUS_MONITORING_REQUIRES_GOVERNANCE;EXPIRED_ITEM_FLAG,SME/Data Governance,open,SBRN=SBRN2555
HRQ-01842,record_level_data_quality,dataset-raw-excel-data,record,RECALL_STATUS_MONITORING_REQUIRES_GOVERNANCE;FUTURE_PURCHASE_DATE_REQUIRES_REVIEW;EXPIRATION_BEFORE_PURCHASE_REQUIRES_REVIEW;EXPIRED_ITEM_FLAG,SME/Data Governance,open,SBRN=SBRN2558
HRQ-01843,record_level_data_quality,dataset-raw-excel-data,record,RECALL_STATUS_MONITORING_REQUIRES_GOVERNANCE;EXPIRATION_BEFORE_PURCHASE_REQUIRES_REVIEW;EXPIRED_ITEM_FLAG,SME/Data Governance,open,SBRN=SBRN2561
HRQ-01844,record_level_data_quality,dataset-raw-excel-data,record,RECALL_STATUS_MONITORING_REQUIRES_GOVERNANCE;EXPIRED_ITEM_FLAG,SME/Data Governance,open,SBRN=SBRN2562
HRQ-01845,record_level_data_quality,dataset-raw-excel-data,record,MISSING_RECALL_STATUS_NORMALIZED_TO_NONE;FUTURE_PURCHASE_DATE_REQUIRES_REVIEW;EXPIRATION_BEFORE_PURCHASE_REQUIRES_REVIEW;EXPIRED_ITEM_FLAG,SME/Data Governance,open,SBRN=SBRN2564
HRQ-01846,record_level_data_quality,dataset-raw-excel-data,record,MISSING_RECALL_STATUS_NORMALIZED_TO_NONE;FUTURE_PURCHASE_DATE_REQUIRES_REVIEW;EXPIRATION_BEFORE_PURCHASE_REQUIRES_REVIEW,SME/Data Governance,open,SBRN=SBRN2566
HRQ-01847,record_level_data_quality,dataset-raw-excel-data,record,RECALL_STATUS_MONITORING_REQUIRES_GOVERNANCE,SME/Data Governance,open,SBRN=SBRN2567
HRQ-01848,record_level_data_quality,dataset-raw-excel-data,record,RECALL_STATUS_MONITORING_REQUIRES_GOVERNANCE,SME/Data Governance,open,SBRN=SBRN2568
HRQ-01849,record_level_data_quality,dataset-raw-excel-data,record,RECALL_STATUS_MONITORING_REQUIRES_GOVERNANCE;EXPIRATION_BEFORE_PURCHASE_REQUIRES_REVIEW;EXPIRED_ITEM_FLAG,SME/Data Governance,open,SBRN=SBRN2569
HRQ-01850,record_level_data_quality,dataset-raw-excel-data,record,RECALL_STATUS_MONITORING_REQUIRES_GOVERNANCE,SME/Data Governance,open,SBRN=SBRN2570
HRQ-01851,record_level_data_quality,dataset-raw-excel-data,record,RECALL_STATUS_MONITORING_REQUIRES_GOVERNANCE;FUTURE_PURCHASE_DATE_REQUIRES_REVIEW;EXPIRATION_BEFORE_PURCHASE_REQUIRES_REVIEW;EXPIRED_ITEM_FLAG,SME/Data Governance,open,SBRN=SBRN2571
HRQ-01852,record_level_data_quality,dataset-raw-excel-data,record,EXPIRATION_BEFORE_PURCHASE_REQUIRES_REVIEW;EXPIRED_ITEM_FLAG,SME/Data Governance,open,SBRN=SBRN2572
HRQ-01853,record_level_data_quality,dataset-raw-excel-data,record,MISSING_RECALL_STATUS_NORMALIZED_TO_NONE;EXPIRATION_BEFORE_PURCHASE_REQUIRES_REVIEW;EXPIRED_ITEM_FLAG,SME/Data Governance,open,SBRN=SBRN2573
HRQ-01854,record_level_data_quality,dataset-raw-excel-data,record,RECALL_STATUS_MONITORING_REQUIRES_GOVERNANCE;FUTURE_PURCHASE_DATE_REQUIRES_REVIEW;EXPIRATION_BEFORE_PURCHASE_REQUIRES_REVIEW;EXPIRED_ITEM_FLAG,SME/Data Governance,open,SBRN=SBRN2574
HRQ-01855,record_level_data_quality,dataset-raw-excel-data,record,RECALL_STATUS_MONITORING_REQUIRES_GOVERNANCE,SME/Data Governance,open,SBRN=SBRN2575
HRQ-01856,record_level_data_quality,dataset-raw-excel-data,record,RECALL_STATUS_MONITORING_REQUIRES_GOVERNANCE;EXPIRED_ITEM_FLAG,SME/Data Governance,open,SBRN=SBRN2577
HRQ-01857,record_level_data_quality,dataset-raw-excel-data,record,RECALL_STATUS_MONITORING_REQUIRES_GOVERNANCE;EXPIRATION_BEFORE_PURCHASE_REQUIRES_REVIEW;EXPIRED_ITEM_FLAG,SME/Data Governance,open,SBRN=SBRN2578
HRQ-01858,record_level_data_quality,dataset-raw-excel-data,record,RECALL_STATUS_MONITORING_REQUIRES_GOVERNANCE;FUTURE_PURCHASE_DATE_REQUIRES_REVIEW;EXPIRATION_BEFORE_PURCHASE_REQUIRES_REVIEW;EXPIRED_ITEM_FLAG,SME/Data Governance,open,SBRN=SBRN2579
HRQ-01859,record_level_data_quality,dataset-raw-excel-data,record,RECALL_STATUS_MONITORING_REQUIRES_GOVERNANCE,SME/Data Governance,open,SBRN=SBRN2580
HRQ-01860,record_level_data_quality,dataset-raw-excel-data,record,MISSING_RECALL_STATUS_NORMALIZED_TO_NONE;FUTURE_PURCHASE_DATE_REQUIRES_REVIEW;EXPIRATION_BEFORE_PURCHASE_REQUIRES_REVIEW;EXPIRED_ITEM_FLAG,SME/Data Governance,open,SBRN=SBRN2582
HRQ-01861,record_level_data_quality,dataset-raw-excel-data,record,RECALL_STATUS_MONITORING_REQUIRES_GOVERNANCE;EXPIRED_ITEM_FLAG,SME/Data Governance,open,SBRN=SBRN2583
HRQ-01862,record_level_data_quality,dataset-raw-excel-data,record,MISSING_RECALL_STATUS_NORMALIZED_TO_NONE;FUTURE_PURCHASE_DATE_REQUIRES_REVIEW;EXPIRATION_BEFORE_PURCHASE_REQUIRES_REVIEW,SME/Data Governance,open,SBRN=SBRN2584
HRQ-01863,record_level_data_quality,dataset-raw-excel-data,record,RECALL_STATUS_MONITORING_REQUIRES_GOVERNANCE;EXPIRATION_BEFORE_PURCHASE_REQUIRES_REVIEW;EXPIRED_ITEM_FLAG,SME/Data Governance,open,SBRN=SBRN2586
HRQ-01864,record_level_data_quality,dataset-raw-excel-data,record,RECALL_STATUS_MONITORING_REQUIRES_GOVERNANCE;FUTURE_PURCHASE_DATE_REQUIRES_REVIEW;EXPIRATION_BEFORE_PURCHASE_REQUIRES_REVIEW;EXPIRED_ITEM_FLAG,SME/Data Governance,open,SBRN=SBRN2588
HRQ-01865,record_level_data_quality,dataset-raw-excel-data,record,RECALL_STATUS_MONITORING_REQUIRES_GOVERNANCE;EXPIRED_ITEM_FLAG,SME/Data Governance,open,SBRN=SBRN2589
HRQ-01866,record_level_data_quality,dataset-raw-excel-data,record,EXPIRATION_BEFORE_PURCHASE_REQUIRES_REVIEW;EXPIRED_ITEM_FLAG,SME/Data Governance,open,SBRN=SBRN2590
HRQ-01867,record_level_data_quality,dataset-raw-excel-data,record,RECALL_STATUS_MONITORING_REQUIRES_GOVERNANCE;EXPIRED_ITEM_FLAG,SME/Data Governance,open,SBRN=SBRN2591
HRQ-01868,record_level_data_quality,dataset-raw-excel-data,record,MISSING_RECALL_STATUS_NORMALIZED_TO_NONE;FUTURE_PURCHASE_DATE_REQUIRES_REVIEW;EXPIRATION_BEFORE_PURCHASE_REQUIRES_REVIEW;EXPIRED_ITEM_FLAG,SME/Data Governance,open,SBRN=SBRN2592
HRQ-01869,record_level_data_quality,dataset-raw-excel-data,record,FUTURE_PURCHASE_DATE_REQUIRES_REVIEW,SME/Data Governance,open,SBRN=SBRN2593
HRQ-01870,record_level_data_quality,dataset-raw-excel-data,record,RECALL_STATUS_MONITORING_REQUIRES_GOVERNANCE;EXPIRED_ITEM_FLAG,SME/Data Governance,open,SBRN=SBRN2594
HRQ-01871,record_level_data_quality,dataset-raw-excel-data,record,RECALL_STATUS_MONITORING_REQUIRES_GOVERNANCE;FUTURE_PURCHASE_DATE_REQUIRES_REVIEW;EXPIRATION_BEFORE_PURCHASE_REQUIRES_REVIEW;EXPIRED_ITEM_FLAG,SME/Data Governance,open,SBRN=SBRN2595
HRQ-01872,record_level_data_quality,dataset-raw-excel-data,record,EXPIRATION_BEFORE_PURCHASE_REQUIRES_REVIEW;EXPIRED_ITEM_FLAG,SME/Data Governance,open,SBRN=SBRN2596
HRQ-01873,record_level_data_quality,dataset-raw-excel-data,record,RECALL_STATUS_MONITORING_REQUIRES_GOVERNANCE;EXPIRATION_BEFORE_PURCHASE_REQUIRES_REVIEW;EXPIRED_ITEM_FLAG,SME/Data Governance,open,SBRN=SBRN2597
HRQ-01874,record_level_data_quality,dataset-raw-excel-data,record,RECALL_STATUS_MONITORING_REQUIRES_GOVERNANCE;EXPIRED_ITEM_FLAG,SME/Data Governance,open,SBRN=SBRN2599
HRQ-01875,record_level_data_quality,dataset-raw-excel-data,record,RECALL_STATUS_MONITORING_REQUIRES_GOVERNANCE;EXPIRED_ITEM_FLAG,SME/Data Governance,open,SBRN=SBRN2602
HRQ-01876,record_level_data_quality,dataset-raw-excel-data,record,RECALL_STATUS_MONITORING_REQUIRES_GOVERNANCE,SME/Data Governance,open,SBRN=SBRN2605
HRQ-01877,record_level_data_quality,dataset-raw-excel-data,record,EXPIRATION_BEFORE_PURCHASE_REQUIRES_REVIEW;EXPIRED_ITEM_FLAG,SME/Data Governance,open,SBRN=SBRN2606
HRQ-01878,record_level_data_quality,dataset-raw-excel-data,record,MISSING_RECALL_STATUS_NORMALIZED_TO_NONE;FUTURE_PURCHASE_DATE_REQUIRES_REVIEW;EXPIRATION_BEFORE_PURCHASE_REQUIRES_REVIEW;EXPIRED_ITEM_FLAG,SME/Data Governance,open,SBRN=SBRN2607
HRQ-01879,record_level_data_quality,dataset-raw-excel-data,record,RECALL_STATUS_MONITORING_REQUIRES_GOVERNANCE,SME/Data Governance,open,SBRN=SBRN2608
HRQ-01880,record_level_data_quality,dataset-raw-excel-data,record,RECALL_STATUS_MONITORING_REQUIRES_GOVERNANCE;EXPIRATION_BEFORE_PURCHASE_REQUIRES_REVIEW;EXPIRED_ITEM_FLAG,SME/Data Governance,open,SBRN=SBRN2609
HRQ-01881,record_level_data_quality,dataset-raw-excel-data,record,FUTURE_PURCHASE_DATE_REQUIRES_REVIEW;EXPIRATION_BEFORE_PURCHASE_REQUIRES_REVIEW,SME/Data Governance,open,SBRN=SBRN2610
HRQ-01882,record_level_data_quality,dataset-raw-excel-data,record,RECALL_STATUS_MONITORING_REQUIRES_GOVERNANCE;FUTURE_PURCHASE_DATE_REQUIRES_REVIEW;EXPIRATION_BEFORE_PURCHASE_REQUIRES_REVIEW;EXPIRED_ITEM_FLAG,SME/Data Governance,open,SBRN=SBRN2611
HRQ-01883,record_level_data_quality,dataset-raw-excel-data,record,EXPIRATION_BEFORE_PURCHASE_REQUIRES_REVIEW;EXPIRED_ITEM_FLAG,SME/Data Governance,open,SBRN=SBRN2612
HRQ-01884,record_level_data_quality,dataset-raw-excel-data,record,MISSING_RECALL_STATUS_NORMALIZED_TO_NONE;FUTURE_PURCHASE_DATE_REQUIRES_REVIEW;EXPIRATION_BEFORE_PURCHASE_REQUIRES_REVIEW;EXPIRED_ITEM_FLAG,SME/Data Governance,open,SBRN=SBRN2614
HRQ-01885,record_level_data_quality,dataset-raw-excel-data,record,RECALL_STATUS_MONITORING_REQUIRES_GOVERNANCE;EXPIRATION_BEFORE_PURCHASE_REQUIRES_REVIEW;EXPIRED_ITEM_FLAG,SME/Data Governance,open,SBRN=SBRN2615
HRQ-01886,record_level_data_quality,dataset-raw-excel-data,record,MISSING_RECALL_STATUS_NORMALIZED_TO_NONE;FUTURE_PURCHASE_DATE_REQUIRES_REVIEW;EXPIRATION_BEFORE_PURCHASE_REQUIRES_REVIEW,SME/Data Governance,open,SBRN=SBRN2616
HRQ-01887,record_level_data_quality,dataset-raw-excel-data,record,EXPIRATION_BEFORE_PURCHASE_REQUIRES_REVIEW;EXPIRED_ITEM_FLAG,SME/Data Governance,open,SBRN=SBRN2618
HRQ-01888,record_level_data_quality,dataset-raw-excel-data,record,RECALL_STATUS_MONITORING_REQUIRES_GOVERNANCE;FUTURE_PURCHASE_DATE_REQUIRES_REVIEW,SME/Data Governance,open,SBRN=SBRN2619
HRQ-01889,record_level_data_quality,dataset-raw-excel-data,record,RECALL_STATUS_MONITORING_REQUIRES_GOVERNANCE;EXPIRED_ITEM_FLAG,SME/Data Governance,open,SBRN=SBRN2620
HRQ-01890,record_level_data_quality,dataset-raw-excel-data,record,FUTURE_PURCHASE_DATE_REQUIRES_REVIEW;EXPIRATION_BEFORE_PURCHASE_REQUIRES_REVIEW;EXPIRED_ITEM_FLAG,SME/Data Governance,open,SBRN=SBRN2622
HRQ-01891,record_level_data_quality,dataset-raw-excel-data,record,RECALL_STATUS_MONITORING_REQUIRES_GOVERNANCE;FUTURE_PURCHASE_DATE_REQUIRES_REVIEW;EXPIRATION_BEFORE_PURCHASE_REQUIRES_REVIEW;EXPIRED_ITEM_FLAG,SME/Data Governance,open,SBRN=SBRN2623
HRQ-01892,record_level_data_quality,dataset-raw-excel-data,record,RECALL_STATUS_MONITORING_REQUIRES_GOVERNANCE;EXPIRED_ITEM_FLAG,SME/Data Governance,open,SBRN=SBRN2625
HRQ-01893,record_level_data_quality,dataset-raw-excel-data,record,RECALL_STATUS_MONITORING_REQUIRES_GOVERNANCE;EXPIRATION_BEFORE_PURCHASE_REQUIRES_REVIEW;EXPIRED_ITEM_FLAG,SME/Data Governance,open,SBRN=SBRN2627
HRQ-01894,record_level_data_quality,dataset-raw-excel-data,record,FUTURE_PURCHASE_DATE_REQUIRES_REVIEW;EXPIRATION_BEFORE_PURCHASE_REQUIRES_REVIEW,SME/Data Governance,open,SBRN=SBRN2628
HRQ-01895,record_level_data_quality,dataset-raw-excel-data,record,FUTURE_PURCHASE_DATE_REQUIRES_REVIEW;EXPIRATION_BEFORE_PURCHASE_REQUIRES_REVIEW;EXPIRED_ITEM_FLAG,SME/Data Governance,open,SBRN=SBRN2629
HRQ-01896,record_level_data_quality,dataset-raw-excel-data,record,FUTURE_PURCHASE_DATE_REQUIRES_REVIEW;EXPIRATION_BEFORE_PURCHASE_REQUIRES_REVIEW;EXPIRED_ITEM_FLAG,SME/Data Governance,open,SBRN=SBRN2630
HRQ-01897,record_level_data_quality,dataset-raw-excel-data,record,RECALL_STATUS_MONITORING_REQUIRES_GOVERNANCE;EXPIRED_ITEM_FLAG,SME/Data Governance,open,SBRN=SBRN2631
HRQ-01898,record_level_data_quality,dataset-raw-excel-data,record,RECALL_STATUS_MONITORING_REQUIRES_GOVERNANCE;FUTURE_PURCHASE_DATE_REQUIRES_REVIEW;EXPIRATION_BEFORE_PURCHASE_REQUIRES_REVIEW;EXPIRED_ITEM_FLAG,SME/Data Governance,open,SBRN=SBRN2633
HRQ-01899,record_level_data_quality,dataset-raw-excel-data,record,EXPIRATION_BEFORE_PURCHASE_REQUIRES_REVIEW;EXPIRED_ITEM_FLAG,SME/Data Governance,open,SBRN=SBRN2634
HRQ-01900,record_level_data_quality,dataset-raw-excel-data,record,RECALL_STATUS_MONITORING_REQUIRES_GOVERNANCE;EXPIRED_ITEM_FLAG,SME/Data Governance,open,SBRN=SBRN2635
HRQ-01901,record_level_data_quality,dataset-raw-excel-data,record,MISSING_RECALL_STATUS_NORMALIZED_TO_NONE;EXPIRATION_BEFORE_PURCHASE_REQUIRES_REVIEW;EXPIRED_ITEM_FLAG,SME/Data Governance,open,SBRN=SBRN2636
HRQ-01902,record_level_data_quality,dataset-raw-excel-data,record,MISSING_RECALL_STATUS_NORMALIZED_TO_NONE;FUTURE_PURCHASE_DATE_REQUIRES_REVIEW;EXPIRATION_BEFORE_PURCHASE_REQUIRES_REVIEW;EXPIRED_ITEM_FLAG,SME/Data Governance,open,SBRN=SBRN2638
HRQ-01903,record_level_data_quality,dataset-raw-excel-data,record,MISSING_RECALL_STATUS_NORMALIZED_TO_NONE;EXPIRATION_BEFORE_PURCHASE_REQUIRES_REVIEW;EXPIRED_ITEM_FLAG,SME/Data Governance,open,SBRN=SBRN2639
HRQ-01904,record_level_data_quality,dataset-raw-excel-data,record,EXPIRATION_BEFORE_PURCHASE_REQUIRES_REVIEW;EXPIRED_ITEM_FLAG,SME/Data Governance,open,SBRN=SBRN2641
HRQ-01905,record_level_data_quality,dataset-raw-excel-data,record,FUTURE_PURCHASE_DATE_REQUIRES_REVIEW,SME/Data Governance,open,SBRN=SBRN2644
HRQ-01906,record_level_data_quality,dataset-raw-excel-data,record,FUTURE_PURCHASE_DATE_REQUIRES_REVIEW;EXPIRATION_BEFORE_PURCHASE_REQUIRES_REVIEW;EXPIRED_ITEM_FLAG,SME/Data Governance,open,SBRN=SBRN2646
HRQ-01907,record_level_data_quality,dataset-raw-excel-data,record,EXPIRATION_BEFORE_PURCHASE_REQUIRES_REVIEW;EXPIRED_ITEM_FLAG,SME/Data Governance,open,SBRN=SBRN2647
HRQ-01908,record_level_data_quality,dataset-raw-excel-data,record,RECALL_STATUS_MONITORING_REQUIRES_GOVERNANCE;FUTURE_PURCHASE_DATE_REQUIRES_REVIEW;EXPIRATION_BEFORE_PURCHASE_REQUIRES_REVIEW,SME/Data Governance,open,SBRN=SBRN2649
HRQ-01909,record_level_data_quality,dataset-raw-excel-data,record,RECALL_STATUS_MONITORING_REQUIRES_GOVERNANCE,SME/Data Governance,open,SBRN=SBRN2650
HRQ-01910,record_level_data_quality,dataset-raw-excel-data,record,EXPIRATION_BEFORE_PURCHASE_REQUIRES_REVIEW;EXPIRED_ITEM_FLAG,SME/Data Governance,open,SBRN=SBRN2651
HRQ-01911,record_level_data_quality,dataset-raw-excel-data,record,RECALL_STATUS_MONITORING_REQUIRES_GOVERNANCE;EXPIRED_ITEM_FLAG,SME/Data Governance,open,SBRN=SBRN2653
HRQ-01912,record_level_data_quality,dataset-raw-excel-data,record,MISSING_RECALL_STATUS_NORMALIZED_TO_NONE;FUTURE_PURCHASE_DATE_REQUIRES_REVIEW;EXPIRATION_BEFORE_PURCHASE_REQUIRES_REVIEW,SME/Data Governance,open,SBRN=SBRN2655
HRQ-01913,record_level_data_quality,dataset-raw-excel-data,record,EXPIRATION_BEFORE_PURCHASE_REQUIRES_REVIEW;EXPIRED_ITEM_FLAG,SME/Data Governance,open,SBRN=SBRN2658
HRQ-01914,record_level_data_quality,dataset-raw-excel-data,record,MISSING_RECALL_STATUS_NORMALIZED_TO_NONE;FUTURE_PURCHASE_DATE_REQUIRES_REVIEW;EXPIRATION_BEFORE_PURCHASE_REQUIRES_REVIEW,SME/Data Governance,open,SBRN=SBRN2659
HRQ-01915,record_level_data_quality,dataset-raw-excel-data,record,RECALL_STATUS_MONITORING_REQUIRES_GOVERNANCE;EXPIRED_ITEM_FLAG,SME/Data Governance,open,SBRN=SBRN2660
HRQ-01916,record_level_data_quality,dataset-raw-excel-data,record,RECALL_STATUS_MONITORING_REQUIRES_GOVERNANCE;FUTURE_PURCHASE_DATE_REQUIRES_REVIEW;EXPIRATION_BEFORE_PURCHASE_REQUIRES_REVIEW;EXPIRED_ITEM_FLAG,SME/Data Governance,open,SBRN=SBRN2661
HRQ-01917,record_level_data_quality,dataset-raw-excel-data,record,RECALL_STATUS_MONITORING_REQUIRES_GOVERNANCE;FUTURE_PURCHASE_DATE_REQUIRES_REVIEW;EXPIRATION_BEFORE_PURCHASE_REQUIRES_REVIEW;EXPIRED_ITEM_FLAG,SME/Data Governance,open,SBRN=SBRN2662
HRQ-01918,record_level_data_quality,dataset-raw-excel-data,record,MISSING_RECALL_STATUS_NORMALIZED_TO_NONE;FUTURE_PURCHASE_DATE_REQUIRES_REVIEW;EXPIRATION_BEFORE_PURCHASE_REQUIRES_REVIEW;EXPIRED_ITEM_FLAG,SME/Data Governance,open,SBRN=SBRN2663
HRQ-01919,record_level_data_quality,dataset-raw-excel-data,record,RECALL_STATUS_MONITORING_REQUIRES_GOVERNANCE;EXPIRED_ITEM_FLAG,SME/Data Governance,open,SBRN=SBRN2664
HRQ-01920,record_level_data_quality,dataset-raw-excel-data,record,RECALL_STATUS_MONITORING_REQUIRES_GOVERNANCE;EXPIRED_ITEM_FLAG,SME/Data Governance,open,SBRN=SBRN2665
HRQ-01921,record_level_data_quality,dataset-raw-excel-data,record,RECALL_STATUS_MONITORING_REQUIRES_GOVERNANCE,SME/Data Governance,open,SBRN=SBRN2666
HRQ-01922,record_level_data_quality,dataset-raw-excel-data,record,RECALL_STATUS_MONITORING_REQUIRES_GOVERNANCE;EXPIRED_ITEM_FLAG,SME/Data Governance,open,SBRN=SBRN2667
HRQ-01923,record_level_data_quality,dataset-raw-excel-data,record,RECALL_STATUS_MONITORING_REQUIRES_GOVERNANCE;FUTURE_PURCHASE_DATE_REQUIRES_REVIEW;EXPIRATION_BEFORE_PURCHASE_REQUIRES_REVIEW;EXPIRED_ITEM_FLAG,SME/Data Governance,open,SBRN=SBRN2668
HRQ-01924,record_level_data_quality,dataset-raw-excel-data,record,MISSING_RECALL_STATUS_NORMALIZED_TO_NONE;EXPIRATION_BEFORE_PURCHASE_REQUIRES_REVIEW;EXPIRED_ITEM_FLAG,SME/Data Governance,open,SBRN=SBRN2669
HRQ-01925,record_level_data_quality,dataset-raw-excel-data,record,MISSING_RECALL_STATUS_NORMALIZED_TO_NONE;FUTURE_PURCHASE_DATE_REQUIRES_REVIEW;EXPIRATION_BEFORE_PURCHASE_REQUIRES_REVIEW;EXPIRED_ITEM_FLAG,SME/Data Governance,open,SBRN=SBRN2670
HRQ-01926,record_level_data_quality,dataset-raw-excel-data,record,MISSING_RECALL_STATUS_NORMALIZED_TO_NONE;FUTURE_PURCHASE_DATE_REQUIRES_REVIEW,SME/Data Governance,open,SBRN=SBRN2671
HRQ-01927,record_level_data_quality,dataset-raw-excel-data,record,FUTURE_PURCHASE_DATE_REQUIRES_REVIEW;EXPIRATION_BEFORE_PURCHASE_REQUIRES_REVIEW;EXPIRED_ITEM_FLAG,SME/Data Governance,open,SBRN=SBRN2673
HRQ-01928,record_level_data_quality,dataset-raw-excel-data,record,FUTURE_PURCHASE_DATE_REQUIRES_REVIEW,SME/Data Governance,open,SBRN=SBRN2674
HRQ-01929,record_level_data_quality,dataset-raw-excel-data,record,RECALL_STATUS_MONITORING_REQUIRES_GOVERNANCE;EXPIRATION_BEFORE_PURCHASE_REQUIRES_REVIEW;EXPIRED_ITEM_FLAG,SME/Data Governance,open,SBRN=SBRN2676
HRQ-01930,record_level_data_quality,dataset-raw-excel-data,record,RECALL_STATUS_MONITORING_REQUIRES_GOVERNANCE;EXPIRATION_BEFORE_PURCHASE_REQUIRES_REVIEW;EXPIRED_ITEM_FLAG,SME/Data Governance,open,SBRN=SBRN2677
HRQ-01931,record_level_data_quality,dataset-raw-excel-data,record,MISSING_RECALL_STATUS_NORMALIZED_TO_NONE;FUTURE_PURCHASE_DATE_REQUIRES_REVIEW;EXPIRATION_BEFORE_PURCHASE_REQUIRES_REVIEW;EXPIRED_ITEM_FLAG,SME/Data Governance,open,SBRN=SBRN2678
HRQ-01932,record_level_data_quality,dataset-raw-excel-data,record,MISSING_RECALL_STATUS_NORMALIZED_TO_NONE;EXPIRATION_BEFORE_PURCHASE_REQUIRES_REVIEW;EXPIRED_ITEM_FLAG,SME/Data Governance,open,SBRN=SBRN2679
HRQ-01933,record_level_data_quality,dataset-raw-excel-data,record,EXPIRATION_BEFORE_PURCHASE_REQUIRES_REVIEW;EXPIRED_ITEM_FLAG,SME/Data Governance,open,SBRN=SBRN2680
HRQ-01934,record_level_data_quality,dataset-raw-excel-data,record,MISSING_RECALL_STATUS_NORMALIZED_TO_NONE;EXPIRATION_BEFORE_PURCHASE_REQUIRES_REVIEW;EXPIRED_ITEM_FLAG,SME/Data Governance,open,SBRN=SBRN2683
HRQ-01935,record_level_data_quality,dataset-raw-excel-data,record,RECALL_STATUS_MONITORING_REQUIRES_GOVERNANCE;FUTURE_PURCHASE_DATE_REQUIRES_REVIEW;EXPIRATION_BEFORE_PURCHASE_REQUIRES_REVIEW;EXPIRED_ITEM_FLAG,SME/Data Governance,open,SBRN=SBRN2684
HRQ-01936,record_level_data_quality,dataset-raw-excel-data,record,FUTURE_PURCHASE_DATE_REQUIRES_REVIEW;EXPIRATION_BEFORE_PURCHASE_REQUIRES_REVIEW;EXPIRED_ITEM_FLAG,SME/Data Governance,open,SBRN=SBRN2685
HRQ-01937,record_level_data_quality,dataset-raw-excel-data,record,RECALL_STATUS_MONITORING_REQUIRES_GOVERNANCE;EXPIRED_ITEM_FLAG,SME/Data Governance,open,SBRN=SBRN2686
HRQ-01938,record_level_data_quality,dataset-raw-excel-data,record,MISSING_RECALL_STATUS_NORMALIZED_TO_NONE;EXPIRATION_BEFORE_PURCHASE_REQUIRES_REVIEW;EXPIRED_ITEM_FLAG,SME/Data Governance,open,SBRN=SBRN2688
HRQ-01939,record_level_data_quality,dataset-raw-excel-data,record,RECALL_STATUS_MONITORING_REQUIRES_GOVERNANCE;EXPIRATION_BEFORE_PURCHASE_REQUIRES_REVIEW;EXPIRED_ITEM_FLAG,SME/Data Governance,open,SBRN=SBRN2689
HRQ-01940,record_level_data_quality,dataset-raw-excel-data,record,MISSING_RECALL_STATUS_NORMALIZED_TO_NONE;FUTURE_PURCHASE_DATE_REQUIRES_REVIEW;EXPIRATION_BEFORE_PURCHASE_REQUIRES_REVIEW;EXPIRED_ITEM_FLAG,SME/Data Governance,open,SBRN=SBRN2690
HRQ-01941,record_level_data_quality,dataset-raw-excel-data,record,RECALL_STATUS_MONITORING_REQUIRES_GOVERNANCE;EXPIRATION_BEFORE_PURCHASE_REQUIRES_REVIEW;EXPIRED_ITEM_FLAG,SME/Data Governance,open,SBRN=SBRN2691
HRQ-01942,record_level_data_quality,dataset-raw-excel-data,record,MISSING_RECALL_STATUS_NORMALIZED_TO_NONE;FUTURE_PURCHASE_DATE_REQUIRES_REVIEW;EXPIRATION_BEFORE_PURCHASE_REQUIRES_REVIEW;EXPIRED_ITEM_FLAG,SME/Data Governance,open,SBRN=SBRN2692
HRQ-01943,record_level_data_quality,dataset-raw-excel-data,record,RECALL_STATUS_MONITORING_REQUIRES_GOVERNANCE;EXPIRED_ITEM_FLAG,SME/Data Governance,open,SBRN=SBRN2694
HRQ-01944,record_level_data_quality,dataset-raw-excel-data,record,FUTURE_PURCHASE_DATE_REQUIRES_REVIEW;EXPIRATION_BEFORE_PURCHASE_REQUIRES_REVIEW;EXPIRED_ITEM_FLAG,SME/Data Governance,open,SBRN=SBRN2695
HRQ-01945,record_level_data_quality,dataset-raw-excel-data,record,RECALL_STATUS_MONITORING_REQUIRES_GOVERNANCE;FUTURE_PURCHASE_DATE_REQUIRES_REVIEW;EXPIRATION_BEFORE_PURCHASE_REQUIRES_REVIEW;EXPIRED_ITEM_FLAG,SME/Data Governance,open,SBRN=SBRN2696
HRQ-01946,record_level_data_quality,dataset-raw-excel-data,record,EXPIRATION_BEFORE_PURCHASE_REQUIRES_REVIEW;EXPIRED_ITEM_FLAG,SME/Data Governance,open,SBRN=SBRN2697
HRQ-01947,record_level_data_quality,dataset-raw-excel-data,record,RECALL_STATUS_MONITORING_REQUIRES_GOVERNANCE;EXPIRED_ITEM_FLAG,SME/Data Governance,open,SBRN=SBRN2699
HRQ-01948,record_level_data_quality,dataset-raw-excel-data,record,RECALL_STATUS_MONITORING_REQUIRES_GOVERNANCE;EXPIRED_ITEM_FLAG,SME/Data Governance,open,SBRN=SBRN2700
HRQ-01949,record_level_data_quality,dataset-raw-excel-data,record,MISSING_RECALL_STATUS_NORMALIZED_TO_NONE;EXPIRATION_BEFORE_PURCHASE_REQUIRES_REVIEW;EXPIRED_ITEM_FLAG,SME/Data Governance,open,SBRN=SBRN2702
HRQ-01950,record_level_data_quality,dataset-raw-excel-data,record,RECALL_STATUS_MONITORING_REQUIRES_GOVERNANCE,SME/Data Governance,open,SBRN=SBRN2703
HRQ-01951,record_level_data_quality,dataset-raw-excel-data,record,RECALL_STATUS_MONITORING_REQUIRES_GOVERNANCE;EXPIRED_ITEM_FLAG,SME/Data Governance,open,SBRN=SBRN2704
HRQ-01952,record_level_data_quality,dataset-raw-excel-data,record,RECALL_STATUS_MONITORING_REQUIRES_GOVERNANCE;EXPIRED_ITEM_FLAG,SME/Data Governance,open,SBRN=SBRN2705
HRQ-01953,record_level_data_quality,dataset-raw-excel-data,record,MISSING_RECALL_STATUS_NORMALIZED_TO_NONE;FUTURE_PURCHASE_DATE_REQUIRES_REVIEW;EXPIRATION_BEFORE_PURCHASE_REQUIRES_REVIEW;EXPIRED_ITEM_FLAG,SME/Data Governance,open,SBRN=SBRN2707
HRQ-01954,record_level_data_quality,dataset-raw-excel-data,record,EXPIRATION_BEFORE_PURCHASE_REQUIRES_REVIEW;EXPIRED_ITEM_FLAG,SME/Data Governance,open,SBRN=SBRN2708
HRQ-01955,record_level_data_quality,dataset-raw-excel-data,record,RECALL_STATUS_MONITORING_REQUIRES_GOVERNANCE;EXPIRATION_BEFORE_PURCHASE_REQUIRES_REVIEW;EXPIRED_ITEM_FLAG,SME/Data Governance,open,SBRN=SBRN2710
HRQ-01956,record_level_data_quality,dataset-raw-excel-data,record,RECALL_STATUS_MONITORING_REQUIRES_GOVERNANCE;FUTURE_PURCHASE_DATE_REQUIRES_REVIEW,SME/Data Governance,open,SBRN=SBRN2712
HRQ-01957,record_level_data_quality,dataset-raw-excel-data,record,MISSING_RECALL_STATUS_NORMALIZED_TO_NONE;FUTURE_PURCHASE_DATE_REQUIRES_REVIEW;EXPIRATION_BEFORE_PURCHASE_REQUIRES_REVIEW;EXPIRED_ITEM_FLAG,SME/Data Governance,open,SBRN=SBRN2713
HRQ-01958,record_level_data_quality,dataset-raw-excel-data,record,MISSING_RECALL_STATUS_NORMALIZED_TO_NONE;EXPIRATION_BEFORE_PURCHASE_REQUIRES_REVIEW;EXPIRED_ITEM_FLAG,SME/Data Governance,open,SBRN=SBRN2714
HRQ-01959,record_level_data_quality,dataset-raw-excel-data,record,MISSING_RECALL_STATUS_NORMALIZED_TO_NONE;EXPIRATION_BEFORE_PURCHASE_REQUIRES_REVIEW;EXPIRED_ITEM_FLAG,SME/Data Governance,open,SBRN=SBRN2715
HRQ-01960,record_level_data_quality,dataset-raw-excel-data,record,EXPIRATION_BEFORE_PURCHASE_REQUIRES_REVIEW;EXPIRED_ITEM_FLAG,SME/Data Governance,open,SBRN=SBRN2716
HRQ-01961,record_level_data_quality,dataset-raw-excel-data,record,RECALL_STATUS_MONITORING_REQUIRES_GOVERNANCE;EXPIRATION_BEFORE_PURCHASE_REQUIRES_REVIEW;EXPIRED_ITEM_FLAG,SME/Data Governance,open,SBRN=SBRN2717
HRQ-01962,record_level_data_quality,dataset-raw-excel-data,record,RECALL_STATUS_MONITORING_REQUIRES_GOVERNANCE;EXPIRATION_BEFORE_PURCHASE_REQUIRES_REVIEW;EXPIRED_ITEM_FLAG,SME/Data Governance,open,SBRN=SBRN2718
HRQ-01963,record_level_data_quality,dataset-raw-excel-data,record,FUTURE_PURCHASE_DATE_REQUIRES_REVIEW;EXPIRATION_BEFORE_PURCHASE_REQUIRES_REVIEW;EXPIRED_ITEM_FLAG,SME/Data Governance,open,SBRN=SBRN2719
HRQ-01964,record_level_data_quality,dataset-raw-excel-data,record,EXPIRATION_BEFORE_PURCHASE_REQUIRES_REVIEW;EXPIRED_ITEM_FLAG,SME/Data Governance,open,SBRN=SBRN2720
HRQ-01965,record_level_data_quality,dataset-raw-excel-data,record,RECALL_STATUS_MONITORING_REQUIRES_GOVERNANCE;EXPIRED_ITEM_FLAG,SME/Data Governance,open,SBRN=SBRN2721
HRQ-01966,record_level_data_quality,dataset-raw-excel-data,record,EXPIRATION_BEFORE_PURCHASE_REQUIRES_REVIEW;EXPIRED_ITEM_FLAG,SME/Data Governance,open,SBRN=SBRN2722
HRQ-01967,record_level_data_quality,dataset-raw-excel-data,record,RECALL_STATUS_MONITORING_REQUIRES_GOVERNANCE,SME/Data Governance,open,SBRN=SBRN2723
HRQ-01968,record_level_data_quality,dataset-raw-excel-data,record,RECALL_STATUS_MONITORING_REQUIRES_GOVERNANCE,SME/Data Governance,open,SBRN=SBRN2724
HRQ-01969,record_level_data_quality,dataset-raw-excel-data,record,EXPIRATION_BEFORE_PURCHASE_REQUIRES_REVIEW;EXPIRED_ITEM_FLAG,SME/Data Governance,open,SBRN=SBRN2725
HRQ-01970,record_level_data_quality,dataset-raw-excel-data,record,RECALL_STATUS_MONITORING_REQUIRES_GOVERNANCE;FUTURE_PURCHASE_DATE_REQUIRES_REVIEW,SME/Data Governance,open,SBRN=SBRN2726
HRQ-01971,record_level_data_quality,dataset-raw-excel-data,record,RECALL_STATUS_MONITORING_REQUIRES_GOVERNANCE;EXPIRED_ITEM_FLAG,SME/Data Governance,open,SBRN=SBRN2727
HRQ-01972,record_level_data_quality,dataset-raw-excel-data,record,MISSING_RECALL_STATUS_NORMALIZED_TO_NONE;EXPIRATION_BEFORE_PURCHASE_REQUIRES_REVIEW;EXPIRED_ITEM_FLAG,SME/Data Governance,open,SBRN=SBRN2728
HRQ-01973,record_level_data_quality,dataset-raw-excel-data,record,EXPIRATION_BEFORE_PURCHASE_REQUIRES_REVIEW;EXPIRED_ITEM_FLAG,SME/Data Governance,open,SBRN=SBRN2729
HRQ-01974,record_level_data_quality,dataset-raw-excel-data,record,MISSING_RECALL_STATUS_NORMALIZED_TO_NONE;FUTURE_PURCHASE_DATE_REQUIRES_REVIEW,SME/Data Governance,open,SBRN=SBRN2730
HRQ-01975,record_level_data_quality,dataset-raw-excel-data,record,RECALL_STATUS_MONITORING_REQUIRES_GOVERNANCE;EXPIRED_ITEM_FLAG,SME/Data Governance,open,SBRN=SBRN2731
HRQ-01976,record_level_data_quality,dataset-raw-excel-data,record,RECALL_STATUS_MONITORING_REQUIRES_GOVERNANCE;FUTURE_PURCHASE_DATE_REQUIRES_REVIEW;EXPIRATION_BEFORE_PURCHASE_REQUIRES_REVIEW,SME/Data Governance,open,SBRN=SBRN2733
HRQ-01977,record_level_data_quality,dataset-raw-excel-data,record,RECALL_STATUS_MONITORING_REQUIRES_GOVERNANCE;EXPIRED_ITEM_FLAG,SME/Data Governance,open,SBRN=SBRN2734
HRQ-01978,record_level_data_quality,dataset-raw-excel-data,record,RECALL_STATUS_MONITORING_REQUIRES_GOVERNANCE;EXPIRED_ITEM_FLAG,SME/Data Governance,open,SBRN=SBRN2736
HRQ-01979,record_level_data_quality,dataset-raw-excel-data,record,MISSING_RECALL_STATUS_NORMALIZED_TO_NONE;FUTURE_PURCHASE_DATE_REQUIRES_REVIEW;EXPIRATION_BEFORE_PURCHASE_REQUIRES_REVIEW;EXPIRED_ITEM_FLAG,SME/Data Governance,open,SBRN=SBRN2737
HRQ-01980,record_level_data_quality,dataset-raw-excel-data,record,RECALL_STATUS_MONITORING_REQUIRES_GOVERNANCE;EXPIRATION_BEFORE_PURCHASE_REQUIRES_REVIEW;EXPIRED_ITEM_FLAG,SME/Data Governance,open,SBRN=SBRN2739
HRQ-01981,record_level_data_quality,dataset-raw-excel-data,record,RECALL_STATUS_MONITORING_REQUIRES_GOVERNANCE;EXPIRED_ITEM_FLAG,SME/Data Governance,open,SBRN=SBRN2740
HRQ-01982,record_level_data_quality,dataset-raw-excel-data,record,RECALL_STATUS_MONITORING_REQUIRES_GOVERNANCE;EXPIRED_ITEM_FLAG,SME/Data Governance,open,SBRN=SBRN2741
HRQ-01983,record_level_data_quality,dataset-raw-excel-data,record,RECALL_STATUS_MONITORING_REQUIRES_GOVERNANCE;EXPIRATION_BEFORE_PURCHASE_REQUIRES_REVIEW;EXPIRED_ITEM_FLAG,SME/Data Governance,open,SBRN=SBRN2742
HRQ-01984,record_level_data_quality,dataset-raw-excel-data,record,FUTURE_PURCHASE_DATE_REQUIRES_REVIEW;EXPIRATION_BEFORE_PURCHASE_REQUIRES_REVIEW;EXPIRED_ITEM_FLAG,SME/Data Governance,open,SBRN=SBRN2743
HRQ-01985,record_level_data_quality,dataset-raw-excel-data,record,FUTURE_PURCHASE_DATE_REQUIRES_REVIEW;EXPIRATION_BEFORE_PURCHASE_REQUIRES_REVIEW;EXPIRED_ITEM_FLAG,SME/Data Governance,open,SBRN=SBRN2744
HRQ-01986,record_level_data_quality,dataset-raw-excel-data,record,FUTURE_PURCHASE_DATE_REQUIRES_REVIEW;EXPIRATION_BEFORE_PURCHASE_REQUIRES_REVIEW;EXPIRED_ITEM_FLAG,SME/Data Governance,open,SBRN=SBRN2745
HRQ-01987,record_level_data_quality,dataset-raw-excel-data,record,MISSING_RECALL_STATUS_NORMALIZED_TO_NONE;EXPIRATION_BEFORE_PURCHASE_REQUIRES_REVIEW;EXPIRED_ITEM_FLAG,SME/Data Governance,open,SBRN=SBRN2748
HRQ-01988,record_level_data_quality,dataset-raw-excel-data,record,RECALL_STATUS_MONITORING_REQUIRES_GOVERNANCE;FUTURE_PURCHASE_DATE_REQUIRES_REVIEW;EXPIRATION_BEFORE_PURCHASE_REQUIRES_REVIEW;EXPIRED_ITEM_FLAG,SME/Data Governance,open,SBRN=SBRN2749
HRQ-01989,record_level_data_quality,dataset-raw-excel-data,record,EXPIRATION_BEFORE_PURCHASE_REQUIRES_REVIEW;EXPIRED_ITEM_FLAG,SME/Data Governance,open,SBRN=SBRN2751
HRQ-01990,record_level_data_quality,dataset-raw-excel-data,record,RECALL_STATUS_MONITORING_REQUIRES_GOVERNANCE;EXPIRATION_BEFORE_PURCHASE_REQUIRES_REVIEW;EXPIRED_ITEM_FLAG,SME/Data Governance,open,SBRN=SBRN2752
HRQ-01991,record_level_data_quality,dataset-raw-excel-data,record,MISSING_RECALL_STATUS_NORMALIZED_TO_NONE;FUTURE_PURCHASE_DATE_REQUIRES_REVIEW;EXPIRATION_BEFORE_PURCHASE_REQUIRES_REVIEW;EXPIRED_ITEM_FLAG,SME/Data Governance,open,SBRN=SBRN2754
HRQ-01992,record_level_data_quality,dataset-raw-excel-data,record,MISSING_RECALL_STATUS_NORMALIZED_TO_NONE;EXPIRATION_BEFORE_PURCHASE_REQUIRES_REVIEW;EXPIRED_ITEM_FLAG,SME/Data Governance,open,SBRN=SBRN2755
HRQ-01993,record_level_data_quality,dataset-raw-excel-data,record,RECALL_STATUS_MONITORING_REQUIRES_GOVERNANCE;EXPIRATION_BEFORE_PURCHASE_REQUIRES_REVIEW;EXPIRED_ITEM_FLAG,SME/Data Governance,open,SBRN=SBRN2756
HRQ-01994,record_level_data_quality,dataset-raw-excel-data,record,EXPIRATION_BEFORE_PURCHASE_REQUIRES_REVIEW;EXPIRED_ITEM_FLAG,SME/Data Governance,open,SBRN=SBRN2758
HRQ-01995,record_level_data_quality,dataset-raw-excel-data,record,FUTURE_PURCHASE_DATE_REQUIRES_REVIEW;EXPIRATION_BEFORE_PURCHASE_REQUIRES_REVIEW;EXPIRED_ITEM_FLAG,SME/Data Governance,open,SBRN=SBRN2759
HRQ-01996,record_level_data_quality,dataset-raw-excel-data,record,RECALL_STATUS_MONITORING_REQUIRES_GOVERNANCE;EXPIRATION_BEFORE_PURCHASE_REQUIRES_REVIEW;EXPIRED_ITEM_FLAG,SME/Data Governance,open,SBRN=SBRN2761
HRQ-01997,record_level_data_quality,dataset-raw-excel-data,record,RECALL_STATUS_MONITORING_REQUIRES_GOVERNANCE;EXPIRATION_BEFORE_PURCHASE_REQUIRES_REVIEW;EXPIRED_ITEM_FLAG,SME/Data Governance,open,SBRN=SBRN2762
HRQ-01998,record_level_data_quality,dataset-raw-excel-data,record,RECALL_STATUS_MONITORING_REQUIRES_GOVERNANCE;EXPIRATION_BEFORE_PURCHASE_REQUIRES_REVIEW;EXPIRED_ITEM_FLAG,SME/Data Governance,open,SBRN=SBRN2763
HRQ-01999,record_level_data_quality,dataset-raw-excel-data,record,RECALL_STATUS_MONITORING_REQUIRES_GOVERNANCE;FUTURE_PURCHASE_DATE_REQUIRES_REVIEW,SME/Data Governance,open,SBRN=SBRN2764
HRQ-02000,record_level_data_quality,dataset-raw-excel-data,record,RECALL_STATUS_MONITORING_REQUIRES_GOVERNANCE;EXPIRED_ITEM_FLAG,SME/Data Governance,open,SBRN=SBRN2765
HRQ-02001,record_level_data_quality,dataset-raw-excel-data,record,MISSING_RECALL_STATUS_NORMALIZED_TO_NONE;EXPIRATION_BEFORE_PURCHASE_REQUIRES_REVIEW;EXPIRED_ITEM_FLAG,SME/Data Governance,open,SBRN=SBRN2766
HRQ-02002,record_level_data_quality,dataset-raw-excel-data,record,RECALL_STATUS_MONITORING_REQUIRES_GOVERNANCE;EXPIRATION_BEFORE_PURCHASE_REQUIRES_REVIEW;EXPIRED_ITEM_FLAG,SME/Data Governance,open,SBRN=SBRN2768
HRQ-02003,record_level_data_quality,dataset-raw-excel-data,record,RECALL_STATUS_MONITORING_REQUIRES_GOVERNANCE;EXPIRED_ITEM_FLAG,SME/Data Governance,open,SBRN=SBRN2769
HRQ-02004,record_level_data_quality,dataset-raw-excel-data,record,RECALL_STATUS_MONITORING_REQUIRES_GOVERNANCE,SME/Data Governance,open,SBRN=SBRN2770
HRQ-02005,record_level_data_quality,dataset-raw-excel-data,record,MISSING_RECALL_STATUS_NORMALIZED_TO_NONE;EXPIRATION_BEFORE_PURCHASE_REQUIRES_REVIEW;EXPIRED_ITEM_FLAG,SME/Data Governance,open,SBRN=SBRN2771
HRQ-02006,record_level_data_quality,dataset-raw-excel-data,record,FUTURE_PURCHASE_DATE_REQUIRES_REVIEW;EXPIRATION_BEFORE_PURCHASE_REQUIRES_REVIEW,SME/Data Governance,open,SBRN=SBRN2772
HRQ-02007,record_level_data_quality,dataset-raw-excel-data,record,RECALL_STATUS_MONITORING_REQUIRES_GOVERNANCE;EXPIRED_ITEM_FLAG,SME/Data Governance,open,SBRN=SBRN2773
HRQ-02008,record_level_data_quality,dataset-raw-excel-data,record,RECALL_STATUS_MONITORING_REQUIRES_GOVERNANCE;FUTURE_PURCHASE_DATE_REQUIRES_REVIEW;EXPIRATION_BEFORE_PURCHASE_REQUIRES_REVIEW;EXPIRED_ITEM_FLAG,SME/Data Governance,open,SBRN=SBRN2775
HRQ-02009,record_level_data_quality,dataset-raw-excel-data,record,EXPIRATION_BEFORE_PURCHASE_REQUIRES_REVIEW;EXPIRED_ITEM_FLAG,SME/Data Governance,open,SBRN=SBRN2776
HRQ-02010,record_level_data_quality,dataset-raw-excel-data,record,RECALL_STATUS_MONITORING_REQUIRES_GOVERNANCE;FUTURE_PURCHASE_DATE_REQUIRES_REVIEW;EXPIRATION_BEFORE_PURCHASE_REQUIRES_REVIEW;EXPIRED_ITEM_FLAG,SME/Data Governance,open,SBRN=SBRN2777
HRQ-02011,record_level_data_quality,dataset-raw-excel-data,record,RECALL_STATUS_MONITORING_REQUIRES_GOVERNANCE,SME/Data Governance,open,SBRN=SBRN2778
HRQ-02012,record_level_data_quality,dataset-raw-excel-data,record,RECALL_STATUS_MONITORING_REQUIRES_GOVERNANCE;FUTURE_PURCHASE_DATE_REQUIRES_REVIEW;EXPIRATION_BEFORE_PURCHASE_REQUIRES_REVIEW,SME/Data Governance,open,SBRN=SBRN2779
HRQ-02013,record_level_data_quality,dataset-raw-excel-data,record,RECALL_STATUS_MONITORING_REQUIRES_GOVERNANCE,SME/Data Governance,open,SBRN=SBRN2780
HRQ-02014,record_level_data_quality,dataset-raw-excel-data,record,FUTURE_PURCHASE_DATE_REQUIRES_REVIEW;EXPIRATION_BEFORE_PURCHASE_REQUIRES_REVIEW;EXPIRED_ITEM_FLAG,SME/Data Governance,open,SBRN=SBRN2781
HRQ-02015,record_level_data_quality,dataset-raw-excel-data,record,FUTURE_PURCHASE_DATE_REQUIRES_REVIEW;EXPIRATION_BEFORE_PURCHASE_REQUIRES_REVIEW;EXPIRED_ITEM_FLAG,SME/Data Governance,open,SBRN=SBRN2783
HRQ-02016,record_level_data_quality,dataset-raw-excel-data,record,MISSING_RECALL_STATUS_NORMALIZED_TO_NONE;FUTURE_PURCHASE_DATE_REQUIRES_REVIEW;EXPIRATION_BEFORE_PURCHASE_REQUIRES_REVIEW,SME/Data Governance,open,SBRN=SBRN2784
HRQ-02017,record_level_data_quality,dataset-raw-excel-data,record,RECALL_STATUS_MONITORING_REQUIRES_GOVERNANCE,SME/Data Governance,open,SBRN=SBRN2786
HRQ-02018,record_level_data_quality,dataset-raw-excel-data,record,EXPIRATION_BEFORE_PURCHASE_REQUIRES_REVIEW;EXPIRED_ITEM_FLAG,SME/Data Governance,open,SBRN=SBRN2787
HRQ-02019,record_level_data_quality,dataset-raw-excel-data,record,RECALL_STATUS_MONITORING_REQUIRES_GOVERNANCE;EXPIRED_ITEM_FLAG,SME/Data Governance,open,SBRN=SBRN2789
HRQ-02020,record_level_data_quality,dataset-raw-excel-data,record,FUTURE_PURCHASE_DATE_REQUIRES_REVIEW;EXPIRATION_BEFORE_PURCHASE_REQUIRES_REVIEW;EXPIRED_ITEM_FLAG,SME/Data Governance,open,SBRN=SBRN2790
HRQ-02021,record_level_data_quality,dataset-raw-excel-data,record,RECALL_STATUS_MONITORING_REQUIRES_GOVERNANCE;EXPIRED_ITEM_FLAG,SME/Data Governance,open,SBRN=SBRN2791
HRQ-02022,record_level_data_quality,dataset-raw-excel-data,record,MISSING_RECALL_STATUS_NORMALIZED_TO_NONE;EXPIRATION_BEFORE_PURCHASE_REQUIRES_REVIEW;EXPIRED_ITEM_FLAG,SME/Data Governance,open,SBRN=SBRN2792
HRQ-02023,record_level_data_quality,dataset-raw-excel-data,record,FUTURE_PURCHASE_DATE_REQUIRES_REVIEW,SME/Data Governance,open,SBRN=SBRN2793
HRQ-02024,record_level_data_quality,dataset-raw-excel-data,record,RECALL_STATUS_MONITORING_REQUIRES_GOVERNANCE;EXPIRED_ITEM_FLAG,SME/Data Governance,open,SBRN=SBRN2794
HRQ-02025,record_level_data_quality,dataset-raw-excel-data,record,RECALL_STATUS_MONITORING_REQUIRES_GOVERNANCE;FUTURE_PURCHASE_DATE_REQUIRES_REVIEW;EXPIRATION_BEFORE_PURCHASE_REQUIRES_REVIEW;EXPIRED_ITEM_FLAG,SME/Data Governance,open,SBRN=SBRN2796
HRQ-02026,record_level_data_quality,dataset-raw-excel-data,record,RECALL_STATUS_MONITORING_REQUIRES_GOVERNANCE;EXPIRED_ITEM_FLAG,SME/Data Governance,open,SBRN=SBRN2797
HRQ-02027,record_level_data_quality,dataset-raw-excel-data,record,MISSING_RECALL_STATUS_NORMALIZED_TO_NONE;FUTURE_PURCHASE_DATE_REQUIRES_REVIEW;EXPIRATION_BEFORE_PURCHASE_REQUIRES_REVIEW;EXPIRED_ITEM_FLAG,SME/Data Governance,open,SBRN=SBRN2798
HRQ-02028,record_level_data_quality,dataset-raw-excel-data,record,RECALL_STATUS_MONITORING_REQUIRES_GOVERNANCE;EXPIRATION_BEFORE_PURCHASE_REQUIRES_REVIEW;EXPIRED_ITEM_FLAG,SME/Data Governance,open,SBRN=SBRN2799
HRQ-02029,record_level_data_quality,dataset-raw-excel-data,record,RECALL_STATUS_MONITORING_REQUIRES_GOVERNANCE,SME/Data Governance,open,SBRN=SBRN2802
HRQ-02030,record_level_data_quality,dataset-raw-excel-data,record,EXPIRATION_BEFORE_PURCHASE_REQUIRES_REVIEW;EXPIRED_ITEM_FLAG,SME/Data Governance,open,SBRN=SBRN2804
HRQ-02031,record_level_data_quality,dataset-raw-excel-data,record,MISSING_RECALL_STATUS_NORMALIZED_TO_NONE;FUTURE_PURCHASE_DATE_REQUIRES_REVIEW;EXPIRATION_BEFORE_PURCHASE_REQUIRES_REVIEW,SME/Data Governance,open,SBRN=SBRN2806
HRQ-02032,record_level_data_quality,dataset-raw-excel-data,record,MISSING_RECALL_STATUS_NORMALIZED_TO_NONE;EXPIRATION_BEFORE_PURCHASE_REQUIRES_REVIEW;EXPIRED_ITEM_FLAG,SME/Data Governance,open,SBRN=SBRN2807
HRQ-02033,record_level_data_quality,dataset-raw-excel-data,record,MISSING_RECALL_STATUS_NORMALIZED_TO_NONE;EXPIRATION_BEFORE_PURCHASE_REQUIRES_REVIEW;EXPIRED_ITEM_FLAG,SME/Data Governance,open,SBRN=SBRN2808
HRQ-02034,record_level_data_quality,dataset-raw-excel-data,record,EXPIRATION_BEFORE_PURCHASE_REQUIRES_REVIEW;EXPIRED_ITEM_FLAG,SME/Data Governance,open,SBRN=SBRN2809
HRQ-02035,record_level_data_quality,dataset-raw-excel-data,record,RECALL_STATUS_MONITORING_REQUIRES_GOVERNANCE,SME/Data Governance,open,SBRN=SBRN2810
HRQ-02036,record_level_data_quality,dataset-raw-excel-data,record,RECALL_STATUS_MONITORING_REQUIRES_GOVERNANCE,SME/Data Governance,open,SBRN=SBRN2813
HRQ-02037,record_level_data_quality,dataset-raw-excel-data,record,RECALL_STATUS_MONITORING_REQUIRES_GOVERNANCE;EXPIRED_ITEM_FLAG,SME/Data Governance,open,SBRN=SBRN2817
HRQ-02038,record_level_data_quality,dataset-raw-excel-data,record,MISSING_RECALL_STATUS_NORMALIZED_TO_NONE;EXPIRATION_BEFORE_PURCHASE_REQUIRES_REVIEW;EXPIRED_ITEM_FLAG,SME/Data Governance,open,SBRN=SBRN2819
HRQ-02039,record_level_data_quality,dataset-raw-excel-data,record,FUTURE_PURCHASE_DATE_REQUIRES_REVIEW,SME/Data Governance,open,SBRN=SBRN2820
HRQ-02040,record_level_data_quality,dataset-raw-excel-data,record,RECALL_STATUS_MONITORING_REQUIRES_GOVERNANCE,SME/Data Governance,open,SBRN=SBRN2822
HRQ-02041,record_level_data_quality,dataset-raw-excel-data,record,RECALL_STATUS_MONITORING_REQUIRES_GOVERNANCE;FUTURE_PURCHASE_DATE_REQUIRES_REVIEW;EXPIRATION_BEFORE_PURCHASE_REQUIRES_REVIEW;EXPIRED_ITEM_FLAG,SME/Data Governance,open,SBRN=SBRN2823
HRQ-02042,record_level_data_quality,dataset-raw-excel-data,record,MISSING_RECALL_STATUS_NORMALIZED_TO_NONE;FUTURE_PURCHASE_DATE_REQUIRES_REVIEW;EXPIRATION_BEFORE_PURCHASE_REQUIRES_REVIEW;EXPIRED_ITEM_FLAG,SME/Data Governance,open,SBRN=SBRN2825
HRQ-02043,record_level_data_quality,dataset-raw-excel-data,record,MISSING_RECALL_STATUS_NORMALIZED_TO_NONE;EXPIRATION_BEFORE_PURCHASE_REQUIRES_REVIEW;EXPIRED_ITEM_FLAG,SME/Data Governance,open,SBRN=SBRN2826
HRQ-02044,record_level_data_quality,dataset-raw-excel-data,record,RECALL_STATUS_MONITORING_REQUIRES_GOVERNANCE,SME/Data Governance,open,SBRN=SBRN2827
HRQ-02045,record_level_data_quality,dataset-raw-excel-data,record,RECALL_STATUS_MONITORING_REQUIRES_GOVERNANCE;FUTURE_PURCHASE_DATE_REQUIRES_REVIEW;EXPIRATION_BEFORE_PURCHASE_REQUIRES_REVIEW;EXPIRED_ITEM_FLAG,SME/Data Governance,open,SBRN=SBRN2828
HRQ-02046,record_level_data_quality,dataset-raw-excel-data,record,FUTURE_PURCHASE_DATE_REQUIRES_REVIEW;EXPIRATION_BEFORE_PURCHASE_REQUIRES_REVIEW;EXPIRED_ITEM_FLAG,SME/Data Governance,open,SBRN=SBRN2829
HRQ-02047,record_level_data_quality,dataset-raw-excel-data,record,RECALL_STATUS_MONITORING_REQUIRES_GOVERNANCE;EXPIRED_ITEM_FLAG,SME/Data Governance,open,SBRN=SBRN2832
HRQ-02048,record_level_data_quality,dataset-raw-excel-data,record,EXPIRATION_BEFORE_PURCHASE_REQUIRES_REVIEW;EXPIRED_ITEM_FLAG,SME/Data Governance,open,SBRN=SBRN2834
HRQ-02049,record_level_data_quality,dataset-raw-excel-data,record,RECALL_STATUS_MONITORING_REQUIRES_GOVERNANCE;FUTURE_PURCHASE_DATE_REQUIRES_REVIEW,SME/Data Governance,open,SBRN=SBRN2835
HRQ-02050,record_level_data_quality,dataset-raw-excel-data,record,EXPIRATION_BEFORE_PURCHASE_REQUIRES_REVIEW;EXPIRED_ITEM_FLAG,SME/Data Governance,open,SBRN=SBRN2836
HRQ-02051,record_level_data_quality,dataset-raw-excel-data,record,RECALL_STATUS_MONITORING_REQUIRES_GOVERNANCE,SME/Data Governance,open,SBRN=SBRN2839
HRQ-02052,record_level_data_quality,dataset-raw-excel-data,record,FUTURE_PURCHASE_DATE_REQUIRES_REVIEW;EXPIRATION_BEFORE_PURCHASE_REQUIRES_REVIEW;EXPIRED_ITEM_FLAG,SME/Data Governance,open,SBRN=SBRN2840
HRQ-02053,record_level_data_quality,dataset-raw-excel-data,record,RECALL_STATUS_MONITORING_REQUIRES_GOVERNANCE,SME/Data Governance,open,SBRN=SBRN2846
HRQ-02054,record_level_data_quality,dataset-raw-excel-data,record,MISSING_RECALL_STATUS_NORMALIZED_TO_NONE;FUTURE_PURCHASE_DATE_REQUIRES_REVIEW;EXPIRATION_BEFORE_PURCHASE_REQUIRES_REVIEW;EXPIRED_ITEM_FLAG,SME/Data Governance,open,SBRN=SBRN2847
HRQ-02055,record_level_data_quality,dataset-raw-excel-data,record,RECALL_STATUS_MONITORING_REQUIRES_GOVERNANCE;EXPIRATION_BEFORE_PURCHASE_REQUIRES_REVIEW;EXPIRED_ITEM_FLAG,SME/Data Governance,open,SBRN=SBRN2851
HRQ-02056,record_level_data_quality,dataset-raw-excel-data,record,MISSING_RECALL_STATUS_NORMALIZED_TO_NONE;FUTURE_PURCHASE_DATE_REQUIRES_REVIEW;EXPIRATION_BEFORE_PURCHASE_REQUIRES_REVIEW,SME/Data Governance,open,SBRN=SBRN2852
HRQ-02057,record_level_data_quality,dataset-raw-excel-data,record,FUTURE_PURCHASE_DATE_REQUIRES_REVIEW,SME/Data Governance,open,SBRN=SBRN2853
HRQ-02058,record_level_data_quality,dataset-raw-excel-data,record,MISSING_RECALL_STATUS_NORMALIZED_TO_NONE;FUTURE_PURCHASE_DATE_REQUIRES_REVIEW,SME/Data Governance,open,SBRN=SBRN2854
HRQ-02059,record_level_data_quality,dataset-raw-excel-data,record,RECALL_STATUS_MONITORING_REQUIRES_GOVERNANCE;FUTURE_PURCHASE_DATE_REQUIRES_REVIEW,SME/Data Governance,open,SBRN=SBRN2855
HRQ-02060,record_level_data_quality,dataset-raw-excel-data,record,RECALL_STATUS_MONITORING_REQUIRES_GOVERNANCE;EXPIRATION_BEFORE_PURCHASE_REQUIRES_REVIEW;EXPIRED_ITEM_FLAG,SME/Data Governance,open,SBRN=SBRN2856
HRQ-02061,record_level_data_quality,dataset-raw-excel-data,record,RECALL_STATUS_MONITORING_REQUIRES_GOVERNANCE,SME/Data Governance,open,SBRN=SBRN2857
HRQ-02062,record_level_data_quality,dataset-raw-excel-data,record,RECALL_STATUS_MONITORING_REQUIRES_GOVERNANCE;EXPIRED_ITEM_FLAG,SME/Data Governance,open,SBRN=SBRN2858
HRQ-02063,record_level_data_quality,dataset-raw-excel-data,record,MISSING_RECALL_STATUS_NORMALIZED_TO_NONE;FUTURE_PURCHASE_DATE_REQUIRES_REVIEW;EXPIRATION_BEFORE_PURCHASE_REQUIRES_REVIEW;EXPIRED_ITEM_FLAG,SME/Data Governance,open,SBRN=SBRN2860
HRQ-02064,record_level_data_quality,dataset-raw-excel-data,record,MISSING_RECALL_STATUS_NORMALIZED_TO_NONE;EXPIRATION_BEFORE_PURCHASE_REQUIRES_REVIEW;EXPIRED_ITEM_FLAG,SME/Data Governance,open,SBRN=SBRN2862
HRQ-02065,record_level_data_quality,dataset-raw-excel-data,record,RECALL_STATUS_MONITORING_REQUIRES_GOVERNANCE;EXPIRATION_BEFORE_PURCHASE_REQUIRES_REVIEW;EXPIRED_ITEM_FLAG,SME/Data Governance,open,SBRN=SBRN2863
HRQ-02066,record_level_data_quality,dataset-raw-excel-data,record,RECALL_STATUS_MONITORING_REQUIRES_GOVERNANCE,SME/Data Governance,open,SBRN=SBRN2865
HRQ-02067,record_level_data_quality,dataset-raw-excel-data,record,RECALL_STATUS_MONITORING_REQUIRES_GOVERNANCE;EXPIRATION_BEFORE_PURCHASE_REQUIRES_REVIEW;EXPIRED_ITEM_FLAG,SME/Data Governance,open,SBRN=SBRN2866
HRQ-02068,record_level_data_quality,dataset-raw-excel-data,record,RECALL_STATUS_MONITORING_REQUIRES_GOVERNANCE;EXPIRED_ITEM_FLAG,SME/Data Governance,open,SBRN=SBRN2868
HRQ-02069,record_level_data_quality,dataset-raw-excel-data,record,MISSING_RECALL_STATUS_NORMALIZED_TO_NONE;FUTURE_PURCHASE_DATE_REQUIRES_REVIEW;EXPIRATION_BEFORE_PURCHASE_REQUIRES_REVIEW;EXPIRED_ITEM_FLAG,SME/Data Governance,open,SBRN=SBRN2869
HRQ-02070,record_level_data_quality,dataset-raw-excel-data,record,RECALL_STATUS_MONITORING_REQUIRES_GOVERNANCE;FUTURE_PURCHASE_DATE_REQUIRES_REVIEW;EXPIRATION_BEFORE_PURCHASE_REQUIRES_REVIEW,SME/Data Governance,open,SBRN=SBRN2870
HRQ-02071,record_level_data_quality,dataset-raw-excel-data,record,RECALL_STATUS_MONITORING_REQUIRES_GOVERNANCE;EXPIRED_ITEM_FLAG,SME/Data Governance,open,SBRN=SBRN2871
HRQ-02072,record_level_data_quality,dataset-raw-excel-data,record,EXPIRATION_BEFORE_PURCHASE_REQUIRES_REVIEW;EXPIRED_ITEM_FLAG,SME/Data Governance,open,SBRN=SBRN2872
HRQ-02073,record_level_data_quality,dataset-raw-excel-data,record,RECALL_STATUS_MONITORING_REQUIRES_GOVERNANCE;FUTURE_PURCHASE_DATE_REQUIRES_REVIEW;EXPIRATION_BEFORE_PURCHASE_REQUIRES_REVIEW;EXPIRED_ITEM_FLAG,SME/Data Governance,open,SBRN=SBRN2873
HRQ-02074,record_level_data_quality,dataset-raw-excel-data,record,RECALL_STATUS_MONITORING_REQUIRES_GOVERNANCE;EXPIRATION_BEFORE_PURCHASE_REQUIRES_REVIEW;EXPIRED_ITEM_FLAG,SME/Data Governance,open,SBRN=SBRN2874
HRQ-02075,record_level_data_quality,dataset-raw-excel-data,record,RECALL_STATUS_MONITORING_REQUIRES_GOVERNANCE;EXPIRATION_BEFORE_PURCHASE_REQUIRES_REVIEW;EXPIRED_ITEM_FLAG,SME/Data Governance,open,SBRN=SBRN2876
HRQ-02076,record_level_data_quality,dataset-raw-excel-data,record,RECALL_STATUS_MONITORING_REQUIRES_GOVERNANCE;EXPIRATION_BEFORE_PURCHASE_REQUIRES_REVIEW;EXPIRED_ITEM_FLAG,SME/Data Governance,open,SBRN=SBRN2877
HRQ-02077,record_level_data_quality,dataset-raw-excel-data,record,FUTURE_PURCHASE_DATE_REQUIRES_REVIEW;EXPIRATION_BEFORE_PURCHASE_REQUIRES_REVIEW;EXPIRED_ITEM_FLAG,SME/Data Governance,open,SBRN=SBRN2878
HRQ-02078,record_level_data_quality,dataset-raw-excel-data,record,FUTURE_PURCHASE_DATE_REQUIRES_REVIEW;EXPIRATION_BEFORE_PURCHASE_REQUIRES_REVIEW;EXPIRED_ITEM_FLAG,SME/Data Governance,open,SBRN=SBRN2881
HRQ-02079,record_level_data_quality,dataset-raw-excel-data,record,MISSING_RECALL_STATUS_NORMALIZED_TO_NONE;EXPIRATION_BEFORE_PURCHASE_REQUIRES_REVIEW;EXPIRED_ITEM_FLAG,SME/Data Governance,open,SBRN=SBRN2882
HRQ-02080,record_level_data_quality,dataset-raw-excel-data,record,RECALL_STATUS_MONITORING_REQUIRES_GOVERNANCE;EXPIRATION_BEFORE_PURCHASE_REQUIRES_REVIEW;EXPIRED_ITEM_FLAG,SME/Data Governance,open,SBRN=SBRN2883
HRQ-02081,record_level_data_quality,dataset-raw-excel-data,record,RECALL_STATUS_MONITORING_REQUIRES_GOVERNANCE;EXPIRED_ITEM_FLAG,SME/Data Governance,open,SBRN=SBRN2885
HRQ-02082,record_level_data_quality,dataset-raw-excel-data,record,EXPIRATION_BEFORE_PURCHASE_REQUIRES_REVIEW;EXPIRED_ITEM_FLAG,SME/Data Governance,open,SBRN=SBRN2887
HRQ-02083,record_level_data_quality,dataset-raw-excel-data,record,RECALL_STATUS_MONITORING_REQUIRES_GOVERNANCE;EXPIRED_ITEM_FLAG,SME/Data Governance,open,SBRN=SBRN2888
HRQ-02084,record_level_data_quality,dataset-raw-excel-data,record,RECALL_STATUS_MONITORING_REQUIRES_GOVERNANCE;FUTURE_PURCHASE_DATE_REQUIRES_REVIEW;EXPIRATION_BEFORE_PURCHASE_REQUIRES_REVIEW;EXPIRED_ITEM_FLAG,SME/Data Governance,open,SBRN=SBRN2892
HRQ-02085,record_level_data_quality,dataset-raw-excel-data,record,RECALL_STATUS_MONITORING_REQUIRES_GOVERNANCE;FUTURE_PURCHASE_DATE_REQUIRES_REVIEW,SME/Data Governance,open,SBRN=SBRN2893
HRQ-02086,record_level_data_quality,dataset-raw-excel-data,record,EXPIRATION_BEFORE_PURCHASE_REQUIRES_REVIEW;EXPIRED_ITEM_FLAG,SME/Data Governance,open,SBRN=SBRN2895
HRQ-02087,record_level_data_quality,dataset-raw-excel-data,record,RECALL_STATUS_MONITORING_REQUIRES_GOVERNANCE;EXPIRATION_BEFORE_PURCHASE_REQUIRES_REVIEW;EXPIRED_ITEM_FLAG,SME/Data Governance,open,SBRN=SBRN2896
HRQ-02088,record_level_data_quality,dataset-raw-excel-data,record,EXPIRATION_BEFORE_PURCHASE_REQUIRES_REVIEW;EXPIRED_ITEM_FLAG,SME/Data Governance,open,SBRN=SBRN2898
HRQ-02089,record_level_data_quality,dataset-raw-excel-data,record,RECALL_STATUS_MONITORING_REQUIRES_GOVERNANCE;EXPIRED_ITEM_FLAG,SME/Data Governance,open,SBRN=SBRN2899
HRQ-02090,record_level_data_quality,dataset-raw-excel-data,record,RECALL_STATUS_MONITORING_REQUIRES_GOVERNANCE;FUTURE_PURCHASE_DATE_REQUIRES_REVIEW;EXPIRATION_BEFORE_PURCHASE_REQUIRES_REVIEW;EXPIRED_ITEM_FLAG,SME/Data Governance,open,SBRN=SBRN2900
HRQ-02091,record_level_data_quality,dataset-raw-excel-data,record,RECALL_STATUS_MONITORING_REQUIRES_GOVERNANCE,SME/Data Governance,open,SBRN=SBRN2903
HRQ-02092,record_level_data_quality,dataset-raw-excel-data,record,FUTURE_PURCHASE_DATE_REQUIRES_REVIEW;EXPIRATION_BEFORE_PURCHASE_REQUIRES_REVIEW,SME/Data Governance,open,SBRN=SBRN2904
HRQ-02093,record_level_data_quality,dataset-raw-excel-data,record,RECALL_STATUS_MONITORING_REQUIRES_GOVERNANCE,SME/Data Governance,open,SBRN=SBRN2906
HRQ-02094,record_level_data_quality,dataset-raw-excel-data,record,RECALL_STATUS_MONITORING_REQUIRES_GOVERNANCE,SME/Data Governance,open,SBRN=SBRN2907
HRQ-02095,record_level_data_quality,dataset-raw-excel-data,record,RECALL_STATUS_MONITORING_REQUIRES_GOVERNANCE,SME/Data Governance,open,SBRN=SBRN2909
HRQ-02096,record_level_data_quality,dataset-raw-excel-data,record,MISSING_RECALL_STATUS_NORMALIZED_TO_NONE;EXPIRATION_BEFORE_PURCHASE_REQUIRES_REVIEW;EXPIRED_ITEM_FLAG,SME/Data Governance,open,SBRN=SBRN2911
HRQ-02097,record_level_data_quality,dataset-raw-excel-data,record,RECALL_STATUS_MONITORING_REQUIRES_GOVERNANCE;EXPIRED_ITEM_FLAG,SME/Data Governance,open,SBRN=SBRN2912
HRQ-02098,record_level_data_quality,dataset-raw-excel-data,record,FUTURE_PURCHASE_DATE_REQUIRES_REVIEW;EXPIRATION_BEFORE_PURCHASE_REQUIRES_REVIEW;EXPIRED_ITEM_FLAG,SME/Data Governance,open,SBRN=SBRN2914
HRQ-02099,record_level_data_quality,dataset-raw-excel-data,record,MISSING_RECALL_STATUS_NORMALIZED_TO_NONE;FUTURE_PURCHASE_DATE_REQUIRES_REVIEW,SME/Data Governance,open,SBRN=SBRN2915
HRQ-02100,record_level_data_quality,dataset-raw-excel-data,record,RECALL_STATUS_MONITORING_REQUIRES_GOVERNANCE,SME/Data Governance,open,SBRN=SBRN2917
HRQ-02101,record_level_data_quality,dataset-raw-excel-data,record,EXPIRATION_BEFORE_PURCHASE_REQUIRES_REVIEW;EXPIRED_ITEM_FLAG,SME/Data Governance,open,SBRN=SBRN2918
HRQ-02102,record_level_data_quality,dataset-raw-excel-data,record,RECALL_STATUS_MONITORING_REQUIRES_GOVERNANCE;EXPIRED_ITEM_FLAG,SME/Data Governance,open,SBRN=SBRN2919
HRQ-02103,record_level_data_quality,dataset-raw-excel-data,record,MISSING_RECALL_STATUS_NORMALIZED_TO_NONE;EXPIRATION_BEFORE_PURCHASE_REQUIRES_REVIEW;EXPIRED_ITEM_FLAG,SME/Data Governance,open,SBRN=SBRN2920
HRQ-02104,record_level_data_quality,dataset-raw-excel-data,record,RECALL_STATUS_MONITORING_REQUIRES_GOVERNANCE;EXPIRED_ITEM_FLAG,SME/Data Governance,open,SBRN=SBRN2921
HRQ-02105,record_level_data_quality,dataset-raw-excel-data,record,FUTURE_PURCHASE_DATE_REQUIRES_REVIEW;EXPIRATION_BEFORE_PURCHASE_REQUIRES_REVIEW;EXPIRED_ITEM_FLAG,SME/Data Governance,open,SBRN=SBRN2922
HRQ-02106,record_level_data_quality,dataset-raw-excel-data,record,FUTURE_PURCHASE_DATE_REQUIRES_REVIEW;EXPIRATION_BEFORE_PURCHASE_REQUIRES_REVIEW;EXPIRED_ITEM_FLAG,SME/Data Governance,open,SBRN=SBRN2923
HRQ-02107,record_level_data_quality,dataset-raw-excel-data,record,RECALL_STATUS_MONITORING_REQUIRES_GOVERNANCE,SME/Data Governance,open,SBRN=SBRN2924
HRQ-02108,record_level_data_quality,dataset-raw-excel-data,record,RECALL_STATUS_MONITORING_REQUIRES_GOVERNANCE;FUTURE_PURCHASE_DATE_REQUIRES_REVIEW;EXPIRATION_BEFORE_PURCHASE_REQUIRES_REVIEW;EXPIRED_ITEM_FLAG,SME/Data Governance,open,SBRN=SBRN2926
HRQ-02109,record_level_data_quality,dataset-raw-excel-data,record,EXPIRATION_BEFORE_PURCHASE_REQUIRES_REVIEW;EXPIRED_ITEM_FLAG,SME/Data Governance,open,SBRN=SBRN2927
HRQ-02110,record_level_data_quality,dataset-raw-excel-data,record,EXPIRATION_BEFORE_PURCHASE_REQUIRES_REVIEW;EXPIRED_ITEM_FLAG,SME/Data Governance,open,SBRN=SBRN2928
HRQ-02111,record_level_data_quality,dataset-raw-excel-data,record,MISSING_RECALL_STATUS_NORMALIZED_TO_NONE;EXPIRATION_BEFORE_PURCHASE_REQUIRES_REVIEW;EXPIRED_ITEM_FLAG,SME/Data Governance,open,SBRN=SBRN2930
HRQ-02112,record_level_data_quality,dataset-raw-excel-data,record,MISSING_RECALL_STATUS_NORMALIZED_TO_NONE;EXPIRATION_BEFORE_PURCHASE_REQUIRES_REVIEW;EXPIRED_ITEM_FLAG,SME/Data Governance,open,SBRN=SBRN2931
HRQ-02113,record_level_data_quality,dataset-raw-excel-data,record,RECALL_STATUS_MONITORING_REQUIRES_GOVERNANCE;EXPIRATION_BEFORE_PURCHASE_REQUIRES_REVIEW;EXPIRED_ITEM_FLAG,SME/Data Governance,open,SBRN=SBRN2933
HRQ-02114,record_level_data_quality,dataset-raw-excel-data,record,RECALL_STATUS_MONITORING_REQUIRES_GOVERNANCE;EXPIRED_ITEM_FLAG,SME/Data Governance,open,SBRN=SBRN2934
HRQ-02115,record_level_data_quality,dataset-raw-excel-data,record,FUTURE_PURCHASE_DATE_REQUIRES_REVIEW;EXPIRATION_BEFORE_PURCHASE_REQUIRES_REVIEW;EXPIRED_ITEM_FLAG,SME/Data Governance,open,SBRN=SBRN2936
HRQ-02116,record_level_data_quality,dataset-raw-excel-data,record,RECALL_STATUS_MONITORING_REQUIRES_GOVERNANCE;EXPIRED_ITEM_FLAG,SME/Data Governance,open,SBRN=SBRN2937
HRQ-02117,record_level_data_quality,dataset-raw-excel-data,record,RECALL_STATUS_MONITORING_REQUIRES_GOVERNANCE,SME/Data Governance,open,SBRN=SBRN2939
HRQ-02118,record_level_data_quality,dataset-raw-excel-data,record,RECALL_STATUS_MONITORING_REQUIRES_GOVERNANCE;FUTURE_PURCHASE_DATE_REQUIRES_REVIEW,SME/Data Governance,open,SBRN=SBRN2942
HRQ-02119,record_level_data_quality,dataset-raw-excel-data,record,RECALL_STATUS_MONITORING_REQUIRES_GOVERNANCE;EXPIRED_ITEM_FLAG,SME/Data Governance,open,SBRN=SBRN2943
HRQ-02120,record_level_data_quality,dataset-raw-excel-data,record,RECALL_STATUS_MONITORING_REQUIRES_GOVERNANCE,SME/Data Governance,open,SBRN=SBRN2945
HRQ-02121,record_level_data_quality,dataset-raw-excel-data,record,EXPIRATION_BEFORE_PURCHASE_REQUIRES_REVIEW;EXPIRED_ITEM_FLAG,SME/Data Governance,open,SBRN=SBRN2946
HRQ-02122,record_level_data_quality,dataset-raw-excel-data,record,MISSING_RECALL_STATUS_NORMALIZED_TO_NONE;FUTURE_PURCHASE_DATE_REQUIRES_REVIEW;EXPIRATION_BEFORE_PURCHASE_REQUIRES_REVIEW,SME/Data Governance,open,SBRN=SBRN2947
HRQ-02123,record_level_data_quality,dataset-raw-excel-data,record,RECALL_STATUS_MONITORING_REQUIRES_GOVERNANCE;EXPIRED_ITEM_FLAG,SME/Data Governance,open,SBRN=SBRN2948
HRQ-02124,record_level_data_quality,dataset-raw-excel-data,record,EXPIRATION_BEFORE_PURCHASE_REQUIRES_REVIEW;EXPIRED_ITEM_FLAG,SME/Data Governance,open,SBRN=SBRN2951
HRQ-02125,record_level_data_quality,dataset-raw-excel-data,record,RECALL_STATUS_MONITORING_REQUIRES_GOVERNANCE;EXPIRED_ITEM_FLAG,SME/Data Governance,open,SBRN=SBRN2952
HRQ-02126,record_level_data_quality,dataset-raw-excel-data,record,FUTURE_PURCHASE_DATE_REQUIRES_REVIEW;EXPIRATION_BEFORE_PURCHASE_REQUIRES_REVIEW;EXPIRED_ITEM_FLAG,SME/Data Governance,open,SBRN=SBRN2953
HRQ-02127,record_level_data_quality,dataset-raw-excel-data,record,RECALL_STATUS_MONITORING_REQUIRES_GOVERNANCE;EXPIRATION_BEFORE_PURCHASE_REQUIRES_REVIEW;EXPIRED_ITEM_FLAG,SME/Data Governance,open,SBRN=SBRN2954
HRQ-02128,record_level_data_quality,dataset-raw-excel-data,record,RECALL_STATUS_MONITORING_REQUIRES_GOVERNANCE,SME/Data Governance,open,SBRN=SBRN2955
HRQ-02129,record_level_data_quality,dataset-raw-excel-data,record,RECALL_STATUS_MONITORING_REQUIRES_GOVERNANCE,SME/Data Governance,open,SBRN=SBRN2956
HRQ-02130,record_level_data_quality,dataset-raw-excel-data,record,EXPIRATION_BEFORE_PURCHASE_REQUIRES_REVIEW;EXPIRED_ITEM_FLAG,SME/Data Governance,open,SBRN=SBRN2959
HRQ-02131,record_level_data_quality,dataset-raw-excel-data,record,RECALL_STATUS_MONITORING_REQUIRES_GOVERNANCE,SME/Data Governance,open,SBRN=SBRN2960
HRQ-02132,record_level_data_quality,dataset-raw-excel-data,record,RECALL_STATUS_MONITORING_REQUIRES_GOVERNANCE;EXPIRATION_BEFORE_PURCHASE_REQUIRES_REVIEW;EXPIRED_ITEM_FLAG,SME/Data Governance,open,SBRN=SBRN2961
HRQ-02133,record_level_data_quality,dataset-raw-excel-data,record,RECALL_STATUS_MONITORING_REQUIRES_GOVERNANCE,SME/Data Governance,open,SBRN=SBRN2962
HRQ-02134,record_level_data_quality,dataset-raw-excel-data,record,MISSING_RECALL_STATUS_NORMALIZED_TO_NONE;EXPIRATION_BEFORE_PURCHASE_REQUIRES_REVIEW;EXPIRED_ITEM_FLAG,SME/Data Governance,open,SBRN=SBRN2963
HRQ-02135,record_level_data_quality,dataset-raw-excel-data,record,RECALL_STATUS_MONITORING_REQUIRES_GOVERNANCE;EXPIRED_ITEM_FLAG,SME/Data Governance,open,SBRN=SBRN2964
HRQ-02136,record_level_data_quality,dataset-raw-excel-data,record,MISSING_RECALL_STATUS_NORMALIZED_TO_NONE;EXPIRATION_BEFORE_PURCHASE_REQUIRES_REVIEW;EXPIRED_ITEM_FLAG,SME/Data Governance,open,SBRN=SBRN2965
HRQ-02137,record_level_data_quality,dataset-raw-excel-data,record,FUTURE_PURCHASE_DATE_REQUIRES_REVIEW;EXPIRATION_BEFORE_PURCHASE_REQUIRES_REVIEW;EXPIRED_ITEM_FLAG,SME/Data Governance,open,SBRN=SBRN2968
HRQ-02138,record_level_data_quality,dataset-raw-excel-data,record,MISSING_RECALL_STATUS_NORMALIZED_TO_NONE;FUTURE_PURCHASE_DATE_REQUIRES_REVIEW;EXPIRATION_BEFORE_PURCHASE_REQUIRES_REVIEW,SME/Data Governance,open,SBRN=SBRN2969
HRQ-02139,record_level_data_quality,dataset-raw-excel-data,record,MISSING_RECALL_STATUS_NORMALIZED_TO_NONE;FUTURE_PURCHASE_DATE_REQUIRES_REVIEW,SME/Data Governance,open,SBRN=SBRN2970
HRQ-02140,record_level_data_quality,dataset-raw-excel-data,record,MISSING_RECALL_STATUS_NORMALIZED_TO_NONE;EXPIRATION_BEFORE_PURCHASE_REQUIRES_REVIEW;EXPIRED_ITEM_FLAG,SME/Data Governance,open,SBRN=SBRN2971
HRQ-02141,record_level_data_quality,dataset-raw-excel-data,record,RECALL_STATUS_MONITORING_REQUIRES_GOVERNANCE,SME/Data Governance,open,SBRN=SBRN2972
HRQ-02142,record_level_data_quality,dataset-raw-excel-data,record,RECALL_STATUS_MONITORING_REQUIRES_GOVERNANCE;FUTURE_PURCHASE_DATE_REQUIRES_REVIEW,SME/Data Governance,open,SBRN=SBRN2973
HRQ-02143,record_level_data_quality,dataset-raw-excel-data,record,MISSING_RECALL_STATUS_NORMALIZED_TO_NONE;EXPIRATION_BEFORE_PURCHASE_REQUIRES_REVIEW;EXPIRED_ITEM_FLAG,SME/Data Governance,open,SBRN=SBRN2974
HRQ-02144,record_level_data_quality,dataset-raw-excel-data,record,RECALL_STATUS_MONITORING_REQUIRES_GOVERNANCE;FUTURE_PURCHASE_DATE_REQUIRES_REVIEW;EXPIRATION_BEFORE_PURCHASE_REQUIRES_REVIEW;EXPIRED_ITEM_FLAG,SME/Data Governance,open,SBRN=SBRN2975
HRQ-02145,record_level_data_quality,dataset-raw-excel-data,record,RECALL_STATUS_MONITORING_REQUIRES_GOVERNANCE;EXPIRATION_BEFORE_PURCHASE_REQUIRES_REVIEW;EXPIRED_ITEM_FLAG,SME/Data Governance,open,SBRN=SBRN2977
HRQ-02146,record_level_data_quality,dataset-raw-excel-data,record,RECALL_STATUS_MONITORING_REQUIRES_GOVERNANCE;EXPIRED_ITEM_FLAG,SME/Data Governance,open,SBRN=SBRN2978
HRQ-02147,record_level_data_quality,dataset-raw-excel-data,record,RECALL_STATUS_MONITORING_REQUIRES_GOVERNANCE;EXPIRATION_BEFORE_PURCHASE_REQUIRES_REVIEW;EXPIRED_ITEM_FLAG,SME/Data Governance,open,SBRN=SBRN2980
HRQ-02148,record_level_data_quality,dataset-raw-excel-data,record,FUTURE_PURCHASE_DATE_REQUIRES_REVIEW;EXPIRATION_BEFORE_PURCHASE_REQUIRES_REVIEW;EXPIRED_ITEM_FLAG,SME/Data Governance,open,SBRN=SBRN2981
HRQ-02149,record_level_data_quality,dataset-raw-excel-data,record,EXPIRATION_BEFORE_PURCHASE_REQUIRES_REVIEW;EXPIRED_ITEM_FLAG,SME/Data Governance,open,SBRN=SBRN2982
HRQ-02150,record_level_data_quality,dataset-raw-excel-data,record,MISSING_RECALL_STATUS_NORMALIZED_TO_NONE;EXPIRATION_BEFORE_PURCHASE_REQUIRES_REVIEW;EXPIRED_ITEM_FLAG,SME/Data Governance,open,SBRN=SBRN2983
HRQ-02151,record_level_data_quality,dataset-raw-excel-data,record,MISSING_RECALL_STATUS_NORMALIZED_TO_NONE;FUTURE_PURCHASE_DATE_REQUIRES_REVIEW;EXPIRATION_BEFORE_PURCHASE_REQUIRES_REVIEW;EXPIRED_ITEM_FLAG,SME/Data Governance,open,SBRN=SBRN2985
HRQ-02152,record_level_data_quality,dataset-raw-excel-data,record,RECALL_STATUS_MONITORING_REQUIRES_GOVERNANCE;EXPIRED_ITEM_FLAG,SME/Data Governance,open,SBRN=SBRN2986
HRQ-02153,record_level_data_quality,dataset-raw-excel-data,record,RECALL_STATUS_MONITORING_REQUIRES_GOVERNANCE,SME/Data Governance,open,SBRN=SBRN2987
HRQ-02154,record_level_data_quality,dataset-raw-excel-data,record,EXPIRATION_BEFORE_PURCHASE_REQUIRES_REVIEW;EXPIRED_ITEM_FLAG,SME/Data Governance,open,SBRN=SBRN2988
HRQ-02155,record_level_data_quality,dataset-raw-excel-data,record,MISSING_RECALL_STATUS_NORMALIZED_TO_NONE;EXPIRATION_BEFORE_PURCHASE_REQUIRES_REVIEW;EXPIRED_ITEM_FLAG,SME/Data Governance,open,SBRN=SBRN2989
HRQ-02156,record_level_data_quality,dataset-raw-excel-data,record,EXPIRATION_BEFORE_PURCHASE_REQUIRES_REVIEW;EXPIRED_ITEM_FLAG,SME/Data Governance,open,SBRN=SBRN2991
HRQ-02157,record_level_data_quality,dataset-raw-excel-data,record,MISSING_RECALL_STATUS_NORMALIZED_TO_NONE;FUTURE_PURCHASE_DATE_REQUIRES_REVIEW;EXPIRATION_BEFORE_PURCHASE_REQUIRES_REVIEW;EXPIRED_ITEM_FLAG,SME/Data Governance,open,SBRN=SBRN2992
HRQ-02158,record_level_data_quality,dataset-raw-excel-data,record,MISSING_RECALL_STATUS_NORMALIZED_TO_NONE;EXPIRATION_BEFORE_PURCHASE_REQUIRES_REVIEW;EXPIRED_ITEM_FLAG,SME/Data Governance,open,SBRN=SBRN2993
HRQ-02159,record_level_data_quality,dataset-raw-excel-data,record,FUTURE_PURCHASE_DATE_REQUIRES_REVIEW;EXPIRATION_BEFORE_PURCHASE_REQUIRES_REVIEW,SME/Data Governance,open,SBRN=SBRN2994
HRQ-02160,record_level_data_quality,dataset-raw-excel-data,record,MISSING_RECALL_STATUS_NORMALIZED_TO_NONE;FUTURE_PURCHASE_DATE_REQUIRES_REVIEW;EXPIRATION_BEFORE_PURCHASE_REQUIRES_REVIEW;EXPIRED_ITEM_FLAG,SME/Data Governance,open,SBRN=SBRN2995
HRQ-02161,record_level_data_quality,dataset-raw-excel-data,record,MISSING_RECALL_STATUS_NORMALIZED_TO_NONE;EXPIRATION_BEFORE_PURCHASE_REQUIRES_REVIEW;EXPIRED_ITEM_FLAG,SME/Data Governance,open,SBRN=SBRN2997
HRQ-02162,record_level_data_quality,dataset-raw-excel-data,record,RECALL_STATUS_MONITORING_REQUIRES_GOVERNANCE;FUTURE_PURCHASE_DATE_REQUIRES_REVIEW,SME/Data Governance,open,SBRN=SBRN2999
HRQ-02163,record_level_data_quality,dataset-raw-excel-data,record,MISSING_RECALL_STATUS_NORMALIZED_TO_NONE;FUTURE_PURCHASE_DATE_REQUIRES_REVIEW;EXPIRATION_BEFORE_PURCHASE_REQUIRES_REVIEW;EXPIRED_ITEM_FLAG,SME/Data Governance,open,SBRN=SBRN3000
HRQ-02164,record_level_data_quality,dataset-raw-excel-data,record,EXPIRATION_BEFORE_PURCHASE_REQUIRES_REVIEW;EXPIRED_ITEM_FLAG,SME/Data Governance,open,SBRN=SBRN3001
HRQ-02165,record_level_data_quality,dataset-raw-excel-data,record,MISSING_RECALL_STATUS_NORMALIZED_TO_NONE;FUTURE_PURCHASE_DATE_REQUIRES_REVIEW,SME/Data Governance,open,SBRN=SBRN3002
HRQ-02166,record_level_data_quality,dataset-raw-excel-data,record,MISSING_RECALL_STATUS_NORMALIZED_TO_NONE;FUTURE_PURCHASE_DATE_REQUIRES_REVIEW;EXPIRATION_BEFORE_PURCHASE_REQUIRES_REVIEW;EXPIRED_ITEM_FLAG,SME/Data Governance,open,SBRN=SBRN3003
HRQ-02167,record_level_data_quality,dataset-raw-excel-data,record,RECALL_STATUS_MONITORING_REQUIRES_GOVERNANCE;EXPIRATION_BEFORE_PURCHASE_REQUIRES_REVIEW;EXPIRED_ITEM_FLAG,SME/Data Governance,open,SBRN=SBRN3005
HRQ-02168,record_level_data_quality,dataset-raw-excel-data,record,FUTURE_PURCHASE_DATE_REQUIRES_REVIEW;EXPIRATION_BEFORE_PURCHASE_REQUIRES_REVIEW,SME/Data Governance,open,SBRN=SBRN3006
HRQ-02169,record_level_data_quality,dataset-raw-excel-data,record,RECALL_STATUS_MONITORING_REQUIRES_GOVERNANCE,SME/Data Governance,open,SBRN=SBRN3009
HRQ-02170,record_level_data_quality,dataset-raw-excel-data,record,RECALL_STATUS_MONITORING_REQUIRES_GOVERNANCE;EXPIRATION_BEFORE_PURCHASE_REQUIRES_REVIEW;EXPIRED_ITEM_FLAG,SME/Data Governance,open,SBRN=SBRN3010
HRQ-02171,record_level_data_quality,dataset-raw-excel-data,record,RECALL_STATUS_MONITORING_REQUIRES_GOVERNANCE;EXPIRED_ITEM_FLAG,SME/Data Governance,open,SBRN=SBRN3011
HRQ-02172,record_level_data_quality,dataset-raw-excel-data,record,RECALL_STATUS_MONITORING_REQUIRES_GOVERNANCE,SME/Data Governance,open,SBRN=SBRN3012
HRQ-02173,record_level_data_quality,dataset-raw-excel-data,record,FUTURE_PURCHASE_DATE_REQUIRES_REVIEW;EXPIRATION_BEFORE_PURCHASE_REQUIRES_REVIEW;EXPIRED_ITEM_FLAG,SME/Data Governance,open,SBRN=SBRN3014
HRQ-02174,record_level_data_quality,dataset-raw-excel-data,record,RECALL_STATUS_MONITORING_REQUIRES_GOVERNANCE;EXPIRATION_BEFORE_PURCHASE_REQUIRES_REVIEW;EXPIRED_ITEM_FLAG,SME/Data Governance,open,SBRN=SBRN3016
HRQ-02175,record_level_data_quality,dataset-raw-excel-data,record,RECALL_STATUS_MONITORING_REQUIRES_GOVERNANCE;EXPIRED_ITEM_FLAG,SME/Data Governance,open,SBRN=SBRN3017
HRQ-02176,record_level_data_quality,dataset-raw-excel-data,record,RECALL_STATUS_MONITORING_REQUIRES_GOVERNANCE,SME/Data Governance,open,SBRN=SBRN3018
HRQ-02177,record_level_data_quality,dataset-raw-excel-data,record,MISSING_RECALL_STATUS_NORMALIZED_TO_NONE;FUTURE_PURCHASE_DATE_REQUIRES_REVIEW;EXPIRATION_BEFORE_PURCHASE_REQUIRES_REVIEW;EXPIRED_ITEM_FLAG,SME/Data Governance,open,SBRN=SBRN3019
HRQ-02178,record_level_data_quality,dataset-raw-excel-data,record,RECALL_STATUS_MONITORING_REQUIRES_GOVERNANCE,SME/Data Governance,open,SBRN=SBRN3022
HRQ-02179,record_level_data_quality,dataset-raw-excel-data,record,MISSING_RECALL_STATUS_NORMALIZED_TO_NONE;EXPIRATION_BEFORE_PURCHASE_REQUIRES_REVIEW;EXPIRED_ITEM_FLAG,SME/Data Governance,open,SBRN=SBRN3023
HRQ-02180,record_level_data_quality,dataset-raw-excel-data,record,FUTURE_PURCHASE_DATE_REQUIRES_REVIEW,SME/Data Governance,open,SBRN=SBRN3024
HRQ-02181,record_level_data_quality,dataset-raw-excel-data,record,EXPIRATION_BEFORE_PURCHASE_REQUIRES_REVIEW;EXPIRED_ITEM_FLAG,SME/Data Governance,open,SBRN=SBRN3025
HRQ-02182,record_level_data_quality,dataset-raw-excel-data,record,RECALL_STATUS_MONITORING_REQUIRES_GOVERNANCE;EXPIRED_ITEM_FLAG,SME/Data Governance,open,SBRN=SBRN3026
HRQ-02183,record_level_data_quality,dataset-raw-excel-data,record,FUTURE_PURCHASE_DATE_REQUIRES_REVIEW,SME/Data Governance,open,SBRN=SBRN3027
HRQ-02184,record_level_data_quality,dataset-raw-excel-data,record,EXPIRATION_BEFORE_PURCHASE_REQUIRES_REVIEW;EXPIRED_ITEM_FLAG,SME/Data Governance,open,SBRN=SBRN3029
HRQ-02185,record_level_data_quality,dataset-raw-excel-data,record,FUTURE_PURCHASE_DATE_REQUIRES_REVIEW;EXPIRATION_BEFORE_PURCHASE_REQUIRES_REVIEW;EXPIRED_ITEM_FLAG,SME/Data Governance,open,SBRN=SBRN3031
HRQ-02186,record_level_data_quality,dataset-raw-excel-data,record,MISSING_RECALL_STATUS_NORMALIZED_TO_NONE;EXPIRATION_BEFORE_PURCHASE_REQUIRES_REVIEW;EXPIRED_ITEM_FLAG,SME/Data Governance,open,SBRN=SBRN3032
HRQ-02187,record_level_data_quality,dataset-raw-excel-data,record,RECALL_STATUS_MONITORING_REQUIRES_GOVERNANCE;FUTURE_PURCHASE_DATE_REQUIRES_REVIEW;EXPIRATION_BEFORE_PURCHASE_REQUIRES_REVIEW;EXPIRED_ITEM_FLAG,SME/Data Governance,open,SBRN=SBRN3033
HRQ-02188,record_level_data_quality,dataset-raw-excel-data,record,MISSING_RECALL_STATUS_NORMALIZED_TO_NONE;FUTURE_PURCHASE_DATE_REQUIRES_REVIEW;EXPIRATION_BEFORE_PURCHASE_REQUIRES_REVIEW;EXPIRED_ITEM_FLAG,SME/Data Governance,open,SBRN=SBRN3034
HRQ-02189,record_level_data_quality,dataset-raw-excel-data,record,FUTURE_PURCHASE_DATE_REQUIRES_REVIEW,SME/Data Governance,open,SBRN=SBRN3035
HRQ-02190,record_level_data_quality,dataset-raw-excel-data,record,EXPIRATION_BEFORE_PURCHASE_REQUIRES_REVIEW;EXPIRED_ITEM_FLAG,SME/Data Governance,open,SBRN=SBRN3037
HRQ-02191,record_level_data_quality,dataset-raw-excel-data,record,FUTURE_PURCHASE_DATE_REQUIRES_REVIEW;EXPIRATION_BEFORE_PURCHASE_REQUIRES_REVIEW;EXPIRED_ITEM_FLAG,SME/Data Governance,open,SBRN=SBRN3040
HRQ-02192,record_level_data_quality,dataset-raw-excel-data,record,MISSING_RECALL_STATUS_NORMALIZED_TO_NONE;FUTURE_PURCHASE_DATE_REQUIRES_REVIEW;EXPIRATION_BEFORE_PURCHASE_REQUIRES_REVIEW;EXPIRED_ITEM_FLAG,SME/Data Governance,open,SBRN=SBRN3042
HRQ-02193,record_level_data_quality,dataset-raw-excel-data,record,MISSING_RECALL_STATUS_NORMALIZED_TO_NONE;FUTURE_PURCHASE_DATE_REQUIRES_REVIEW;EXPIRATION_BEFORE_PURCHASE_REQUIRES_REVIEW;EXPIRED_ITEM_FLAG,SME/Data Governance,open,SBRN=SBRN3043
HRQ-02194,record_level_data_quality,dataset-raw-excel-data,record,RECALL_STATUS_MONITORING_REQUIRES_GOVERNANCE;EXPIRATION_BEFORE_PURCHASE_REQUIRES_REVIEW;EXPIRED_ITEM_FLAG,SME/Data Governance,open,SBRN=SBRN3045
HRQ-02195,record_level_data_quality,dataset-raw-excel-data,record,RECALL_STATUS_MONITORING_REQUIRES_GOVERNANCE;EXPIRATION_BEFORE_PURCHASE_REQUIRES_REVIEW;EXPIRED_ITEM_FLAG,SME/Data Governance,open,SBRN=SBRN3046
HRQ-02196,record_level_data_quality,dataset-raw-excel-data,record,MISSING_RECALL_STATUS_NORMALIZED_TO_NONE;FUTURE_PURCHASE_DATE_REQUIRES_REVIEW;EXPIRATION_BEFORE_PURCHASE_REQUIRES_REVIEW;EXPIRED_ITEM_FLAG,SME/Data Governance,open,SBRN=SBRN3047
HRQ-02197,record_level_data_quality,dataset-raw-excel-data,record,MISSING_RECALL_STATUS_NORMALIZED_TO_NONE;EXPIRATION_BEFORE_PURCHASE_REQUIRES_REVIEW;EXPIRED_ITEM_FLAG,SME/Data Governance,open,SBRN=SBRN3048
HRQ-02198,record_level_data_quality,dataset-raw-excel-data,record,RECALL_STATUS_MONITORING_REQUIRES_GOVERNANCE;EXPIRED_ITEM_FLAG,SME/Data Governance,open,SBRN=SBRN3051
HRQ-02199,record_level_data_quality,dataset-raw-excel-data,record,RECALL_STATUS_MONITORING_REQUIRES_GOVERNANCE;EXPIRED_ITEM_FLAG,SME/Data Governance,open,SBRN=SBRN3053
HRQ-02200,record_level_data_quality,dataset-raw-excel-data,record,MISSING_RECALL_STATUS_NORMALIZED_TO_NONE;EXPIRATION_BEFORE_PURCHASE_REQUIRES_REVIEW;EXPIRED_ITEM_FLAG,SME/Data Governance,open,SBRN=SBRN3054
HRQ-02201,record_level_data_quality,dataset-raw-excel-data,record,RECALL_STATUS_MONITORING_REQUIRES_GOVERNANCE;EXPIRATION_BEFORE_PURCHASE_REQUIRES_REVIEW;EXPIRED_ITEM_FLAG,SME/Data Governance,open,SBRN=SBRN3056
HRQ-02202,record_level_data_quality,dataset-raw-excel-data,record,FUTURE_PURCHASE_DATE_REQUIRES_REVIEW;EXPIRATION_BEFORE_PURCHASE_REQUIRES_REVIEW;EXPIRED_ITEM_FLAG,SME/Data Governance,open,SBRN=SBRN3058
HRQ-02203,record_level_data_quality,dataset-raw-excel-data,record,RECALL_STATUS_MONITORING_REQUIRES_GOVERNANCE;FUTURE_PURCHASE_DATE_REQUIRES_REVIEW,SME/Data Governance,open,SBRN=SBRN3059
HRQ-02204,record_level_data_quality,dataset-raw-excel-data,record,FUTURE_PURCHASE_DATE_REQUIRES_REVIEW;EXPIRATION_BEFORE_PURCHASE_REQUIRES_REVIEW;EXPIRED_ITEM_FLAG,SME/Data Governance,open,SBRN=SBRN3060
HRQ-02205,record_level_data_quality,dataset-raw-excel-data,record,EXPIRATION_BEFORE_PURCHASE_REQUIRES_REVIEW;EXPIRED_ITEM_FLAG,SME/Data Governance,open,SBRN=SBRN3061
HRQ-02206,record_level_data_quality,dataset-raw-excel-data,record,MISSING_RECALL_STATUS_NORMALIZED_TO_NONE;EXPIRATION_BEFORE_PURCHASE_REQUIRES_REVIEW;EXPIRED_ITEM_FLAG,SME/Data Governance,open,SBRN=SBRN3062
HRQ-02207,record_level_data_quality,dataset-raw-excel-data,record,MISSING_RECALL_STATUS_NORMALIZED_TO_NONE;FUTURE_PURCHASE_DATE_REQUIRES_REVIEW;EXPIRATION_BEFORE_PURCHASE_REQUIRES_REVIEW;EXPIRED_ITEM_FLAG,SME/Data Governance,open,SBRN=SBRN3066
HRQ-02208,record_level_data_quality,dataset-raw-excel-data,record,EXPIRATION_BEFORE_PURCHASE_REQUIRES_REVIEW;EXPIRED_ITEM_FLAG,SME/Data Governance,open,SBRN=SBRN3067
HRQ-02209,record_level_data_quality,dataset-raw-excel-data,record,MISSING_RECALL_STATUS_NORMALIZED_TO_NONE;FUTURE_PURCHASE_DATE_REQUIRES_REVIEW;EXPIRATION_BEFORE_PURCHASE_REQUIRES_REVIEW;EXPIRED_ITEM_FLAG,SME/Data Governance,open,SBRN=SBRN3068
HRQ-02210,record_level_data_quality,dataset-raw-excel-data,record,EXPIRATION_BEFORE_PURCHASE_REQUIRES_REVIEW;EXPIRED_ITEM_FLAG,SME/Data Governance,open,SBRN=SBRN3069
HRQ-02211,record_level_data_quality,dataset-raw-excel-data,record,RECALL_STATUS_MONITORING_REQUIRES_GOVERNANCE;FUTURE_PURCHASE_DATE_REQUIRES_REVIEW;EXPIRATION_BEFORE_PURCHASE_REQUIRES_REVIEW;EXPIRED_ITEM_FLAG,SME/Data Governance,open,SBRN=SBRN3071
HRQ-02212,record_level_data_quality,dataset-raw-excel-data,record,RECALL_STATUS_MONITORING_REQUIRES_GOVERNANCE;EXPIRATION_BEFORE_PURCHASE_REQUIRES_REVIEW;EXPIRED_ITEM_FLAG,SME/Data Governance,open,SBRN=SBRN3073
HRQ-02213,record_level_data_quality,dataset-raw-excel-data,record,MISSING_RECALL_STATUS_NORMALIZED_TO_NONE;EXPIRATION_BEFORE_PURCHASE_REQUIRES_REVIEW;EXPIRED_ITEM_FLAG,SME/Data Governance,open,SBRN=SBRN3075
HRQ-02214,record_level_data_quality,dataset-raw-excel-data,record,RECALL_STATUS_MONITORING_REQUIRES_GOVERNANCE;FUTURE_PURCHASE_DATE_REQUIRES_REVIEW,SME/Data Governance,open,SBRN=SBRN3076
HRQ-02215,record_level_data_quality,dataset-raw-excel-data,record,RECALL_STATUS_MONITORING_REQUIRES_GOVERNANCE,SME/Data Governance,open,SBRN=SBRN3077
HRQ-02216,record_level_data_quality,dataset-raw-excel-data,record,MISSING_RECALL_STATUS_NORMALIZED_TO_NONE;FUTURE_PURCHASE_DATE_REQUIRES_REVIEW,SME/Data Governance,open,SBRN=SBRN3078
HRQ-02217,record_level_data_quality,dataset-raw-excel-data,record,EXPIRATION_BEFORE_PURCHASE_REQUIRES_REVIEW;EXPIRED_ITEM_FLAG,SME/Data Governance,open,SBRN=SBRN3079
HRQ-02218,record_level_data_quality,dataset-raw-excel-data,record,MISSING_RECALL_STATUS_NORMALIZED_TO_NONE;FUTURE_PURCHASE_DATE_REQUIRES_REVIEW,SME/Data Governance,open,SBRN=SBRN3082
HRQ-02219,record_level_data_quality,dataset-raw-excel-data,record,RECALL_STATUS_MONITORING_REQUIRES_GOVERNANCE;EXPIRATION_BEFORE_PURCHASE_REQUIRES_REVIEW;EXPIRED_ITEM_FLAG,SME/Data Governance,open,SBRN=SBRN3083
HRQ-02220,record_level_data_quality,dataset-raw-excel-data,record,MISSING_RECALL_STATUS_NORMALIZED_TO_NONE;EXPIRATION_BEFORE_PURCHASE_REQUIRES_REVIEW;EXPIRED_ITEM_FLAG,SME/Data Governance,open,SBRN=SBRN3086
HRQ-02221,record_level_data_quality,dataset-raw-excel-data,record,EXPIRATION_BEFORE_PURCHASE_REQUIRES_REVIEW;EXPIRED_ITEM_FLAG,SME/Data Governance,open,SBRN=SBRN3087
HRQ-02222,record_level_data_quality,dataset-raw-excel-data,record,RECALL_STATUS_MONITORING_REQUIRES_GOVERNANCE;FUTURE_PURCHASE_DATE_REQUIRES_REVIEW;EXPIRATION_BEFORE_PURCHASE_REQUIRES_REVIEW,SME/Data Governance,open,SBRN=SBRN3088
HRQ-02223,record_level_data_quality,dataset-raw-excel-data,record,EXPIRATION_BEFORE_PURCHASE_REQUIRES_REVIEW;EXPIRED_ITEM_FLAG,SME/Data Governance,open,SBRN=SBRN3089
HRQ-02224,record_level_data_quality,dataset-raw-excel-data,record,RECALL_STATUS_MONITORING_REQUIRES_GOVERNANCE,SME/Data Governance,open,SBRN=SBRN3091
HRQ-02225,record_level_data_quality,dataset-raw-excel-data,record,MISSING_RECALL_STATUS_NORMALIZED_TO_NONE;FUTURE_PURCHASE_DATE_REQUIRES_REVIEW,SME/Data Governance,open,SBRN=SBRN3092
HRQ-02226,record_level_data_quality,dataset-raw-excel-data,record,RECALL_STATUS_MONITORING_REQUIRES_GOVERNANCE,SME/Data Governance,open,SBRN=SBRN3093
HRQ-02227,record_level_data_quality,dataset-raw-excel-data,record,RECALL_STATUS_MONITORING_REQUIRES_GOVERNANCE;FUTURE_PURCHASE_DATE_REQUIRES_REVIEW;EXPIRATION_BEFORE_PURCHASE_REQUIRES_REVIEW;EXPIRED_ITEM_FLAG,SME/Data Governance,open,SBRN=SBRN3094
HRQ-02228,record_level_data_quality,dataset-raw-excel-data,record,FUTURE_PURCHASE_DATE_REQUIRES_REVIEW;EXPIRATION_BEFORE_PURCHASE_REQUIRES_REVIEW;EXPIRED_ITEM_FLAG,SME/Data Governance,open,SBRN=SBRN3097
HRQ-02229,record_level_data_quality,dataset-raw-excel-data,record,RECALL_STATUS_MONITORING_REQUIRES_GOVERNANCE;FUTURE_PURCHASE_DATE_REQUIRES_REVIEW;EXPIRATION_BEFORE_PURCHASE_REQUIRES_REVIEW;EXPIRED_ITEM_FLAG,SME/Data Governance,open,SBRN=SBRN3098
HRQ-02230,record_level_data_quality,dataset-raw-excel-data,record,RECALL_STATUS_MONITORING_REQUIRES_GOVERNANCE;EXPIRED_ITEM_FLAG,SME/Data Governance,open,SBRN=SBRN3099
HRQ-02231,record_level_data_quality,dataset-raw-excel-data,record,RECALL_STATUS_MONITORING_REQUIRES_GOVERNANCE,SME/Data Governance,open,SBRN=SBRN3101
HRQ-02232,record_level_data_quality,dataset-raw-excel-data,record,RECALL_STATUS_MONITORING_REQUIRES_GOVERNANCE;FUTURE_PURCHASE_DATE_REQUIRES_REVIEW;EXPIRATION_BEFORE_PURCHASE_REQUIRES_REVIEW,SME/Data Governance,open,SBRN=SBRN3102
HRQ-02233,record_level_data_quality,dataset-raw-excel-data,record,MISSING_RECALL_STATUS_NORMALIZED_TO_NONE;FUTURE_PURCHASE_DATE_REQUIRES_REVIEW,SME/Data Governance,open,SBRN=SBRN3103
HRQ-02234,record_level_data_quality,dataset-raw-excel-data,record,RECALL_STATUS_MONITORING_REQUIRES_GOVERNANCE;EXPIRED_ITEM_FLAG,SME/Data Governance,open,SBRN=SBRN3104
HRQ-02235,record_level_data_quality,dataset-raw-excel-data,record,RECALL_STATUS_MONITORING_REQUIRES_GOVERNANCE;EXPIRATION_BEFORE_PURCHASE_REQUIRES_REVIEW;EXPIRED_ITEM_FLAG,SME/Data Governance,open,SBRN=SBRN3107
HRQ-02236,record_level_data_quality,dataset-raw-excel-data,record,RECALL_STATUS_MONITORING_REQUIRES_GOVERNANCE;FUTURE_PURCHASE_DATE_REQUIRES_REVIEW;EXPIRATION_BEFORE_PURCHASE_REQUIRES_REVIEW,SME/Data Governance,open,SBRN=SBRN3108
HRQ-02237,record_level_data_quality,dataset-raw-excel-data,record,MISSING_RECALL_STATUS_NORMALIZED_TO_NONE;EXPIRATION_BEFORE_PURCHASE_REQUIRES_REVIEW;EXPIRED_ITEM_FLAG,SME/Data Governance,open,SBRN=SBRN3109
HRQ-02238,record_level_data_quality,dataset-raw-excel-data,record,MISSING_RECALL_STATUS_NORMALIZED_TO_NONE;FUTURE_PURCHASE_DATE_REQUIRES_REVIEW;EXPIRATION_BEFORE_PURCHASE_REQUIRES_REVIEW;EXPIRED_ITEM_FLAG,SME/Data Governance,open,SBRN=SBRN3111
HRQ-02239,record_level_data_quality,dataset-raw-excel-data,record,EXPIRATION_BEFORE_PURCHASE_REQUIRES_REVIEW;EXPIRED_ITEM_FLAG,SME/Data Governance,open,SBRN=SBRN3112
HRQ-02240,record_level_data_quality,dataset-raw-excel-data,record,RECALL_STATUS_MONITORING_REQUIRES_GOVERNANCE,SME/Data Governance,open,SBRN=SBRN3113
HRQ-02241,record_level_data_quality,dataset-raw-excel-data,record,RECALL_STATUS_MONITORING_REQUIRES_GOVERNANCE;EXPIRED_ITEM_FLAG,SME/Data Governance,open,SBRN=SBRN3115
HRQ-02242,record_level_data_quality,dataset-raw-excel-data,record,EXPIRATION_BEFORE_PURCHASE_REQUIRES_REVIEW;EXPIRED_ITEM_FLAG,SME/Data Governance,open,SBRN=SBRN3116
HRQ-02243,record_level_data_quality,dataset-raw-excel-data,record,RECALL_STATUS_MONITORING_REQUIRES_GOVERNANCE;EXPIRED_ITEM_FLAG,SME/Data Governance,open,SBRN=SBRN3117
HRQ-02244,record_level_data_quality,dataset-raw-excel-data,record,RECALL_STATUS_MONITORING_REQUIRES_GOVERNANCE;EXPIRATION_BEFORE_PURCHASE_REQUIRES_REVIEW;EXPIRED_ITEM_FLAG,SME/Data Governance,open,SBRN=SBRN3118
HRQ-02245,record_level_data_quality,dataset-raw-excel-data,record,EXPIRATION_BEFORE_PURCHASE_REQUIRES_REVIEW;EXPIRED_ITEM_FLAG,SME/Data Governance,open,SBRN=SBRN3119
HRQ-02246,record_level_data_quality,dataset-raw-excel-data,record,RECALL_STATUS_MONITORING_REQUIRES_GOVERNANCE;EXPIRED_ITEM_FLAG,SME/Data Governance,open,SBRN=SBRN3120
HRQ-02247,record_level_data_quality,dataset-raw-excel-data,record,RECALL_STATUS_MONITORING_REQUIRES_GOVERNANCE;FUTURE_PURCHASE_DATE_REQUIRES_REVIEW,SME/Data Governance,open,SBRN=SBRN3122
HRQ-02248,record_level_data_quality,dataset-raw-excel-data,record,FUTURE_PURCHASE_DATE_REQUIRES_REVIEW;EXPIRATION_BEFORE_PURCHASE_REQUIRES_REVIEW;EXPIRED_ITEM_FLAG,SME/Data Governance,open,SBRN=SBRN3123
HRQ-02249,record_level_data_quality,dataset-raw-excel-data,record,RECALL_STATUS_MONITORING_REQUIRES_GOVERNANCE;EXPIRED_ITEM_FLAG,SME/Data Governance,open,SBRN=SBRN3128
HRQ-02250,record_level_data_quality,dataset-raw-excel-data,record,RECALL_STATUS_MONITORING_REQUIRES_GOVERNANCE,SME/Data Governance,open,SBRN=SBRN3129
HRQ-02251,record_level_data_quality,dataset-raw-excel-data,record,RECALL_STATUS_MONITORING_REQUIRES_GOVERNANCE;EXPIRED_ITEM_FLAG,SME/Data Governance,open,SBRN=SBRN3130
HRQ-02252,record_level_data_quality,dataset-raw-excel-data,record,RECALL_STATUS_MONITORING_REQUIRES_GOVERNANCE,SME/Data Governance,open,SBRN=SBRN3131
HRQ-02253,record_level_data_quality,dataset-raw-excel-data,record,RECALL_STATUS_MONITORING_REQUIRES_GOVERNANCE;EXPIRED_ITEM_FLAG,SME/Data Governance,open,SBRN=SBRN3132
HRQ-02254,record_level_data_quality,dataset-raw-excel-data,record,RECALL_STATUS_MONITORING_REQUIRES_GOVERNANCE,SME/Data Governance,open,SBRN=SBRN3133
HRQ-02255,record_level_data_quality,dataset-raw-excel-data,record,RECALL_STATUS_MONITORING_REQUIRES_GOVERNANCE;EXPIRATION_BEFORE_PURCHASE_REQUIRES_REVIEW;EXPIRED_ITEM_FLAG,SME/Data Governance,open,SBRN=SBRN3134
HRQ-02256,record_level_data_quality,dataset-raw-excel-data,record,MISSING_RECALL_STATUS_NORMALIZED_TO_NONE;EXPIRATION_BEFORE_PURCHASE_REQUIRES_REVIEW;EXPIRED_ITEM_FLAG,SME/Data Governance,open,SBRN=SBRN3135
HRQ-02257,record_level_data_quality,dataset-raw-excel-data,record,RECALL_STATUS_MONITORING_REQUIRES_GOVERNANCE;EXPIRED_ITEM_FLAG,SME/Data Governance,open,SBRN=SBRN3136
HRQ-02258,record_level_data_quality,dataset-raw-excel-data,record,MISSING_RECALL_STATUS_NORMALIZED_TO_NONE;EXPIRATION_BEFORE_PURCHASE_REQUIRES_REVIEW;EXPIRED_ITEM_FLAG,SME/Data Governance,open,SBRN=SBRN3137
HRQ-02259,record_level_data_quality,dataset-raw-excel-data,record,RECALL_STATUS_MONITORING_REQUIRES_GOVERNANCE;EXPIRATION_BEFORE_PURCHASE_REQUIRES_REVIEW;EXPIRED_ITEM_FLAG,SME/Data Governance,open,SBRN=SBRN3138
HRQ-02260,record_level_data_quality,dataset-raw-excel-data,record,MISSING_RECALL_STATUS_NORMALIZED_TO_NONE;EXPIRATION_BEFORE_PURCHASE_REQUIRES_REVIEW;EXPIRED_ITEM_FLAG,SME/Data Governance,open,SBRN=SBRN3139
HRQ-02261,record_level_data_quality,dataset-raw-excel-data,record,MISSING_RECALL_STATUS_NORMALIZED_TO_NONE;EXPIRATION_BEFORE_PURCHASE_REQUIRES_REVIEW;EXPIRED_ITEM_FLAG,SME/Data Governance,open,SBRN=SBRN3141
HRQ-02262,record_level_data_quality,dataset-raw-excel-data,record,RECALL_STATUS_MONITORING_REQUIRES_GOVERNANCE,SME/Data Governance,open,SBRN=SBRN3142
HRQ-02263,record_level_data_quality,dataset-raw-excel-data,record,MISSING_RECALL_STATUS_NORMALIZED_TO_NONE;EXPIRATION_BEFORE_PURCHASE_REQUIRES_REVIEW;EXPIRED_ITEM_FLAG,SME/Data Governance,open,SBRN=SBRN3143
HRQ-02264,record_level_data_quality,dataset-raw-excel-data,record,RECALL_STATUS_MONITORING_REQUIRES_GOVERNANCE;FUTURE_PURCHASE_DATE_REQUIRES_REVIEW;EXPIRATION_BEFORE_PURCHASE_REQUIRES_REVIEW;EXPIRED_ITEM_FLAG,SME/Data Governance,open,SBRN=SBRN3145
HRQ-02265,record_level_data_quality,dataset-raw-excel-data,record,FUTURE_PURCHASE_DATE_REQUIRES_REVIEW;EXPIRATION_BEFORE_PURCHASE_REQUIRES_REVIEW;EXPIRED_ITEM_FLAG,SME/Data Governance,open,SBRN=SBRN3146
HRQ-02266,record_level_data_quality,dataset-raw-excel-data,record,RECALL_STATUS_MONITORING_REQUIRES_GOVERNANCE;EXPIRATION_BEFORE_PURCHASE_REQUIRES_REVIEW;EXPIRED_ITEM_FLAG,SME/Data Governance,open,SBRN=SBRN3147
HRQ-02267,record_level_data_quality,dataset-raw-excel-data,record,MISSING_RECALL_STATUS_NORMALIZED_TO_NONE;EXPIRATION_BEFORE_PURCHASE_REQUIRES_REVIEW;EXPIRED_ITEM_FLAG,SME/Data Governance,open,SBRN=SBRN3148
HRQ-02268,record_level_data_quality,dataset-raw-excel-data,record,RECALL_STATUS_MONITORING_REQUIRES_GOVERNANCE;EXPIRED_ITEM_FLAG,SME/Data Governance,open,SBRN=SBRN3150
HRQ-02269,record_level_data_quality,dataset-raw-excel-data,record,MISSING_RECALL_STATUS_NORMALIZED_TO_NONE;EXPIRATION_BEFORE_PURCHASE_REQUIRES_REVIEW;EXPIRED_ITEM_FLAG,SME/Data Governance,open,SBRN=SBRN3151
HRQ-02270,record_level_data_quality,dataset-raw-excel-data,record,RECALL_STATUS_MONITORING_REQUIRES_GOVERNANCE;EXPIRATION_BEFORE_PURCHASE_REQUIRES_REVIEW;EXPIRED_ITEM_FLAG,SME/Data Governance,open,SBRN=SBRN3152
HRQ-02271,record_level_data_quality,dataset-raw-excel-data,record,MISSING_RECALL_STATUS_NORMALIZED_TO_NONE;FUTURE_PURCHASE_DATE_REQUIRES_REVIEW,SME/Data Governance,open,SBRN=SBRN3153
HRQ-02272,record_level_data_quality,dataset-raw-excel-data,record,FUTURE_PURCHASE_DATE_REQUIRES_REVIEW,SME/Data Governance,open,SBRN=SBRN3154
HRQ-02273,record_level_data_quality,dataset-raw-excel-data,record,RECALL_STATUS_MONITORING_REQUIRES_GOVERNANCE,SME/Data Governance,open,SBRN=SBRN3155
HRQ-02274,record_level_data_quality,dataset-raw-excel-data,record,RECALL_STATUS_MONITORING_REQUIRES_GOVERNANCE,SME/Data Governance,open,SBRN=SBRN3157
HRQ-02275,record_level_data_quality,dataset-raw-excel-data,record,MISSING_RECALL_STATUS_NORMALIZED_TO_NONE;FUTURE_PURCHASE_DATE_REQUIRES_REVIEW;EXPIRATION_BEFORE_PURCHASE_REQUIRES_REVIEW,SME/Data Governance,open,SBRN=SBRN3158
HRQ-02276,record_level_data_quality,dataset-raw-excel-data,record,RECALL_STATUS_MONITORING_REQUIRES_GOVERNANCE;EXPIRATION_BEFORE_PURCHASE_REQUIRES_REVIEW;EXPIRED_ITEM_FLAG,SME/Data Governance,open,SBRN=SBRN3159
HRQ-02277,record_level_data_quality,dataset-raw-excel-data,record,RECALL_STATUS_MONITORING_REQUIRES_GOVERNANCE;FUTURE_PURCHASE_DATE_REQUIRES_REVIEW;EXPIRATION_BEFORE_PURCHASE_REQUIRES_REVIEW;EXPIRED_ITEM_FLAG,SME/Data Governance,open,SBRN=SBRN3160
HRQ-02278,record_level_data_quality,dataset-raw-excel-data,record,RECALL_STATUS_MONITORING_REQUIRES_GOVERNANCE;EXPIRATION_BEFORE_PURCHASE_REQUIRES_REVIEW;EXPIRED_ITEM_FLAG,SME/Data Governance,open,SBRN=SBRN3162
HRQ-02279,record_level_data_quality,dataset-raw-excel-data,record,RECALL_STATUS_MONITORING_REQUIRES_GOVERNANCE,SME/Data Governance,open,SBRN=SBRN3163
HRQ-02280,record_level_data_quality,dataset-raw-excel-data,record,RECALL_STATUS_MONITORING_REQUIRES_GOVERNANCE,SME/Data Governance,open,SBRN=SBRN3166
HRQ-02281,record_level_data_quality,dataset-raw-excel-data,record,FUTURE_PURCHASE_DATE_REQUIRES_REVIEW;EXPIRATION_BEFORE_PURCHASE_REQUIRES_REVIEW;EXPIRED_ITEM_FLAG,SME/Data Governance,open,SBRN=SBRN3167
HRQ-02282,record_level_data_quality,dataset-raw-excel-data,record,MISSING_RECALL_STATUS_NORMALIZED_TO_NONE;FUTURE_PURCHASE_DATE_REQUIRES_REVIEW,SME/Data Governance,open,SBRN=SBRN3168
HRQ-02283,record_level_data_quality,dataset-raw-excel-data,record,EXPIRATION_BEFORE_PURCHASE_REQUIRES_REVIEW;EXPIRED_ITEM_FLAG,SME/Data Governance,open,SBRN=SBRN3169
HRQ-02284,record_level_data_quality,dataset-raw-excel-data,record,RECALL_STATUS_MONITORING_REQUIRES_GOVERNANCE;FUTURE_PURCHASE_DATE_REQUIRES_REVIEW,SME/Data Governance,open,SBRN=SBRN3171
HRQ-02285,record_level_data_quality,dataset-raw-excel-data,record,RECALL_STATUS_MONITORING_REQUIRES_GOVERNANCE;EXPIRATION_BEFORE_PURCHASE_REQUIRES_REVIEW;EXPIRED_ITEM_FLAG,SME/Data Governance,open,SBRN=SBRN3172
HRQ-02286,record_level_data_quality,dataset-raw-excel-data,record,RECALL_STATUS_MONITORING_REQUIRES_GOVERNANCE;EXPIRATION_BEFORE_PURCHASE_REQUIRES_REVIEW;EXPIRED_ITEM_FLAG,SME/Data Governance,open,SBRN=SBRN3173
HRQ-02287,record_level_data_quality,dataset-raw-excel-data,record,RECALL_STATUS_MONITORING_REQUIRES_GOVERNANCE;EXPIRED_ITEM_FLAG,SME/Data Governance,open,SBRN=SBRN3174
HRQ-02288,record_level_data_quality,dataset-raw-excel-data,record,MISSING_RECALL_STATUS_NORMALIZED_TO_NONE;FUTURE_PURCHASE_DATE_REQUIRES_REVIEW;EXPIRATION_BEFORE_PURCHASE_REQUIRES_REVIEW;EXPIRED_ITEM_FLAG,SME/Data Governance,open,SBRN=SBRN3175
HRQ-02289,record_level_data_quality,dataset-raw-excel-data,record,RECALL_STATUS_MONITORING_REQUIRES_GOVERNANCE,SME/Data Governance,open,SBRN=SBRN3178
HRQ-02290,record_level_data_quality,dataset-raw-excel-data,record,EXPIRATION_BEFORE_PURCHASE_REQUIRES_REVIEW;EXPIRED_ITEM_FLAG,SME/Data Governance,open,SBRN=SBRN3179
HRQ-02291,record_level_data_quality,dataset-raw-excel-data,record,RECALL_STATUS_MONITORING_REQUIRES_GOVERNANCE;EXPIRED_ITEM_FLAG,SME/Data Governance,open,SBRN=SBRN3181
HRQ-02292,record_level_data_quality,dataset-raw-excel-data,record,RECALL_STATUS_MONITORING_REQUIRES_GOVERNANCE;EXPIRATION_BEFORE_PURCHASE_REQUIRES_REVIEW;EXPIRED_ITEM_FLAG,SME/Data Governance,open,SBRN=SBRN3183
HRQ-02293,record_level_data_quality,dataset-raw-excel-data,record,RECALL_STATUS_MONITORING_REQUIRES_GOVERNANCE;EXPIRATION_BEFORE_PURCHASE_REQUIRES_REVIEW;EXPIRED_ITEM_FLAG,SME/Data Governance,open,SBRN=SBRN3185
HRQ-02294,record_level_data_quality,dataset-raw-excel-data,record,MISSING_RECALL_STATUS_NORMALIZED_TO_NONE;FUTURE_PURCHASE_DATE_REQUIRES_REVIEW,SME/Data Governance,open,SBRN=SBRN3187
HRQ-02295,record_level_data_quality,dataset-raw-excel-data,record,MISSING_RECALL_STATUS_NORMALIZED_TO_NONE;FUTURE_PURCHASE_DATE_REQUIRES_REVIEW,SME/Data Governance,open,SBRN=SBRN3189
HRQ-02296,record_level_data_quality,dataset-raw-excel-data,record,RECALL_STATUS_MONITORING_REQUIRES_GOVERNANCE,SME/Data Governance,open,SBRN=SBRN3191
HRQ-02297,record_level_data_quality,dataset-raw-excel-data,record,MISSING_RECALL_STATUS_NORMALIZED_TO_NONE;FUTURE_PURCHASE_DATE_REQUIRES_REVIEW,SME/Data Governance,open,SBRN=SBRN3193
HRQ-02298,record_level_data_quality,dataset-raw-excel-data,record,RECALL_STATUS_MONITORING_REQUIRES_GOVERNANCE;EXPIRED_ITEM_FLAG,SME/Data Governance,open,SBRN=SBRN3194
HRQ-02299,record_level_data_quality,dataset-raw-excel-data,record,RECALL_STATUS_MONITORING_REQUIRES_GOVERNANCE;EXPIRATION_BEFORE_PURCHASE_REQUIRES_REVIEW;EXPIRED_ITEM_FLAG,SME/Data Governance,open,SBRN=SBRN3195
HRQ-02300,record_level_data_quality,dataset-raw-excel-data,record,RECALL_STATUS_MONITORING_REQUIRES_GOVERNANCE;EXPIRED_ITEM_FLAG,SME/Data Governance,open,SBRN=SBRN3197
HRQ-02301,record_level_data_quality,dataset-raw-excel-data,record,MISSING_RECALL_STATUS_NORMALIZED_TO_NONE;FUTURE_PURCHASE_DATE_REQUIRES_REVIEW;EXPIRATION_BEFORE_PURCHASE_REQUIRES_REVIEW;EXPIRED_ITEM_FLAG,SME/Data Governance,open,SBRN=SBRN3198
HRQ-02302,record_level_data_quality,dataset-raw-excel-data,record,RECALL_STATUS_MONITORING_REQUIRES_GOVERNANCE;EXPIRATION_BEFORE_PURCHASE_REQUIRES_REVIEW;EXPIRED_ITEM_FLAG,SME/Data Governance,open,SBRN=SBRN3199
HRQ-02303,record_level_data_quality,dataset-raw-excel-data,record,EXPIRATION_BEFORE_PURCHASE_REQUIRES_REVIEW;EXPIRED_ITEM_FLAG,SME/Data Governance,open,SBRN=SBRN3201
HRQ-02304,record_level_data_quality,dataset-raw-excel-data,record,FUTURE_PURCHASE_DATE_REQUIRES_REVIEW;EXPIRATION_BEFORE_PURCHASE_REQUIRES_REVIEW,SME/Data Governance,open,SBRN=SBRN3202
HRQ-02305,record_level_data_quality,dataset-raw-excel-data,record,MISSING_RECALL_STATUS_NORMALIZED_TO_NONE;EXPIRATION_BEFORE_PURCHASE_REQUIRES_REVIEW;EXPIRED_ITEM_FLAG,SME/Data Governance,open,SBRN=SBRN3203
HRQ-02306,record_level_data_quality,dataset-raw-excel-data,record,MISSING_RECALL_STATUS_NORMALIZED_TO_NONE;EXPIRATION_BEFORE_PURCHASE_REQUIRES_REVIEW;EXPIRED_ITEM_FLAG,SME/Data Governance,open,SBRN=SBRN3204
HRQ-02307,record_level_data_quality,dataset-raw-excel-data,record,RECALL_STATUS_MONITORING_REQUIRES_GOVERNANCE,SME/Data Governance,open,SBRN=SBRN3207
HRQ-02308,record_level_data_quality,dataset-raw-excel-data,record,MISSING_RECALL_STATUS_NORMALIZED_TO_NONE;FUTURE_PURCHASE_DATE_REQUIRES_REVIEW,SME/Data Governance,open,SBRN=SBRN3208
HRQ-02309,record_level_data_quality,dataset-raw-excel-data,record,RECALL_STATUS_MONITORING_REQUIRES_GOVERNANCE;EXPIRATION_BEFORE_PURCHASE_REQUIRES_REVIEW;EXPIRED_ITEM_FLAG,SME/Data Governance,open,SBRN=SBRN3209
HRQ-02310,record_level_data_quality,dataset-raw-excel-data,record,MISSING_RECALL_STATUS_NORMALIZED_TO_NONE;FUTURE_PURCHASE_DATE_REQUIRES_REVIEW;EXPIRATION_BEFORE_PURCHASE_REQUIRES_REVIEW;EXPIRED_ITEM_FLAG,SME/Data Governance,open,SBRN=SBRN3210
HRQ-02311,record_level_data_quality,dataset-raw-excel-data,record,FUTURE_PURCHASE_DATE_REQUIRES_REVIEW;EXPIRATION_BEFORE_PURCHASE_REQUIRES_REVIEW;EXPIRED_ITEM_FLAG,SME/Data Governance,open,SBRN=SBRN3211
HRQ-02312,record_level_data_quality,dataset-raw-excel-data,record,EXPIRATION_BEFORE_PURCHASE_REQUIRES_REVIEW;EXPIRED_ITEM_FLAG,SME/Data Governance,open,SBRN=SBRN3212
HRQ-02313,record_level_data_quality,dataset-raw-excel-data,record,FUTURE_PURCHASE_DATE_REQUIRES_REVIEW;EXPIRATION_BEFORE_PURCHASE_REQUIRES_REVIEW;EXPIRED_ITEM_FLAG,SME/Data Governance,open,SBRN=SBRN3213
HRQ-02314,record_level_data_quality,dataset-raw-excel-data,record,MISSING_RECALL_STATUS_NORMALIZED_TO_NONE;EXPIRATION_BEFORE_PURCHASE_REQUIRES_REVIEW;EXPIRED_ITEM_FLAG,SME/Data Governance,open,SBRN=SBRN3214
HRQ-02315,record_level_data_quality,dataset-raw-excel-data,record,EXPIRATION_BEFORE_PURCHASE_REQUIRES_REVIEW;EXPIRED_ITEM_FLAG,SME/Data Governance,open,SBRN=SBRN3215
HRQ-02316,record_level_data_quality,dataset-raw-excel-data,record,RECALL_STATUS_MONITORING_REQUIRES_GOVERNANCE;FUTURE_PURCHASE_DATE_REQUIRES_REVIEW;EXPIRATION_BEFORE_PURCHASE_REQUIRES_REVIEW;EXPIRED_ITEM_FLAG,SME/Data Governance,open,SBRN=SBRN3217
HRQ-02317,record_level_data_quality,dataset-raw-excel-data,record,MISSING_RECALL_STATUS_NORMALIZED_TO_NONE;EXPIRATION_BEFORE_PURCHASE_REQUIRES_REVIEW;EXPIRED_ITEM_FLAG,SME/Data Governance,open,SBRN=SBRN3218
HRQ-02318,record_level_data_quality,dataset-raw-excel-data,record,RECALL_STATUS_MONITORING_REQUIRES_GOVERNANCE,SME/Data Governance,open,SBRN=SBRN3220
HRQ-02319,record_level_data_quality,dataset-raw-excel-data,record,EXPIRATION_BEFORE_PURCHASE_REQUIRES_REVIEW;EXPIRED_ITEM_FLAG,SME/Data Governance,open,SBRN=SBRN3222
HRQ-02320,record_level_data_quality,dataset-raw-excel-data,record,EXPIRATION_BEFORE_PURCHASE_REQUIRES_REVIEW;EXPIRED_ITEM_FLAG,SME/Data Governance,open,SBRN=SBRN3223
HRQ-02321,record_level_data_quality,dataset-raw-excel-data,record,RECALL_STATUS_MONITORING_REQUIRES_GOVERNANCE;FUTURE_PURCHASE_DATE_REQUIRES_REVIEW;EXPIRATION_BEFORE_PURCHASE_REQUIRES_REVIEW;EXPIRED_ITEM_FLAG,SME/Data Governance,open,SBRN=SBRN3225
HRQ-02322,record_level_data_quality,dataset-raw-excel-data,record,EXPIRATION_BEFORE_PURCHASE_REQUIRES_REVIEW;EXPIRED_ITEM_FLAG,SME/Data Governance,open,SBRN=SBRN3229
HRQ-02323,record_level_data_quality,dataset-raw-excel-data,record,MISSING_RECALL_STATUS_NORMALIZED_TO_NONE;EXPIRATION_BEFORE_PURCHASE_REQUIRES_REVIEW;EXPIRED_ITEM_FLAG,SME/Data Governance,open,SBRN=SBRN3230
HRQ-02324,record_level_data_quality,dataset-raw-excel-data,record,RECALL_STATUS_MONITORING_REQUIRES_GOVERNANCE;EXPIRED_ITEM_FLAG,SME/Data Governance,open,SBRN=SBRN3231
HRQ-02325,record_level_data_quality,dataset-raw-excel-data,record,RECALL_STATUS_MONITORING_REQUIRES_GOVERNANCE;EXPIRED_ITEM_FLAG,SME/Data Governance,open,SBRN=SBRN3234
HRQ-02326,record_level_data_quality,dataset-raw-excel-data,record,RECALL_STATUS_MONITORING_REQUIRES_GOVERNANCE;FUTURE_PURCHASE_DATE_REQUIRES_REVIEW;EXPIRATION_BEFORE_PURCHASE_REQUIRES_REVIEW;EXPIRED_ITEM_FLAG,SME/Data Governance,open,SBRN=SBRN3235
HRQ-02327,record_level_data_quality,dataset-raw-excel-data,record,RECALL_STATUS_MONITORING_REQUIRES_GOVERNANCE,SME/Data Governance,open,SBRN=SBRN3237
HRQ-02328,record_level_data_quality,dataset-raw-excel-data,record,RECALL_STATUS_MONITORING_REQUIRES_GOVERNANCE;EXPIRED_ITEM_FLAG,SME/Data Governance,open,SBRN=SBRN3238
HRQ-02329,record_level_data_quality,dataset-raw-excel-data,record,EXPIRATION_BEFORE_PURCHASE_REQUIRES_REVIEW;EXPIRED_ITEM_FLAG,SME/Data Governance,open,SBRN=SBRN3239
HRQ-02330,record_level_data_quality,dataset-raw-excel-data,record,EXPIRATION_BEFORE_PURCHASE_REQUIRES_REVIEW;EXPIRED_ITEM_FLAG,SME/Data Governance,open,SBRN=SBRN3240
HRQ-02331,record_level_data_quality,dataset-raw-excel-data,record,RECALL_STATUS_MONITORING_REQUIRES_GOVERNANCE;FUTURE_PURCHASE_DATE_REQUIRES_REVIEW;EXPIRATION_BEFORE_PURCHASE_REQUIRES_REVIEW;EXPIRED_ITEM_FLAG,SME/Data Governance,open,SBRN=SBRN3241
HRQ-02332,record_level_data_quality,dataset-raw-excel-data,record,FUTURE_PURCHASE_DATE_REQUIRES_REVIEW,SME/Data Governance,open,SBRN=SBRN3242
HRQ-02333,record_level_data_quality,dataset-raw-excel-data,record,MISSING_RECALL_STATUS_NORMALIZED_TO_NONE;FUTURE_PURCHASE_DATE_REQUIRES_REVIEW;EXPIRATION_BEFORE_PURCHASE_REQUIRES_REVIEW;EXPIRED_ITEM_FLAG,SME/Data Governance,open,SBRN=SBRN3245
HRQ-02334,record_level_data_quality,dataset-raw-excel-data,record,MISSING_RECALL_STATUS_NORMALIZED_TO_NONE;FUTURE_PURCHASE_DATE_REQUIRES_REVIEW;EXPIRATION_BEFORE_PURCHASE_REQUIRES_REVIEW;EXPIRED_ITEM_FLAG,SME/Data Governance,open,SBRN=SBRN3246
HRQ-02335,record_level_data_quality,dataset-raw-excel-data,record,RECALL_STATUS_MONITORING_REQUIRES_GOVERNANCE,SME/Data Governance,open,SBRN=SBRN3248
HRQ-02336,record_level_data_quality,dataset-raw-excel-data,record,EXPIRATION_BEFORE_PURCHASE_REQUIRES_REVIEW;EXPIRED_ITEM_FLAG,SME/Data Governance,open,SBRN=SBRN3250
HRQ-02337,record_level_data_quality,dataset-raw-excel-data,record,MISSING_RECALL_STATUS_NORMALIZED_TO_NONE;EXPIRATION_BEFORE_PURCHASE_REQUIRES_REVIEW;EXPIRED_ITEM_FLAG,SME/Data Governance,open,SBRN=SBRN3251
HRQ-02338,record_level_data_quality,dataset-raw-excel-data,record,MISSING_RECALL_STATUS_NORMALIZED_TO_NONE;FUTURE_PURCHASE_DATE_REQUIRES_REVIEW;EXPIRATION_BEFORE_PURCHASE_REQUIRES_REVIEW;EXPIRED_ITEM_FLAG,SME/Data Governance,open,SBRN=SBRN3252
HRQ-02339,record_level_data_quality,dataset-raw-excel-data,record,RECALL_STATUS_MONITORING_REQUIRES_GOVERNANCE;EXPIRED_ITEM_FLAG,SME/Data Governance,open,SBRN=SBRN3253
HRQ-02340,record_level_data_quality,dataset-raw-excel-data,record,MISSING_RECALL_STATUS_NORMALIZED_TO_NONE;EXPIRATION_BEFORE_PURCHASE_REQUIRES_REVIEW;EXPIRED_ITEM_FLAG,SME/Data Governance,open,SBRN=SBRN3255
HRQ-02341,record_level_data_quality,dataset-raw-excel-data,record,RECALL_STATUS_MONITORING_REQUIRES_GOVERNANCE;EXPIRATION_BEFORE_PURCHASE_REQUIRES_REVIEW;EXPIRED_ITEM_FLAG,SME/Data Governance,open,SBRN=SBRN3256
HRQ-02342,record_level_data_quality,dataset-raw-excel-data,record,MISSING_RECALL_STATUS_NORMALIZED_TO_NONE;EXPIRATION_BEFORE_PURCHASE_REQUIRES_REVIEW;EXPIRED_ITEM_FLAG,SME/Data Governance,open,SBRN=SBRN3257
HRQ-02343,record_level_data_quality,dataset-raw-excel-data,record,RECALL_STATUS_MONITORING_REQUIRES_GOVERNANCE;EXPIRED_ITEM_FLAG,SME/Data Governance,open,SBRN=SBRN3259
HRQ-02344,record_level_data_quality,dataset-raw-excel-data,record,MISSING_RECALL_STATUS_NORMALIZED_TO_NONE;FUTURE_PURCHASE_DATE_REQUIRES_REVIEW;EXPIRATION_BEFORE_PURCHASE_REQUIRES_REVIEW;EXPIRED_ITEM_FLAG,SME/Data Governance,open,SBRN=SBRN3260
HRQ-02345,record_level_data_quality,dataset-raw-excel-data,record,RECALL_STATUS_MONITORING_REQUIRES_GOVERNANCE,SME/Data Governance,open,SBRN=SBRN3261
HRQ-02346,record_level_data_quality,dataset-raw-excel-data,record,RECALL_STATUS_MONITORING_REQUIRES_GOVERNANCE;EXPIRED_ITEM_FLAG,SME/Data Governance,open,SBRN=SBRN3262
HRQ-02347,record_level_data_quality,dataset-raw-excel-data,record,RECALL_STATUS_MONITORING_REQUIRES_GOVERNANCE;EXPIRATION_BEFORE_PURCHASE_REQUIRES_REVIEW;EXPIRED_ITEM_FLAG,SME/Data Governance,open,SBRN=SBRN3263
HRQ-02348,record_level_data_quality,dataset-raw-excel-data,record,RECALL_STATUS_MONITORING_REQUIRES_GOVERNANCE;EXPIRED_ITEM_FLAG,SME/Data Governance,open,SBRN=SBRN3265
HRQ-02349,record_level_data_quality,dataset-raw-excel-data,record,RECALL_STATUS_MONITORING_REQUIRES_GOVERNANCE;EXPIRED_ITEM_FLAG,SME/Data Governance,open,SBRN=SBRN3266
HRQ-02350,record_level_data_quality,dataset-raw-excel-data,record,RECALL_STATUS_MONITORING_REQUIRES_GOVERNANCE;FUTURE_PURCHASE_DATE_REQUIRES_REVIEW;EXPIRATION_BEFORE_PURCHASE_REQUIRES_REVIEW;EXPIRED_ITEM_FLAG,SME/Data Governance,open,SBRN=SBRN3267
HRQ-02351,record_level_data_quality,dataset-raw-excel-data,record,RECALL_STATUS_MONITORING_REQUIRES_GOVERNANCE;EXPIRED_ITEM_FLAG,SME/Data Governance,open,SBRN=SBRN3268
HRQ-02352,record_level_data_quality,dataset-raw-excel-data,record,MISSING_RECALL_STATUS_NORMALIZED_TO_NONE;EXPIRATION_BEFORE_PURCHASE_REQUIRES_REVIEW;EXPIRED_ITEM_FLAG,SME/Data Governance,open,SBRN=SBRN3269
HRQ-02353,record_level_data_quality,dataset-raw-excel-data,record,EXPIRATION_BEFORE_PURCHASE_REQUIRES_REVIEW;EXPIRED_ITEM_FLAG,SME/Data Governance,open,SBRN=SBRN3271
HRQ-02354,record_level_data_quality,dataset-raw-excel-data,record,FUTURE_PURCHASE_DATE_REQUIRES_REVIEW,SME/Data Governance,open,SBRN=SBRN3276
HRQ-02355,record_level_data_quality,dataset-raw-excel-data,record,RECALL_STATUS_MONITORING_REQUIRES_GOVERNANCE,SME/Data Governance,open,SBRN=SBRN3277
HRQ-02356,record_level_data_quality,dataset-raw-excel-data,record,RECALL_STATUS_MONITORING_REQUIRES_GOVERNANCE;EXPIRATION_BEFORE_PURCHASE_REQUIRES_REVIEW;EXPIRED_ITEM_FLAG,SME/Data Governance,open,SBRN=SBRN3279
HRQ-02357,record_level_data_quality,dataset-raw-excel-data,record,RECALL_STATUS_MONITORING_REQUIRES_GOVERNANCE;EXPIRATION_BEFORE_PURCHASE_REQUIRES_REVIEW;EXPIRED_ITEM_FLAG,SME/Data Governance,open,SBRN=SBRN3280
HRQ-02358,record_level_data_quality,dataset-raw-excel-data,record,MISSING_RECALL_STATUS_NORMALIZED_TO_NONE;FUTURE_PURCHASE_DATE_REQUIRES_REVIEW;EXPIRATION_BEFORE_PURCHASE_REQUIRES_REVIEW;EXPIRED_ITEM_FLAG,SME/Data Governance,open,SBRN=SBRN3281
HRQ-02359,record_level_data_quality,dataset-raw-excel-data,record,EXPIRATION_BEFORE_PURCHASE_REQUIRES_REVIEW;EXPIRED_ITEM_FLAG,SME/Data Governance,open,SBRN=SBRN3283
HRQ-02360,record_level_data_quality,dataset-raw-excel-data,record,RECALL_STATUS_MONITORING_REQUIRES_GOVERNANCE;EXPIRED_ITEM_FLAG,SME/Data Governance,open,SBRN=SBRN3284
HRQ-02361,record_level_data_quality,dataset-raw-excel-data,record,RECALL_STATUS_MONITORING_REQUIRES_GOVERNANCE,SME/Data Governance,open,SBRN=SBRN3285
HRQ-02362,record_level_data_quality,dataset-raw-excel-data,record,RECALL_STATUS_MONITORING_REQUIRES_GOVERNANCE;EXPIRED_ITEM_FLAG,SME/Data Governance,open,SBRN=SBRN3287
HRQ-02363,record_level_data_quality,dataset-raw-excel-data,record,RECALL_STATUS_MONITORING_REQUIRES_GOVERNANCE;EXPIRATION_BEFORE_PURCHASE_REQUIRES_REVIEW;EXPIRED_ITEM_FLAG,SME/Data Governance,open,SBRN=SBRN3288
HRQ-02364,record_level_data_quality,dataset-raw-excel-data,record,MISSING_RECALL_STATUS_NORMALIZED_TO_NONE;EXPIRATION_BEFORE_PURCHASE_REQUIRES_REVIEW;EXPIRED_ITEM_FLAG,SME/Data Governance,open,SBRN=SBRN3289
HRQ-02365,record_level_data_quality,dataset-raw-excel-data,record,EXPIRATION_BEFORE_PURCHASE_REQUIRES_REVIEW;EXPIRED_ITEM_FLAG,SME/Data Governance,open,SBRN=SBRN3290
HRQ-02366,record_level_data_quality,dataset-raw-excel-data,record,RECALL_STATUS_MONITORING_REQUIRES_GOVERNANCE;EXPIRATION_BEFORE_PURCHASE_REQUIRES_REVIEW;EXPIRED_ITEM_FLAG,SME/Data Governance,open,SBRN=SBRN3291
HRQ-02367,record_level_data_quality,dataset-raw-excel-data,record,MISSING_RECALL_STATUS_NORMALIZED_TO_NONE;FUTURE_PURCHASE_DATE_REQUIRES_REVIEW;EXPIRATION_BEFORE_PURCHASE_REQUIRES_REVIEW,SME/Data Governance,open,SBRN=SBRN3292
HRQ-02368,record_level_data_quality,dataset-raw-excel-data,record,MISSING_RECALL_STATUS_NORMALIZED_TO_NONE;EXPIRATION_BEFORE_PURCHASE_REQUIRES_REVIEW;EXPIRED_ITEM_FLAG,SME/Data Governance,open,SBRN=SBRN3295
HRQ-02369,record_level_data_quality,dataset-raw-excel-data,record,RECALL_STATUS_MONITORING_REQUIRES_GOVERNANCE;FUTURE_PURCHASE_DATE_REQUIRES_REVIEW,SME/Data Governance,open,SBRN=SBRN3297
HRQ-02370,record_level_data_quality,dataset-raw-excel-data,record,RECALL_STATUS_MONITORING_REQUIRES_GOVERNANCE;FUTURE_PURCHASE_DATE_REQUIRES_REVIEW,SME/Data Governance,open,SBRN=SBRN3299
HRQ-02371,record_level_data_quality,dataset-raw-excel-data,record,RECALL_STATUS_MONITORING_REQUIRES_GOVERNANCE;EXPIRATION_BEFORE_PURCHASE_REQUIRES_REVIEW;EXPIRED_ITEM_FLAG,SME/Data Governance,open,SBRN=SBRN3300
HRQ-02372,record_level_data_quality,dataset-raw-excel-data,record,FUTURE_PURCHASE_DATE_REQUIRES_REVIEW;EXPIRATION_BEFORE_PURCHASE_REQUIRES_REVIEW;EXPIRED_ITEM_FLAG,SME/Data Governance,open,SBRN=SBRN3302
HRQ-02373,record_level_data_quality,dataset-raw-excel-data,record,MISSING_RECALL_STATUS_NORMALIZED_TO_NONE;FUTURE_PURCHASE_DATE_REQUIRES_REVIEW,SME/Data Governance,open,SBRN=SBRN3304
HRQ-02374,record_level_data_quality,dataset-raw-excel-data,record,EXPIRATION_BEFORE_PURCHASE_REQUIRES_REVIEW;EXPIRED_ITEM_FLAG,SME/Data Governance,open,SBRN=SBRN3305
HRQ-02375,record_level_data_quality,dataset-raw-excel-data,record,RECALL_STATUS_MONITORING_REQUIRES_GOVERNANCE,SME/Data Governance,open,SBRN=SBRN3306
HRQ-02376,record_level_data_quality,dataset-raw-excel-data,record,RECALL_STATUS_MONITORING_REQUIRES_GOVERNANCE;EXPIRATION_BEFORE_PURCHASE_REQUIRES_REVIEW;EXPIRED_ITEM_FLAG,SME/Data Governance,open,SBRN=SBRN3307
HRQ-02377,record_level_data_quality,dataset-raw-excel-data,record,EXPIRATION_BEFORE_PURCHASE_REQUIRES_REVIEW;EXPIRED_ITEM_FLAG,SME/Data Governance,open,SBRN=SBRN3309
HRQ-02378,record_level_data_quality,dataset-raw-excel-data,record,MISSING_RECALL_STATUS_NORMALIZED_TO_NONE;EXPIRATION_BEFORE_PURCHASE_REQUIRES_REVIEW;EXPIRED_ITEM_FLAG,SME/Data Governance,open,SBRN=SBRN3310
HRQ-02379,record_level_data_quality,dataset-raw-excel-data,record,FUTURE_PURCHASE_DATE_REQUIRES_REVIEW;EXPIRATION_BEFORE_PURCHASE_REQUIRES_REVIEW;EXPIRED_ITEM_FLAG,SME/Data Governance,open,SBRN=SBRN3311
HRQ-02380,record_level_data_quality,dataset-raw-excel-data,record,RECALL_STATUS_MONITORING_REQUIRES_GOVERNANCE;EXPIRED_ITEM_FLAG,SME/Data Governance,open,SBRN=SBRN3312
HRQ-02381,record_level_data_quality,dataset-raw-excel-data,record,RECALL_STATUS_MONITORING_REQUIRES_GOVERNANCE,SME/Data Governance,open,SBRN=SBRN3313
HRQ-02382,record_level_data_quality,dataset-raw-excel-data,record,MISSING_RECALL_STATUS_NORMALIZED_TO_NONE;EXPIRATION_BEFORE_PURCHASE_REQUIRES_REVIEW;EXPIRED_ITEM_FLAG,SME/Data Governance,open,SBRN=SBRN3314
HRQ-02383,record_level_data_quality,dataset-raw-excel-data,record,MISSING_RECALL_STATUS_NORMALIZED_TO_NONE;EXPIRATION_BEFORE_PURCHASE_REQUIRES_REVIEW;EXPIRED_ITEM_FLAG,SME/Data Governance,open,SBRN=SBRN3315
HRQ-02384,record_level_data_quality,dataset-raw-excel-data,record,RECALL_STATUS_MONITORING_REQUIRES_GOVERNANCE;FUTURE_PURCHASE_DATE_REQUIRES_REVIEW;EXPIRATION_BEFORE_PURCHASE_REQUIRES_REVIEW;EXPIRED_ITEM_FLAG,SME/Data Governance,open,SBRN=SBRN3318
HRQ-02385,record_level_data_quality,dataset-raw-excel-data,record,RECALL_STATUS_MONITORING_REQUIRES_GOVERNANCE;EXPIRED_ITEM_FLAG,SME/Data Governance,open,SBRN=SBRN3319
HRQ-02386,record_level_data_quality,dataset-raw-excel-data,record,RECALL_STATUS_MONITORING_REQUIRES_GOVERNANCE,SME/Data Governance,open,SBRN=SBRN3320
HRQ-02387,record_level_data_quality,dataset-raw-excel-data,record,FUTURE_PURCHASE_DATE_REQUIRES_REVIEW,SME/Data Governance,open,SBRN=SBRN3321
HRQ-02388,record_level_data_quality,dataset-raw-excel-data,record,RECALL_STATUS_MONITORING_REQUIRES_GOVERNANCE,SME/Data Governance,open,SBRN=SBRN3322
HRQ-02389,record_level_data_quality,dataset-raw-excel-data,record,RECALL_STATUS_MONITORING_REQUIRES_GOVERNANCE;EXPIRATION_BEFORE_PURCHASE_REQUIRES_REVIEW;EXPIRED_ITEM_FLAG,SME/Data Governance,open,SBRN=SBRN3326
HRQ-02390,record_level_data_quality,dataset-raw-excel-data,record,MISSING_RECALL_STATUS_NORMALIZED_TO_NONE;EXPIRATION_BEFORE_PURCHASE_REQUIRES_REVIEW;EXPIRED_ITEM_FLAG,SME/Data Governance,open,SBRN=SBRN3328
HRQ-02391,record_level_data_quality,dataset-raw-excel-data,record,RECALL_STATUS_MONITORING_REQUIRES_GOVERNANCE;FUTURE_PURCHASE_DATE_REQUIRES_REVIEW;EXPIRATION_BEFORE_PURCHASE_REQUIRES_REVIEW;EXPIRED_ITEM_FLAG,SME/Data Governance,open,SBRN=SBRN3329
HRQ-02392,record_level_data_quality,dataset-raw-excel-data,record,EXPIRATION_BEFORE_PURCHASE_REQUIRES_REVIEW;EXPIRED_ITEM_FLAG,SME/Data Governance,open,SBRN=SBRN3330
HRQ-02393,record_level_data_quality,dataset-raw-excel-data,record,RECALL_STATUS_MONITORING_REQUIRES_GOVERNANCE,SME/Data Governance,open,SBRN=SBRN3331
HRQ-02394,record_level_data_quality,dataset-raw-excel-data,record,MISSING_RECALL_STATUS_NORMALIZED_TO_NONE;EXPIRATION_BEFORE_PURCHASE_REQUIRES_REVIEW;EXPIRED_ITEM_FLAG,SME/Data Governance,open,SBRN=SBRN3332
HRQ-02395,record_level_data_quality,dataset-raw-excel-data,record,MISSING_RECALL_STATUS_NORMALIZED_TO_NONE;EXPIRATION_BEFORE_PURCHASE_REQUIRES_REVIEW;EXPIRED_ITEM_FLAG,SME/Data Governance,open,SBRN=SBRN3333
HRQ-02396,record_level_data_quality,dataset-raw-excel-data,record,MISSING_RECALL_STATUS_NORMALIZED_TO_NONE;EXPIRATION_BEFORE_PURCHASE_REQUIRES_REVIEW;EXPIRED_ITEM_FLAG,SME/Data Governance,open,SBRN=SBRN3334
HRQ-02397,record_level_data_quality,dataset-raw-excel-data,record,RECALL_STATUS_MONITORING_REQUIRES_GOVERNANCE;FUTURE_PURCHASE_DATE_REQUIRES_REVIEW;EXPIRATION_BEFORE_PURCHASE_REQUIRES_REVIEW;EXPIRED_ITEM_FLAG,SME/Data Governance,open,SBRN=SBRN3335
HRQ-02398,record_level_data_quality,dataset-raw-excel-data,record,MISSING_RECALL_STATUS_NORMALIZED_TO_NONE;EXPIRATION_BEFORE_PURCHASE_REQUIRES_REVIEW;EXPIRED_ITEM_FLAG,SME/Data Governance,open,SBRN=SBRN3338
HRQ-02399,record_level_data_quality,dataset-raw-excel-data,record,FUTURE_PURCHASE_DATE_REQUIRES_REVIEW;EXPIRATION_BEFORE_PURCHASE_REQUIRES_REVIEW;EXPIRED_ITEM_FLAG,SME/Data Governance,open,SBRN=SBRN3339
HRQ-02400,record_level_data_quality,dataset-raw-excel-data,record,RECALL_STATUS_MONITORING_REQUIRES_GOVERNANCE;EXPIRED_ITEM_FLAG,SME/Data Governance,open,SBRN=SBRN3340
HRQ-02401,record_level_data_quality,dataset-raw-excel-data,record,MISSING_RECALL_STATUS_NORMALIZED_TO_NONE;EXPIRATION_BEFORE_PURCHASE_REQUIRES_REVIEW;EXPIRED_ITEM_FLAG,SME/Data Governance,open,SBRN=SBRN3341
HRQ-02402,record_level_data_quality,dataset-raw-excel-data,record,RECALL_STATUS_MONITORING_REQUIRES_GOVERNANCE,SME/Data Governance,open,SBRN=SBRN3342
HRQ-02403,record_level_data_quality,dataset-raw-excel-data,record,RECALL_STATUS_MONITORING_REQUIRES_GOVERNANCE;EXPIRATION_BEFORE_PURCHASE_REQUIRES_REVIEW;EXPIRED_ITEM_FLAG,SME/Data Governance,open,SBRN=SBRN3344
HRQ-02404,record_level_data_quality,dataset-raw-excel-data,record,RECALL_STATUS_MONITORING_REQUIRES_GOVERNANCE;EXPIRATION_BEFORE_PURCHASE_REQUIRES_REVIEW;EXPIRED_ITEM_FLAG,SME/Data Governance,open,SBRN=SBRN3345
HRQ-02405,record_level_data_quality,dataset-raw-excel-data,record,RECALL_STATUS_MONITORING_REQUIRES_GOVERNANCE;EXPIRATION_BEFORE_PURCHASE_REQUIRES_REVIEW;EXPIRED_ITEM_FLAG,SME/Data Governance,open,SBRN=SBRN3346
HRQ-02406,record_level_data_quality,dataset-raw-excel-data,record,MISSING_RECALL_STATUS_NORMALIZED_TO_NONE;EXPIRATION_BEFORE_PURCHASE_REQUIRES_REVIEW;EXPIRED_ITEM_FLAG,SME/Data Governance,open,SBRN=SBRN3347
HRQ-02407,record_level_data_quality,dataset-raw-excel-data,record,RECALL_STATUS_MONITORING_REQUIRES_GOVERNANCE;FUTURE_PURCHASE_DATE_REQUIRES_REVIEW;EXPIRATION_BEFORE_PURCHASE_REQUIRES_REVIEW;EXPIRED_ITEM_FLAG,SME/Data Governance,open,SBRN=SBRN3348
HRQ-02408,record_level_data_quality,dataset-raw-excel-data,record,RECALL_STATUS_MONITORING_REQUIRES_GOVERNANCE;FUTURE_PURCHASE_DATE_REQUIRES_REVIEW;EXPIRATION_BEFORE_PURCHASE_REQUIRES_REVIEW,SME/Data Governance,open,SBRN=SBRN3349
HRQ-02409,record_level_data_quality,dataset-raw-excel-data,record,RECALL_STATUS_MONITORING_REQUIRES_GOVERNANCE;EXPIRATION_BEFORE_PURCHASE_REQUIRES_REVIEW;EXPIRED_ITEM_FLAG,SME/Data Governance,open,SBRN=SBRN3351
HRQ-02410,record_level_data_quality,dataset-raw-excel-data,record,MISSING_RECALL_STATUS_NORMALIZED_TO_NONE;FUTURE_PURCHASE_DATE_REQUIRES_REVIEW,SME/Data Governance,open,SBRN=SBRN3352
HRQ-02411,record_level_data_quality,dataset-raw-excel-data,record,RECALL_STATUS_MONITORING_REQUIRES_GOVERNANCE;EXPIRED_ITEM_FLAG,SME/Data Governance,open,SBRN=SBRN3354
HRQ-02412,record_level_data_quality,dataset-raw-excel-data,record,RECALL_STATUS_MONITORING_REQUIRES_GOVERNANCE;EXPIRATION_BEFORE_PURCHASE_REQUIRES_REVIEW;EXPIRED_ITEM_FLAG,SME/Data Governance,open,SBRN=SBRN3357
HRQ-02413,record_level_data_quality,dataset-raw-excel-data,record,RECALL_STATUS_MONITORING_REQUIRES_GOVERNANCE,SME/Data Governance,open,SBRN=SBRN3359
HRQ-02414,record_level_data_quality,dataset-raw-excel-data,record,FUTURE_PURCHASE_DATE_REQUIRES_REVIEW;EXPIRATION_BEFORE_PURCHASE_REQUIRES_REVIEW;EXPIRED_ITEM_FLAG,SME/Data Governance,open,SBRN=SBRN3360
HRQ-02415,record_level_data_quality,dataset-raw-excel-data,record,EXPIRATION_BEFORE_PURCHASE_REQUIRES_REVIEW;EXPIRED_ITEM_FLAG,SME/Data Governance,open,SBRN=SBRN3361
HRQ-02416,record_level_data_quality,dataset-raw-excel-data,record,RECALL_STATUS_MONITORING_REQUIRES_GOVERNANCE;FUTURE_PURCHASE_DATE_REQUIRES_REVIEW;EXPIRATION_BEFORE_PURCHASE_REQUIRES_REVIEW;EXPIRED_ITEM_FLAG,SME/Data Governance,open,SBRN=SBRN3363
HRQ-02417,record_level_data_quality,dataset-raw-excel-data,record,RECALL_STATUS_MONITORING_REQUIRES_GOVERNANCE;EXPIRATION_BEFORE_PURCHASE_REQUIRES_REVIEW;EXPIRED_ITEM_FLAG,SME/Data Governance,open,SBRN=SBRN3364
HRQ-02418,record_level_data_quality,dataset-raw-excel-data,record,MISSING_RECALL_STATUS_NORMALIZED_TO_NONE;EXPIRATION_BEFORE_PURCHASE_REQUIRES_REVIEW;EXPIRED_ITEM_FLAG,SME/Data Governance,open,SBRN=SBRN3365
HRQ-02419,record_level_data_quality,dataset-raw-excel-data,record,MISSING_RECALL_STATUS_NORMALIZED_TO_NONE;EXPIRATION_BEFORE_PURCHASE_REQUIRES_REVIEW;EXPIRED_ITEM_FLAG,SME/Data Governance,open,SBRN=SBRN3366
HRQ-02420,record_level_data_quality,dataset-raw-excel-data,record,EXPIRATION_BEFORE_PURCHASE_REQUIRES_REVIEW;EXPIRED_ITEM_FLAG,SME/Data Governance,open,SBRN=SBRN3367
HRQ-02421,record_level_data_quality,dataset-raw-excel-data,record,RECALL_STATUS_MONITORING_REQUIRES_GOVERNANCE;FUTURE_PURCHASE_DATE_REQUIRES_REVIEW;EXPIRATION_BEFORE_PURCHASE_REQUIRES_REVIEW;EXPIRED_ITEM_FLAG,SME/Data Governance,open,SBRN=SBRN3368
HRQ-02422,record_level_data_quality,dataset-raw-excel-data,record,RECALL_STATUS_MONITORING_REQUIRES_GOVERNANCE;FUTURE_PURCHASE_DATE_REQUIRES_REVIEW;EXPIRATION_BEFORE_PURCHASE_REQUIRES_REVIEW,SME/Data Governance,open,SBRN=SBRN3369
HRQ-02423,record_level_data_quality,dataset-raw-excel-data,record,RECALL_STATUS_MONITORING_REQUIRES_GOVERNANCE;EXPIRED_ITEM_FLAG,SME/Data Governance,open,SBRN=SBRN3370
HRQ-02424,record_level_data_quality,dataset-raw-excel-data,record,RECALL_STATUS_MONITORING_REQUIRES_GOVERNANCE;FUTURE_PURCHASE_DATE_REQUIRES_REVIEW;EXPIRATION_BEFORE_PURCHASE_REQUIRES_REVIEW;EXPIRED_ITEM_FLAG,SME/Data Governance,open,SBRN=SBRN3371
HRQ-02425,record_level_data_quality,dataset-raw-excel-data,record,RECALL_STATUS_MONITORING_REQUIRES_GOVERNANCE;EXPIRATION_BEFORE_PURCHASE_REQUIRES_REVIEW;EXPIRED_ITEM_FLAG,SME/Data Governance,open,SBRN=SBRN3372
HRQ-02426,record_level_data_quality,dataset-raw-excel-data,record,EXPIRATION_BEFORE_PURCHASE_REQUIRES_REVIEW;EXPIRED_ITEM_FLAG,SME/Data Governance,open,SBRN=SBRN3374
HRQ-02427,record_level_data_quality,dataset-raw-excel-data,record,RECALL_STATUS_MONITORING_REQUIRES_GOVERNANCE;FUTURE_PURCHASE_DATE_REQUIRES_REVIEW;EXPIRATION_BEFORE_PURCHASE_REQUIRES_REVIEW;EXPIRED_ITEM_FLAG,SME/Data Governance,open,SBRN=SBRN3376
HRQ-02428,record_level_data_quality,dataset-raw-excel-data,record,RECALL_STATUS_MONITORING_REQUIRES_GOVERNANCE;EXPIRED_ITEM_FLAG,SME/Data Governance,open,SBRN=SBRN3377
HRQ-02429,record_level_data_quality,dataset-raw-excel-data,record,MISSING_RECALL_STATUS_NORMALIZED_TO_NONE;EXPIRATION_BEFORE_PURCHASE_REQUIRES_REVIEW;EXPIRED_ITEM_FLAG,SME/Data Governance,open,SBRN=SBRN3378
HRQ-02430,record_level_data_quality,dataset-raw-excel-data,record,RECALL_STATUS_MONITORING_REQUIRES_GOVERNANCE;EXPIRATION_BEFORE_PURCHASE_REQUIRES_REVIEW;EXPIRED_ITEM_FLAG,SME/Data Governance,open,SBRN=SBRN3379
HRQ-02431,record_level_data_quality,dataset-raw-excel-data,record,MISSING_RECALL_STATUS_NORMALIZED_TO_NONE;FUTURE_PURCHASE_DATE_REQUIRES_REVIEW;EXPIRATION_BEFORE_PURCHASE_REQUIRES_REVIEW;EXPIRED_ITEM_FLAG,SME/Data Governance,open,SBRN=SBRN3380
HRQ-02432,record_level_data_quality,dataset-raw-excel-data,record,RECALL_STATUS_MONITORING_REQUIRES_GOVERNANCE,SME/Data Governance,open,SBRN=SBRN3382
HRQ-02433,record_level_data_quality,dataset-raw-excel-data,record,EXPIRATION_BEFORE_PURCHASE_REQUIRES_REVIEW;EXPIRED_ITEM_FLAG,SME/Data Governance,open,SBRN=SBRN3383
HRQ-02434,record_level_data_quality,dataset-raw-excel-data,record,RECALL_STATUS_MONITORING_REQUIRES_GOVERNANCE;EXPIRATION_BEFORE_PURCHASE_REQUIRES_REVIEW;EXPIRED_ITEM_FLAG,SME/Data Governance,open,SBRN=SBRN3385
HRQ-02435,record_level_data_quality,dataset-raw-excel-data,record,RECALL_STATUS_MONITORING_REQUIRES_GOVERNANCE,SME/Data Governance,open,SBRN=SBRN3386
HRQ-02436,record_level_data_quality,dataset-raw-excel-data,record,EXPIRATION_BEFORE_PURCHASE_REQUIRES_REVIEW;EXPIRED_ITEM_FLAG,SME/Data Governance,open,SBRN=SBRN3389
HRQ-02437,record_level_data_quality,dataset-raw-excel-data,record,RECALL_STATUS_MONITORING_REQUIRES_GOVERNANCE;EXPIRATION_BEFORE_PURCHASE_REQUIRES_REVIEW;EXPIRED_ITEM_FLAG,SME/Data Governance,open,SBRN=SBRN3391
HRQ-02438,record_level_data_quality,dataset-raw-excel-data,record,RECALL_STATUS_MONITORING_REQUIRES_GOVERNANCE;FUTURE_PURCHASE_DATE_REQUIRES_REVIEW;EXPIRATION_BEFORE_PURCHASE_REQUIRES_REVIEW,SME/Data Governance,open,SBRN=SBRN3393
HRQ-02439,record_level_data_quality,dataset-raw-excel-data,record,RECALL_STATUS_MONITORING_REQUIRES_GOVERNANCE,SME/Data Governance,open,SBRN=SBRN3394
HRQ-02440,record_level_data_quality,dataset-raw-excel-data,record,RECALL_STATUS_MONITORING_REQUIRES_GOVERNANCE,SME/Data Governance,open,SBRN=SBRN3395
HRQ-02441,record_level_data_quality,dataset-raw-excel-data,record,RECALL_STATUS_MONITORING_REQUIRES_GOVERNANCE;EXPIRED_ITEM_FLAG,SME/Data Governance,open,SBRN=SBRN3398
HRQ-02442,record_level_data_quality,dataset-raw-excel-data,record,RECALL_STATUS_MONITORING_REQUIRES_GOVERNANCE;FUTURE_PURCHASE_DATE_REQUIRES_REVIEW,SME/Data Governance,open,SBRN=SBRN3399
HRQ-02443,record_level_data_quality,dataset-raw-excel-data,record,RECALL_STATUS_MONITORING_REQUIRES_GOVERNANCE;EXPIRATION_BEFORE_PURCHASE_REQUIRES_REVIEW;EXPIRED_ITEM_FLAG,SME/Data Governance,open,SBRN=SBRN3400
HRQ-02444,record_level_data_quality,dataset-raw-excel-data,record,RECALL_STATUS_MONITORING_REQUIRES_GOVERNANCE,SME/Data Governance,open,SBRN=SBRN3401
HRQ-02445,record_level_data_quality,dataset-raw-excel-data,record,MISSING_RECALL_STATUS_NORMALIZED_TO_NONE;FUTURE_PURCHASE_DATE_REQUIRES_REVIEW,SME/Data Governance,open,SBRN=SBRN3402
HRQ-02446,record_level_data_quality,dataset-raw-excel-data,record,RECALL_STATUS_MONITORING_REQUIRES_GOVERNANCE;FUTURE_PURCHASE_DATE_REQUIRES_REVIEW;EXPIRATION_BEFORE_PURCHASE_REQUIRES_REVIEW;EXPIRED_ITEM_FLAG,SME/Data Governance,open,SBRN=SBRN3403
HRQ-02447,record_level_data_quality,dataset-raw-excel-data,record,MISSING_RECALL_STATUS_NORMALIZED_TO_NONE;EXPIRATION_BEFORE_PURCHASE_REQUIRES_REVIEW;EXPIRED_ITEM_FLAG,SME/Data Governance,open,SBRN=SBRN3404
HRQ-02448,record_level_data_quality,dataset-raw-excel-data,record,EXPIRATION_BEFORE_PURCHASE_REQUIRES_REVIEW;EXPIRED_ITEM_FLAG,SME/Data Governance,open,SBRN=SBRN3406
HRQ-02449,record_level_data_quality,dataset-raw-excel-data,record,MISSING_RECALL_STATUS_NORMALIZED_TO_NONE;FUTURE_PURCHASE_DATE_REQUIRES_REVIEW;EXPIRATION_BEFORE_PURCHASE_REQUIRES_REVIEW;EXPIRED_ITEM_FLAG,SME/Data Governance,open,SBRN=SBRN3407
HRQ-02450,record_level_data_quality,dataset-raw-excel-data,record,EXPIRATION_BEFORE_PURCHASE_REQUIRES_REVIEW;EXPIRED_ITEM_FLAG,SME/Data Governance,open,SBRN=SBRN3408
HRQ-02451,record_level_data_quality,dataset-raw-excel-data,record,RECALL_STATUS_MONITORING_REQUIRES_GOVERNANCE,SME/Data Governance,open,SBRN=SBRN3409
HRQ-02452,record_level_data_quality,dataset-raw-excel-data,record,FUTURE_PURCHASE_DATE_REQUIRES_REVIEW;EXPIRATION_BEFORE_PURCHASE_REQUIRES_REVIEW;EXPIRED_ITEM_FLAG,SME/Data Governance,open,SBRN=SBRN3410
HRQ-02453,record_level_data_quality,dataset-raw-excel-data,record,RECALL_STATUS_MONITORING_REQUIRES_GOVERNANCE;EXPIRATION_BEFORE_PURCHASE_REQUIRES_REVIEW;EXPIRED_ITEM_FLAG,SME/Data Governance,open,SBRN=SBRN3411
HRQ-02454,record_level_data_quality,dataset-raw-excel-data,record,RECALL_STATUS_MONITORING_REQUIRES_GOVERNANCE;FUTURE_PURCHASE_DATE_REQUIRES_REVIEW;EXPIRATION_BEFORE_PURCHASE_REQUIRES_REVIEW;EXPIRED_ITEM_FLAG,SME/Data Governance,open,SBRN=SBRN3412
HRQ-02455,record_level_data_quality,dataset-raw-excel-data,record,MISSING_RECALL_STATUS_NORMALIZED_TO_NONE;FUTURE_PURCHASE_DATE_REQUIRES_REVIEW;EXPIRATION_BEFORE_PURCHASE_REQUIRES_REVIEW;EXPIRED_ITEM_FLAG,SME/Data Governance,open,SBRN=SBRN3413
HRQ-02456,record_level_data_quality,dataset-raw-excel-data,record,RECALL_STATUS_MONITORING_REQUIRES_GOVERNANCE;FUTURE_PURCHASE_DATE_REQUIRES_REVIEW;EXPIRATION_BEFORE_PURCHASE_REQUIRES_REVIEW;EXPIRED_ITEM_FLAG,SME/Data Governance,open,SBRN=SBRN3414
HRQ-02457,record_level_data_quality,dataset-raw-excel-data,record,FUTURE_PURCHASE_DATE_REQUIRES_REVIEW;EXPIRATION_BEFORE_PURCHASE_REQUIRES_REVIEW;EXPIRED_ITEM_FLAG,SME/Data Governance,open,SBRN=SBRN3415
HRQ-02458,record_level_data_quality,dataset-raw-excel-data,record,RECALL_STATUS_MONITORING_REQUIRES_GOVERNANCE;EXPIRED_ITEM_FLAG,SME/Data Governance,open,SBRN=SBRN3416
HRQ-02459,record_level_data_quality,dataset-raw-excel-data,record,MISSING_RECALL_STATUS_NORMALIZED_TO_NONE;EXPIRATION_BEFORE_PURCHASE_REQUIRES_REVIEW;EXPIRED_ITEM_FLAG,SME/Data Governance,open,SBRN=SBRN3417
HRQ-02460,record_level_data_quality,dataset-raw-excel-data,record,RECALL_STATUS_MONITORING_REQUIRES_GOVERNANCE;EXPIRATION_BEFORE_PURCHASE_REQUIRES_REVIEW;EXPIRED_ITEM_FLAG,SME/Data Governance,open,SBRN=SBRN3418
HRQ-02461,record_level_data_quality,dataset-raw-excel-data,record,RECALL_STATUS_MONITORING_REQUIRES_GOVERNANCE;FUTURE_PURCHASE_DATE_REQUIRES_REVIEW;EXPIRATION_BEFORE_PURCHASE_REQUIRES_REVIEW,SME/Data Governance,open,SBRN=SBRN3419
HRQ-02462,record_level_data_quality,dataset-raw-excel-data,record,MISSING_RECALL_STATUS_NORMALIZED_TO_NONE;EXPIRATION_BEFORE_PURCHASE_REQUIRES_REVIEW;EXPIRED_ITEM_FLAG,SME/Data Governance,open,SBRN=SBRN3420
HRQ-02463,record_level_data_quality,dataset-raw-excel-data,record,MISSING_RECALL_STATUS_NORMALIZED_TO_NONE;FUTURE_PURCHASE_DATE_REQUIRES_REVIEW;EXPIRATION_BEFORE_PURCHASE_REQUIRES_REVIEW;EXPIRED_ITEM_FLAG,SME/Data Governance,open,SBRN=SBRN3423
HRQ-02464,record_level_data_quality,dataset-raw-excel-data,record,MISSING_RECALL_STATUS_NORMALIZED_TO_NONE;EXPIRATION_BEFORE_PURCHASE_REQUIRES_REVIEW;EXPIRED_ITEM_FLAG,SME/Data Governance,open,SBRN=SBRN3424
HRQ-02465,record_level_data_quality,dataset-raw-excel-data,record,MISSING_RECALL_STATUS_NORMALIZED_TO_NONE;FUTURE_PURCHASE_DATE_REQUIRES_REVIEW;EXPIRATION_BEFORE_PURCHASE_REQUIRES_REVIEW,SME/Data Governance,open,SBRN=SBRN3425
HRQ-02466,record_level_data_quality,dataset-raw-excel-data,record,RECALL_STATUS_MONITORING_REQUIRES_GOVERNANCE;EXPIRATION_BEFORE_PURCHASE_REQUIRES_REVIEW;EXPIRED_ITEM_FLAG,SME/Data Governance,open,SBRN=SBRN3426
HRQ-02467,record_level_data_quality,dataset-raw-excel-data,record,RECALL_STATUS_MONITORING_REQUIRES_GOVERNANCE;EXPIRED_ITEM_FLAG,SME/Data Governance,open,SBRN=SBRN3428
HRQ-02468,record_level_data_quality,dataset-raw-excel-data,record,RECALL_STATUS_MONITORING_REQUIRES_GOVERNANCE;EXPIRATION_BEFORE_PURCHASE_REQUIRES_REVIEW;EXPIRED_ITEM_FLAG,SME/Data Governance,open,SBRN=SBRN3429
HRQ-02469,record_level_data_quality,dataset-raw-excel-data,record,MISSING_RECALL_STATUS_NORMALIZED_TO_NONE;EXPIRATION_BEFORE_PURCHASE_REQUIRES_REVIEW;EXPIRED_ITEM_FLAG,SME/Data Governance,open,SBRN=SBRN3430
HRQ-02470,record_level_data_quality,dataset-raw-excel-data,record,EXPIRATION_BEFORE_PURCHASE_REQUIRES_REVIEW;EXPIRED_ITEM_FLAG,SME/Data Governance,open,SBRN=SBRN3431
HRQ-02471,record_level_data_quality,dataset-raw-excel-data,record,RECALL_STATUS_MONITORING_REQUIRES_GOVERNANCE;FUTURE_PURCHASE_DATE_REQUIRES_REVIEW;EXPIRATION_BEFORE_PURCHASE_REQUIRES_REVIEW;EXPIRED_ITEM_FLAG,SME/Data Governance,open,SBRN=SBRN3432
HRQ-02472,record_level_data_quality,dataset-raw-excel-data,record,MISSING_RECALL_STATUS_NORMALIZED_TO_NONE;FUTURE_PURCHASE_DATE_REQUIRES_REVIEW;EXPIRATION_BEFORE_PURCHASE_REQUIRES_REVIEW;EXPIRED_ITEM_FLAG,SME/Data Governance,open,SBRN=SBRN3433
HRQ-02473,record_level_data_quality,dataset-raw-excel-data,record,MISSING_RECALL_STATUS_NORMALIZED_TO_NONE;EXPIRATION_BEFORE_PURCHASE_REQUIRES_REVIEW;EXPIRED_ITEM_FLAG,SME/Data Governance,open,SBRN=SBRN3434
HRQ-02474,record_level_data_quality,dataset-raw-excel-data,record,FUTURE_PURCHASE_DATE_REQUIRES_REVIEW,SME/Data Governance,open,SBRN=SBRN3435
HRQ-02475,record_level_data_quality,dataset-raw-excel-data,record,RECALL_STATUS_MONITORING_REQUIRES_GOVERNANCE;EXPIRED_ITEM_FLAG,SME/Data Governance,open,SBRN=SBRN3436
HRQ-02476,record_level_data_quality,dataset-raw-excel-data,record,EXPIRATION_BEFORE_PURCHASE_REQUIRES_REVIEW;EXPIRED_ITEM_FLAG,SME/Data Governance,open,SBRN=SBRN3437
HRQ-02477,record_level_data_quality,dataset-raw-excel-data,record,MISSING_RECALL_STATUS_NORMALIZED_TO_NONE;FUTURE_PURCHASE_DATE_REQUIRES_REVIEW;EXPIRATION_BEFORE_PURCHASE_REQUIRES_REVIEW;EXPIRED_ITEM_FLAG,SME/Data Governance,open,SBRN=SBRN3438
HRQ-02478,record_level_data_quality,dataset-raw-excel-data,record,RECALL_STATUS_MONITORING_REQUIRES_GOVERNANCE,SME/Data Governance,open,SBRN=SBRN3439
HRQ-02479,record_level_data_quality,dataset-raw-excel-data,record,RECALL_STATUS_MONITORING_REQUIRES_GOVERNANCE,SME/Data Governance,open,SBRN=SBRN3443
HRQ-02480,record_level_data_quality,dataset-raw-excel-data,record,RECALL_STATUS_MONITORING_REQUIRES_GOVERNANCE,SME/Data Governance,open,SBRN=SBRN3444
HRQ-02481,record_level_data_quality,dataset-raw-excel-data,record,RECALL_STATUS_MONITORING_REQUIRES_GOVERNANCE;EXPIRATION_BEFORE_PURCHASE_REQUIRES_REVIEW;EXPIRED_ITEM_FLAG,SME/Data Governance,open,SBRN=SBRN3445
HRQ-02482,record_level_data_quality,dataset-raw-excel-data,record,RECALL_STATUS_MONITORING_REQUIRES_GOVERNANCE,SME/Data Governance,open,SBRN=SBRN3446
HRQ-02483,record_level_data_quality,dataset-raw-excel-data,record,FUTURE_PURCHASE_DATE_REQUIRES_REVIEW;EXPIRATION_BEFORE_PURCHASE_REQUIRES_REVIEW;EXPIRED_ITEM_FLAG,SME/Data Governance,open,SBRN=SBRN3447
HRQ-02484,record_level_data_quality,dataset-raw-excel-data,record,FUTURE_PURCHASE_DATE_REQUIRES_REVIEW,SME/Data Governance,open,SBRN=SBRN3450
HRQ-02485,record_level_data_quality,dataset-raw-excel-data,record,EXPIRATION_BEFORE_PURCHASE_REQUIRES_REVIEW;EXPIRED_ITEM_FLAG,SME/Data Governance,open,SBRN=SBRN3452
HRQ-02486,record_level_data_quality,dataset-raw-excel-data,record,RECALL_STATUS_MONITORING_REQUIRES_GOVERNANCE;EXPIRATION_BEFORE_PURCHASE_REQUIRES_REVIEW;EXPIRED_ITEM_FLAG,SME/Data Governance,open,SBRN=SBRN3453
HRQ-02487,record_level_data_quality,dataset-raw-excel-data,record,EXPIRATION_BEFORE_PURCHASE_REQUIRES_REVIEW;EXPIRED_ITEM_FLAG,SME/Data Governance,open,SBRN=SBRN3454
HRQ-02488,record_level_data_quality,dataset-raw-excel-data,record,RECALL_STATUS_MONITORING_REQUIRES_GOVERNANCE;EXPIRATION_BEFORE_PURCHASE_REQUIRES_REVIEW;EXPIRED_ITEM_FLAG,SME/Data Governance,open,SBRN=SBRN3455
HRQ-02489,record_level_data_quality,dataset-raw-excel-data,record,RECALL_STATUS_MONITORING_REQUIRES_GOVERNANCE;EXPIRATION_BEFORE_PURCHASE_REQUIRES_REVIEW;EXPIRED_ITEM_FLAG,SME/Data Governance,open,SBRN=SBRN3456
HRQ-02490,record_level_data_quality,dataset-raw-excel-data,record,MISSING_RECALL_STATUS_NORMALIZED_TO_NONE;EXPIRATION_BEFORE_PURCHASE_REQUIRES_REVIEW;EXPIRED_ITEM_FLAG,SME/Data Governance,open,SBRN=SBRN3457
HRQ-02491,record_level_data_quality,dataset-raw-excel-data,record,RECALL_STATUS_MONITORING_REQUIRES_GOVERNANCE;EXPIRATION_BEFORE_PURCHASE_REQUIRES_REVIEW;EXPIRED_ITEM_FLAG,SME/Data Governance,open,SBRN=SBRN3460
HRQ-02492,record_level_data_quality,dataset-raw-excel-data,record,MISSING_RECALL_STATUS_NORMALIZED_TO_NONE;FUTURE_PURCHASE_DATE_REQUIRES_REVIEW;EXPIRATION_BEFORE_PURCHASE_REQUIRES_REVIEW;EXPIRED_ITEM_FLAG,SME/Data Governance,open,SBRN=SBRN3461
HRQ-02493,record_level_data_quality,dataset-raw-excel-data,record,MISSING_RECALL_STATUS_NORMALIZED_TO_NONE;FUTURE_PURCHASE_DATE_REQUIRES_REVIEW;EXPIRATION_BEFORE_PURCHASE_REQUIRES_REVIEW,SME/Data Governance,open,SBRN=SBRN3462
HRQ-02494,record_level_data_quality,dataset-raw-excel-data,record,RECALL_STATUS_MONITORING_REQUIRES_GOVERNANCE;EXPIRATION_BEFORE_PURCHASE_REQUIRES_REVIEW;EXPIRED_ITEM_FLAG,SME/Data Governance,open,SBRN=SBRN3465
HRQ-02495,record_level_data_quality,dataset-raw-excel-data,record,RECALL_STATUS_MONITORING_REQUIRES_GOVERNANCE;EXPIRED_ITEM_FLAG,SME/Data Governance,open,SBRN=SBRN3468
HRQ-02496,record_level_data_quality,dataset-raw-excel-data,record,RECALL_STATUS_MONITORING_REQUIRES_GOVERNANCE;EXPIRED_ITEM_FLAG,SME/Data Governance,open,SBRN=SBRN3469
HRQ-02497,record_level_data_quality,dataset-raw-excel-data,record,RECALL_STATUS_MONITORING_REQUIRES_GOVERNANCE;EXPIRED_ITEM_FLAG,SME/Data Governance,open,SBRN=SBRN3470
HRQ-02498,record_level_data_quality,dataset-raw-excel-data,record,RECALL_STATUS_MONITORING_REQUIRES_GOVERNANCE;EXPIRED_ITEM_FLAG,SME/Data Governance,open,SBRN=SBRN3471
HRQ-02499,record_level_data_quality,dataset-raw-excel-data,record,FUTURE_PURCHASE_DATE_REQUIRES_REVIEW,SME/Data Governance,open,SBRN=SBRN3472
HRQ-02500,record_level_data_quality,dataset-raw-excel-data,record,FUTURE_PURCHASE_DATE_REQUIRES_REVIEW;EXPIRATION_BEFORE_PURCHASE_REQUIRES_REVIEW;EXPIRED_ITEM_FLAG,SME/Data Governance,open,SBRN=SBRN3473
HRQ-02501,record_level_data_quality,dataset-raw-excel-data,record,MISSING_RECALL_STATUS_NORMALIZED_TO_NONE;FUTURE_PURCHASE_DATE_REQUIRES_REVIEW;EXPIRATION_BEFORE_PURCHASE_REQUIRES_REVIEW,SME/Data Governance,open,SBRN=SBRN3474
HRQ-02502,record_level_data_quality,dataset-raw-excel-data,record,MISSING_RECALL_STATUS_NORMALIZED_TO_NONE;EXPIRATION_BEFORE_PURCHASE_REQUIRES_REVIEW;EXPIRED_ITEM_FLAG,SME/Data Governance,open,SBRN=SBRN3475
HRQ-02503,record_level_data_quality,dataset-raw-excel-data,record,MISSING_RECALL_STATUS_NORMALIZED_TO_NONE;EXPIRATION_BEFORE_PURCHASE_REQUIRES_REVIEW;EXPIRED_ITEM_FLAG,SME/Data Governance,open,SBRN=SBRN3477
HRQ-02504,record_level_data_quality,dataset-raw-excel-data,record,MISSING_RECALL_STATUS_NORMALIZED_TO_NONE;FUTURE_PURCHASE_DATE_REQUIRES_REVIEW;EXPIRATION_BEFORE_PURCHASE_REQUIRES_REVIEW,SME/Data Governance,open,SBRN=SBRN3478
HRQ-02505,record_level_data_quality,dataset-raw-excel-data,record,RECALL_STATUS_MONITORING_REQUIRES_GOVERNANCE;FUTURE_PURCHASE_DATE_REQUIRES_REVIEW;EXPIRATION_BEFORE_PURCHASE_REQUIRES_REVIEW;EXPIRED_ITEM_FLAG,SME/Data Governance,open,SBRN=SBRN3480
HRQ-02506,record_level_data_quality,dataset-raw-excel-data,record,RECALL_STATUS_MONITORING_REQUIRES_GOVERNANCE;FUTURE_PURCHASE_DATE_REQUIRES_REVIEW;EXPIRATION_BEFORE_PURCHASE_REQUIRES_REVIEW;EXPIRED_ITEM_FLAG,SME/Data Governance,open,SBRN=SBRN3481
HRQ-02507,record_level_data_quality,dataset-raw-excel-data,record,FUTURE_PURCHASE_DATE_REQUIRES_REVIEW;EXPIRATION_BEFORE_PURCHASE_REQUIRES_REVIEW;EXPIRED_ITEM_FLAG,SME/Data Governance,open,SBRN=SBRN3482
HRQ-02508,record_level_data_quality,dataset-raw-excel-data,record,RECALL_STATUS_MONITORING_REQUIRES_GOVERNANCE;EXPIRATION_BEFORE_PURCHASE_REQUIRES_REVIEW;EXPIRED_ITEM_FLAG,SME/Data Governance,open,SBRN=SBRN3483
HRQ-02509,record_level_data_quality,dataset-raw-excel-data,record,RECALL_STATUS_MONITORING_REQUIRES_GOVERNANCE;EXPIRED_ITEM_FLAG,SME/Data Governance,open,SBRN=SBRN3484
HRQ-02510,record_level_data_quality,dataset-raw-excel-data,record,RECALL_STATUS_MONITORING_REQUIRES_GOVERNANCE,SME/Data Governance,open,SBRN=SBRN3485
HRQ-02511,record_level_data_quality,dataset-raw-excel-data,record,RECALL_STATUS_MONITORING_REQUIRES_GOVERNANCE;EXPIRED_ITEM_FLAG,SME/Data Governance,open,SBRN=SBRN3486
HRQ-02512,record_level_data_quality,dataset-raw-excel-data,record,RECALL_STATUS_MONITORING_REQUIRES_GOVERNANCE;EXPIRATION_BEFORE_PURCHASE_REQUIRES_REVIEW;EXPIRED_ITEM_FLAG,SME/Data Governance,open,SBRN=SBRN3487
HRQ-02513,record_level_data_quality,dataset-raw-excel-data,record,RECALL_STATUS_MONITORING_REQUIRES_GOVERNANCE;FUTURE_PURCHASE_DATE_REQUIRES_REVIEW;EXPIRATION_BEFORE_PURCHASE_REQUIRES_REVIEW;EXPIRED_ITEM_FLAG,SME/Data Governance,open,SBRN=SBRN3488
HRQ-02514,record_level_data_quality,dataset-raw-excel-data,record,RECALL_STATUS_MONITORING_REQUIRES_GOVERNANCE;EXPIRED_ITEM_FLAG,SME/Data Governance,open,SBRN=SBRN3490
HRQ-02515,record_level_data_quality,dataset-raw-excel-data,record,RECALL_STATUS_MONITORING_REQUIRES_GOVERNANCE,SME/Data Governance,open,SBRN=SBRN3491
HRQ-02516,record_level_data_quality,dataset-raw-excel-data,record,MISSING_RECALL_STATUS_NORMALIZED_TO_NONE;EXPIRATION_BEFORE_PURCHASE_REQUIRES_REVIEW;EXPIRED_ITEM_FLAG,SME/Data Governance,open,SBRN=SBRN3492
HRQ-02517,record_level_data_quality,dataset-raw-excel-data,record,RECALL_STATUS_MONITORING_REQUIRES_GOVERNANCE;FUTURE_PURCHASE_DATE_REQUIRES_REVIEW;EXPIRATION_BEFORE_PURCHASE_REQUIRES_REVIEW;EXPIRED_ITEM_FLAG,SME/Data Governance,open,SBRN=SBRN3494
HRQ-02518,record_level_data_quality,dataset-raw-excel-data,record,RECALL_STATUS_MONITORING_REQUIRES_GOVERNANCE;EXPIRED_ITEM_FLAG,SME/Data Governance,open,SBRN=SBRN3495
HRQ-02519,record_level_data_quality,dataset-raw-excel-data,record,RECALL_STATUS_MONITORING_REQUIRES_GOVERNANCE,SME/Data Governance,open,SBRN=SBRN3496
HRQ-02520,record_level_data_quality,dataset-raw-excel-data,record,MISSING_RECALL_STATUS_NORMALIZED_TO_NONE;EXPIRATION_BEFORE_PURCHASE_REQUIRES_REVIEW;EXPIRED_ITEM_FLAG,SME/Data Governance,open,SBRN=SBRN3497
HRQ-02521,record_level_data_quality,dataset-raw-excel-data,record,MISSING_RECALL_STATUS_NORMALIZED_TO_NONE;FUTURE_PURCHASE_DATE_REQUIRES_REVIEW;EXPIRATION_BEFORE_PURCHASE_REQUIRES_REVIEW;EXPIRED_ITEM_FLAG,SME/Data Governance,open,SBRN=SBRN3498
HRQ-02522,record_level_data_quality,dataset-raw-excel-data,record,RECALL_STATUS_MONITORING_REQUIRES_GOVERNANCE;EXPIRED_ITEM_FLAG,SME/Data Governance,open,SBRN=SBRN3501
HRQ-02523,record_level_data_quality,dataset-raw-excel-data,record,MISSING_RECALL_STATUS_NORMALIZED_TO_NONE;FUTURE_PURCHASE_DATE_REQUIRES_REVIEW;EXPIRATION_BEFORE_PURCHASE_REQUIRES_REVIEW;EXPIRED_ITEM_FLAG,SME/Data Governance,open,SBRN=SBRN3504
HRQ-02524,record_level_data_quality,dataset-raw-excel-data,record,RECALL_STATUS_MONITORING_REQUIRES_GOVERNANCE;EXPIRATION_BEFORE_PURCHASE_REQUIRES_REVIEW;EXPIRED_ITEM_FLAG,SME/Data Governance,open,SBRN=SBRN3505
HRQ-02525,record_level_data_quality,dataset-raw-excel-data,record,RECALL_STATUS_MONITORING_REQUIRES_GOVERNANCE;FUTURE_PURCHASE_DATE_REQUIRES_REVIEW;EXPIRATION_BEFORE_PURCHASE_REQUIRES_REVIEW,SME/Data Governance,open,SBRN=SBRN3506
HRQ-02526,record_level_data_quality,dataset-raw-excel-data,record,RECALL_STATUS_MONITORING_REQUIRES_GOVERNANCE;EXPIRATION_BEFORE_PURCHASE_REQUIRES_REVIEW;EXPIRED_ITEM_FLAG,SME/Data Governance,open,SBRN=SBRN3508
HRQ-02527,record_level_data_quality,dataset-raw-excel-data,record,FUTURE_PURCHASE_DATE_REQUIRES_REVIEW;EXPIRATION_BEFORE_PURCHASE_REQUIRES_REVIEW;EXPIRED_ITEM_FLAG,SME/Data Governance,open,SBRN=SBRN3509
HRQ-02528,record_level_data_quality,dataset-raw-excel-data,record,RECALL_STATUS_MONITORING_REQUIRES_GOVERNANCE;EXPIRED_ITEM_FLAG,SME/Data Governance,open,SBRN=SBRN3510
HRQ-02529,record_level_data_quality,dataset-raw-excel-data,record,RECALL_STATUS_MONITORING_REQUIRES_GOVERNANCE;FUTURE_PURCHASE_DATE_REQUIRES_REVIEW;EXPIRATION_BEFORE_PURCHASE_REQUIRES_REVIEW;EXPIRED_ITEM_FLAG,SME/Data Governance,open,SBRN=SBRN3511
HRQ-02530,record_level_data_quality,dataset-raw-excel-data,record,FUTURE_PURCHASE_DATE_REQUIRES_REVIEW;EXPIRATION_BEFORE_PURCHASE_REQUIRES_REVIEW;EXPIRED_ITEM_FLAG,SME/Data Governance,open,SBRN=SBRN3512
HRQ-02531,record_level_data_quality,dataset-raw-excel-data,record,RECALL_STATUS_MONITORING_REQUIRES_GOVERNANCE;FUTURE_PURCHASE_DATE_REQUIRES_REVIEW;EXPIRATION_BEFORE_PURCHASE_REQUIRES_REVIEW;EXPIRED_ITEM_FLAG,SME/Data Governance,open,SBRN=SBRN3514
HRQ-02532,record_level_data_quality,dataset-raw-excel-data,record,MISSING_RECALL_STATUS_NORMALIZED_TO_NONE;EXPIRATION_BEFORE_PURCHASE_REQUIRES_REVIEW;EXPIRED_ITEM_FLAG,SME/Data Governance,open,SBRN=SBRN3516
HRQ-02533,record_level_data_quality,dataset-raw-excel-data,record,EXPIRATION_BEFORE_PURCHASE_REQUIRES_REVIEW;EXPIRED_ITEM_FLAG,SME/Data Governance,open,SBRN=SBRN3517
HRQ-02534,record_level_data_quality,dataset-raw-excel-data,record,RECALL_STATUS_MONITORING_REQUIRES_GOVERNANCE;EXPIRED_ITEM_FLAG,SME/Data Governance,open,SBRN=SBRN3518
HRQ-02535,record_level_data_quality,dataset-raw-excel-data,record,RECALL_STATUS_MONITORING_REQUIRES_GOVERNANCE;EXPIRED_ITEM_FLAG,SME/Data Governance,open,SBRN=SBRN3519
HRQ-02536,record_level_data_quality,dataset-raw-excel-data,record,RECALL_STATUS_MONITORING_REQUIRES_GOVERNANCE;EXPIRED_ITEM_FLAG,SME/Data Governance,open,SBRN=SBRN3522
HRQ-02537,record_level_data_quality,dataset-raw-excel-data,record,RECALL_STATUS_MONITORING_REQUIRES_GOVERNANCE;EXPIRED_ITEM_FLAG,SME/Data Governance,open,SBRN=SBRN3525
HRQ-02538,record_level_data_quality,dataset-raw-excel-data,record,RECALL_STATUS_MONITORING_REQUIRES_GOVERNANCE,SME/Data Governance,open,SBRN=SBRN3526
HRQ-02539,record_level_data_quality,dataset-raw-excel-data,record,RECALL_STATUS_MONITORING_REQUIRES_GOVERNANCE;EXPIRATION_BEFORE_PURCHASE_REQUIRES_REVIEW;EXPIRED_ITEM_FLAG,SME/Data Governance,open,SBRN=SBRN3527
HRQ-02540,record_level_data_quality,dataset-raw-excel-data,record,RECALL_STATUS_MONITORING_REQUIRES_GOVERNANCE,SME/Data Governance,open,SBRN=SBRN3528
HRQ-02541,record_level_data_quality,dataset-raw-excel-data,record,RECALL_STATUS_MONITORING_REQUIRES_GOVERNANCE;EXPIRED_ITEM_FLAG,SME/Data Governance,open,SBRN=SBRN3529
HRQ-02542,record_level_data_quality,dataset-raw-excel-data,record,RECALL_STATUS_MONITORING_REQUIRES_GOVERNANCE;EXPIRED_ITEM_FLAG,SME/Data Governance,open,SBRN=SBRN3530
HRQ-02543,record_level_data_quality,dataset-raw-excel-data,record,FUTURE_PURCHASE_DATE_REQUIRES_REVIEW;EXPIRATION_BEFORE_PURCHASE_REQUIRES_REVIEW,SME/Data Governance,open,SBRN=SBRN3531
HRQ-02544,record_level_data_quality,dataset-raw-excel-data,record,MISSING_RECALL_STATUS_NORMALIZED_TO_NONE;EXPIRATION_BEFORE_PURCHASE_REQUIRES_REVIEW;EXPIRED_ITEM_FLAG,SME/Data Governance,open,SBRN=SBRN3532
HRQ-02545,record_level_data_quality,dataset-raw-excel-data,record,EXPIRATION_BEFORE_PURCHASE_REQUIRES_REVIEW;EXPIRED_ITEM_FLAG,SME/Data Governance,open,SBRN=SBRN3533
HRQ-02546,record_level_data_quality,dataset-raw-excel-data,record,RECALL_STATUS_MONITORING_REQUIRES_GOVERNANCE,SME/Data Governance,open,SBRN=SBRN3535
HRQ-02547,record_level_data_quality,dataset-raw-excel-data,record,RECALL_STATUS_MONITORING_REQUIRES_GOVERNANCE;EXPIRATION_BEFORE_PURCHASE_REQUIRES_REVIEW;EXPIRED_ITEM_FLAG,SME/Data Governance,open,SBRN=SBRN3536
HRQ-02548,record_level_data_quality,dataset-raw-excel-data,record,MISSING_RECALL_STATUS_NORMALIZED_TO_NONE;EXPIRATION_BEFORE_PURCHASE_REQUIRES_REVIEW;EXPIRED_ITEM_FLAG,SME/Data Governance,open,SBRN=SBRN3537
HRQ-02549,record_level_data_quality,dataset-raw-excel-data,record,MISSING_RECALL_STATUS_NORMALIZED_TO_NONE;EXPIRATION_BEFORE_PURCHASE_REQUIRES_REVIEW;EXPIRED_ITEM_FLAG,SME/Data Governance,open,SBRN=SBRN3538
HRQ-02550,record_level_data_quality,dataset-raw-excel-data,record,RECALL_STATUS_MONITORING_REQUIRES_GOVERNANCE,SME/Data Governance,open,SBRN=SBRN3539
HRQ-02551,record_level_data_quality,dataset-raw-excel-data,record,EXPIRATION_BEFORE_PURCHASE_REQUIRES_REVIEW;EXPIRED_ITEM_FLAG,SME/Data Governance,open,SBRN=SBRN3541
HRQ-02552,record_level_data_quality,dataset-raw-excel-data,record,RECALL_STATUS_MONITORING_REQUIRES_GOVERNANCE;FUTURE_PURCHASE_DATE_REQUIRES_REVIEW;EXPIRATION_BEFORE_PURCHASE_REQUIRES_REVIEW;EXPIRED_ITEM_FLAG,SME/Data Governance,open,SBRN=SBRN3543
HRQ-02553,record_level_data_quality,dataset-raw-excel-data,record,RECALL_STATUS_MONITORING_REQUIRES_GOVERNANCE;FUTURE_PURCHASE_DATE_REQUIRES_REVIEW,SME/Data Governance,open,SBRN=SBRN3546
HRQ-02554,record_level_data_quality,dataset-raw-excel-data,record,EXPIRATION_BEFORE_PURCHASE_REQUIRES_REVIEW;EXPIRED_ITEM_FLAG,SME/Data Governance,open,SBRN=SBRN3547
HRQ-02555,record_level_data_quality,dataset-raw-excel-data,record,RECALL_STATUS_MONITORING_REQUIRES_GOVERNANCE,SME/Data Governance,open,SBRN=SBRN3549
HRQ-02556,record_level_data_quality,dataset-raw-excel-data,record,EXPIRATION_BEFORE_PURCHASE_REQUIRES_REVIEW;EXPIRED_ITEM_FLAG,SME/Data Governance,open,SBRN=SBRN3552
HRQ-02557,record_level_data_quality,dataset-raw-excel-data,record,FUTURE_PURCHASE_DATE_REQUIRES_REVIEW;EXPIRATION_BEFORE_PURCHASE_REQUIRES_REVIEW;EXPIRED_ITEM_FLAG,SME/Data Governance,open,SBRN=SBRN3553
HRQ-02558,record_level_data_quality,dataset-raw-excel-data,record,RECALL_STATUS_MONITORING_REQUIRES_GOVERNANCE;FUTURE_PURCHASE_DATE_REQUIRES_REVIEW;EXPIRATION_BEFORE_PURCHASE_REQUIRES_REVIEW;EXPIRED_ITEM_FLAG,SME/Data Governance,open,SBRN=SBRN3554
HRQ-02559,record_level_data_quality,dataset-raw-excel-data,record,RECALL_STATUS_MONITORING_REQUIRES_GOVERNANCE;EXPIRATION_BEFORE_PURCHASE_REQUIRES_REVIEW;EXPIRED_ITEM_FLAG,SME/Data Governance,open,SBRN=SBRN3557
HRQ-02560,record_level_data_quality,dataset-raw-excel-data,record,RECALL_STATUS_MONITORING_REQUIRES_GOVERNANCE;EXPIRED_ITEM_FLAG,SME/Data Governance,open,SBRN=SBRN3559
HRQ-02561,record_level_data_quality,dataset-raw-excel-data,record,RECALL_STATUS_MONITORING_REQUIRES_GOVERNANCE,SME/Data Governance,open,SBRN=SBRN3560
HRQ-02562,record_level_data_quality,dataset-raw-excel-data,record,FUTURE_PURCHASE_DATE_REQUIRES_REVIEW;EXPIRATION_BEFORE_PURCHASE_REQUIRES_REVIEW;EXPIRED_ITEM_FLAG,SME/Data Governance,open,SBRN=SBRN3562
HRQ-02563,record_level_data_quality,dataset-raw-excel-data,record,MISSING_RECALL_STATUS_NORMALIZED_TO_NONE;EXPIRATION_BEFORE_PURCHASE_REQUIRES_REVIEW;EXPIRED_ITEM_FLAG,SME/Data Governance,open,SBRN=SBRN3566
HRQ-02564,record_level_data_quality,dataset-raw-excel-data,record,RECALL_STATUS_MONITORING_REQUIRES_GOVERNANCE,SME/Data Governance,open,SBRN=SBRN3567
HRQ-02565,record_level_data_quality,dataset-raw-excel-data,record,EXPIRATION_BEFORE_PURCHASE_REQUIRES_REVIEW;EXPIRED_ITEM_FLAG,SME/Data Governance,open,SBRN=SBRN3568
HRQ-02566,record_level_data_quality,dataset-raw-excel-data,record,RECALL_STATUS_MONITORING_REQUIRES_GOVERNANCE;EXPIRED_ITEM_FLAG,SME/Data Governance,open,SBRN=SBRN3569
HRQ-02567,record_level_data_quality,dataset-raw-excel-data,record,EXPIRATION_BEFORE_PURCHASE_REQUIRES_REVIEW;EXPIRED_ITEM_FLAG,SME/Data Governance,open,SBRN=SBRN3570
HRQ-02568,record_level_data_quality,dataset-raw-excel-data,record,FUTURE_PURCHASE_DATE_REQUIRES_REVIEW;EXPIRATION_BEFORE_PURCHASE_REQUIRES_REVIEW;EXPIRED_ITEM_FLAG,SME/Data Governance,open,SBRN=SBRN3571
HRQ-02569,record_level_data_quality,dataset-raw-excel-data,record,RECALL_STATUS_MONITORING_REQUIRES_GOVERNANCE;EXPIRATION_BEFORE_PURCHASE_REQUIRES_REVIEW;EXPIRED_ITEM_FLAG,SME/Data Governance,open,SBRN=SBRN3573
HRQ-02570,record_level_data_quality,dataset-raw-excel-data,record,RECALL_STATUS_MONITORING_REQUIRES_GOVERNANCE;EXPIRATION_BEFORE_PURCHASE_REQUIRES_REVIEW;EXPIRED_ITEM_FLAG,SME/Data Governance,open,SBRN=SBRN3575
HRQ-02571,record_level_data_quality,dataset-raw-excel-data,record,RECALL_STATUS_MONITORING_REQUIRES_GOVERNANCE;EXPIRED_ITEM_FLAG,SME/Data Governance,open,SBRN=SBRN3576
HRQ-02572,record_level_data_quality,dataset-raw-excel-data,record,EXPIRATION_BEFORE_PURCHASE_REQUIRES_REVIEW;EXPIRED_ITEM_FLAG,SME/Data Governance,open,SBRN=SBRN3577
HRQ-02573,record_level_data_quality,dataset-raw-excel-data,record,MISSING_RECALL_STATUS_NORMALIZED_TO_NONE;EXPIRATION_BEFORE_PURCHASE_REQUIRES_REVIEW;EXPIRED_ITEM_FLAG,SME/Data Governance,open,SBRN=SBRN3578
HRQ-02574,record_level_data_quality,dataset-raw-excel-data,record,FUTURE_PURCHASE_DATE_REQUIRES_REVIEW;EXPIRATION_BEFORE_PURCHASE_REQUIRES_REVIEW;EXPIRED_ITEM_FLAG,SME/Data Governance,open,SBRN=SBRN3579
HRQ-02575,record_level_data_quality,dataset-raw-excel-data,record,RECALL_STATUS_MONITORING_REQUIRES_GOVERNANCE;FUTURE_PURCHASE_DATE_REQUIRES_REVIEW,SME/Data Governance,open,SBRN=SBRN3580
HRQ-02576,record_level_data_quality,dataset-raw-excel-data,record,RECALL_STATUS_MONITORING_REQUIRES_GOVERNANCE;EXPIRED_ITEM_FLAG,SME/Data Governance,open,SBRN=SBRN3581
HRQ-02577,record_level_data_quality,dataset-raw-excel-data,record,RECALL_STATUS_MONITORING_REQUIRES_GOVERNANCE;EXPIRED_ITEM_FLAG,SME/Data Governance,open,SBRN=SBRN3582
HRQ-02578,record_level_data_quality,dataset-raw-excel-data,record,RECALL_STATUS_MONITORING_REQUIRES_GOVERNANCE;FUTURE_PURCHASE_DATE_REQUIRES_REVIEW;EXPIRATION_BEFORE_PURCHASE_REQUIRES_REVIEW;EXPIRED_ITEM_FLAG,SME/Data Governance,open,SBRN=SBRN3584
HRQ-02579,record_level_data_quality,dataset-raw-excel-data,record,RECALL_STATUS_MONITORING_REQUIRES_GOVERNANCE;EXPIRATION_BEFORE_PURCHASE_REQUIRES_REVIEW;EXPIRED_ITEM_FLAG,SME/Data Governance,open,SBRN=SBRN3586
HRQ-02580,record_level_data_quality,dataset-raw-excel-data,record,MISSING_RECALL_STATUS_NORMALIZED_TO_NONE;FUTURE_PURCHASE_DATE_REQUIRES_REVIEW;EXPIRATION_BEFORE_PURCHASE_REQUIRES_REVIEW;EXPIRED_ITEM_FLAG,SME/Data Governance,open,SBRN=SBRN3587
HRQ-02581,record_level_data_quality,dataset-raw-excel-data,record,MISSING_RECALL_STATUS_NORMALIZED_TO_NONE;EXPIRATION_BEFORE_PURCHASE_REQUIRES_REVIEW;EXPIRED_ITEM_FLAG,SME/Data Governance,open,SBRN=SBRN3588
HRQ-02582,record_level_data_quality,dataset-raw-excel-data,record,MISSING_RECALL_STATUS_NORMALIZED_TO_NONE;FUTURE_PURCHASE_DATE_REQUIRES_REVIEW;EXPIRATION_BEFORE_PURCHASE_REQUIRES_REVIEW;EXPIRED_ITEM_FLAG,SME/Data Governance,open,SBRN=SBRN3589
HRQ-02583,record_level_data_quality,dataset-raw-excel-data,record,RECALL_STATUS_MONITORING_REQUIRES_GOVERNANCE;EXPIRED_ITEM_FLAG,SME/Data Governance,open,SBRN=SBRN3590
HRQ-02584,record_level_data_quality,dataset-raw-excel-data,record,RECALL_STATUS_MONITORING_REQUIRES_GOVERNANCE,SME/Data Governance,open,SBRN=SBRN3591
HRQ-02585,record_level_data_quality,dataset-raw-excel-data,record,RECALL_STATUS_MONITORING_REQUIRES_GOVERNANCE,SME/Data Governance,open,SBRN=SBRN3592
HRQ-02586,record_level_data_quality,dataset-raw-excel-data,record,RECALL_STATUS_MONITORING_REQUIRES_GOVERNANCE;EXPIRED_ITEM_FLAG,SME/Data Governance,open,SBRN=SBRN3594
HRQ-02587,record_level_data_quality,dataset-raw-excel-data,record,RECALL_STATUS_MONITORING_REQUIRES_GOVERNANCE;FUTURE_PURCHASE_DATE_REQUIRES_REVIEW;EXPIRATION_BEFORE_PURCHASE_REQUIRES_REVIEW;EXPIRED_ITEM_FLAG,SME/Data Governance,open,SBRN=SBRN3595
HRQ-02588,record_level_data_quality,dataset-raw-excel-data,record,RECALL_STATUS_MONITORING_REQUIRES_GOVERNANCE;FUTURE_PURCHASE_DATE_REQUIRES_REVIEW;EXPIRATION_BEFORE_PURCHASE_REQUIRES_REVIEW;EXPIRED_ITEM_FLAG,SME/Data Governance,open,SBRN=SBRN3596
HRQ-02589,record_level_data_quality,dataset-raw-excel-data,record,RECALL_STATUS_MONITORING_REQUIRES_GOVERNANCE;EXPIRATION_BEFORE_PURCHASE_REQUIRES_REVIEW;EXPIRED_ITEM_FLAG,SME/Data Governance,open,SBRN=SBRN3597
HRQ-02590,record_level_data_quality,dataset-raw-excel-data,record,RECALL_STATUS_MONITORING_REQUIRES_GOVERNANCE;EXPIRED_ITEM_FLAG,SME/Data Governance,open,SBRN=SBRN3598
HRQ-02591,record_level_data_quality,dataset-raw-excel-data,record,EXPIRATION_BEFORE_PURCHASE_REQUIRES_REVIEW;EXPIRED_ITEM_FLAG,SME/Data Governance,open,SBRN=SBRN3600
HRQ-02592,record_level_data_quality,dataset-raw-excel-data,record,RECALL_STATUS_MONITORING_REQUIRES_GOVERNANCE,SME/Data Governance,open,SBRN=SBRN3602
HRQ-02593,record_level_data_quality,dataset-raw-excel-data,record,RECALL_STATUS_MONITORING_REQUIRES_GOVERNANCE;EXPIRED_ITEM_FLAG,SME/Data Governance,open,SBRN=SBRN3603
HRQ-02594,record_level_data_quality,dataset-raw-excel-data,record,EXPIRATION_BEFORE_PURCHASE_REQUIRES_REVIEW;EXPIRED_ITEM_FLAG,SME/Data Governance,open,SBRN=SBRN3604
HRQ-02595,record_level_data_quality,dataset-raw-excel-data,record,MISSING_RECALL_STATUS_NORMALIZED_TO_NONE;FUTURE_PURCHASE_DATE_REQUIRES_REVIEW;EXPIRATION_BEFORE_PURCHASE_REQUIRES_REVIEW;EXPIRED_ITEM_FLAG,SME/Data Governance,open,SBRN=SBRN3605
HRQ-02596,record_level_data_quality,dataset-raw-excel-data,record,RECALL_STATUS_MONITORING_REQUIRES_GOVERNANCE;EXPIRATION_BEFORE_PURCHASE_REQUIRES_REVIEW;EXPIRED_ITEM_FLAG,SME/Data Governance,open,SBRN=SBRN3607
HRQ-02597,record_level_data_quality,dataset-raw-excel-data,record,MISSING_RECALL_STATUS_NORMALIZED_TO_NONE;EXPIRATION_BEFORE_PURCHASE_REQUIRES_REVIEW;EXPIRED_ITEM_FLAG,SME/Data Governance,open,SBRN=SBRN3609
HRQ-02598,record_level_data_quality,dataset-raw-excel-data,record,RECALL_STATUS_MONITORING_REQUIRES_GOVERNANCE;EXPIRED_ITEM_FLAG,SME/Data Governance,open,SBRN=SBRN3610
HRQ-02599,record_level_data_quality,dataset-raw-excel-data,record,FUTURE_PURCHASE_DATE_REQUIRES_REVIEW;EXPIRATION_BEFORE_PURCHASE_REQUIRES_REVIEW;EXPIRED_ITEM_FLAG,SME/Data Governance,open,SBRN=SBRN3611
HRQ-02600,record_level_data_quality,dataset-raw-excel-data,record,MISSING_RECALL_STATUS_NORMALIZED_TO_NONE;EXPIRATION_BEFORE_PURCHASE_REQUIRES_REVIEW;EXPIRED_ITEM_FLAG,SME/Data Governance,open,SBRN=SBRN3612
HRQ-02601,record_level_data_quality,dataset-raw-excel-data,record,MISSING_RECALL_STATUS_NORMALIZED_TO_NONE;FUTURE_PURCHASE_DATE_REQUIRES_REVIEW,SME/Data Governance,open,SBRN=SBRN3613
HRQ-02602,record_level_data_quality,dataset-raw-excel-data,record,RECALL_STATUS_MONITORING_REQUIRES_GOVERNANCE,SME/Data Governance,open,SBRN=SBRN3615
HRQ-02603,record_level_data_quality,dataset-raw-excel-data,record,EXPIRATION_BEFORE_PURCHASE_REQUIRES_REVIEW;EXPIRED_ITEM_FLAG,SME/Data Governance,open,SBRN=SBRN3617
HRQ-02604,record_level_data_quality,dataset-raw-excel-data,record,RECALL_STATUS_MONITORING_REQUIRES_GOVERNANCE;EXPIRED_ITEM_FLAG,SME/Data Governance,open,SBRN=SBRN3618
HRQ-02605,record_level_data_quality,dataset-raw-excel-data,record,MISSING_RECALL_STATUS_NORMALIZED_TO_NONE;EXPIRATION_BEFORE_PURCHASE_REQUIRES_REVIEW;EXPIRED_ITEM_FLAG,SME/Data Governance,open,SBRN=SBRN3619
HRQ-02606,record_level_data_quality,dataset-raw-excel-data,record,MISSING_RECALL_STATUS_NORMALIZED_TO_NONE;EXPIRATION_BEFORE_PURCHASE_REQUIRES_REVIEW;EXPIRED_ITEM_FLAG,SME/Data Governance,open,SBRN=SBRN3621
HRQ-02607,record_level_data_quality,dataset-raw-excel-data,record,FUTURE_PURCHASE_DATE_REQUIRES_REVIEW,SME/Data Governance,open,SBRN=SBRN3622
HRQ-02608,record_level_data_quality,dataset-raw-excel-data,record,RECALL_STATUS_MONITORING_REQUIRES_GOVERNANCE,SME/Data Governance,open,SBRN=SBRN3623
HRQ-02609,record_level_data_quality,dataset-raw-excel-data,record,MISSING_RECALL_STATUS_NORMALIZED_TO_NONE;FUTURE_PURCHASE_DATE_REQUIRES_REVIEW;EXPIRATION_BEFORE_PURCHASE_REQUIRES_REVIEW;EXPIRED_ITEM_FLAG,SME/Data Governance,open,SBRN=SBRN3624
HRQ-02610,record_level_data_quality,dataset-raw-excel-data,record,EXPIRATION_BEFORE_PURCHASE_REQUIRES_REVIEW;EXPIRED_ITEM_FLAG,SME/Data Governance,open,SBRN=SBRN3625
HRQ-02611,record_level_data_quality,dataset-raw-excel-data,record,RECALL_STATUS_MONITORING_REQUIRES_GOVERNANCE;FUTURE_PURCHASE_DATE_REQUIRES_REVIEW;EXPIRATION_BEFORE_PURCHASE_REQUIRES_REVIEW;EXPIRED_ITEM_FLAG,SME/Data Governance,open,SBRN=SBRN3626
HRQ-02612,record_level_data_quality,dataset-raw-excel-data,record,FUTURE_PURCHASE_DATE_REQUIRES_REVIEW;EXPIRATION_BEFORE_PURCHASE_REQUIRES_REVIEW;EXPIRED_ITEM_FLAG,SME/Data Governance,open,SBRN=SBRN3628
HRQ-02613,record_level_data_quality,dataset-raw-excel-data,record,RECALL_STATUS_MONITORING_REQUIRES_GOVERNANCE;EXPIRATION_BEFORE_PURCHASE_REQUIRES_REVIEW;EXPIRED_ITEM_FLAG,SME/Data Governance,open,SBRN=SBRN3630
HRQ-02614,record_level_data_quality,dataset-raw-excel-data,record,MISSING_RECALL_STATUS_NORMALIZED_TO_NONE;FUTURE_PURCHASE_DATE_REQUIRES_REVIEW;EXPIRATION_BEFORE_PURCHASE_REQUIRES_REVIEW;EXPIRED_ITEM_FLAG,SME/Data Governance,open,SBRN=SBRN3631
HRQ-02615,record_level_data_quality,dataset-raw-excel-data,record,RECALL_STATUS_MONITORING_REQUIRES_GOVERNANCE;EXPIRATION_BEFORE_PURCHASE_REQUIRES_REVIEW;EXPIRED_ITEM_FLAG,SME/Data Governance,open,SBRN=SBRN3633
HRQ-02616,record_level_data_quality,dataset-raw-excel-data,record,RECALL_STATUS_MONITORING_REQUIRES_GOVERNANCE;EXPIRATION_BEFORE_PURCHASE_REQUIRES_REVIEW;EXPIRED_ITEM_FLAG,SME/Data Governance,open,SBRN=SBRN3634
HRQ-02617,record_level_data_quality,dataset-raw-excel-data,record,RECALL_STATUS_MONITORING_REQUIRES_GOVERNANCE;FUTURE_PURCHASE_DATE_REQUIRES_REVIEW;EXPIRATION_BEFORE_PURCHASE_REQUIRES_REVIEW;EXPIRED_ITEM_FLAG,SME/Data Governance,open,SBRN=SBRN3636
HRQ-02618,record_level_data_quality,dataset-raw-excel-data,record,RECALL_STATUS_MONITORING_REQUIRES_GOVERNANCE,SME/Data Governance,open,SBRN=SBRN3637
HRQ-02619,record_level_data_quality,dataset-raw-excel-data,record,RECALL_STATUS_MONITORING_REQUIRES_GOVERNANCE;FUTURE_PURCHASE_DATE_REQUIRES_REVIEW;EXPIRATION_BEFORE_PURCHASE_REQUIRES_REVIEW;EXPIRED_ITEM_FLAG,SME/Data Governance,open,SBRN=SBRN3639
HRQ-02620,record_level_data_quality,dataset-raw-excel-data,record,RECALL_STATUS_MONITORING_REQUIRES_GOVERNANCE,SME/Data Governance,open,SBRN=SBRN3641
HRQ-02621,record_level_data_quality,dataset-raw-excel-data,record,RECALL_STATUS_MONITORING_REQUIRES_GOVERNANCE;FUTURE_PURCHASE_DATE_REQUIRES_REVIEW;EXPIRATION_BEFORE_PURCHASE_REQUIRES_REVIEW;EXPIRED_ITEM_FLAG,SME/Data Governance,open,SBRN=SBRN3642
HRQ-02622,record_level_data_quality,dataset-raw-excel-data,record,FUTURE_PURCHASE_DATE_REQUIRES_REVIEW;EXPIRATION_BEFORE_PURCHASE_REQUIRES_REVIEW;EXPIRED_ITEM_FLAG,SME/Data Governance,open,SBRN=SBRN3643
HRQ-02623,record_level_data_quality,dataset-raw-excel-data,record,RECALL_STATUS_MONITORING_REQUIRES_GOVERNANCE;EXPIRATION_BEFORE_PURCHASE_REQUIRES_REVIEW;EXPIRED_ITEM_FLAG,SME/Data Governance,open,SBRN=SBRN3645
HRQ-02624,record_level_data_quality,dataset-raw-excel-data,record,RECALL_STATUS_MONITORING_REQUIRES_GOVERNANCE,SME/Data Governance,open,SBRN=SBRN3646
HRQ-02625,record_level_data_quality,dataset-raw-excel-data,record,RECALL_STATUS_MONITORING_REQUIRES_GOVERNANCE;EXPIRED_ITEM_FLAG,SME/Data Governance,open,SBRN=SBRN3647
HRQ-02626,record_level_data_quality,dataset-raw-excel-data,record,RECALL_STATUS_MONITORING_REQUIRES_GOVERNANCE;FUTURE_PURCHASE_DATE_REQUIRES_REVIEW;EXPIRATION_BEFORE_PURCHASE_REQUIRES_REVIEW;EXPIRED_ITEM_FLAG,SME/Data Governance,open,SBRN=SBRN3648
HRQ-02627,record_level_data_quality,dataset-raw-excel-data,record,MISSING_RECALL_STATUS_NORMALIZED_TO_NONE;FUTURE_PURCHASE_DATE_REQUIRES_REVIEW;EXPIRATION_BEFORE_PURCHASE_REQUIRES_REVIEW,SME/Data Governance,open,SBRN=SBRN3649
HRQ-02628,record_level_data_quality,dataset-raw-excel-data,record,RECALL_STATUS_MONITORING_REQUIRES_GOVERNANCE;EXPIRED_ITEM_FLAG,SME/Data Governance,open,SBRN=SBRN3650
HRQ-02629,record_level_data_quality,dataset-raw-excel-data,record,MISSING_RECALL_STATUS_NORMALIZED_TO_NONE;FUTURE_PURCHASE_DATE_REQUIRES_REVIEW;EXPIRATION_BEFORE_PURCHASE_REQUIRES_REVIEW;EXPIRED_ITEM_FLAG,SME/Data Governance,open,SBRN=SBRN3651
HRQ-02630,record_level_data_quality,dataset-raw-excel-data,record,RECALL_STATUS_MONITORING_REQUIRES_GOVERNANCE;FUTURE_PURCHASE_DATE_REQUIRES_REVIEW;EXPIRATION_BEFORE_PURCHASE_REQUIRES_REVIEW;EXPIRED_ITEM_FLAG,SME/Data Governance,open,SBRN=SBRN3654
HRQ-02631,record_level_data_quality,dataset-raw-excel-data,record,MISSING_RECALL_STATUS_NORMALIZED_TO_NONE;EXPIRATION_BEFORE_PURCHASE_REQUIRES_REVIEW;EXPIRED_ITEM_FLAG,SME/Data Governance,open,SBRN=SBRN3655
HRQ-02632,record_level_data_quality,dataset-raw-excel-data,record,RECALL_STATUS_MONITORING_REQUIRES_GOVERNANCE;EXPIRED_ITEM_FLAG,SME/Data Governance,open,SBRN=SBRN3656
HRQ-02633,record_level_data_quality,dataset-raw-excel-data,record,EXPIRATION_BEFORE_PURCHASE_REQUIRES_REVIEW;EXPIRED_ITEM_FLAG,SME/Data Governance,open,SBRN=SBRN3657
HRQ-02634,record_level_data_quality,dataset-raw-excel-data,record,RECALL_STATUS_MONITORING_REQUIRES_GOVERNANCE;FUTURE_PURCHASE_DATE_REQUIRES_REVIEW;EXPIRATION_BEFORE_PURCHASE_REQUIRES_REVIEW;EXPIRED_ITEM_FLAG,SME/Data Governance,open,SBRN=SBRN3658
HRQ-02635,record_level_data_quality,dataset-raw-excel-data,record,MISSING_RECALL_STATUS_NORMALIZED_TO_NONE;FUTURE_PURCHASE_DATE_REQUIRES_REVIEW;EXPIRATION_BEFORE_PURCHASE_REQUIRES_REVIEW,SME/Data Governance,open,SBRN=SBRN3659
HRQ-02636,record_level_data_quality,dataset-raw-excel-data,record,RECALL_STATUS_MONITORING_REQUIRES_GOVERNANCE,SME/Data Governance,open,SBRN=SBRN3660
HRQ-02637,record_level_data_quality,dataset-raw-excel-data,record,RECALL_STATUS_MONITORING_REQUIRES_GOVERNANCE,SME/Data Governance,open,SBRN=SBRN3661
HRQ-02638,record_level_data_quality,dataset-raw-excel-data,record,RECALL_STATUS_MONITORING_REQUIRES_GOVERNANCE;FUTURE_PURCHASE_DATE_REQUIRES_REVIEW;EXPIRATION_BEFORE_PURCHASE_REQUIRES_REVIEW;EXPIRED_ITEM_FLAG,SME/Data Governance,open,SBRN=SBRN3663
HRQ-02639,record_level_data_quality,dataset-raw-excel-data,record,FUTURE_PURCHASE_DATE_REQUIRES_REVIEW;EXPIRATION_BEFORE_PURCHASE_REQUIRES_REVIEW,SME/Data Governance,open,SBRN=SBRN3665
HRQ-02640,record_level_data_quality,dataset-raw-excel-data,record,EXPIRATION_BEFORE_PURCHASE_REQUIRES_REVIEW;EXPIRED_ITEM_FLAG,SME/Data Governance,open,SBRN=SBRN3668
HRQ-02641,record_level_data_quality,dataset-raw-excel-data,record,MISSING_RECALL_STATUS_NORMALIZED_TO_NONE;FUTURE_PURCHASE_DATE_REQUIRES_REVIEW;EXPIRATION_BEFORE_PURCHASE_REQUIRES_REVIEW;EXPIRED_ITEM_FLAG,SME/Data Governance,open,SBRN=SBRN3669
HRQ-02642,record_level_data_quality,dataset-raw-excel-data,record,MISSING_RECALL_STATUS_NORMALIZED_TO_NONE;FUTURE_PURCHASE_DATE_REQUIRES_REVIEW;EXPIRATION_BEFORE_PURCHASE_REQUIRES_REVIEW;EXPIRED_ITEM_FLAG,SME/Data Governance,open,SBRN=SBRN3670
HRQ-02643,record_level_data_quality,dataset-raw-excel-data,record,RECALL_STATUS_MONITORING_REQUIRES_GOVERNANCE;EXPIRATION_BEFORE_PURCHASE_REQUIRES_REVIEW;EXPIRED_ITEM_FLAG,SME/Data Governance,open,SBRN=SBRN3671
HRQ-02644,record_level_data_quality,dataset-raw-excel-data,record,EXPIRATION_BEFORE_PURCHASE_REQUIRES_REVIEW;EXPIRED_ITEM_FLAG,SME/Data Governance,open,SBRN=SBRN3672
HRQ-02645,record_level_data_quality,dataset-raw-excel-data,record,RECALL_STATUS_MONITORING_REQUIRES_GOVERNANCE;EXPIRED_ITEM_FLAG,SME/Data Governance,open,SBRN=SBRN3673
HRQ-02646,record_level_data_quality,dataset-raw-excel-data,record,RECALL_STATUS_MONITORING_REQUIRES_GOVERNANCE;EXPIRED_ITEM_FLAG,SME/Data Governance,open,SBRN=SBRN3676
HRQ-02647,record_level_data_quality,dataset-raw-excel-data,record,FUTURE_PURCHASE_DATE_REQUIRES_REVIEW;EXPIRATION_BEFORE_PURCHASE_REQUIRES_REVIEW,SME/Data Governance,open,SBRN=SBRN3677
HRQ-02648,record_level_data_quality,dataset-raw-excel-data,record,MISSING_RECALL_STATUS_NORMALIZED_TO_NONE;FUTURE_PURCHASE_DATE_REQUIRES_REVIEW;EXPIRATION_BEFORE_PURCHASE_REQUIRES_REVIEW;EXPIRED_ITEM_FLAG,SME/Data Governance,open,SBRN=SBRN3678
HRQ-02649,record_level_data_quality,dataset-raw-excel-data,record,RECALL_STATUS_MONITORING_REQUIRES_GOVERNANCE;FUTURE_PURCHASE_DATE_REQUIRES_REVIEW;EXPIRATION_BEFORE_PURCHASE_REQUIRES_REVIEW;EXPIRED_ITEM_FLAG,SME/Data Governance,open,SBRN=SBRN3680
HRQ-02650,record_level_data_quality,dataset-raw-excel-data,record,RECALL_STATUS_MONITORING_REQUIRES_GOVERNANCE;EXPIRED_ITEM_FLAG,SME/Data Governance,open,SBRN=SBRN3682
HRQ-02651,record_level_data_quality,dataset-raw-excel-data,record,RECALL_STATUS_MONITORING_REQUIRES_GOVERNANCE;FUTURE_PURCHASE_DATE_REQUIRES_REVIEW;EXPIRATION_BEFORE_PURCHASE_REQUIRES_REVIEW,SME/Data Governance,open,SBRN=SBRN3683
HRQ-02652,record_level_data_quality,dataset-raw-excel-data,record,EXPIRATION_BEFORE_PURCHASE_REQUIRES_REVIEW;EXPIRED_ITEM_FLAG,SME/Data Governance,open,SBRN=SBRN3685
HRQ-02653,record_level_data_quality,dataset-raw-excel-data,record,RECALL_STATUS_MONITORING_REQUIRES_GOVERNANCE;EXPIRATION_BEFORE_PURCHASE_REQUIRES_REVIEW;EXPIRED_ITEM_FLAG,SME/Data Governance,open,SBRN=SBRN3686
HRQ-02654,record_level_data_quality,dataset-raw-excel-data,record,RECALL_STATUS_MONITORING_REQUIRES_GOVERNANCE;EXPIRATION_BEFORE_PURCHASE_REQUIRES_REVIEW;EXPIRED_ITEM_FLAG,SME/Data Governance,open,SBRN=SBRN3688
HRQ-02655,record_level_data_quality,dataset-raw-excel-data,record,EXPIRATION_BEFORE_PURCHASE_REQUIRES_REVIEW;EXPIRED_ITEM_FLAG,SME/Data Governance,open,SBRN=SBRN3690
HRQ-02656,record_level_data_quality,dataset-raw-excel-data,record,RECALL_STATUS_MONITORING_REQUIRES_GOVERNANCE;EXPIRED_ITEM_FLAG,SME/Data Governance,open,SBRN=SBRN3691
HRQ-02657,record_level_data_quality,dataset-raw-excel-data,record,RECALL_STATUS_MONITORING_REQUIRES_GOVERNANCE;FUTURE_PURCHASE_DATE_REQUIRES_REVIEW;EXPIRATION_BEFORE_PURCHASE_REQUIRES_REVIEW;EXPIRED_ITEM_FLAG,SME/Data Governance,open,SBRN=SBRN3692
HRQ-02658,record_level_data_quality,dataset-raw-excel-data,record,MISSING_RECALL_STATUS_NORMALIZED_TO_NONE;EXPIRATION_BEFORE_PURCHASE_REQUIRES_REVIEW;EXPIRED_ITEM_FLAG,SME/Data Governance,open,SBRN=SBRN3699
HRQ-02659,record_level_data_quality,dataset-raw-excel-data,record,RECALL_STATUS_MONITORING_REQUIRES_GOVERNANCE;FUTURE_PURCHASE_DATE_REQUIRES_REVIEW;EXPIRATION_BEFORE_PURCHASE_REQUIRES_REVIEW;EXPIRED_ITEM_FLAG,SME/Data Governance,open,SBRN=SBRN3701
HRQ-02660,record_level_data_quality,dataset-raw-excel-data,record,RECALL_STATUS_MONITORING_REQUIRES_GOVERNANCE;FUTURE_PURCHASE_DATE_REQUIRES_REVIEW;EXPIRATION_BEFORE_PURCHASE_REQUIRES_REVIEW;EXPIRED_ITEM_FLAG,SME/Data Governance,open,SBRN=SBRN3702
HRQ-02661,record_level_data_quality,dataset-raw-excel-data,record,EXPIRATION_BEFORE_PURCHASE_REQUIRES_REVIEW;EXPIRED_ITEM_FLAG,SME/Data Governance,open,SBRN=SBRN3704
HRQ-02662,record_level_data_quality,dataset-raw-excel-data,record,RECALL_STATUS_MONITORING_REQUIRES_GOVERNANCE;EXPIRED_ITEM_FLAG,SME/Data Governance,open,SBRN=SBRN3706
HRQ-02663,record_level_data_quality,dataset-raw-excel-data,record,EXPIRATION_BEFORE_PURCHASE_REQUIRES_REVIEW;EXPIRED_ITEM_FLAG,SME/Data Governance,open,SBRN=SBRN3708
HRQ-02664,record_level_data_quality,dataset-raw-excel-data,record,MISSING_RECALL_STATUS_NORMALIZED_TO_NONE;EXPIRATION_BEFORE_PURCHASE_REQUIRES_REVIEW;EXPIRED_ITEM_FLAG,SME/Data Governance,open,SBRN=SBRN3709
HRQ-02665,record_level_data_quality,dataset-raw-excel-data,record,FUTURE_PURCHASE_DATE_REQUIRES_REVIEW,SME/Data Governance,open,SBRN=SBRN3713
HRQ-02666,record_level_data_quality,dataset-raw-excel-data,record,MISSING_RECALL_STATUS_NORMALIZED_TO_NONE;EXPIRATION_BEFORE_PURCHASE_REQUIRES_REVIEW;EXPIRED_ITEM_FLAG,SME/Data Governance,open,SBRN=SBRN3714
HRQ-02667,record_level_data_quality,dataset-raw-excel-data,record,RECALL_STATUS_MONITORING_REQUIRES_GOVERNANCE,SME/Data Governance,open,SBRN=SBRN3715
HRQ-02668,record_level_data_quality,dataset-raw-excel-data,record,RECALL_STATUS_MONITORING_REQUIRES_GOVERNANCE,SME/Data Governance,open,SBRN=SBRN3716
HRQ-02669,record_level_data_quality,dataset-raw-excel-data,record,MISSING_RECALL_STATUS_NORMALIZED_TO_NONE;FUTURE_PURCHASE_DATE_REQUIRES_REVIEW;EXPIRATION_BEFORE_PURCHASE_REQUIRES_REVIEW;EXPIRED_ITEM_FLAG,SME/Data Governance,open,SBRN=SBRN3717
HRQ-02670,record_level_data_quality,dataset-raw-excel-data,record,MISSING_RECALL_STATUS_NORMALIZED_TO_NONE;FUTURE_PURCHASE_DATE_REQUIRES_REVIEW;EXPIRATION_BEFORE_PURCHASE_REQUIRES_REVIEW,SME/Data Governance,open,SBRN=SBRN3718
HRQ-02671,record_level_data_quality,dataset-raw-excel-data,record,FUTURE_PURCHASE_DATE_REQUIRES_REVIEW;EXPIRATION_BEFORE_PURCHASE_REQUIRES_REVIEW;EXPIRED_ITEM_FLAG,SME/Data Governance,open,SBRN=SBRN3720
HRQ-02672,record_level_data_quality,dataset-raw-excel-data,record,MISSING_RECALL_STATUS_NORMALIZED_TO_NONE;FUTURE_PURCHASE_DATE_REQUIRES_REVIEW;EXPIRATION_BEFORE_PURCHASE_REQUIRES_REVIEW;EXPIRED_ITEM_FLAG,SME/Data Governance,open,SBRN=SBRN3721
HRQ-02673,record_level_data_quality,dataset-raw-excel-data,record,FUTURE_PURCHASE_DATE_REQUIRES_REVIEW;EXPIRATION_BEFORE_PURCHASE_REQUIRES_REVIEW,SME/Data Governance,open,SBRN=SBRN3722
HRQ-02674,record_level_data_quality,dataset-raw-excel-data,record,RECALL_STATUS_MONITORING_REQUIRES_GOVERNANCE,SME/Data Governance,open,SBRN=SBRN3725
HRQ-02675,record_level_data_quality,dataset-raw-excel-data,record,FUTURE_PURCHASE_DATE_REQUIRES_REVIEW;EXPIRATION_BEFORE_PURCHASE_REQUIRES_REVIEW;EXPIRED_ITEM_FLAG,SME/Data Governance,open,SBRN=SBRN3726
HRQ-02676,record_level_data_quality,dataset-raw-excel-data,record,MISSING_RECALL_STATUS_NORMALIZED_TO_NONE;EXPIRATION_BEFORE_PURCHASE_REQUIRES_REVIEW;EXPIRED_ITEM_FLAG,SME/Data Governance,open,SBRN=SBRN3727
HRQ-02677,record_level_data_quality,dataset-raw-excel-data,record,RECALL_STATUS_MONITORING_REQUIRES_GOVERNANCE;EXPIRATION_BEFORE_PURCHASE_REQUIRES_REVIEW;EXPIRED_ITEM_FLAG,SME/Data Governance,open,SBRN=SBRN3728
HRQ-02678,record_level_data_quality,dataset-raw-excel-data,record,FUTURE_PURCHASE_DATE_REQUIRES_REVIEW;EXPIRATION_BEFORE_PURCHASE_REQUIRES_REVIEW;EXPIRED_ITEM_FLAG,SME/Data Governance,open,SBRN=SBRN3729
HRQ-02679,record_level_data_quality,dataset-raw-excel-data,record,MISSING_RECALL_STATUS_NORMALIZED_TO_NONE;FUTURE_PURCHASE_DATE_REQUIRES_REVIEW;EXPIRATION_BEFORE_PURCHASE_REQUIRES_REVIEW,SME/Data Governance,open,SBRN=SBRN3730
HRQ-02680,record_level_data_quality,dataset-raw-excel-data,record,RECALL_STATUS_MONITORING_REQUIRES_GOVERNANCE;EXPIRATION_BEFORE_PURCHASE_REQUIRES_REVIEW;EXPIRED_ITEM_FLAG,SME/Data Governance,open,SBRN=SBRN3731
HRQ-02681,record_level_data_quality,dataset-raw-excel-data,record,MISSING_RECALL_STATUS_NORMALIZED_TO_NONE;FUTURE_PURCHASE_DATE_REQUIRES_REVIEW,SME/Data Governance,open,SBRN=SBRN3732
HRQ-02682,record_level_data_quality,dataset-raw-excel-data,record,EXPIRATION_BEFORE_PURCHASE_REQUIRES_REVIEW;EXPIRED_ITEM_FLAG,SME/Data Governance,open,SBRN=SBRN3734
HRQ-02683,record_level_data_quality,dataset-raw-excel-data,record,MISSING_RECALL_STATUS_NORMALIZED_TO_NONE;FUTURE_PURCHASE_DATE_REQUIRES_REVIEW;EXPIRATION_BEFORE_PURCHASE_REQUIRES_REVIEW;EXPIRED_ITEM_FLAG,SME/Data Governance,open,SBRN=SBRN3735
HRQ-02684,record_level_data_quality,dataset-raw-excel-data,record,MISSING_RECALL_STATUS_NORMALIZED_TO_NONE;FUTURE_PURCHASE_DATE_REQUIRES_REVIEW,SME/Data Governance,open,SBRN=SBRN3736
HRQ-02685,record_level_data_quality,dataset-raw-excel-data,record,RECALL_STATUS_MONITORING_REQUIRES_GOVERNANCE;EXPIRATION_BEFORE_PURCHASE_REQUIRES_REVIEW;EXPIRED_ITEM_FLAG,SME/Data Governance,open,SBRN=SBRN3737
HRQ-02686,record_level_data_quality,dataset-raw-excel-data,record,MISSING_RECALL_STATUS_NORMALIZED_TO_NONE;EXPIRATION_BEFORE_PURCHASE_REQUIRES_REVIEW;EXPIRED_ITEM_FLAG,SME/Data Governance,open,SBRN=SBRN3738
HRQ-02687,record_level_data_quality,dataset-raw-excel-data,record,RECALL_STATUS_MONITORING_REQUIRES_GOVERNANCE,SME/Data Governance,open,SBRN=SBRN3739
HRQ-02688,record_level_data_quality,dataset-raw-excel-data,record,EXPIRATION_BEFORE_PURCHASE_REQUIRES_REVIEW;EXPIRED_ITEM_FLAG,SME/Data Governance,open,SBRN=SBRN3740
HRQ-02689,record_level_data_quality,dataset-raw-excel-data,record,MISSING_RECALL_STATUS_NORMALIZED_TO_NONE;EXPIRATION_BEFORE_PURCHASE_REQUIRES_REVIEW;EXPIRED_ITEM_FLAG,SME/Data Governance,open,SBRN=SBRN3741
HRQ-02690,record_level_data_quality,dataset-raw-excel-data,record,MISSING_RECALL_STATUS_NORMALIZED_TO_NONE;FUTURE_PURCHASE_DATE_REQUIRES_REVIEW;EXPIRATION_BEFORE_PURCHASE_REQUIRES_REVIEW;EXPIRED_ITEM_FLAG,SME/Data Governance,open,SBRN=SBRN3744
HRQ-02691,record_level_data_quality,dataset-raw-excel-data,record,MISSING_RECALL_STATUS_NORMALIZED_TO_NONE;FUTURE_PURCHASE_DATE_REQUIRES_REVIEW;EXPIRATION_BEFORE_PURCHASE_REQUIRES_REVIEW;EXPIRED_ITEM_FLAG,SME/Data Governance,open,SBRN=SBRN3746
HRQ-02692,record_level_data_quality,dataset-raw-excel-data,record,RECALL_STATUS_MONITORING_REQUIRES_GOVERNANCE,SME/Data Governance,open,SBRN=SBRN3747
HRQ-02693,record_level_data_quality,dataset-raw-excel-data,record,EXPIRATION_BEFORE_PURCHASE_REQUIRES_REVIEW;EXPIRED_ITEM_FLAG,SME/Data Governance,open,SBRN=SBRN3749
HRQ-02694,record_level_data_quality,dataset-raw-excel-data,record,RECALL_STATUS_MONITORING_REQUIRES_GOVERNANCE;EXPIRED_ITEM_FLAG,SME/Data Governance,open,SBRN=SBRN3750
HRQ-02695,record_level_data_quality,dataset-raw-excel-data,record,EXPIRATION_BEFORE_PURCHASE_REQUIRES_REVIEW;EXPIRED_ITEM_FLAG,SME/Data Governance,open,SBRN=SBRN3752
HRQ-02696,record_level_data_quality,dataset-raw-excel-data,record,EXPIRATION_BEFORE_PURCHASE_REQUIRES_REVIEW;EXPIRED_ITEM_FLAG,SME/Data Governance,open,SBRN=SBRN3753
HRQ-02697,record_level_data_quality,dataset-raw-excel-data,record,RECALL_STATUS_MONITORING_REQUIRES_GOVERNANCE,SME/Data Governance,open,SBRN=SBRN3755
HRQ-02698,record_level_data_quality,dataset-raw-excel-data,record,FUTURE_PURCHASE_DATE_REQUIRES_REVIEW;EXPIRATION_BEFORE_PURCHASE_REQUIRES_REVIEW;EXPIRED_ITEM_FLAG,SME/Data Governance,open,SBRN=SBRN3756
HRQ-02699,record_level_data_quality,dataset-raw-excel-data,record,MISSING_RECALL_STATUS_NORMALIZED_TO_NONE;EXPIRATION_BEFORE_PURCHASE_REQUIRES_REVIEW;EXPIRED_ITEM_FLAG,SME/Data Governance,open,SBRN=SBRN3758
HRQ-02700,record_level_data_quality,dataset-raw-excel-data,record,MISSING_RECALL_STATUS_NORMALIZED_TO_NONE;FUTURE_PURCHASE_DATE_REQUIRES_REVIEW;EXPIRATION_BEFORE_PURCHASE_REQUIRES_REVIEW;EXPIRED_ITEM_FLAG,SME/Data Governance,open,SBRN=SBRN3759
HRQ-02701,record_level_data_quality,dataset-raw-excel-data,record,FUTURE_PURCHASE_DATE_REQUIRES_REVIEW;EXPIRATION_BEFORE_PURCHASE_REQUIRES_REVIEW;EXPIRED_ITEM_FLAG,SME/Data Governance,open,SBRN=SBRN3760
HRQ-02702,record_level_data_quality,dataset-raw-excel-data,record,RECALL_STATUS_MONITORING_REQUIRES_GOVERNANCE,SME/Data Governance,open,SBRN=SBRN3761
HRQ-02703,record_level_data_quality,dataset-raw-excel-data,record,FUTURE_PURCHASE_DATE_REQUIRES_REVIEW;EXPIRATION_BEFORE_PURCHASE_REQUIRES_REVIEW;EXPIRED_ITEM_FLAG,SME/Data Governance,open,SBRN=SBRN3765
HRQ-02704,record_level_data_quality,dataset-raw-excel-data,record,RECALL_STATUS_MONITORING_REQUIRES_GOVERNANCE;FUTURE_PURCHASE_DATE_REQUIRES_REVIEW,SME/Data Governance,open,SBRN=SBRN3766
HRQ-02705,record_level_data_quality,dataset-raw-excel-data,record,EXPIRATION_BEFORE_PURCHASE_REQUIRES_REVIEW;EXPIRED_ITEM_FLAG,SME/Data Governance,open,SBRN=SBRN3767
HRQ-02706,record_level_data_quality,dataset-raw-excel-data,record,RECALL_STATUS_MONITORING_REQUIRES_GOVERNANCE;FUTURE_PURCHASE_DATE_REQUIRES_REVIEW;EXPIRATION_BEFORE_PURCHASE_REQUIRES_REVIEW;EXPIRED_ITEM_FLAG,SME/Data Governance,open,SBRN=SBRN3768
HRQ-02707,record_level_data_quality,dataset-raw-excel-data,record,MISSING_RECALL_STATUS_NORMALIZED_TO_NONE;EXPIRATION_BEFORE_PURCHASE_REQUIRES_REVIEW;EXPIRED_ITEM_FLAG,SME/Data Governance,open,SBRN=SBRN3769
HRQ-02708,record_level_data_quality,dataset-raw-excel-data,record,MISSING_RECALL_STATUS_NORMALIZED_TO_NONE;EXPIRATION_BEFORE_PURCHASE_REQUIRES_REVIEW;EXPIRED_ITEM_FLAG,SME/Data Governance,open,SBRN=SBRN3771
HRQ-02709,record_level_data_quality,dataset-raw-excel-data,record,RECALL_STATUS_MONITORING_REQUIRES_GOVERNANCE;EXPIRED_ITEM_FLAG,SME/Data Governance,open,SBRN=SBRN3774
HRQ-02710,record_level_data_quality,dataset-raw-excel-data,record,RECALL_STATUS_MONITORING_REQUIRES_GOVERNANCE;EXPIRED_ITEM_FLAG,SME/Data Governance,open,SBRN=SBRN3777
HRQ-02711,record_level_data_quality,dataset-raw-excel-data,record,MISSING_RECALL_STATUS_NORMALIZED_TO_NONE;EXPIRATION_BEFORE_PURCHASE_REQUIRES_REVIEW;EXPIRED_ITEM_FLAG,SME/Data Governance,open,SBRN=SBRN3778
HRQ-02712,record_level_data_quality,dataset-raw-excel-data,record,RECALL_STATUS_MONITORING_REQUIRES_GOVERNANCE,SME/Data Governance,open,SBRN=SBRN3779
HRQ-02713,record_level_data_quality,dataset-raw-excel-data,record,EXPIRATION_BEFORE_PURCHASE_REQUIRES_REVIEW;EXPIRED_ITEM_FLAG,SME/Data Governance,open,SBRN=SBRN3780
HRQ-02714,record_level_data_quality,dataset-raw-excel-data,record,MISSING_RECALL_STATUS_NORMALIZED_TO_NONE;EXPIRATION_BEFORE_PURCHASE_REQUIRES_REVIEW;EXPIRED_ITEM_FLAG,SME/Data Governance,open,SBRN=SBRN3782
HRQ-02715,record_level_data_quality,dataset-raw-excel-data,record,MISSING_RECALL_STATUS_NORMALIZED_TO_NONE;FUTURE_PURCHASE_DATE_REQUIRES_REVIEW,SME/Data Governance,open,SBRN=SBRN3783
HRQ-02716,record_level_data_quality,dataset-raw-excel-data,record,MISSING_RECALL_STATUS_NORMALIZED_TO_NONE;EXPIRATION_BEFORE_PURCHASE_REQUIRES_REVIEW;EXPIRED_ITEM_FLAG,SME/Data Governance,open,SBRN=SBRN3784
HRQ-02717,record_level_data_quality,dataset-raw-excel-data,record,EXPIRATION_BEFORE_PURCHASE_REQUIRES_REVIEW;EXPIRED_ITEM_FLAG,SME/Data Governance,open,SBRN=SBRN3785
HRQ-02718,record_level_data_quality,dataset-raw-excel-data,record,RECALL_STATUS_MONITORING_REQUIRES_GOVERNANCE;EXPIRATION_BEFORE_PURCHASE_REQUIRES_REVIEW;EXPIRED_ITEM_FLAG,SME/Data Governance,open,SBRN=SBRN3788
HRQ-02719,record_level_data_quality,dataset-raw-excel-data,record,RECALL_STATUS_MONITORING_REQUIRES_GOVERNANCE;EXPIRED_ITEM_FLAG,SME/Data Governance,open,SBRN=SBRN3789
HRQ-02720,record_level_data_quality,dataset-raw-excel-data,record,RECALL_STATUS_MONITORING_REQUIRES_GOVERNANCE;FUTURE_PURCHASE_DATE_REQUIRES_REVIEW;EXPIRATION_BEFORE_PURCHASE_REQUIRES_REVIEW;EXPIRED_ITEM_FLAG,SME/Data Governance,open,SBRN=SBRN3791
HRQ-02721,record_level_data_quality,dataset-raw-excel-data,record,FUTURE_PURCHASE_DATE_REQUIRES_REVIEW;EXPIRATION_BEFORE_PURCHASE_REQUIRES_REVIEW,SME/Data Governance,open,SBRN=SBRN3794
HRQ-02722,record_level_data_quality,dataset-raw-excel-data,record,EXPIRATION_BEFORE_PURCHASE_REQUIRES_REVIEW;EXPIRED_ITEM_FLAG,SME/Data Governance,open,SBRN=SBRN3795
HRQ-02723,record_level_data_quality,dataset-raw-excel-data,record,RECALL_STATUS_MONITORING_REQUIRES_GOVERNANCE;EXPIRED_ITEM_FLAG,SME/Data Governance,open,SBRN=SBRN3797
HRQ-02724,record_level_data_quality,dataset-raw-excel-data,record,RECALL_STATUS_MONITORING_REQUIRES_GOVERNANCE;EXPIRATION_BEFORE_PURCHASE_REQUIRES_REVIEW;EXPIRED_ITEM_FLAG,SME/Data Governance,open,SBRN=SBRN3798
HRQ-02725,record_level_data_quality,dataset-raw-excel-data,record,RECALL_STATUS_MONITORING_REQUIRES_GOVERNANCE;FUTURE_PURCHASE_DATE_REQUIRES_REVIEW;EXPIRATION_BEFORE_PURCHASE_REQUIRES_REVIEW;EXPIRED_ITEM_FLAG,SME/Data Governance,open,SBRN=SBRN3800
HRQ-02726,record_level_data_quality,dataset-raw-excel-data,record,RECALL_STATUS_MONITORING_REQUIRES_GOVERNANCE;FUTURE_PURCHASE_DATE_REQUIRES_REVIEW;EXPIRATION_BEFORE_PURCHASE_REQUIRES_REVIEW;EXPIRED_ITEM_FLAG,SME/Data Governance,open,SBRN=SBRN3801
HRQ-02727,record_level_data_quality,dataset-raw-excel-data,record,MISSING_RECALL_STATUS_NORMALIZED_TO_NONE;FUTURE_PURCHASE_DATE_REQUIRES_REVIEW;EXPIRATION_BEFORE_PURCHASE_REQUIRES_REVIEW;EXPIRED_ITEM_FLAG,SME/Data Governance,open,SBRN=SBRN3802
HRQ-02728,record_level_data_quality,dataset-raw-excel-data,record,RECALL_STATUS_MONITORING_REQUIRES_GOVERNANCE;EXPIRED_ITEM_FLAG,SME/Data Governance,open,SBRN=SBRN3803
HRQ-02729,record_level_data_quality,dataset-raw-excel-data,record,RECALL_STATUS_MONITORING_REQUIRES_GOVERNANCE;EXPIRATION_BEFORE_PURCHASE_REQUIRES_REVIEW;EXPIRED_ITEM_FLAG,SME/Data Governance,open,SBRN=SBRN3804
HRQ-02730,record_level_data_quality,dataset-raw-excel-data,record,MISSING_RECALL_STATUS_NORMALIZED_TO_NONE;FUTURE_PURCHASE_DATE_REQUIRES_REVIEW;EXPIRATION_BEFORE_PURCHASE_REQUIRES_REVIEW;EXPIRED_ITEM_FLAG,SME/Data Governance,open,SBRN=SBRN3805
HRQ-02731,record_level_data_quality,dataset-raw-excel-data,record,RECALL_STATUS_MONITORING_REQUIRES_GOVERNANCE,SME/Data Governance,open,SBRN=SBRN3806
HRQ-02732,record_level_data_quality,dataset-raw-excel-data,record,RECALL_STATUS_MONITORING_REQUIRES_GOVERNANCE;EXPIRATION_BEFORE_PURCHASE_REQUIRES_REVIEW;EXPIRED_ITEM_FLAG,SME/Data Governance,open,SBRN=SBRN3807
HRQ-02733,record_level_data_quality,dataset-raw-excel-data,record,EXPIRATION_BEFORE_PURCHASE_REQUIRES_REVIEW;EXPIRED_ITEM_FLAG,SME/Data Governance,open,SBRN=SBRN3809
HRQ-02734,record_level_data_quality,dataset-raw-excel-data,record,FUTURE_PURCHASE_DATE_REQUIRES_REVIEW,SME/Data Governance,open,SBRN=SBRN3810
HRQ-02735,record_level_data_quality,dataset-raw-excel-data,record,RECALL_STATUS_MONITORING_REQUIRES_GOVERNANCE;EXPIRED_ITEM_FLAG,SME/Data Governance,open,SBRN=SBRN3811
HRQ-02736,record_level_data_quality,dataset-raw-excel-data,record,RECALL_STATUS_MONITORING_REQUIRES_GOVERNANCE,SME/Data Governance,open,SBRN=SBRN3812
HRQ-02737,record_level_data_quality,dataset-raw-excel-data,record,RECALL_STATUS_MONITORING_REQUIRES_GOVERNANCE;EXPIRATION_BEFORE_PURCHASE_REQUIRES_REVIEW;EXPIRED_ITEM_FLAG,SME/Data Governance,open,SBRN=SBRN3813
HRQ-02738,record_level_data_quality,dataset-raw-excel-data,record,FUTURE_PURCHASE_DATE_REQUIRES_REVIEW;EXPIRATION_BEFORE_PURCHASE_REQUIRES_REVIEW;EXPIRED_ITEM_FLAG,SME/Data Governance,open,SBRN=SBRN3814
HRQ-02739,record_level_data_quality,dataset-raw-excel-data,record,MISSING_RECALL_STATUS_NORMALIZED_TO_NONE;FUTURE_PURCHASE_DATE_REQUIRES_REVIEW;EXPIRATION_BEFORE_PURCHASE_REQUIRES_REVIEW;EXPIRED_ITEM_FLAG,SME/Data Governance,open,SBRN=SBRN3815
HRQ-02740,record_level_data_quality,dataset-raw-excel-data,record,MISSING_RECALL_STATUS_NORMALIZED_TO_NONE;FUTURE_PURCHASE_DATE_REQUIRES_REVIEW;EXPIRATION_BEFORE_PURCHASE_REQUIRES_REVIEW;EXPIRED_ITEM_FLAG,SME/Data Governance,open,SBRN=SBRN3816
HRQ-02741,record_level_data_quality,dataset-raw-excel-data,record,EXPIRATION_BEFORE_PURCHASE_REQUIRES_REVIEW;EXPIRED_ITEM_FLAG,SME/Data Governance,open,SBRN=SBRN3817
HRQ-02742,record_level_data_quality,dataset-raw-excel-data,record,FUTURE_PURCHASE_DATE_REQUIRES_REVIEW;EXPIRATION_BEFORE_PURCHASE_REQUIRES_REVIEW;EXPIRED_ITEM_FLAG,SME/Data Governance,open,SBRN=SBRN3818
HRQ-02743,record_level_data_quality,dataset-raw-excel-data,record,RECALL_STATUS_MONITORING_REQUIRES_GOVERNANCE;FUTURE_PURCHASE_DATE_REQUIRES_REVIEW;EXPIRATION_BEFORE_PURCHASE_REQUIRES_REVIEW;EXPIRED_ITEM_FLAG,SME/Data Governance,open,SBRN=SBRN3819
HRQ-02744,record_level_data_quality,dataset-raw-excel-data,record,RECALL_STATUS_MONITORING_REQUIRES_GOVERNANCE;EXPIRED_ITEM_FLAG,SME/Data Governance,open,SBRN=SBRN3820
HRQ-02745,record_level_data_quality,dataset-raw-excel-data,record,MISSING_RECALL_STATUS_NORMALIZED_TO_NONE;EXPIRATION_BEFORE_PURCHASE_REQUIRES_REVIEW;EXPIRED_ITEM_FLAG,SME/Data Governance,open,SBRN=SBRN3821
HRQ-02746,record_level_data_quality,dataset-raw-excel-data,record,EXPIRATION_BEFORE_PURCHASE_REQUIRES_REVIEW;EXPIRED_ITEM_FLAG,SME/Data Governance,open,SBRN=SBRN3823
HRQ-02747,record_level_data_quality,dataset-raw-excel-data,record,FUTURE_PURCHASE_DATE_REQUIRES_REVIEW;EXPIRATION_BEFORE_PURCHASE_REQUIRES_REVIEW;EXPIRED_ITEM_FLAG,SME/Data Governance,open,SBRN=SBRN3824
HRQ-02748,record_level_data_quality,dataset-raw-excel-data,record,RECALL_STATUS_MONITORING_REQUIRES_GOVERNANCE;EXPIRED_ITEM_FLAG,SME/Data Governance,open,SBRN=SBRN3825
HRQ-02749,record_level_data_quality,dataset-raw-excel-data,record,EXPIRATION_BEFORE_PURCHASE_REQUIRES_REVIEW;EXPIRED_ITEM_FLAG,SME/Data Governance,open,SBRN=SBRN3826
HRQ-02750,record_level_data_quality,dataset-raw-excel-data,record,MISSING_RECALL_STATUS_NORMALIZED_TO_NONE;EXPIRATION_BEFORE_PURCHASE_REQUIRES_REVIEW;EXPIRED_ITEM_FLAG,SME/Data Governance,open,SBRN=SBRN3830
HRQ-02751,record_level_data_quality,dataset-raw-excel-data,record,FUTURE_PURCHASE_DATE_REQUIRES_REVIEW,SME/Data Governance,open,SBRN=SBRN3831
HRQ-02752,record_level_data_quality,dataset-raw-excel-data,record,RECALL_STATUS_MONITORING_REQUIRES_GOVERNANCE;FUTURE_PURCHASE_DATE_REQUIRES_REVIEW,SME/Data Governance,open,SBRN=SBRN3832
HRQ-02753,record_level_data_quality,dataset-raw-excel-data,record,RECALL_STATUS_MONITORING_REQUIRES_GOVERNANCE;EXPIRATION_BEFORE_PURCHASE_REQUIRES_REVIEW;EXPIRED_ITEM_FLAG,SME/Data Governance,open,SBRN=SBRN3833
HRQ-02754,record_level_data_quality,dataset-raw-excel-data,record,FUTURE_PURCHASE_DATE_REQUIRES_REVIEW;EXPIRATION_BEFORE_PURCHASE_REQUIRES_REVIEW;EXPIRED_ITEM_FLAG,SME/Data Governance,open,SBRN=SBRN3834
HRQ-02755,record_level_data_quality,dataset-raw-excel-data,record,RECALL_STATUS_MONITORING_REQUIRES_GOVERNANCE;FUTURE_PURCHASE_DATE_REQUIRES_REVIEW;EXPIRATION_BEFORE_PURCHASE_REQUIRES_REVIEW;EXPIRED_ITEM_FLAG,SME/Data Governance,open,SBRN=SBRN3835
HRQ-02756,record_level_data_quality,dataset-raw-excel-data,record,MISSING_RECALL_STATUS_NORMALIZED_TO_NONE;EXPIRATION_BEFORE_PURCHASE_REQUIRES_REVIEW;EXPIRED_ITEM_FLAG,SME/Data Governance,open,SBRN=SBRN3836
HRQ-02757,record_level_data_quality,dataset-raw-excel-data,record,MISSING_RECALL_STATUS_NORMALIZED_TO_NONE;EXPIRATION_BEFORE_PURCHASE_REQUIRES_REVIEW;EXPIRED_ITEM_FLAG,SME/Data Governance,open,SBRN=SBRN3838
HRQ-02758,record_level_data_quality,dataset-raw-excel-data,record,RECALL_STATUS_MONITORING_REQUIRES_GOVERNANCE;FUTURE_PURCHASE_DATE_REQUIRES_REVIEW;EXPIRATION_BEFORE_PURCHASE_REQUIRES_REVIEW;EXPIRED_ITEM_FLAG,SME/Data Governance,open,SBRN=SBRN3840
HRQ-02759,record_level_data_quality,dataset-raw-excel-data,record,RECALL_STATUS_MONITORING_REQUIRES_GOVERNANCE;EXPIRED_ITEM_FLAG,SME/Data Governance,open,SBRN=SBRN3841
HRQ-02760,record_level_data_quality,dataset-raw-excel-data,record,RECALL_STATUS_MONITORING_REQUIRES_GOVERNANCE,SME/Data Governance,open,SBRN=SBRN3843
HRQ-02761,record_level_data_quality,dataset-raw-excel-data,record,RECALL_STATUS_MONITORING_REQUIRES_GOVERNANCE;EXPIRATION_BEFORE_PURCHASE_REQUIRES_REVIEW;EXPIRED_ITEM_FLAG,SME/Data Governance,open,SBRN=SBRN3844
HRQ-02762,record_level_data_quality,dataset-raw-excel-data,record,RECALL_STATUS_MONITORING_REQUIRES_GOVERNANCE,SME/Data Governance,open,SBRN=SBRN3845
HRQ-02763,record_level_data_quality,dataset-raw-excel-data,record,RECALL_STATUS_MONITORING_REQUIRES_GOVERNANCE;FUTURE_PURCHASE_DATE_REQUIRES_REVIEW;EXPIRATION_BEFORE_PURCHASE_REQUIRES_REVIEW,SME/Data Governance,open,SBRN=SBRN3846
HRQ-02764,record_level_data_quality,dataset-raw-excel-data,record,MISSING_RECALL_STATUS_NORMALIZED_TO_NONE;FUTURE_PURCHASE_DATE_REQUIRES_REVIEW;EXPIRATION_BEFORE_PURCHASE_REQUIRES_REVIEW;EXPIRED_ITEM_FLAG,SME/Data Governance,open,SBRN=SBRN3848
HRQ-02765,record_level_data_quality,dataset-raw-excel-data,record,RECALL_STATUS_MONITORING_REQUIRES_GOVERNANCE;EXPIRED_ITEM_FLAG,SME/Data Governance,open,SBRN=SBRN3849
HRQ-02766,record_level_data_quality,dataset-raw-excel-data,record,RECALL_STATUS_MONITORING_REQUIRES_GOVERNANCE;EXPIRED_ITEM_FLAG,SME/Data Governance,open,SBRN=SBRN3850
HRQ-02767,record_level_data_quality,dataset-raw-excel-data,record,MISSING_RECALL_STATUS_NORMALIZED_TO_NONE;EXPIRATION_BEFORE_PURCHASE_REQUIRES_REVIEW;EXPIRED_ITEM_FLAG,SME/Data Governance,open,SBRN=SBRN3852
HRQ-02768,record_level_data_quality,dataset-raw-excel-data,record,MISSING_RECALL_STATUS_NORMALIZED_TO_NONE;FUTURE_PURCHASE_DATE_REQUIRES_REVIEW;EXPIRATION_BEFORE_PURCHASE_REQUIRES_REVIEW;EXPIRED_ITEM_FLAG,SME/Data Governance,open,SBRN=SBRN3853
HRQ-02769,record_level_data_quality,dataset-raw-excel-data,record,RECALL_STATUS_MONITORING_REQUIRES_GOVERNANCE;EXPIRED_ITEM_FLAG,SME/Data Governance,open,SBRN=SBRN3854
HRQ-02770,record_level_data_quality,dataset-raw-excel-data,record,MISSING_RECALL_STATUS_NORMALIZED_TO_NONE;EXPIRATION_BEFORE_PURCHASE_REQUIRES_REVIEW;EXPIRED_ITEM_FLAG,SME/Data Governance,open,SBRN=SBRN3856
HRQ-02771,record_level_data_quality,dataset-raw-excel-data,record,RECALL_STATUS_MONITORING_REQUIRES_GOVERNANCE;EXPIRATION_BEFORE_PURCHASE_REQUIRES_REVIEW;EXPIRED_ITEM_FLAG,SME/Data Governance,open,SBRN=SBRN3857
HRQ-02772,record_level_data_quality,dataset-raw-excel-data,record,MISSING_RECALL_STATUS_NORMALIZED_TO_NONE;FUTURE_PURCHASE_DATE_REQUIRES_REVIEW;EXPIRATION_BEFORE_PURCHASE_REQUIRES_REVIEW;EXPIRED_ITEM_FLAG,SME/Data Governance,open,SBRN=SBRN3858
HRQ-02773,record_level_data_quality,dataset-raw-excel-data,record,FUTURE_PURCHASE_DATE_REQUIRES_REVIEW;EXPIRATION_BEFORE_PURCHASE_REQUIRES_REVIEW,SME/Data Governance,open,SBRN=SBRN3860
HRQ-02774,record_level_data_quality,dataset-raw-excel-data,record,FUTURE_PURCHASE_DATE_REQUIRES_REVIEW,SME/Data Governance,open,SBRN=SBRN3861
HRQ-02775,record_level_data_quality,dataset-raw-excel-data,record,EXPIRATION_BEFORE_PURCHASE_REQUIRES_REVIEW;EXPIRED_ITEM_FLAG,SME/Data Governance,open,SBRN=SBRN3862
HRQ-02776,record_level_data_quality,dataset-raw-excel-data,record,MISSING_RECALL_STATUS_NORMALIZED_TO_NONE;FUTURE_PURCHASE_DATE_REQUIRES_REVIEW;EXPIRATION_BEFORE_PURCHASE_REQUIRES_REVIEW;EXPIRED_ITEM_FLAG,SME/Data Governance,open,SBRN=SBRN3864
HRQ-02777,record_level_data_quality,dataset-raw-excel-data,record,RECALL_STATUS_MONITORING_REQUIRES_GOVERNANCE;EXPIRATION_BEFORE_PURCHASE_REQUIRES_REVIEW;EXPIRED_ITEM_FLAG,SME/Data Governance,open,SBRN=SBRN3865
HRQ-02778,record_level_data_quality,dataset-raw-excel-data,record,RECALL_STATUS_MONITORING_REQUIRES_GOVERNANCE;FUTURE_PURCHASE_DATE_REQUIRES_REVIEW;EXPIRATION_BEFORE_PURCHASE_REQUIRES_REVIEW,SME/Data Governance,open,SBRN=SBRN3866
HRQ-02779,record_level_data_quality,dataset-raw-excel-data,record,MISSING_RECALL_STATUS_NORMALIZED_TO_NONE;FUTURE_PURCHASE_DATE_REQUIRES_REVIEW;EXPIRATION_BEFORE_PURCHASE_REQUIRES_REVIEW;EXPIRED_ITEM_FLAG,SME/Data Governance,open,SBRN=SBRN3867
HRQ-02780,record_level_data_quality,dataset-raw-excel-data,record,RECALL_STATUS_MONITORING_REQUIRES_GOVERNANCE;EXPIRED_ITEM_FLAG,SME/Data Governance,open,SBRN=SBRN3869
HRQ-02781,record_level_data_quality,dataset-raw-excel-data,record,EXPIRATION_BEFORE_PURCHASE_REQUIRES_REVIEW;EXPIRED_ITEM_FLAG,SME/Data Governance,open,SBRN=SBRN3870
HRQ-02782,record_level_data_quality,dataset-raw-excel-data,record,RECALL_STATUS_MONITORING_REQUIRES_GOVERNANCE;EXPIRATION_BEFORE_PURCHASE_REQUIRES_REVIEW;EXPIRED_ITEM_FLAG,SME/Data Governance,open,SBRN=SBRN3871
HRQ-02783,record_level_data_quality,dataset-raw-excel-data,record,FUTURE_PURCHASE_DATE_REQUIRES_REVIEW,SME/Data Governance,open,SBRN=SBRN3872
HRQ-02784,record_level_data_quality,dataset-raw-excel-data,record,RECALL_STATUS_MONITORING_REQUIRES_GOVERNANCE,SME/Data Governance,open,SBRN=SBRN3874
HRQ-02785,record_level_data_quality,dataset-raw-excel-data,record,RECALL_STATUS_MONITORING_REQUIRES_GOVERNANCE,SME/Data Governance,open,SBRN=SBRN3875
HRQ-02786,record_level_data_quality,dataset-raw-excel-data,record,RECALL_STATUS_MONITORING_REQUIRES_GOVERNANCE;EXPIRED_ITEM_FLAG,SME/Data Governance,open,SBRN=SBRN3877
HRQ-02787,record_level_data_quality,dataset-raw-excel-data,record,RECALL_STATUS_MONITORING_REQUIRES_GOVERNANCE;EXPIRED_ITEM_FLAG,SME/Data Governance,open,SBRN=SBRN3879
HRQ-02788,record_level_data_quality,dataset-raw-excel-data,record,FUTURE_PURCHASE_DATE_REQUIRES_REVIEW;EXPIRATION_BEFORE_PURCHASE_REQUIRES_REVIEW,SME/Data Governance,open,SBRN=SBRN3880
HRQ-02789,record_level_data_quality,dataset-raw-excel-data,record,RECALL_STATUS_MONITORING_REQUIRES_GOVERNANCE;EXPIRATION_BEFORE_PURCHASE_REQUIRES_REVIEW;EXPIRED_ITEM_FLAG,SME/Data Governance,open,SBRN=SBRN3884
HRQ-02790,record_level_data_quality,dataset-raw-excel-data,record,RECALL_STATUS_MONITORING_REQUIRES_GOVERNANCE,SME/Data Governance,open,SBRN=SBRN3885
HRQ-02791,record_level_data_quality,dataset-raw-excel-data,record,RECALL_STATUS_MONITORING_REQUIRES_GOVERNANCE;FUTURE_PURCHASE_DATE_REQUIRES_REVIEW;EXPIRATION_BEFORE_PURCHASE_REQUIRES_REVIEW;EXPIRED_ITEM_FLAG,SME/Data Governance,open,SBRN=SBRN3888
HRQ-02792,record_level_data_quality,dataset-raw-excel-data,record,FUTURE_PURCHASE_DATE_REQUIRES_REVIEW,SME/Data Governance,open,SBRN=SBRN3889
HRQ-02793,record_level_data_quality,dataset-raw-excel-data,record,RECALL_STATUS_MONITORING_REQUIRES_GOVERNANCE,SME/Data Governance,open,SBRN=SBRN3891
HRQ-02794,record_level_data_quality,dataset-raw-excel-data,record,EXPIRATION_BEFORE_PURCHASE_REQUIRES_REVIEW;EXPIRED_ITEM_FLAG,SME/Data Governance,open,SBRN=SBRN3893
HRQ-02795,record_level_data_quality,dataset-raw-excel-data,record,RECALL_STATUS_MONITORING_REQUIRES_GOVERNANCE,SME/Data Governance,open,SBRN=SBRN3894
HRQ-02796,record_level_data_quality,dataset-raw-excel-data,record,RECALL_STATUS_MONITORING_REQUIRES_GOVERNANCE;EXPIRATION_BEFORE_PURCHASE_REQUIRES_REVIEW;EXPIRED_ITEM_FLAG,SME/Data Governance,open,SBRN=SBRN3895
HRQ-02797,record_level_data_quality,dataset-raw-excel-data,record,MISSING_RECALL_STATUS_NORMALIZED_TO_NONE;FUTURE_PURCHASE_DATE_REQUIRES_REVIEW;EXPIRATION_BEFORE_PURCHASE_REQUIRES_REVIEW;EXPIRED_ITEM_FLAG,SME/Data Governance,open,SBRN=SBRN3896
HRQ-02798,record_level_data_quality,dataset-raw-excel-data,record,MISSING_RECALL_STATUS_NORMALIZED_TO_NONE;EXPIRATION_BEFORE_PURCHASE_REQUIRES_REVIEW;EXPIRED_ITEM_FLAG,SME/Data Governance,open,SBRN=SBRN3901
HRQ-02799,record_level_data_quality,dataset-raw-excel-data,record,RECALL_STATUS_MONITORING_REQUIRES_GOVERNANCE,SME/Data Governance,open,SBRN=SBRN3902
HRQ-02800,record_level_data_quality,dataset-raw-excel-data,record,RECALL_STATUS_MONITORING_REQUIRES_GOVERNANCE;EXPIRATION_BEFORE_PURCHASE_REQUIRES_REVIEW;EXPIRED_ITEM_FLAG,SME/Data Governance,open,SBRN=SBRN3903
HRQ-02801,record_level_data_quality,dataset-raw-excel-data,record,MISSING_RECALL_STATUS_NORMALIZED_TO_NONE;FUTURE_PURCHASE_DATE_REQUIRES_REVIEW;EXPIRATION_BEFORE_PURCHASE_REQUIRES_REVIEW;EXPIRED_ITEM_FLAG,SME/Data Governance,open,SBRN=SBRN3905
HRQ-02802,record_level_data_quality,dataset-raw-excel-data,record,EXPIRATION_BEFORE_PURCHASE_REQUIRES_REVIEW;EXPIRED_ITEM_FLAG,SME/Data Governance,open,SBRN=SBRN3907
HRQ-02803,record_level_data_quality,dataset-raw-excel-data,record,RECALL_STATUS_MONITORING_REQUIRES_GOVERNANCE;EXPIRATION_BEFORE_PURCHASE_REQUIRES_REVIEW;EXPIRED_ITEM_FLAG,SME/Data Governance,open,SBRN=SBRN3908
HRQ-02804,record_level_data_quality,dataset-raw-excel-data,record,MISSING_RECALL_STATUS_NORMALIZED_TO_NONE;FUTURE_PURCHASE_DATE_REQUIRES_REVIEW;EXPIRATION_BEFORE_PURCHASE_REQUIRES_REVIEW;EXPIRED_ITEM_FLAG,SME/Data Governance,open,SBRN=SBRN3909
HRQ-02805,record_level_data_quality,dataset-raw-excel-data,record,RECALL_STATUS_MONITORING_REQUIRES_GOVERNANCE;FUTURE_PURCHASE_DATE_REQUIRES_REVIEW;EXPIRATION_BEFORE_PURCHASE_REQUIRES_REVIEW;EXPIRED_ITEM_FLAG,SME/Data Governance,open,SBRN=SBRN3910
HRQ-02806,record_level_data_quality,dataset-raw-excel-data,record,RECALL_STATUS_MONITORING_REQUIRES_GOVERNANCE,SME/Data Governance,open,SBRN=SBRN3911
HRQ-02807,record_level_data_quality,dataset-raw-excel-data,record,RECALL_STATUS_MONITORING_REQUIRES_GOVERNANCE;EXPIRATION_BEFORE_PURCHASE_REQUIRES_REVIEW;EXPIRED_ITEM_FLAG,SME/Data Governance,open,SBRN=SBRN3914
HRQ-02808,record_level_data_quality,dataset-raw-excel-data,record,MISSING_RECALL_STATUS_NORMALIZED_TO_NONE;FUTURE_PURCHASE_DATE_REQUIRES_REVIEW;EXPIRATION_BEFORE_PURCHASE_REQUIRES_REVIEW;EXPIRED_ITEM_FLAG,SME/Data Governance,open,SBRN=SBRN3915
HRQ-02809,record_level_data_quality,dataset-raw-excel-data,record,EXPIRATION_BEFORE_PURCHASE_REQUIRES_REVIEW;EXPIRED_ITEM_FLAG,SME/Data Governance,open,SBRN=SBRN3916
HRQ-02810,record_level_data_quality,dataset-raw-excel-data,record,MISSING_RECALL_STATUS_NORMALIZED_TO_NONE;EXPIRATION_BEFORE_PURCHASE_REQUIRES_REVIEW;EXPIRED_ITEM_FLAG,SME/Data Governance,open,SBRN=SBRN3918
HRQ-02811,record_level_data_quality,dataset-raw-excel-data,record,RECALL_STATUS_MONITORING_REQUIRES_GOVERNANCE;FUTURE_PURCHASE_DATE_REQUIRES_REVIEW;EXPIRATION_BEFORE_PURCHASE_REQUIRES_REVIEW;EXPIRED_ITEM_FLAG,SME/Data Governance,open,SBRN=SBRN3919
HRQ-02812,record_level_data_quality,dataset-raw-excel-data,record,RECALL_STATUS_MONITORING_REQUIRES_GOVERNANCE;FUTURE_PURCHASE_DATE_REQUIRES_REVIEW;EXPIRATION_BEFORE_PURCHASE_REQUIRES_REVIEW,SME/Data Governance,open,SBRN=SBRN3922
HRQ-02813,record_level_data_quality,dataset-raw-excel-data,record,MISSING_RECALL_STATUS_NORMALIZED_TO_NONE;EXPIRATION_BEFORE_PURCHASE_REQUIRES_REVIEW;EXPIRED_ITEM_FLAG,SME/Data Governance,open,SBRN=SBRN3924
HRQ-02814,record_level_data_quality,dataset-raw-excel-data,record,RECALL_STATUS_MONITORING_REQUIRES_GOVERNANCE,SME/Data Governance,open,SBRN=SBRN3926
HRQ-02815,record_level_data_quality,dataset-raw-excel-data,record,RECALL_STATUS_MONITORING_REQUIRES_GOVERNANCE;FUTURE_PURCHASE_DATE_REQUIRES_REVIEW;EXPIRATION_BEFORE_PURCHASE_REQUIRES_REVIEW,SME/Data Governance,open,SBRN=SBRN3927
HRQ-02816,record_level_data_quality,dataset-raw-excel-data,record,RECALL_STATUS_MONITORING_REQUIRES_GOVERNANCE;FUTURE_PURCHASE_DATE_REQUIRES_REVIEW;EXPIRATION_BEFORE_PURCHASE_REQUIRES_REVIEW;EXPIRED_ITEM_FLAG,SME/Data Governance,open,SBRN=SBRN3929
HRQ-02817,record_level_data_quality,dataset-raw-excel-data,record,EXPIRATION_BEFORE_PURCHASE_REQUIRES_REVIEW;EXPIRED_ITEM_FLAG,SME/Data Governance,open,SBRN=SBRN3930
HRQ-02818,record_level_data_quality,dataset-raw-excel-data,record,RECALL_STATUS_MONITORING_REQUIRES_GOVERNANCE;EXPIRED_ITEM_FLAG,SME/Data Governance,open,SBRN=SBRN3931
HRQ-02819,record_level_data_quality,dataset-raw-excel-data,record,RECALL_STATUS_MONITORING_REQUIRES_GOVERNANCE,SME/Data Governance,open,SBRN=SBRN3934
HRQ-02820,record_level_data_quality,dataset-raw-excel-data,record,MISSING_RECALL_STATUS_NORMALIZED_TO_NONE;FUTURE_PURCHASE_DATE_REQUIRES_REVIEW;EXPIRATION_BEFORE_PURCHASE_REQUIRES_REVIEW;EXPIRED_ITEM_FLAG,SME/Data Governance,open,SBRN=SBRN3935
HRQ-02821,record_level_data_quality,dataset-raw-excel-data,record,FUTURE_PURCHASE_DATE_REQUIRES_REVIEW;EXPIRATION_BEFORE_PURCHASE_REQUIRES_REVIEW;EXPIRED_ITEM_FLAG,SME/Data Governance,open,SBRN=SBRN3937
HRQ-02822,record_level_data_quality,dataset-raw-excel-data,record,MISSING_RECALL_STATUS_NORMALIZED_TO_NONE;EXPIRATION_BEFORE_PURCHASE_REQUIRES_REVIEW;EXPIRED_ITEM_FLAG,SME/Data Governance,open,SBRN=SBRN3938
HRQ-02823,record_level_data_quality,dataset-raw-excel-data,record,EXPIRATION_BEFORE_PURCHASE_REQUIRES_REVIEW;EXPIRED_ITEM_FLAG,SME/Data Governance,open,SBRN=SBRN3939
HRQ-02824,record_level_data_quality,dataset-raw-excel-data,record,RECALL_STATUS_MONITORING_REQUIRES_GOVERNANCE;FUTURE_PURCHASE_DATE_REQUIRES_REVIEW;EXPIRATION_BEFORE_PURCHASE_REQUIRES_REVIEW;EXPIRED_ITEM_FLAG,SME/Data Governance,open,SBRN=SBRN3941
HRQ-02825,record_level_data_quality,dataset-raw-excel-data,record,RECALL_STATUS_MONITORING_REQUIRES_GOVERNANCE;EXPIRATION_BEFORE_PURCHASE_REQUIRES_REVIEW;EXPIRED_ITEM_FLAG,SME/Data Governance,open,SBRN=SBRN3942
HRQ-02826,record_level_data_quality,dataset-raw-excel-data,record,RECALL_STATUS_MONITORING_REQUIRES_GOVERNANCE;EXPIRATION_BEFORE_PURCHASE_REQUIRES_REVIEW;EXPIRED_ITEM_FLAG,SME/Data Governance,open,SBRN=SBRN3943
HRQ-02827,record_level_data_quality,dataset-raw-excel-data,record,MISSING_RECALL_STATUS_NORMALIZED_TO_NONE;EXPIRATION_BEFORE_PURCHASE_REQUIRES_REVIEW;EXPIRED_ITEM_FLAG,SME/Data Governance,open,SBRN=SBRN3944
HRQ-02828,record_level_data_quality,dataset-raw-excel-data,record,RECALL_STATUS_MONITORING_REQUIRES_GOVERNANCE,SME/Data Governance,open,SBRN=SBRN3945
HRQ-02829,record_level_data_quality,dataset-raw-excel-data,record,MISSING_RECALL_STATUS_NORMALIZED_TO_NONE;FUTURE_PURCHASE_DATE_REQUIRES_REVIEW;EXPIRATION_BEFORE_PURCHASE_REQUIRES_REVIEW;EXPIRED_ITEM_FLAG,SME/Data Governance,open,SBRN=SBRN3946
HRQ-02830,record_level_data_quality,dataset-raw-excel-data,record,EXPIRATION_BEFORE_PURCHASE_REQUIRES_REVIEW;EXPIRED_ITEM_FLAG,SME/Data Governance,open,SBRN=SBRN3947
HRQ-02831,record_level_data_quality,dataset-raw-excel-data,record,MISSING_RECALL_STATUS_NORMALIZED_TO_NONE;EXPIRATION_BEFORE_PURCHASE_REQUIRES_REVIEW;EXPIRED_ITEM_FLAG,SME/Data Governance,open,SBRN=SBRN3948
HRQ-02832,record_level_data_quality,dataset-raw-excel-data,record,EXPIRATION_BEFORE_PURCHASE_REQUIRES_REVIEW;EXPIRED_ITEM_FLAG,SME/Data Governance,open,SBRN=SBRN3950
HRQ-02833,record_level_data_quality,dataset-raw-excel-data,record,RECALL_STATUS_MONITORING_REQUIRES_GOVERNANCE,SME/Data Governance,open,SBRN=SBRN3952
HRQ-02834,record_level_data_quality,dataset-raw-excel-data,record,RECALL_STATUS_MONITORING_REQUIRES_GOVERNANCE;EXPIRED_ITEM_FLAG,SME/Data Governance,open,SBRN=SBRN3953
HRQ-02835,record_level_data_quality,dataset-raw-excel-data,record,RECALL_STATUS_MONITORING_REQUIRES_GOVERNANCE;FUTURE_PURCHASE_DATE_REQUIRES_REVIEW;EXPIRATION_BEFORE_PURCHASE_REQUIRES_REVIEW,SME/Data Governance,open,SBRN=SBRN3955
HRQ-02836,record_level_data_quality,dataset-raw-excel-data,record,RECALL_STATUS_MONITORING_REQUIRES_GOVERNANCE;EXPIRED_ITEM_FLAG,SME/Data Governance,open,SBRN=SBRN3957
HRQ-02837,record_level_data_quality,dataset-raw-excel-data,record,MISSING_RECALL_STATUS_NORMALIZED_TO_NONE;FUTURE_PURCHASE_DATE_REQUIRES_REVIEW;EXPIRATION_BEFORE_PURCHASE_REQUIRES_REVIEW,SME/Data Governance,open,SBRN=SBRN3958
HRQ-02838,record_level_data_quality,dataset-raw-excel-data,record,RECALL_STATUS_MONITORING_REQUIRES_GOVERNANCE;EXPIRED_ITEM_FLAG,SME/Data Governance,open,SBRN=SBRN3960
HRQ-02839,record_level_data_quality,dataset-raw-excel-data,record,MISSING_RECALL_STATUS_NORMALIZED_TO_NONE;FUTURE_PURCHASE_DATE_REQUIRES_REVIEW;EXPIRATION_BEFORE_PURCHASE_REQUIRES_REVIEW;EXPIRED_ITEM_FLAG,SME/Data Governance,open,SBRN=SBRN3962
HRQ-02840,record_level_data_quality,dataset-raw-excel-data,record,RECALL_STATUS_MONITORING_REQUIRES_GOVERNANCE;EXPIRED_ITEM_FLAG,SME/Data Governance,open,SBRN=SBRN3963
HRQ-02841,record_level_data_quality,dataset-raw-excel-data,record,MISSING_RECALL_STATUS_NORMALIZED_TO_NONE;EXPIRATION_BEFORE_PURCHASE_REQUIRES_REVIEW;EXPIRED_ITEM_FLAG,SME/Data Governance,open,SBRN=SBRN3965
HRQ-02842,record_level_data_quality,dataset-raw-excel-data,record,MISSING_RECALL_STATUS_NORMALIZED_TO_NONE;EXPIRATION_BEFORE_PURCHASE_REQUIRES_REVIEW;EXPIRED_ITEM_FLAG,SME/Data Governance,open,SBRN=SBRN3966
HRQ-02843,record_level_data_quality,dataset-raw-excel-data,record,EXPIRATION_BEFORE_PURCHASE_REQUIRES_REVIEW;EXPIRED_ITEM_FLAG,SME/Data Governance,open,SBRN=SBRN3967
HRQ-02844,record_level_data_quality,dataset-raw-excel-data,record,MISSING_RECALL_STATUS_NORMALIZED_TO_NONE;FUTURE_PURCHASE_DATE_REQUIRES_REVIEW;EXPIRATION_BEFORE_PURCHASE_REQUIRES_REVIEW;EXPIRED_ITEM_FLAG,SME/Data Governance,open,SBRN=SBRN3968
HRQ-02845,record_level_data_quality,dataset-raw-excel-data,record,RECALL_STATUS_MONITORING_REQUIRES_GOVERNANCE;EXPIRATION_BEFORE_PURCHASE_REQUIRES_REVIEW;EXPIRED_ITEM_FLAG,SME/Data Governance,open,SBRN=SBRN3969
HRQ-02846,record_level_data_quality,dataset-raw-excel-data,record,RECALL_STATUS_MONITORING_REQUIRES_GOVERNANCE;FUTURE_PURCHASE_DATE_REQUIRES_REVIEW;EXPIRATION_BEFORE_PURCHASE_REQUIRES_REVIEW;EXPIRED_ITEM_FLAG,SME/Data Governance,open,SBRN=SBRN3971
HRQ-02847,record_level_data_quality,dataset-raw-excel-data,record,FUTURE_PURCHASE_DATE_REQUIRES_REVIEW;EXPIRATION_BEFORE_PURCHASE_REQUIRES_REVIEW;EXPIRED_ITEM_FLAG,SME/Data Governance,open,SBRN=SBRN3972
HRQ-02848,record_level_data_quality,dataset-raw-excel-data,record,MISSING_RECALL_STATUS_NORMALIZED_TO_NONE;EXPIRATION_BEFORE_PURCHASE_REQUIRES_REVIEW;EXPIRED_ITEM_FLAG,SME/Data Governance,open,SBRN=SBRN3973
HRQ-02849,record_level_data_quality,dataset-raw-excel-data,record,EXPIRATION_BEFORE_PURCHASE_REQUIRES_REVIEW;EXPIRED_ITEM_FLAG,SME/Data Governance,open,SBRN=SBRN3974
HRQ-02850,record_level_data_quality,dataset-raw-excel-data,record,MISSING_RECALL_STATUS_NORMALIZED_TO_NONE;FUTURE_PURCHASE_DATE_REQUIRES_REVIEW;EXPIRATION_BEFORE_PURCHASE_REQUIRES_REVIEW;EXPIRED_ITEM_FLAG,SME/Data Governance,open,SBRN=SBRN3975
HRQ-02851,record_level_data_quality,dataset-raw-excel-data,record,EXPIRATION_BEFORE_PURCHASE_REQUIRES_REVIEW;EXPIRED_ITEM_FLAG,SME/Data Governance,open,SBRN=SBRN3976
HRQ-02852,record_level_data_quality,dataset-raw-excel-data,record,FUTURE_PURCHASE_DATE_REQUIRES_REVIEW;EXPIRATION_BEFORE_PURCHASE_REQUIRES_REVIEW,SME/Data Governance,open,SBRN=SBRN3977
HRQ-02853,record_level_data_quality,dataset-raw-excel-data,record,RECALL_STATUS_MONITORING_REQUIRES_GOVERNANCE,SME/Data Governance,open,SBRN=SBRN3980
HRQ-02854,record_level_data_quality,dataset-raw-excel-data,record,MISSING_RECALL_STATUS_NORMALIZED_TO_NONE;EXPIRATION_BEFORE_PURCHASE_REQUIRES_REVIEW;EXPIRED_ITEM_FLAG,SME/Data Governance,open,SBRN=SBRN3981
HRQ-02855,record_level_data_quality,dataset-raw-excel-data,record,RECALL_STATUS_MONITORING_REQUIRES_GOVERNANCE;FUTURE_PURCHASE_DATE_REQUIRES_REVIEW;EXPIRATION_BEFORE_PURCHASE_REQUIRES_REVIEW;EXPIRED_ITEM_FLAG,SME/Data Governance,open,SBRN=SBRN3982
HRQ-02856,record_level_data_quality,dataset-raw-excel-data,record,RECALL_STATUS_MONITORING_REQUIRES_GOVERNANCE;EXPIRED_ITEM_FLAG,SME/Data Governance,open,SBRN=SBRN3983
HRQ-02857,record_level_data_quality,dataset-raw-excel-data,record,RECALL_STATUS_MONITORING_REQUIRES_GOVERNANCE,SME/Data Governance,open,SBRN=SBRN3984
HRQ-02858,record_level_data_quality,dataset-raw-excel-data,record,MISSING_RECALL_STATUS_NORMALIZED_TO_NONE;FUTURE_PURCHASE_DATE_REQUIRES_REVIEW;EXPIRATION_BEFORE_PURCHASE_REQUIRES_REVIEW;EXPIRED_ITEM_FLAG,SME/Data Governance,open,SBRN=SBRN3985
HRQ-02859,record_level_data_quality,dataset-raw-excel-data,record,RECALL_STATUS_MONITORING_REQUIRES_GOVERNANCE;EXPIRED_ITEM_FLAG,SME/Data Governance,open,SBRN=SBRN3986
HRQ-02860,record_level_data_quality,dataset-raw-excel-data,record,RECALL_STATUS_MONITORING_REQUIRES_GOVERNANCE;EXPIRED_ITEM_FLAG,SME/Data Governance,open,SBRN=SBRN3988
HRQ-02861,record_level_data_quality,dataset-raw-excel-data,record,FUTURE_PURCHASE_DATE_REQUIRES_REVIEW;EXPIRATION_BEFORE_PURCHASE_REQUIRES_REVIEW,SME/Data Governance,open,SBRN=SBRN3989
HRQ-02862,record_level_data_quality,dataset-raw-excel-data,record,MISSING_RECALL_STATUS_NORMALIZED_TO_NONE;FUTURE_PURCHASE_DATE_REQUIRES_REVIEW;EXPIRATION_BEFORE_PURCHASE_REQUIRES_REVIEW;EXPIRED_ITEM_FLAG,SME/Data Governance,open,SBRN=SBRN3990
HRQ-02863,record_level_data_quality,dataset-raw-excel-data,record,RECALL_STATUS_MONITORING_REQUIRES_GOVERNANCE;EXPIRATION_BEFORE_PURCHASE_REQUIRES_REVIEW;EXPIRED_ITEM_FLAG,SME/Data Governance,open,SBRN=SBRN3992
HRQ-02864,record_level_data_quality,dataset-raw-excel-data,record,RECALL_STATUS_MONITORING_REQUIRES_GOVERNANCE;EXPIRED_ITEM_FLAG,SME/Data Governance,open,SBRN=SBRN3993
HRQ-02865,record_level_data_quality,dataset-raw-excel-data,record,EXPIRATION_BEFORE_PURCHASE_REQUIRES_REVIEW;EXPIRED_ITEM_FLAG,SME/Data Governance,open,SBRN=SBRN3994
HRQ-02866,record_level_data_quality,dataset-raw-excel-data,record,RECALL_STATUS_MONITORING_REQUIRES_GOVERNANCE;EXPIRED_ITEM_FLAG,SME/Data Governance,open,SBRN=SBRN3995
HRQ-02867,record_level_data_quality,dataset-raw-excel-data,record,RECALL_STATUS_MONITORING_REQUIRES_GOVERNANCE;FUTURE_PURCHASE_DATE_REQUIRES_REVIEW;EXPIRATION_BEFORE_PURCHASE_REQUIRES_REVIEW,SME/Data Governance,open,SBRN=SBRN3996
HRQ-02868,record_level_data_quality,dataset-raw-excel-data,record,RECALL_STATUS_MONITORING_REQUIRES_GOVERNANCE,SME/Data Governance,open,SBRN=SBRN3997
HRQ-02869,record_level_data_quality,dataset-raw-excel-data,record,RECALL_STATUS_MONITORING_REQUIRES_GOVERNANCE;FUTURE_PURCHASE_DATE_REQUIRES_REVIEW;EXPIRATION_BEFORE_PURCHASE_REQUIRES_REVIEW;EXPIRED_ITEM_FLAG,SME/Data Governance,open,SBRN=SBRN3998
HRQ-02870,record_level_data_quality,dataset-raw-excel-data,record,MISSING_RECALL_STATUS_NORMALIZED_TO_NONE;EXPIRATION_BEFORE_PURCHASE_REQUIRES_REVIEW;EXPIRED_ITEM_FLAG,SME/Data Governance,open,SBRN=SBRN3999
HRQ-02871,record_level_data_quality,dataset-raw-excel-data,record,RECALL_STATUS_MONITORING_REQUIRES_GOVERNANCE;EXPIRED_ITEM_FLAG,SME/Data Governance,open,SBRN=SBRN4000
HRQ-02872,record_level_data_quality,dataset-raw-excel-data,record,RECALL_STATUS_MONITORING_REQUIRES_GOVERNANCE;FUTURE_PURCHASE_DATE_REQUIRES_REVIEW;EXPIRATION_BEFORE_PURCHASE_REQUIRES_REVIEW;EXPIRED_ITEM_FLAG,SME/Data Governance,open,SBRN=SBRN4001
HRQ-02873,record_level_data_quality,dataset-raw-excel-data,record,EXPIRATION_BEFORE_PURCHASE_REQUIRES_REVIEW;EXPIRED_ITEM_FLAG,SME/Data Governance,open,SBRN=SBRN4002
HRQ-02874,record_level_data_quality,dataset-raw-excel-data,record,RECALL_STATUS_MONITORING_REQUIRES_GOVERNANCE;FUTURE_PURCHASE_DATE_REQUIRES_REVIEW;EXPIRATION_BEFORE_PURCHASE_REQUIRES_REVIEW;EXPIRED_ITEM_FLAG,SME/Data Governance,open,SBRN=SBRN4004
HRQ-02875,record_level_data_quality,dataset-raw-excel-data,record,MISSING_RECALL_STATUS_NORMALIZED_TO_NONE;FUTURE_PURCHASE_DATE_REQUIRES_REVIEW;EXPIRATION_BEFORE_PURCHASE_REQUIRES_REVIEW;EXPIRED_ITEM_FLAG,SME/Data Governance,open,SBRN=SBRN4005
HRQ-02876,record_level_data_quality,dataset-raw-excel-data,record,RECALL_STATUS_MONITORING_REQUIRES_GOVERNANCE;EXPIRATION_BEFORE_PURCHASE_REQUIRES_REVIEW;EXPIRED_ITEM_FLAG,SME/Data Governance,open,SBRN=SBRN4006
HRQ-02877,record_level_data_quality,dataset-raw-excel-data,record,FUTURE_PURCHASE_DATE_REQUIRES_REVIEW;EXPIRATION_BEFORE_PURCHASE_REQUIRES_REVIEW;EXPIRED_ITEM_FLAG,SME/Data Governance,open,SBRN=SBRN4007
HRQ-02878,record_level_data_quality,dataset-raw-excel-data,record,RECALL_STATUS_MONITORING_REQUIRES_GOVERNANCE;FUTURE_PURCHASE_DATE_REQUIRES_REVIEW;EXPIRATION_BEFORE_PURCHASE_REQUIRES_REVIEW;EXPIRED_ITEM_FLAG,SME/Data Governance,open,SBRN=SBRN4008
HRQ-02879,record_level_data_quality,dataset-raw-excel-data,record,FUTURE_PURCHASE_DATE_REQUIRES_REVIEW;EXPIRATION_BEFORE_PURCHASE_REQUIRES_REVIEW;EXPIRED_ITEM_FLAG,SME/Data Governance,open,SBRN=SBRN4009
HRQ-02880,record_level_data_quality,dataset-raw-excel-data,record,FUTURE_PURCHASE_DATE_REQUIRES_REVIEW;EXPIRATION_BEFORE_PURCHASE_REQUIRES_REVIEW;EXPIRED_ITEM_FLAG,SME/Data Governance,open,SBRN=SBRN4010
HRQ-02881,record_level_data_quality,dataset-raw-excel-data,record,RECALL_STATUS_MONITORING_REQUIRES_GOVERNANCE;EXPIRATION_BEFORE_PURCHASE_REQUIRES_REVIEW;EXPIRED_ITEM_FLAG,SME/Data Governance,open,SBRN=SBRN4011
HRQ-02882,record_level_data_quality,dataset-raw-excel-data,record,RECALL_STATUS_MONITORING_REQUIRES_GOVERNANCE,SME/Data Governance,open,SBRN=SBRN4013
HRQ-02883,record_level_data_quality,dataset-raw-excel-data,record,FUTURE_PURCHASE_DATE_REQUIRES_REVIEW;EXPIRATION_BEFORE_PURCHASE_REQUIRES_REVIEW;EXPIRED_ITEM_FLAG,SME/Data Governance,open,SBRN=SBRN4015
HRQ-02884,record_level_data_quality,dataset-raw-excel-data,record,RECALL_STATUS_MONITORING_REQUIRES_GOVERNANCE;FUTURE_PURCHASE_DATE_REQUIRES_REVIEW;EXPIRATION_BEFORE_PURCHASE_REQUIRES_REVIEW;EXPIRED_ITEM_FLAG,SME/Data Governance,open,SBRN=SBRN4016
HRQ-02885,record_level_data_quality,dataset-raw-excel-data,record,RECALL_STATUS_MONITORING_REQUIRES_GOVERNANCE;EXPIRED_ITEM_FLAG,SME/Data Governance,open,SBRN=SBRN4017
HRQ-02886,record_level_data_quality,dataset-raw-excel-data,record,RECALL_STATUS_MONITORING_REQUIRES_GOVERNANCE;FUTURE_PURCHASE_DATE_REQUIRES_REVIEW;EXPIRATION_BEFORE_PURCHASE_REQUIRES_REVIEW;EXPIRED_ITEM_FLAG,SME/Data Governance,open,SBRN=SBRN4019
HRQ-02887,record_level_data_quality,dataset-raw-excel-data,record,RECALL_STATUS_MONITORING_REQUIRES_GOVERNANCE;EXPIRED_ITEM_FLAG,SME/Data Governance,open,SBRN=SBRN4021
HRQ-02888,record_level_data_quality,dataset-raw-excel-data,record,EXPIRATION_BEFORE_PURCHASE_REQUIRES_REVIEW;EXPIRED_ITEM_FLAG,SME/Data Governance,open,SBRN=SBRN4023
HRQ-02889,record_level_data_quality,dataset-raw-excel-data,record,RECALL_STATUS_MONITORING_REQUIRES_GOVERNANCE;EXPIRED_ITEM_FLAG,SME/Data Governance,open,SBRN=SBRN4025
HRQ-02890,record_level_data_quality,dataset-raw-excel-data,record,EXPIRATION_BEFORE_PURCHASE_REQUIRES_REVIEW;EXPIRED_ITEM_FLAG,SME/Data Governance,open,SBRN=SBRN4028
HRQ-02891,record_level_data_quality,dataset-raw-excel-data,record,RECALL_STATUS_MONITORING_REQUIRES_GOVERNANCE;EXPIRATION_BEFORE_PURCHASE_REQUIRES_REVIEW;EXPIRED_ITEM_FLAG,SME/Data Governance,open,SBRN=SBRN4029
HRQ-02892,record_level_data_quality,dataset-raw-excel-data,record,RECALL_STATUS_MONITORING_REQUIRES_GOVERNANCE;FUTURE_PURCHASE_DATE_REQUIRES_REVIEW,SME/Data Governance,open,SBRN=SBRN4030
HRQ-02893,record_level_data_quality,dataset-raw-excel-data,record,EXPIRATION_BEFORE_PURCHASE_REQUIRES_REVIEW;EXPIRED_ITEM_FLAG,SME/Data Governance,open,SBRN=SBRN4031
HRQ-02894,record_level_data_quality,dataset-raw-excel-data,record,FUTURE_PURCHASE_DATE_REQUIRES_REVIEW;EXPIRATION_BEFORE_PURCHASE_REQUIRES_REVIEW;EXPIRED_ITEM_FLAG,SME/Data Governance,open,SBRN=SBRN4032
HRQ-02895,record_level_data_quality,dataset-raw-excel-data,record,RECALL_STATUS_MONITORING_REQUIRES_GOVERNANCE;EXPIRED_ITEM_FLAG,SME/Data Governance,open,SBRN=SBRN4033
HRQ-02896,record_level_data_quality,dataset-raw-excel-data,record,FUTURE_PURCHASE_DATE_REQUIRES_REVIEW;EXPIRATION_BEFORE_PURCHASE_REQUIRES_REVIEW,SME/Data Governance,open,SBRN=SBRN4038
HRQ-02897,record_level_data_quality,dataset-raw-excel-data,record,FUTURE_PURCHASE_DATE_REQUIRES_REVIEW;EXPIRATION_BEFORE_PURCHASE_REQUIRES_REVIEW;EXPIRED_ITEM_FLAG,SME/Data Governance,open,SBRN=SBRN4039
HRQ-02898,record_level_data_quality,dataset-raw-excel-data,record,RECALL_STATUS_MONITORING_REQUIRES_GOVERNANCE;EXPIRED_ITEM_FLAG,SME/Data Governance,open,SBRN=SBRN4040
HRQ-02899,record_level_data_quality,dataset-raw-excel-data,record,MISSING_RECALL_STATUS_NORMALIZED_TO_NONE;EXPIRATION_BEFORE_PURCHASE_REQUIRES_REVIEW;EXPIRED_ITEM_FLAG,SME/Data Governance,open,SBRN=SBRN4042
HRQ-02900,record_level_data_quality,dataset-raw-excel-data,record,MISSING_RECALL_STATUS_NORMALIZED_TO_NONE;FUTURE_PURCHASE_DATE_REQUIRES_REVIEW;EXPIRATION_BEFORE_PURCHASE_REQUIRES_REVIEW;EXPIRED_ITEM_FLAG,SME/Data Governance,open,SBRN=SBRN4043
HRQ-02901,record_level_data_quality,dataset-raw-excel-data,record,MISSING_RECALL_STATUS_NORMALIZED_TO_NONE;EXPIRATION_BEFORE_PURCHASE_REQUIRES_REVIEW;EXPIRED_ITEM_FLAG,SME/Data Governance,open,SBRN=SBRN4045
HRQ-02902,record_level_data_quality,dataset-raw-excel-data,record,EXPIRATION_BEFORE_PURCHASE_REQUIRES_REVIEW;EXPIRED_ITEM_FLAG,SME/Data Governance,open,SBRN=SBRN4046
HRQ-02903,record_level_data_quality,dataset-raw-excel-data,record,RECALL_STATUS_MONITORING_REQUIRES_GOVERNANCE;EXPIRATION_BEFORE_PURCHASE_REQUIRES_REVIEW;EXPIRED_ITEM_FLAG,SME/Data Governance,open,SBRN=SBRN4047
HRQ-02904,record_level_data_quality,dataset-raw-excel-data,record,RECALL_STATUS_MONITORING_REQUIRES_GOVERNANCE;EXPIRATION_BEFORE_PURCHASE_REQUIRES_REVIEW;EXPIRED_ITEM_FLAG,SME/Data Governance,open,SBRN=SBRN4049
HRQ-02905,record_level_data_quality,dataset-raw-excel-data,record,RECALL_STATUS_MONITORING_REQUIRES_GOVERNANCE;EXPIRED_ITEM_FLAG,SME/Data Governance,open,SBRN=SBRN4051
HRQ-02906,record_level_data_quality,dataset-raw-excel-data,record,RECALL_STATUS_MONITORING_REQUIRES_GOVERNANCE,SME/Data Governance,open,SBRN=SBRN4052
HRQ-02907,record_level_data_quality,dataset-raw-excel-data,record,RECALL_STATUS_MONITORING_REQUIRES_GOVERNANCE;EXPIRATION_BEFORE_PURCHASE_REQUIRES_REVIEW;EXPIRED_ITEM_FLAG,SME/Data Governance,open,SBRN=SBRN4053
HRQ-02908,record_level_data_quality,dataset-raw-excel-data,record,RECALL_STATUS_MONITORING_REQUIRES_GOVERNANCE;FUTURE_PURCHASE_DATE_REQUIRES_REVIEW;EXPIRATION_BEFORE_PURCHASE_REQUIRES_REVIEW;EXPIRED_ITEM_FLAG,SME/Data Governance,open,SBRN=SBRN4054
HRQ-02909,record_level_data_quality,dataset-raw-excel-data,record,RECALL_STATUS_MONITORING_REQUIRES_GOVERNANCE;FUTURE_PURCHASE_DATE_REQUIRES_REVIEW;EXPIRATION_BEFORE_PURCHASE_REQUIRES_REVIEW;EXPIRED_ITEM_FLAG,SME/Data Governance,open,SBRN=SBRN4055
HRQ-02910,record_level_data_quality,dataset-raw-excel-data,record,FUTURE_PURCHASE_DATE_REQUIRES_REVIEW;EXPIRATION_BEFORE_PURCHASE_REQUIRES_REVIEW;EXPIRED_ITEM_FLAG,SME/Data Governance,open,SBRN=SBRN4056
HRQ-02911,record_level_data_quality,dataset-raw-excel-data,record,FUTURE_PURCHASE_DATE_REQUIRES_REVIEW;EXPIRATION_BEFORE_PURCHASE_REQUIRES_REVIEW;EXPIRED_ITEM_FLAG,SME/Data Governance,open,SBRN=SBRN4057
HRQ-02912,record_level_data_quality,dataset-raw-excel-data,record,RECALL_STATUS_MONITORING_REQUIRES_GOVERNANCE;EXPIRED_ITEM_FLAG,SME/Data Governance,open,SBRN=SBRN4058
HRQ-02913,record_level_data_quality,dataset-raw-excel-data,record,FUTURE_PURCHASE_DATE_REQUIRES_REVIEW;EXPIRATION_BEFORE_PURCHASE_REQUIRES_REVIEW,SME/Data Governance,open,SBRN=SBRN4062
HRQ-02914,record_level_data_quality,dataset-raw-excel-data,record,MISSING_RECALL_STATUS_NORMALIZED_TO_NONE;FUTURE_PURCHASE_DATE_REQUIRES_REVIEW;EXPIRATION_BEFORE_PURCHASE_REQUIRES_REVIEW;EXPIRED_ITEM_FLAG,SME/Data Governance,open,SBRN=SBRN4065
HRQ-02915,record_level_data_quality,dataset-raw-excel-data,record,RECALL_STATUS_MONITORING_REQUIRES_GOVERNANCE;FUTURE_PURCHASE_DATE_REQUIRES_REVIEW;EXPIRATION_BEFORE_PURCHASE_REQUIRES_REVIEW,SME/Data Governance,open,SBRN=SBRN4066
HRQ-02916,record_level_data_quality,dataset-raw-excel-data,record,RECALL_STATUS_MONITORING_REQUIRES_GOVERNANCE;EXPIRATION_BEFORE_PURCHASE_REQUIRES_REVIEW;EXPIRED_ITEM_FLAG,SME/Data Governance,open,SBRN=SBRN4067
HRQ-02917,record_level_data_quality,dataset-raw-excel-data,record,RECALL_STATUS_MONITORING_REQUIRES_GOVERNANCE;EXPIRED_ITEM_FLAG,SME/Data Governance,open,SBRN=SBRN4068
HRQ-02918,record_level_data_quality,dataset-raw-excel-data,record,MISSING_RECALL_STATUS_NORMALIZED_TO_NONE;FUTURE_PURCHASE_DATE_REQUIRES_REVIEW;EXPIRATION_BEFORE_PURCHASE_REQUIRES_REVIEW;EXPIRED_ITEM_FLAG,SME/Data Governance,open,SBRN=SBRN4069
HRQ-02919,record_level_data_quality,dataset-raw-excel-data,record,RECALL_STATUS_MONITORING_REQUIRES_GOVERNANCE,SME/Data Governance,open,SBRN=SBRN4073
HRQ-02920,record_level_data_quality,dataset-raw-excel-data,record,RECALL_STATUS_MONITORING_REQUIRES_GOVERNANCE;FUTURE_PURCHASE_DATE_REQUIRES_REVIEW;EXPIRATION_BEFORE_PURCHASE_REQUIRES_REVIEW,SME/Data Governance,open,SBRN=SBRN4075
HRQ-02921,record_level_data_quality,dataset-raw-excel-data,record,EXPIRATION_BEFORE_PURCHASE_REQUIRES_REVIEW;EXPIRED_ITEM_FLAG,SME/Data Governance,open,SBRN=SBRN4076
HRQ-02922,record_level_data_quality,dataset-raw-excel-data,record,RECALL_STATUS_MONITORING_REQUIRES_GOVERNANCE;FUTURE_PURCHASE_DATE_REQUIRES_REVIEW;EXPIRATION_BEFORE_PURCHASE_REQUIRES_REVIEW;EXPIRED_ITEM_FLAG,SME/Data Governance,open,SBRN=SBRN4077
HRQ-02923,record_level_data_quality,dataset-raw-excel-data,record,EXPIRATION_BEFORE_PURCHASE_REQUIRES_REVIEW;EXPIRED_ITEM_FLAG,SME/Data Governance,open,SBRN=SBRN4078
HRQ-02924,record_level_data_quality,dataset-raw-excel-data,record,MISSING_RECALL_STATUS_NORMALIZED_TO_NONE;EXPIRATION_BEFORE_PURCHASE_REQUIRES_REVIEW;EXPIRED_ITEM_FLAG,SME/Data Governance,open,SBRN=SBRN4080
HRQ-02925,record_level_data_quality,dataset-raw-excel-data,record,RECALL_STATUS_MONITORING_REQUIRES_GOVERNANCE;EXPIRATION_BEFORE_PURCHASE_REQUIRES_REVIEW;EXPIRED_ITEM_FLAG,SME/Data Governance,open,SBRN=SBRN4083
HRQ-02926,record_level_data_quality,dataset-raw-excel-data,record,FUTURE_PURCHASE_DATE_REQUIRES_REVIEW;EXPIRATION_BEFORE_PURCHASE_REQUIRES_REVIEW;EXPIRED_ITEM_FLAG,SME/Data Governance,open,SBRN=SBRN4085
HRQ-02927,record_level_data_quality,dataset-raw-excel-data,record,EXPIRATION_BEFORE_PURCHASE_REQUIRES_REVIEW;EXPIRED_ITEM_FLAG,SME/Data Governance,open,SBRN=SBRN4089
HRQ-02928,record_level_data_quality,dataset-raw-excel-data,record,RECALL_STATUS_MONITORING_REQUIRES_GOVERNANCE;EXPIRATION_BEFORE_PURCHASE_REQUIRES_REVIEW;EXPIRED_ITEM_FLAG,SME/Data Governance,open,SBRN=SBRN4090
HRQ-02929,record_level_data_quality,dataset-raw-excel-data,record,FUTURE_PURCHASE_DATE_REQUIRES_REVIEW;EXPIRATION_BEFORE_PURCHASE_REQUIRES_REVIEW;EXPIRED_ITEM_FLAG,SME/Data Governance,open,SBRN=SBRN4091
HRQ-02930,record_level_data_quality,dataset-raw-excel-data,record,MISSING_RECALL_STATUS_NORMALIZED_TO_NONE;EXPIRATION_BEFORE_PURCHASE_REQUIRES_REVIEW;EXPIRED_ITEM_FLAG,SME/Data Governance,open,SBRN=SBRN4095
HRQ-02931,record_level_data_quality,dataset-raw-excel-data,record,MISSING_RECALL_STATUS_NORMALIZED_TO_NONE;FUTURE_PURCHASE_DATE_REQUIRES_REVIEW;EXPIRATION_BEFORE_PURCHASE_REQUIRES_REVIEW;EXPIRED_ITEM_FLAG,SME/Data Governance,open,SBRN=SBRN4098
HRQ-02932,record_level_data_quality,dataset-raw-excel-data,record,RECALL_STATUS_MONITORING_REQUIRES_GOVERNANCE;FUTURE_PURCHASE_DATE_REQUIRES_REVIEW;EXPIRATION_BEFORE_PURCHASE_REQUIRES_REVIEW;EXPIRED_ITEM_FLAG,SME/Data Governance,open,SBRN=SBRN4099
HRQ-02933,record_level_data_quality,dataset-raw-excel-data,record,FUTURE_PURCHASE_DATE_REQUIRES_REVIEW,SME/Data Governance,open,SBRN=SBRN4100
HRQ-02934,record_level_data_quality,dataset-raw-excel-data,record,MISSING_RECALL_STATUS_NORMALIZED_TO_NONE;FUTURE_PURCHASE_DATE_REQUIRES_REVIEW;EXPIRATION_BEFORE_PURCHASE_REQUIRES_REVIEW,SME/Data Governance,open,SBRN=SBRN4101
HRQ-02935,record_level_data_quality,dataset-raw-excel-data,record,MISSING_RECALL_STATUS_NORMALIZED_TO_NONE;EXPIRATION_BEFORE_PURCHASE_REQUIRES_REVIEW;EXPIRED_ITEM_FLAG,SME/Data Governance,open,SBRN=SBRN4103
HRQ-02936,record_level_data_quality,dataset-raw-excel-data,record,MISSING_RECALL_STATUS_NORMALIZED_TO_NONE;FUTURE_PURCHASE_DATE_REQUIRES_REVIEW;EXPIRATION_BEFORE_PURCHASE_REQUIRES_REVIEW;EXPIRED_ITEM_FLAG,SME/Data Governance,open,SBRN=SBRN4104
HRQ-02937,record_level_data_quality,dataset-raw-excel-data,record,RECALL_STATUS_MONITORING_REQUIRES_GOVERNANCE;EXPIRED_ITEM_FLAG,SME/Data Governance,open,SBRN=SBRN4105
HRQ-02938,record_level_data_quality,dataset-raw-excel-data,record,MISSING_RECALL_STATUS_NORMALIZED_TO_NONE;FUTURE_PURCHASE_DATE_REQUIRES_REVIEW;EXPIRATION_BEFORE_PURCHASE_REQUIRES_REVIEW;EXPIRED_ITEM_FLAG,SME/Data Governance,open,SBRN=SBRN4106
HRQ-02939,record_level_data_quality,dataset-raw-excel-data,record,RECALL_STATUS_MONITORING_REQUIRES_GOVERNANCE;EXPIRATION_BEFORE_PURCHASE_REQUIRES_REVIEW;EXPIRED_ITEM_FLAG,SME/Data Governance,open,SBRN=SBRN4111
HRQ-02940,record_level_data_quality,dataset-raw-excel-data,record,RECALL_STATUS_MONITORING_REQUIRES_GOVERNANCE,SME/Data Governance,open,SBRN=SBRN4112
HRQ-02941,record_level_data_quality,dataset-raw-excel-data,record,RECALL_STATUS_MONITORING_REQUIRES_GOVERNANCE,SME/Data Governance,open,SBRN=SBRN4113
HRQ-02942,record_level_data_quality,dataset-raw-excel-data,record,RECALL_STATUS_MONITORING_REQUIRES_GOVERNANCE;FUTURE_PURCHASE_DATE_REQUIRES_REVIEW,SME/Data Governance,open,SBRN=SBRN4114
HRQ-02943,record_level_data_quality,dataset-raw-excel-data,record,RECALL_STATUS_MONITORING_REQUIRES_GOVERNANCE;FUTURE_PURCHASE_DATE_REQUIRES_REVIEW;EXPIRATION_BEFORE_PURCHASE_REQUIRES_REVIEW;EXPIRED_ITEM_FLAG,SME/Data Governance,open,SBRN=SBRN4116
HRQ-02944,record_level_data_quality,dataset-raw-excel-data,record,RECALL_STATUS_MONITORING_REQUIRES_GOVERNANCE;EXPIRATION_BEFORE_PURCHASE_REQUIRES_REVIEW;EXPIRED_ITEM_FLAG,SME/Data Governance,open,SBRN=SBRN4117
HRQ-02945,record_level_data_quality,dataset-raw-excel-data,record,RECALL_STATUS_MONITORING_REQUIRES_GOVERNANCE;FUTURE_PURCHASE_DATE_REQUIRES_REVIEW;EXPIRATION_BEFORE_PURCHASE_REQUIRES_REVIEW,SME/Data Governance,open,SBRN=SBRN4119
HRQ-02946,record_level_data_quality,dataset-raw-excel-data,record,FUTURE_PURCHASE_DATE_REQUIRES_REVIEW;EXPIRATION_BEFORE_PURCHASE_REQUIRES_REVIEW;EXPIRED_ITEM_FLAG,SME/Data Governance,open,SBRN=SBRN4120
HRQ-02947,record_level_data_quality,dataset-raw-excel-data,record,MISSING_RECALL_STATUS_NORMALIZED_TO_NONE;EXPIRATION_BEFORE_PURCHASE_REQUIRES_REVIEW;EXPIRED_ITEM_FLAG,SME/Data Governance,open,SBRN=SBRN4122
HRQ-02948,record_level_data_quality,dataset-raw-excel-data,record,FUTURE_PURCHASE_DATE_REQUIRES_REVIEW;EXPIRATION_BEFORE_PURCHASE_REQUIRES_REVIEW,SME/Data Governance,open,SBRN=SBRN4123
HRQ-02949,record_level_data_quality,dataset-raw-excel-data,record,RECALL_STATUS_MONITORING_REQUIRES_GOVERNANCE;EXPIRED_ITEM_FLAG,SME/Data Governance,open,SBRN=SBRN4124
HRQ-02950,record_level_data_quality,dataset-raw-excel-data,record,FUTURE_PURCHASE_DATE_REQUIRES_REVIEW,SME/Data Governance,open,SBRN=SBRN4126
HRQ-02951,record_level_data_quality,dataset-raw-excel-data,record,RECALL_STATUS_MONITORING_REQUIRES_GOVERNANCE,SME/Data Governance,open,SBRN=SBRN4129
HRQ-02952,record_level_data_quality,dataset-raw-excel-data,record,MISSING_RECALL_STATUS_NORMALIZED_TO_NONE;FUTURE_PURCHASE_DATE_REQUIRES_REVIEW;EXPIRATION_BEFORE_PURCHASE_REQUIRES_REVIEW;EXPIRED_ITEM_FLAG,SME/Data Governance,open,SBRN=SBRN4130
HRQ-02953,record_level_data_quality,dataset-raw-excel-data,record,RECALL_STATUS_MONITORING_REQUIRES_GOVERNANCE;EXPIRED_ITEM_FLAG,SME/Data Governance,open,SBRN=SBRN4131
HRQ-02954,record_level_data_quality,dataset-raw-excel-data,record,FUTURE_PURCHASE_DATE_REQUIRES_REVIEW;EXPIRATION_BEFORE_PURCHASE_REQUIRES_REVIEW;EXPIRED_ITEM_FLAG,SME/Data Governance,open,SBRN=SBRN4132
HRQ-02955,record_level_data_quality,dataset-raw-excel-data,record,EXPIRATION_BEFORE_PURCHASE_REQUIRES_REVIEW;EXPIRED_ITEM_FLAG,SME/Data Governance,open,SBRN=SBRN4133
HRQ-02956,record_level_data_quality,dataset-raw-excel-data,record,MISSING_RECALL_STATUS_NORMALIZED_TO_NONE;FUTURE_PURCHASE_DATE_REQUIRES_REVIEW;EXPIRATION_BEFORE_PURCHASE_REQUIRES_REVIEW;EXPIRED_ITEM_FLAG,SME/Data Governance,open,SBRN=SBRN4134
HRQ-02957,record_level_data_quality,dataset-raw-excel-data,record,RECALL_STATUS_MONITORING_REQUIRES_GOVERNANCE,SME/Data Governance,open,SBRN=SBRN4135
HRQ-02958,record_level_data_quality,dataset-raw-excel-data,record,RECALL_STATUS_MONITORING_REQUIRES_GOVERNANCE,SME/Data Governance,open,SBRN=SBRN4140
HRQ-02959,record_level_data_quality,dataset-raw-excel-data,record,RECALL_STATUS_MONITORING_REQUIRES_GOVERNANCE;EXPIRED_ITEM_FLAG,SME/Data Governance,open,SBRN=SBRN4143
HRQ-02960,record_level_data_quality,dataset-raw-excel-data,record,FUTURE_PURCHASE_DATE_REQUIRES_REVIEW;EXPIRATION_BEFORE_PURCHASE_REQUIRES_REVIEW;EXPIRED_ITEM_FLAG,SME/Data Governance,open,SBRN=SBRN4144
HRQ-02961,record_level_data_quality,dataset-raw-excel-data,record,MISSING_RECALL_STATUS_NORMALIZED_TO_NONE;EXPIRATION_BEFORE_PURCHASE_REQUIRES_REVIEW;EXPIRED_ITEM_FLAG,SME/Data Governance,open,SBRN=SBRN4146
HRQ-02962,record_level_data_quality,dataset-raw-excel-data,record,FUTURE_PURCHASE_DATE_REQUIRES_REVIEW,SME/Data Governance,open,SBRN=SBRN4149
HRQ-02963,record_level_data_quality,dataset-raw-excel-data,record,MISSING_RECALL_STATUS_NORMALIZED_TO_NONE;FUTURE_PURCHASE_DATE_REQUIRES_REVIEW,SME/Data Governance,open,SBRN=SBRN4150
HRQ-02964,record_level_data_quality,dataset-raw-excel-data,record,RECALL_STATUS_MONITORING_REQUIRES_GOVERNANCE;EXPIRED_ITEM_FLAG,SME/Data Governance,open,SBRN=SBRN4151
HRQ-02965,record_level_data_quality,dataset-raw-excel-data,record,RECALL_STATUS_MONITORING_REQUIRES_GOVERNANCE,SME/Data Governance,open,SBRN=SBRN4152
HRQ-02966,record_level_data_quality,dataset-raw-excel-data,record,RECALL_STATUS_MONITORING_REQUIRES_GOVERNANCE,SME/Data Governance,open,SBRN=SBRN4154
HRQ-02967,record_level_data_quality,dataset-raw-excel-data,record,EXPIRATION_BEFORE_PURCHASE_REQUIRES_REVIEW;EXPIRED_ITEM_FLAG,SME/Data Governance,open,SBRN=SBRN4155
HRQ-02968,record_level_data_quality,dataset-raw-excel-data,record,RECALL_STATUS_MONITORING_REQUIRES_GOVERNANCE;FUTURE_PURCHASE_DATE_REQUIRES_REVIEW;EXPIRATION_BEFORE_PURCHASE_REQUIRES_REVIEW;EXPIRED_ITEM_FLAG,SME/Data Governance,open,SBRN=SBRN4156
HRQ-02969,record_level_data_quality,dataset-raw-excel-data,record,RECALL_STATUS_MONITORING_REQUIRES_GOVERNANCE;EXPIRED_ITEM_FLAG,SME/Data Governance,open,SBRN=SBRN4157
HRQ-02970,record_level_data_quality,dataset-raw-excel-data,record,RECALL_STATUS_MONITORING_REQUIRES_GOVERNANCE,SME/Data Governance,open,SBRN=SBRN4158
HRQ-02971,record_level_data_quality,dataset-raw-excel-data,record,RECALL_STATUS_MONITORING_REQUIRES_GOVERNANCE;EXPIRATION_BEFORE_PURCHASE_REQUIRES_REVIEW;EXPIRED_ITEM_FLAG,SME/Data Governance,open,SBRN=SBRN4159
HRQ-02972,record_level_data_quality,dataset-raw-excel-data,record,EXPIRATION_BEFORE_PURCHASE_REQUIRES_REVIEW;EXPIRED_ITEM_FLAG,SME/Data Governance,open,SBRN=SBRN4160
HRQ-02973,record_level_data_quality,dataset-raw-excel-data,record,MISSING_RECALL_STATUS_NORMALIZED_TO_NONE;EXPIRATION_BEFORE_PURCHASE_REQUIRES_REVIEW;EXPIRED_ITEM_FLAG,SME/Data Governance,open,SBRN=SBRN4161
HRQ-02974,record_level_data_quality,dataset-raw-excel-data,record,RECALL_STATUS_MONITORING_REQUIRES_GOVERNANCE;EXPIRED_ITEM_FLAG,SME/Data Governance,open,SBRN=SBRN4162
HRQ-02975,record_level_data_quality,dataset-raw-excel-data,record,MISSING_RECALL_STATUS_NORMALIZED_TO_NONE;FUTURE_PURCHASE_DATE_REQUIRES_REVIEW;EXPIRATION_BEFORE_PURCHASE_REQUIRES_REVIEW,SME/Data Governance,open,SBRN=SBRN4163
HRQ-02976,record_level_data_quality,dataset-raw-excel-data,record,FUTURE_PURCHASE_DATE_REQUIRES_REVIEW;EXPIRATION_BEFORE_PURCHASE_REQUIRES_REVIEW;EXPIRED_ITEM_FLAG,SME/Data Governance,open,SBRN=SBRN4164
HRQ-02977,record_level_data_quality,dataset-raw-excel-data,record,FUTURE_PURCHASE_DATE_REQUIRES_REVIEW;EXPIRATION_BEFORE_PURCHASE_REQUIRES_REVIEW;EXPIRED_ITEM_FLAG,SME/Data Governance,open,SBRN=SBRN4165
HRQ-02978,record_level_data_quality,dataset-raw-excel-data,record,RECALL_STATUS_MONITORING_REQUIRES_GOVERNANCE;FUTURE_PURCHASE_DATE_REQUIRES_REVIEW;EXPIRATION_BEFORE_PURCHASE_REQUIRES_REVIEW,SME/Data Governance,open,SBRN=SBRN4166
HRQ-02979,record_level_data_quality,dataset-raw-excel-data,record,RECALL_STATUS_MONITORING_REQUIRES_GOVERNANCE;EXPIRATION_BEFORE_PURCHASE_REQUIRES_REVIEW;EXPIRED_ITEM_FLAG,SME/Data Governance,open,SBRN=SBRN4167
HRQ-02980,record_level_data_quality,dataset-raw-excel-data,record,FUTURE_PURCHASE_DATE_REQUIRES_REVIEW;EXPIRATION_BEFORE_PURCHASE_REQUIRES_REVIEW;EXPIRED_ITEM_FLAG,SME/Data Governance,open,SBRN=SBRN4170
HRQ-02981,record_level_data_quality,dataset-raw-excel-data,record,EXPIRATION_BEFORE_PURCHASE_REQUIRES_REVIEW;EXPIRED_ITEM_FLAG,SME/Data Governance,open,SBRN=SBRN4171
HRQ-02982,record_level_data_quality,dataset-raw-excel-data,record,MISSING_RECALL_STATUS_NORMALIZED_TO_NONE;FUTURE_PURCHASE_DATE_REQUIRES_REVIEW,SME/Data Governance,open,SBRN=SBRN4172
HRQ-02983,record_level_data_quality,dataset-raw-excel-data,record,RECALL_STATUS_MONITORING_REQUIRES_GOVERNANCE;EXPIRED_ITEM_FLAG,SME/Data Governance,open,SBRN=SBRN4173
HRQ-02984,record_level_data_quality,dataset-raw-excel-data,record,RECALL_STATUS_MONITORING_REQUIRES_GOVERNANCE;EXPIRED_ITEM_FLAG,SME/Data Governance,open,SBRN=SBRN4174
HRQ-02985,record_level_data_quality,dataset-raw-excel-data,record,RECALL_STATUS_MONITORING_REQUIRES_GOVERNANCE;FUTURE_PURCHASE_DATE_REQUIRES_REVIEW;EXPIRATION_BEFORE_PURCHASE_REQUIRES_REVIEW;EXPIRED_ITEM_FLAG,SME/Data Governance,open,SBRN=SBRN4176
HRQ-02986,record_level_data_quality,dataset-raw-excel-data,record,MISSING_RECALL_STATUS_NORMALIZED_TO_NONE;EXPIRATION_BEFORE_PURCHASE_REQUIRES_REVIEW;EXPIRED_ITEM_FLAG,SME/Data Governance,open,SBRN=SBRN4178
HRQ-02987,record_level_data_quality,dataset-raw-excel-data,record,RECALL_STATUS_MONITORING_REQUIRES_GOVERNANCE;FUTURE_PURCHASE_DATE_REQUIRES_REVIEW;EXPIRATION_BEFORE_PURCHASE_REQUIRES_REVIEW;EXPIRED_ITEM_FLAG,SME/Data Governance,open,SBRN=SBRN4182
HRQ-02988,record_level_data_quality,dataset-raw-excel-data,record,RECALL_STATUS_MONITORING_REQUIRES_GOVERNANCE;EXPIRATION_BEFORE_PURCHASE_REQUIRES_REVIEW;EXPIRED_ITEM_FLAG,SME/Data Governance,open,SBRN=SBRN4185
HRQ-02989,record_level_data_quality,dataset-raw-excel-data,record,MISSING_RECALL_STATUS_NORMALIZED_TO_NONE;FUTURE_PURCHASE_DATE_REQUIRES_REVIEW;EXPIRATION_BEFORE_PURCHASE_REQUIRES_REVIEW;EXPIRED_ITEM_FLAG,SME/Data Governance,open,SBRN=SBRN4188
HRQ-02990,record_level_data_quality,dataset-raw-excel-data,record,RECALL_STATUS_MONITORING_REQUIRES_GOVERNANCE;FUTURE_PURCHASE_DATE_REQUIRES_REVIEW;EXPIRATION_BEFORE_PURCHASE_REQUIRES_REVIEW,SME/Data Governance,open,SBRN=SBRN4189
HRQ-02991,record_level_data_quality,dataset-raw-excel-data,record,FUTURE_PURCHASE_DATE_REQUIRES_REVIEW;EXPIRATION_BEFORE_PURCHASE_REQUIRES_REVIEW;EXPIRED_ITEM_FLAG,SME/Data Governance,open,SBRN=SBRN4190
HRQ-02992,record_level_data_quality,dataset-raw-excel-data,record,RECALL_STATUS_MONITORING_REQUIRES_GOVERNANCE;EXPIRED_ITEM_FLAG,SME/Data Governance,open,SBRN=SBRN4193
HRQ-02993,record_level_data_quality,dataset-raw-excel-data,record,RECALL_STATUS_MONITORING_REQUIRES_GOVERNANCE;EXPIRED_ITEM_FLAG,SME/Data Governance,open,SBRN=SBRN4194
HRQ-02994,record_level_data_quality,dataset-raw-excel-data,record,FUTURE_PURCHASE_DATE_REQUIRES_REVIEW,SME/Data Governance,open,SBRN=SBRN4197
HRQ-02995,record_level_data_quality,dataset-raw-excel-data,record,RECALL_STATUS_MONITORING_REQUIRES_GOVERNANCE;FUTURE_PURCHASE_DATE_REQUIRES_REVIEW;EXPIRATION_BEFORE_PURCHASE_REQUIRES_REVIEW;EXPIRED_ITEM_FLAG,SME/Data Governance,open,SBRN=SBRN4198
HRQ-02996,record_level_data_quality,dataset-raw-excel-data,record,RECALL_STATUS_MONITORING_REQUIRES_GOVERNANCE;EXPIRATION_BEFORE_PURCHASE_REQUIRES_REVIEW;EXPIRED_ITEM_FLAG,SME/Data Governance,open,SBRN=SBRN4199
HRQ-02997,record_level_data_quality,dataset-raw-excel-data,record,RECALL_STATUS_MONITORING_REQUIRES_GOVERNANCE,SME/Data Governance,open,SBRN=SBRN4201
HRQ-02998,record_level_data_quality,dataset-raw-excel-data,record,RECALL_STATUS_MONITORING_REQUIRES_GOVERNANCE,SME/Data Governance,open,SBRN=SBRN4202
HRQ-02999,record_level_data_quality,dataset-raw-excel-data,record,MISSING_RECALL_STATUS_NORMALIZED_TO_NONE;FUTURE_PURCHASE_DATE_REQUIRES_REVIEW;EXPIRATION_BEFORE_PURCHASE_REQUIRES_REVIEW;EXPIRED_ITEM_FLAG,SME/Data Governance,open,SBRN=SBRN4205
HRQ-03000,record_level_data_quality,dataset-raw-excel-data,record,EXPIRATION_BEFORE_PURCHASE_REQUIRES_REVIEW;EXPIRED_ITEM_FLAG,SME/Data Governance,open,SBRN=SBRN4206
HRQ-03001,record_level_data_quality,dataset-raw-excel-data,record,FUTURE_PURCHASE_DATE_REQUIRES_REVIEW;EXPIRATION_BEFORE_PURCHASE_REQUIRES_REVIEW;EXPIRED_ITEM_FLAG,SME/Data Governance,open,SBRN=SBRN4207
HRQ-03002,record_level_data_quality,dataset-raw-excel-data,record,RECALL_STATUS_MONITORING_REQUIRES_GOVERNANCE;FUTURE_PURCHASE_DATE_REQUIRES_REVIEW,SME/Data Governance,open,SBRN=SBRN4209
HRQ-03003,record_level_data_quality,dataset-raw-excel-data,record,RECALL_STATUS_MONITORING_REQUIRES_GOVERNANCE;EXPIRATION_BEFORE_PURCHASE_REQUIRES_REVIEW;EXPIRED_ITEM_FLAG,SME/Data Governance,open,SBRN=SBRN4210
HRQ-03004,record_level_data_quality,dataset-raw-excel-data,record,MISSING_RECALL_STATUS_NORMALIZED_TO_NONE;FUTURE_PURCHASE_DATE_REQUIRES_REVIEW;EXPIRATION_BEFORE_PURCHASE_REQUIRES_REVIEW;EXPIRED_ITEM_FLAG,SME/Data Governance,open,SBRN=SBRN4211
HRQ-03005,record_level_data_quality,dataset-raw-excel-data,record,EXPIRATION_BEFORE_PURCHASE_REQUIRES_REVIEW;EXPIRED_ITEM_FLAG,SME/Data Governance,open,SBRN=SBRN4214
HRQ-03006,record_level_data_quality,dataset-raw-excel-data,record,RECALL_STATUS_MONITORING_REQUIRES_GOVERNANCE;EXPIRATION_BEFORE_PURCHASE_REQUIRES_REVIEW;EXPIRED_ITEM_FLAG,SME/Data Governance,open,SBRN=SBRN4216
HRQ-03007,record_level_data_quality,dataset-raw-excel-data,record,RECALL_STATUS_MONITORING_REQUIRES_GOVERNANCE;EXPIRED_ITEM_FLAG,SME/Data Governance,open,SBRN=SBRN4218
HRQ-03008,record_level_data_quality,dataset-raw-excel-data,record,RECALL_STATUS_MONITORING_REQUIRES_GOVERNANCE,SME/Data Governance,open,SBRN=SBRN4219
HRQ-03009,record_level_data_quality,dataset-raw-excel-data,record,RECALL_STATUS_MONITORING_REQUIRES_GOVERNANCE;EXPIRED_ITEM_FLAG,SME/Data Governance,open,SBRN=SBRN4222
HRQ-03010,record_level_data_quality,dataset-raw-excel-data,record,RECALL_STATUS_MONITORING_REQUIRES_GOVERNANCE;EXPIRED_ITEM_FLAG,SME/Data Governance,open,SBRN=SBRN4225
HRQ-03011,record_level_data_quality,dataset-raw-excel-data,record,RECALL_STATUS_MONITORING_REQUIRES_GOVERNANCE;EXPIRATION_BEFORE_PURCHASE_REQUIRES_REVIEW;EXPIRED_ITEM_FLAG,SME/Data Governance,open,SBRN=SBRN4226
HRQ-03012,record_level_data_quality,dataset-raw-excel-data,record,FUTURE_PURCHASE_DATE_REQUIRES_REVIEW;EXPIRATION_BEFORE_PURCHASE_REQUIRES_REVIEW;EXPIRED_ITEM_FLAG,SME/Data Governance,open,SBRN=SBRN4227
HRQ-03013,record_level_data_quality,dataset-raw-excel-data,record,EXPIRATION_BEFORE_PURCHASE_REQUIRES_REVIEW;EXPIRED_ITEM_FLAG,SME/Data Governance,open,SBRN=SBRN4229
HRQ-03014,record_level_data_quality,dataset-raw-excel-data,record,RECALL_STATUS_MONITORING_REQUIRES_GOVERNANCE,SME/Data Governance,open,SBRN=SBRN4230
HRQ-03015,record_level_data_quality,dataset-raw-excel-data,record,RECALL_STATUS_MONITORING_REQUIRES_GOVERNANCE;EXPIRATION_BEFORE_PURCHASE_REQUIRES_REVIEW;EXPIRED_ITEM_FLAG,SME/Data Governance,open,SBRN=SBRN4231
HRQ-03016,record_level_data_quality,dataset-raw-excel-data,record,RECALL_STATUS_MONITORING_REQUIRES_GOVERNANCE;EXPIRATION_BEFORE_PURCHASE_REQUIRES_REVIEW;EXPIRED_ITEM_FLAG,SME/Data Governance,open,SBRN=SBRN4234
HRQ-03017,record_level_data_quality,dataset-raw-excel-data,record,RECALL_STATUS_MONITORING_REQUIRES_GOVERNANCE,SME/Data Governance,open,SBRN=SBRN4235
HRQ-03018,record_level_data_quality,dataset-raw-excel-data,record,RECALL_STATUS_MONITORING_REQUIRES_GOVERNANCE;FUTURE_PURCHASE_DATE_REQUIRES_REVIEW;EXPIRATION_BEFORE_PURCHASE_REQUIRES_REVIEW;EXPIRED_ITEM_FLAG,SME/Data Governance,open,SBRN=SBRN4236
HRQ-03019,record_level_data_quality,dataset-raw-excel-data,record,MISSING_RECALL_STATUS_NORMALIZED_TO_NONE;EXPIRATION_BEFORE_PURCHASE_REQUIRES_REVIEW;EXPIRED_ITEM_FLAG,SME/Data Governance,open,SBRN=SBRN4239
HRQ-03020,record_level_data_quality,dataset-raw-excel-data,record,RECALL_STATUS_MONITORING_REQUIRES_GOVERNANCE,SME/Data Governance,open,SBRN=SBRN4240
HRQ-03021,record_level_data_quality,dataset-raw-excel-data,record,RECALL_STATUS_MONITORING_REQUIRES_GOVERNANCE;EXPIRATION_BEFORE_PURCHASE_REQUIRES_REVIEW;EXPIRED_ITEM_FLAG,SME/Data Governance,open,SBRN=SBRN4242
HRQ-03022,record_level_data_quality,dataset-raw-excel-data,record,MISSING_RECALL_STATUS_NORMALIZED_TO_NONE;EXPIRATION_BEFORE_PURCHASE_REQUIRES_REVIEW;EXPIRED_ITEM_FLAG,SME/Data Governance,open,SBRN=SBRN4243
HRQ-03023,record_level_data_quality,dataset-raw-excel-data,record,RECALL_STATUS_MONITORING_REQUIRES_GOVERNANCE;FUTURE_PURCHASE_DATE_REQUIRES_REVIEW;EXPIRATION_BEFORE_PURCHASE_REQUIRES_REVIEW;EXPIRED_ITEM_FLAG,SME/Data Governance,open,SBRN=SBRN4247
HRQ-03024,record_level_data_quality,dataset-raw-excel-data,record,MISSING_RECALL_STATUS_NORMALIZED_TO_NONE;EXPIRATION_BEFORE_PURCHASE_REQUIRES_REVIEW;EXPIRED_ITEM_FLAG,SME/Data Governance,open,SBRN=SBRN4248
HRQ-03025,record_level_data_quality,dataset-raw-excel-data,record,RECALL_STATUS_MONITORING_REQUIRES_GOVERNANCE;EXPIRATION_BEFORE_PURCHASE_REQUIRES_REVIEW;EXPIRED_ITEM_FLAG,SME/Data Governance,open,SBRN=SBRN4250
HRQ-03026,record_level_data_quality,dataset-raw-excel-data,record,MISSING_RECALL_STATUS_NORMALIZED_TO_NONE;EXPIRATION_BEFORE_PURCHASE_REQUIRES_REVIEW;EXPIRED_ITEM_FLAG,SME/Data Governance,open,SBRN=SBRN4251
HRQ-03027,record_level_data_quality,dataset-raw-excel-data,record,RECALL_STATUS_MONITORING_REQUIRES_GOVERNANCE,SME/Data Governance,open,SBRN=SBRN4252
HRQ-03028,record_level_data_quality,dataset-raw-excel-data,record,RECALL_STATUS_MONITORING_REQUIRES_GOVERNANCE;EXPIRED_ITEM_FLAG,SME/Data Governance,open,SBRN=SBRN4253
HRQ-03029,record_level_data_quality,dataset-raw-excel-data,record,FUTURE_PURCHASE_DATE_REQUIRES_REVIEW;EXPIRATION_BEFORE_PURCHASE_REQUIRES_REVIEW;EXPIRED_ITEM_FLAG,SME/Data Governance,open,SBRN=SBRN4254
HRQ-03030,record_level_data_quality,dataset-raw-excel-data,record,FUTURE_PURCHASE_DATE_REQUIRES_REVIEW;EXPIRATION_BEFORE_PURCHASE_REQUIRES_REVIEW;EXPIRED_ITEM_FLAG,SME/Data Governance,open,SBRN=SBRN4255
HRQ-03031,record_level_data_quality,dataset-raw-excel-data,record,RECALL_STATUS_MONITORING_REQUIRES_GOVERNANCE;EXPIRED_ITEM_FLAG,SME/Data Governance,open,SBRN=SBRN4256
HRQ-03032,record_level_data_quality,dataset-raw-excel-data,record,RECALL_STATUS_MONITORING_REQUIRES_GOVERNANCE,SME/Data Governance,open,SBRN=SBRN4257
HRQ-03033,record_level_data_quality,dataset-raw-excel-data,record,MISSING_RECALL_STATUS_NORMALIZED_TO_NONE;EXPIRATION_BEFORE_PURCHASE_REQUIRES_REVIEW;EXPIRED_ITEM_FLAG,SME/Data Governance,open,SBRN=SBRN4258
HRQ-03034,record_level_data_quality,dataset-raw-excel-data,record,RECALL_STATUS_MONITORING_REQUIRES_GOVERNANCE;FUTURE_PURCHASE_DATE_REQUIRES_REVIEW;EXPIRATION_BEFORE_PURCHASE_REQUIRES_REVIEW;EXPIRED_ITEM_FLAG,SME/Data Governance,open,SBRN=SBRN4259
HRQ-03035,record_level_data_quality,dataset-raw-excel-data,record,RECALL_STATUS_MONITORING_REQUIRES_GOVERNANCE,SME/Data Governance,open,SBRN=SBRN4261
HRQ-03036,record_level_data_quality,dataset-raw-excel-data,record,RECALL_STATUS_MONITORING_REQUIRES_GOVERNANCE;EXPIRATION_BEFORE_PURCHASE_REQUIRES_REVIEW;EXPIRED_ITEM_FLAG,SME/Data Governance,open,SBRN=SBRN4262
HRQ-03037,record_level_data_quality,dataset-raw-excel-data,record,MISSING_RECALL_STATUS_NORMALIZED_TO_NONE;EXPIRATION_BEFORE_PURCHASE_REQUIRES_REVIEW;EXPIRED_ITEM_FLAG,SME/Data Governance,open,SBRN=SBRN4265
HRQ-03038,record_level_data_quality,dataset-raw-excel-data,record,RECALL_STATUS_MONITORING_REQUIRES_GOVERNANCE;EXPIRED_ITEM_FLAG,SME/Data Governance,open,SBRN=SBRN4266
HRQ-03039,record_level_data_quality,dataset-raw-excel-data,record,RECALL_STATUS_MONITORING_REQUIRES_GOVERNANCE,SME/Data Governance,open,SBRN=SBRN4268
HRQ-03040,record_level_data_quality,dataset-raw-excel-data,record,FUTURE_PURCHASE_DATE_REQUIRES_REVIEW;EXPIRATION_BEFORE_PURCHASE_REQUIRES_REVIEW;EXPIRED_ITEM_FLAG,SME/Data Governance,open,SBRN=SBRN4269
HRQ-03041,record_level_data_quality,dataset-raw-excel-data,record,MISSING_RECALL_STATUS_NORMALIZED_TO_NONE;FUTURE_PURCHASE_DATE_REQUIRES_REVIEW;EXPIRATION_BEFORE_PURCHASE_REQUIRES_REVIEW;EXPIRED_ITEM_FLAG,SME/Data Governance,open,SBRN=SBRN4270
HRQ-03042,record_level_data_quality,dataset-raw-excel-data,record,RECALL_STATUS_MONITORING_REQUIRES_GOVERNANCE;EXPIRED_ITEM_FLAG,SME/Data Governance,open,SBRN=SBRN4271
HRQ-03043,record_level_data_quality,dataset-raw-excel-data,record,RECALL_STATUS_MONITORING_REQUIRES_GOVERNANCE;EXPIRED_ITEM_FLAG,SME/Data Governance,open,SBRN=SBRN4272
HRQ-03044,record_level_data_quality,dataset-raw-excel-data,record,RECALL_STATUS_MONITORING_REQUIRES_GOVERNANCE;EXPIRED_ITEM_FLAG,SME/Data Governance,open,SBRN=SBRN4273
HRQ-03045,record_level_data_quality,dataset-raw-excel-data,record,RECALL_STATUS_MONITORING_REQUIRES_GOVERNANCE,SME/Data Governance,open,SBRN=SBRN4275
HRQ-03046,record_level_data_quality,dataset-raw-excel-data,record,RECALL_STATUS_MONITORING_REQUIRES_GOVERNANCE;EXPIRED_ITEM_FLAG,SME/Data Governance,open,SBRN=SBRN4278
HRQ-03047,record_level_data_quality,dataset-raw-excel-data,record,RECALL_STATUS_MONITORING_REQUIRES_GOVERNANCE;FUTURE_PURCHASE_DATE_REQUIRES_REVIEW;EXPIRATION_BEFORE_PURCHASE_REQUIRES_REVIEW;EXPIRED_ITEM_FLAG,SME/Data Governance,open,SBRN=SBRN4280
HRQ-03048,record_level_data_quality,dataset-raw-excel-data,record,EXPIRATION_BEFORE_PURCHASE_REQUIRES_REVIEW;EXPIRED_ITEM_FLAG,SME/Data Governance,open,SBRN=SBRN4281
HRQ-03049,record_level_data_quality,dataset-raw-excel-data,record,EXPIRATION_BEFORE_PURCHASE_REQUIRES_REVIEW;EXPIRED_ITEM_FLAG,SME/Data Governance,open,SBRN=SBRN4282
HRQ-03050,record_level_data_quality,dataset-raw-excel-data,record,RECALL_STATUS_MONITORING_REQUIRES_GOVERNANCE;FUTURE_PURCHASE_DATE_REQUIRES_REVIEW;EXPIRATION_BEFORE_PURCHASE_REQUIRES_REVIEW;EXPIRED_ITEM_FLAG,SME/Data Governance,open,SBRN=SBRN4283
HRQ-03051,record_level_data_quality,dataset-raw-excel-data,record,RECALL_STATUS_MONITORING_REQUIRES_GOVERNANCE;EXPIRED_ITEM_FLAG,SME/Data Governance,open,SBRN=SBRN4284
HRQ-03052,record_level_data_quality,dataset-raw-excel-data,record,MISSING_RECALL_STATUS_NORMALIZED_TO_NONE;EXPIRATION_BEFORE_PURCHASE_REQUIRES_REVIEW;EXPIRED_ITEM_FLAG,SME/Data Governance,open,SBRN=SBRN4285
HRQ-03053,record_level_data_quality,dataset-raw-excel-data,record,RECALL_STATUS_MONITORING_REQUIRES_GOVERNANCE,SME/Data Governance,open,SBRN=SBRN4286
HRQ-03054,record_level_data_quality,dataset-raw-excel-data,record,RECALL_STATUS_MONITORING_REQUIRES_GOVERNANCE,SME/Data Governance,open,SBRN=SBRN4288
HRQ-03055,record_level_data_quality,dataset-raw-excel-data,record,EXPIRATION_BEFORE_PURCHASE_REQUIRES_REVIEW;EXPIRED_ITEM_FLAG,SME/Data Governance,open,SBRN=SBRN4289
HRQ-03056,record_level_data_quality,dataset-raw-excel-data,record,RECALL_STATUS_MONITORING_REQUIRES_GOVERNANCE;EXPIRATION_BEFORE_PURCHASE_REQUIRES_REVIEW;EXPIRED_ITEM_FLAG,SME/Data Governance,open,SBRN=SBRN4290
HRQ-03057,record_level_data_quality,dataset-raw-excel-data,record,RECALL_STATUS_MONITORING_REQUIRES_GOVERNANCE;EXPIRED_ITEM_FLAG,SME/Data Governance,open,SBRN=SBRN4291
HRQ-03058,record_level_data_quality,dataset-raw-excel-data,record,EXPIRATION_BEFORE_PURCHASE_REQUIRES_REVIEW;EXPIRED_ITEM_FLAG,SME/Data Governance,open,SBRN=SBRN4292
HRQ-03059,record_level_data_quality,dataset-raw-excel-data,record,RECALL_STATUS_MONITORING_REQUIRES_GOVERNANCE;EXPIRED_ITEM_FLAG,SME/Data Governance,open,SBRN=SBRN4293
HRQ-03060,record_level_data_quality,dataset-raw-excel-data,record,MISSING_RECALL_STATUS_NORMALIZED_TO_NONE;FUTURE_PURCHASE_DATE_REQUIRES_REVIEW;EXPIRATION_BEFORE_PURCHASE_REQUIRES_REVIEW,SME/Data Governance,open,SBRN=SBRN4295
HRQ-03061,record_level_data_quality,dataset-raw-excel-data,record,RECALL_STATUS_MONITORING_REQUIRES_GOVERNANCE;FUTURE_PURCHASE_DATE_REQUIRES_REVIEW;EXPIRATION_BEFORE_PURCHASE_REQUIRES_REVIEW;EXPIRED_ITEM_FLAG,SME/Data Governance,open,SBRN=SBRN4296
HRQ-03062,record_level_data_quality,dataset-raw-excel-data,record,RECALL_STATUS_MONITORING_REQUIRES_GOVERNANCE;FUTURE_PURCHASE_DATE_REQUIRES_REVIEW;EXPIRATION_BEFORE_PURCHASE_REQUIRES_REVIEW,SME/Data Governance,open,SBRN=SBRN4297
HRQ-03063,record_level_data_quality,dataset-raw-excel-data,record,MISSING_RECALL_STATUS_NORMALIZED_TO_NONE;FUTURE_PURCHASE_DATE_REQUIRES_REVIEW;EXPIRATION_BEFORE_PURCHASE_REQUIRES_REVIEW;EXPIRED_ITEM_FLAG,SME/Data Governance,open,SBRN=SBRN4299
HRQ-03064,record_level_data_quality,dataset-raw-excel-data,record,MISSING_RECALL_STATUS_NORMALIZED_TO_NONE;EXPIRATION_BEFORE_PURCHASE_REQUIRES_REVIEW;EXPIRED_ITEM_FLAG,SME/Data Governance,open,SBRN=SBRN4300
HRQ-03065,record_level_data_quality,dataset-raw-excel-data,record,RECALL_STATUS_MONITORING_REQUIRES_GOVERNANCE;EXPIRATION_BEFORE_PURCHASE_REQUIRES_REVIEW;EXPIRED_ITEM_FLAG,SME/Data Governance,open,SBRN=SBRN4301
HRQ-03066,record_level_data_quality,dataset-raw-excel-data,record,MISSING_RECALL_STATUS_NORMALIZED_TO_NONE;FUTURE_PURCHASE_DATE_REQUIRES_REVIEW;EXPIRATION_BEFORE_PURCHASE_REQUIRES_REVIEW,SME/Data Governance,open,SBRN=SBRN4302
HRQ-03067,record_level_data_quality,dataset-raw-excel-data,record,RECALL_STATUS_MONITORING_REQUIRES_GOVERNANCE;EXPIRED_ITEM_FLAG,SME/Data Governance,open,SBRN=SBRN4303
HRQ-03068,record_level_data_quality,dataset-raw-excel-data,record,RECALL_STATUS_MONITORING_REQUIRES_GOVERNANCE;EXPIRATION_BEFORE_PURCHASE_REQUIRES_REVIEW;EXPIRED_ITEM_FLAG,SME/Data Governance,open,SBRN=SBRN4304
HRQ-03069,record_level_data_quality,dataset-raw-excel-data,record,RECALL_STATUS_MONITORING_REQUIRES_GOVERNANCE;FUTURE_PURCHASE_DATE_REQUIRES_REVIEW,SME/Data Governance,open,SBRN=SBRN4306
HRQ-03070,record_level_data_quality,dataset-raw-excel-data,record,RECALL_STATUS_MONITORING_REQUIRES_GOVERNANCE;EXPIRED_ITEM_FLAG,SME/Data Governance,open,SBRN=SBRN4307
HRQ-03071,record_level_data_quality,dataset-raw-excel-data,record,RECALL_STATUS_MONITORING_REQUIRES_GOVERNANCE;EXPIRATION_BEFORE_PURCHASE_REQUIRES_REVIEW;EXPIRED_ITEM_FLAG,SME/Data Governance,open,SBRN=SBRN4309
HRQ-03072,record_level_data_quality,dataset-raw-excel-data,record,RECALL_STATUS_MONITORING_REQUIRES_GOVERNANCE;FUTURE_PURCHASE_DATE_REQUIRES_REVIEW;EXPIRATION_BEFORE_PURCHASE_REQUIRES_REVIEW;EXPIRED_ITEM_FLAG,SME/Data Governance,open,SBRN=SBRN4312
HRQ-03073,record_level_data_quality,dataset-raw-excel-data,record,MISSING_RECALL_STATUS_NORMALIZED_TO_NONE;EXPIRATION_BEFORE_PURCHASE_REQUIRES_REVIEW;EXPIRED_ITEM_FLAG,SME/Data Governance,open,SBRN=SBRN4313
HRQ-03074,record_level_data_quality,dataset-raw-excel-data,record,EXPIRATION_BEFORE_PURCHASE_REQUIRES_REVIEW;EXPIRED_ITEM_FLAG,SME/Data Governance,open,SBRN=SBRN4315
HRQ-03075,record_level_data_quality,dataset-raw-excel-data,record,MISSING_RECALL_STATUS_NORMALIZED_TO_NONE;FUTURE_PURCHASE_DATE_REQUIRES_REVIEW;EXPIRATION_BEFORE_PURCHASE_REQUIRES_REVIEW;EXPIRED_ITEM_FLAG,SME/Data Governance,open,SBRN=SBRN4316
HRQ-03076,record_level_data_quality,dataset-raw-excel-data,record,RECALL_STATUS_MONITORING_REQUIRES_GOVERNANCE,SME/Data Governance,open,SBRN=SBRN4318
HRQ-03077,record_level_data_quality,dataset-raw-excel-data,record,RECALL_STATUS_MONITORING_REQUIRES_GOVERNANCE;FUTURE_PURCHASE_DATE_REQUIRES_REVIEW;EXPIRATION_BEFORE_PURCHASE_REQUIRES_REVIEW;EXPIRED_ITEM_FLAG,SME/Data Governance,open,SBRN=SBRN4319
HRQ-03078,record_level_data_quality,dataset-raw-excel-data,record,EXPIRATION_BEFORE_PURCHASE_REQUIRES_REVIEW;EXPIRED_ITEM_FLAG,SME/Data Governance,open,SBRN=SBRN4321
HRQ-03079,record_level_data_quality,dataset-raw-excel-data,record,RECALL_STATUS_MONITORING_REQUIRES_GOVERNANCE;EXPIRED_ITEM_FLAG,SME/Data Governance,open,SBRN=SBRN4322
HRQ-03080,record_level_data_quality,dataset-raw-excel-data,record,EXPIRATION_BEFORE_PURCHASE_REQUIRES_REVIEW;EXPIRED_ITEM_FLAG,SME/Data Governance,open,SBRN=SBRN4324
HRQ-03081,record_level_data_quality,dataset-raw-excel-data,record,RECALL_STATUS_MONITORING_REQUIRES_GOVERNANCE,SME/Data Governance,open,SBRN=SBRN4325
HRQ-03082,record_level_data_quality,dataset-raw-excel-data,record,RECALL_STATUS_MONITORING_REQUIRES_GOVERNANCE;FUTURE_PURCHASE_DATE_REQUIRES_REVIEW;EXPIRATION_BEFORE_PURCHASE_REQUIRES_REVIEW;EXPIRED_ITEM_FLAG,SME/Data Governance,open,SBRN=SBRN4326
HRQ-03083,record_level_data_quality,dataset-raw-excel-data,record,RECALL_STATUS_MONITORING_REQUIRES_GOVERNANCE;FUTURE_PURCHASE_DATE_REQUIRES_REVIEW;EXPIRATION_BEFORE_PURCHASE_REQUIRES_REVIEW;EXPIRED_ITEM_FLAG,SME/Data Governance,open,SBRN=SBRN4328
HRQ-03084,record_level_data_quality,dataset-raw-excel-data,record,RECALL_STATUS_MONITORING_REQUIRES_GOVERNANCE;FUTURE_PURCHASE_DATE_REQUIRES_REVIEW;EXPIRATION_BEFORE_PURCHASE_REQUIRES_REVIEW;EXPIRED_ITEM_FLAG,SME/Data Governance,open,SBRN=SBRN4329
HRQ-03085,record_level_data_quality,dataset-raw-excel-data,record,RECALL_STATUS_MONITORING_REQUIRES_GOVERNANCE;FUTURE_PURCHASE_DATE_REQUIRES_REVIEW,SME/Data Governance,open,SBRN=SBRN4330
HRQ-03086,record_level_data_quality,dataset-raw-excel-data,record,RECALL_STATUS_MONITORING_REQUIRES_GOVERNANCE;EXPIRATION_BEFORE_PURCHASE_REQUIRES_REVIEW;EXPIRED_ITEM_FLAG,SME/Data Governance,open,SBRN=SBRN4331
HRQ-03087,record_level_data_quality,dataset-raw-excel-data,record,RECALL_STATUS_MONITORING_REQUIRES_GOVERNANCE;EXPIRED_ITEM_FLAG,SME/Data Governance,open,SBRN=SBRN4333
HRQ-03088,record_level_data_quality,dataset-raw-excel-data,record,RECALL_STATUS_MONITORING_REQUIRES_GOVERNANCE,SME/Data Governance,open,SBRN=SBRN4335
HRQ-03089,record_level_data_quality,dataset-raw-excel-data,record,MISSING_RECALL_STATUS_NORMALIZED_TO_NONE;EXPIRATION_BEFORE_PURCHASE_REQUIRES_REVIEW;EXPIRED_ITEM_FLAG,SME/Data Governance,open,SBRN=SBRN4338
HRQ-03090,record_level_data_quality,dataset-raw-excel-data,record,MISSING_RECALL_STATUS_NORMALIZED_TO_NONE;FUTURE_PURCHASE_DATE_REQUIRES_REVIEW;EXPIRATION_BEFORE_PURCHASE_REQUIRES_REVIEW;EXPIRED_ITEM_FLAG,SME/Data Governance,open,SBRN=SBRN4339
HRQ-03091,record_level_data_quality,dataset-raw-excel-data,record,RECALL_STATUS_MONITORING_REQUIRES_GOVERNANCE,SME/Data Governance,open,SBRN=SBRN4340
HRQ-03092,record_level_data_quality,dataset-raw-excel-data,record,MISSING_RECALL_STATUS_NORMALIZED_TO_NONE;FUTURE_PURCHASE_DATE_REQUIRES_REVIEW;EXPIRATION_BEFORE_PURCHASE_REQUIRES_REVIEW;EXPIRED_ITEM_FLAG,SME/Data Governance,open,SBRN=SBRN4342
HRQ-03093,record_level_data_quality,dataset-raw-excel-data,record,RECALL_STATUS_MONITORING_REQUIRES_GOVERNANCE;EXPIRATION_BEFORE_PURCHASE_REQUIRES_REVIEW;EXPIRED_ITEM_FLAG,SME/Data Governance,open,SBRN=SBRN4348
HRQ-03094,record_level_data_quality,dataset-raw-excel-data,record,RECALL_STATUS_MONITORING_REQUIRES_GOVERNANCE;EXPIRED_ITEM_FLAG,SME/Data Governance,open,SBRN=SBRN4349
HRQ-03095,record_level_data_quality,dataset-raw-excel-data,record,RECALL_STATUS_MONITORING_REQUIRES_GOVERNANCE,SME/Data Governance,open,SBRN=SBRN4350
HRQ-03096,record_level_data_quality,dataset-raw-excel-data,record,RECALL_STATUS_MONITORING_REQUIRES_GOVERNANCE;EXPIRED_ITEM_FLAG,SME/Data Governance,open,SBRN=SBRN4355
HRQ-03097,record_level_data_quality,dataset-raw-excel-data,record,MISSING_RECALL_STATUS_NORMALIZED_TO_NONE;FUTURE_PURCHASE_DATE_REQUIRES_REVIEW;EXPIRATION_BEFORE_PURCHASE_REQUIRES_REVIEW;EXPIRED_ITEM_FLAG,SME/Data Governance,open,SBRN=SBRN4358
HRQ-03098,record_level_data_quality,dataset-raw-excel-data,record,RECALL_STATUS_MONITORING_REQUIRES_GOVERNANCE;FUTURE_PURCHASE_DATE_REQUIRES_REVIEW;EXPIRATION_BEFORE_PURCHASE_REQUIRES_REVIEW;EXPIRED_ITEM_FLAG,SME/Data Governance,open,SBRN=SBRN4360
HRQ-03099,record_level_data_quality,dataset-raw-excel-data,record,MISSING_RECALL_STATUS_NORMALIZED_TO_NONE;FUTURE_PURCHASE_DATE_REQUIRES_REVIEW;EXPIRATION_BEFORE_PURCHASE_REQUIRES_REVIEW;EXPIRED_ITEM_FLAG,SME/Data Governance,open,SBRN=SBRN4361
HRQ-03100,record_level_data_quality,dataset-raw-excel-data,record,FUTURE_PURCHASE_DATE_REQUIRES_REVIEW;EXPIRATION_BEFORE_PURCHASE_REQUIRES_REVIEW;EXPIRED_ITEM_FLAG,SME/Data Governance,open,SBRN=SBRN4362
HRQ-03101,record_level_data_quality,dataset-raw-excel-data,record,RECALL_STATUS_MONITORING_REQUIRES_GOVERNANCE;FUTURE_PURCHASE_DATE_REQUIRES_REVIEW;EXPIRATION_BEFORE_PURCHASE_REQUIRES_REVIEW;EXPIRED_ITEM_FLAG,SME/Data Governance,open,SBRN=SBRN4364
HRQ-03102,record_level_data_quality,dataset-raw-excel-data,record,RECALL_STATUS_MONITORING_REQUIRES_GOVERNANCE;FUTURE_PURCHASE_DATE_REQUIRES_REVIEW;EXPIRATION_BEFORE_PURCHASE_REQUIRES_REVIEW;EXPIRED_ITEM_FLAG,SME/Data Governance,open,SBRN=SBRN4366
HRQ-03103,record_level_data_quality,dataset-raw-excel-data,record,RECALL_STATUS_MONITORING_REQUIRES_GOVERNANCE;EXPIRED_ITEM_FLAG,SME/Data Governance,open,SBRN=SBRN4367
HRQ-03104,record_level_data_quality,dataset-raw-excel-data,record,EXPIRATION_BEFORE_PURCHASE_REQUIRES_REVIEW;EXPIRED_ITEM_FLAG,SME/Data Governance,open,SBRN=SBRN4368
HRQ-03105,record_level_data_quality,dataset-raw-excel-data,record,MISSING_RECALL_STATUS_NORMALIZED_TO_NONE;EXPIRATION_BEFORE_PURCHASE_REQUIRES_REVIEW;EXPIRED_ITEM_FLAG,SME/Data Governance,open,SBRN=SBRN4369
HRQ-03106,record_level_data_quality,dataset-raw-excel-data,record,FUTURE_PURCHASE_DATE_REQUIRES_REVIEW;EXPIRATION_BEFORE_PURCHASE_REQUIRES_REVIEW;EXPIRED_ITEM_FLAG,SME/Data Governance,open,SBRN=SBRN4370
HRQ-03107,record_level_data_quality,dataset-raw-excel-data,record,RECALL_STATUS_MONITORING_REQUIRES_GOVERNANCE;FUTURE_PURCHASE_DATE_REQUIRES_REVIEW;EXPIRATION_BEFORE_PURCHASE_REQUIRES_REVIEW;EXPIRED_ITEM_FLAG,SME/Data Governance,open,SBRN=SBRN4371
HRQ-03108,record_level_data_quality,dataset-raw-excel-data,record,RECALL_STATUS_MONITORING_REQUIRES_GOVERNANCE;EXPIRATION_BEFORE_PURCHASE_REQUIRES_REVIEW;EXPIRED_ITEM_FLAG,SME/Data Governance,open,SBRN=SBRN4373
HRQ-03109,record_level_data_quality,dataset-raw-excel-data,record,MISSING_RECALL_STATUS_NORMALIZED_TO_NONE;FUTURE_PURCHASE_DATE_REQUIRES_REVIEW;EXPIRATION_BEFORE_PURCHASE_REQUIRES_REVIEW;EXPIRED_ITEM_FLAG,SME/Data Governance,open,SBRN=SBRN4374
HRQ-03110,record_level_data_quality,dataset-raw-excel-data,record,FUTURE_PURCHASE_DATE_REQUIRES_REVIEW;EXPIRATION_BEFORE_PURCHASE_REQUIRES_REVIEW,SME/Data Governance,open,SBRN=SBRN4378
HRQ-03111,record_level_data_quality,dataset-raw-excel-data,record,EXPIRATION_BEFORE_PURCHASE_REQUIRES_REVIEW;EXPIRED_ITEM_FLAG,SME/Data Governance,open,SBRN=SBRN4379
HRQ-03112,record_level_data_quality,dataset-raw-excel-data,record,RECALL_STATUS_MONITORING_REQUIRES_GOVERNANCE;FUTURE_PURCHASE_DATE_REQUIRES_REVIEW;EXPIRATION_BEFORE_PURCHASE_REQUIRES_REVIEW,SME/Data Governance,open,SBRN=SBRN4380
HRQ-03113,record_level_data_quality,dataset-raw-excel-data,record,MISSING_RECALL_STATUS_NORMALIZED_TO_NONE;EXPIRATION_BEFORE_PURCHASE_REQUIRES_REVIEW;EXPIRED_ITEM_FLAG,SME/Data Governance,open,SBRN=SBRN4381
HRQ-03114,record_level_data_quality,dataset-raw-excel-data,record,MISSING_RECALL_STATUS_NORMALIZED_TO_NONE;FUTURE_PURCHASE_DATE_REQUIRES_REVIEW;EXPIRATION_BEFORE_PURCHASE_REQUIRES_REVIEW;EXPIRED_ITEM_FLAG,SME/Data Governance,open,SBRN=SBRN4382
HRQ-03115,record_level_data_quality,dataset-raw-excel-data,record,RECALL_STATUS_MONITORING_REQUIRES_GOVERNANCE;EXPIRATION_BEFORE_PURCHASE_REQUIRES_REVIEW;EXPIRED_ITEM_FLAG,SME/Data Governance,open,SBRN=SBRN4383
HRQ-03116,record_level_data_quality,dataset-raw-excel-data,record,EXPIRATION_BEFORE_PURCHASE_REQUIRES_REVIEW;EXPIRED_ITEM_FLAG,SME/Data Governance,open,SBRN=SBRN4384
HRQ-03117,record_level_data_quality,dataset-raw-excel-data,record,RECALL_STATUS_MONITORING_REQUIRES_GOVERNANCE;EXPIRATION_BEFORE_PURCHASE_REQUIRES_REVIEW;EXPIRED_ITEM_FLAG,SME/Data Governance,open,SBRN=SBRN4385
HRQ-03118,record_level_data_quality,dataset-raw-excel-data,record,RECALL_STATUS_MONITORING_REQUIRES_GOVERNANCE;FUTURE_PURCHASE_DATE_REQUIRES_REVIEW;EXPIRATION_BEFORE_PURCHASE_REQUIRES_REVIEW;EXPIRED_ITEM_FLAG,SME/Data Governance,open,SBRN=SBRN4386
HRQ-03119,record_level_data_quality,dataset-raw-excel-data,record,RECALL_STATUS_MONITORING_REQUIRES_GOVERNANCE;EXPIRATION_BEFORE_PURCHASE_REQUIRES_REVIEW;EXPIRED_ITEM_FLAG,SME/Data Governance,open,SBRN=SBRN4388
HRQ-03120,record_level_data_quality,dataset-raw-excel-data,record,RECALL_STATUS_MONITORING_REQUIRES_GOVERNANCE;FUTURE_PURCHASE_DATE_REQUIRES_REVIEW;EXPIRATION_BEFORE_PURCHASE_REQUIRES_REVIEW;EXPIRED_ITEM_FLAG,SME/Data Governance,open,SBRN=SBRN4390
HRQ-03121,record_level_data_quality,dataset-raw-excel-data,record,RECALL_STATUS_MONITORING_REQUIRES_GOVERNANCE;EXPIRED_ITEM_FLAG,SME/Data Governance,open,SBRN=SBRN4392
HRQ-03122,record_level_data_quality,dataset-raw-excel-data,record,MISSING_RECALL_STATUS_NORMALIZED_TO_NONE;FUTURE_PURCHASE_DATE_REQUIRES_REVIEW,SME/Data Governance,open,SBRN=SBRN4393
HRQ-03123,record_level_data_quality,dataset-raw-excel-data,record,RECALL_STATUS_MONITORING_REQUIRES_GOVERNANCE;EXPIRATION_BEFORE_PURCHASE_REQUIRES_REVIEW;EXPIRED_ITEM_FLAG,SME/Data Governance,open,SBRN=SBRN4394
HRQ-03124,record_level_data_quality,dataset-raw-excel-data,record,RECALL_STATUS_MONITORING_REQUIRES_GOVERNANCE;EXPIRATION_BEFORE_PURCHASE_REQUIRES_REVIEW;EXPIRED_ITEM_FLAG,SME/Data Governance,open,SBRN=SBRN4395
HRQ-03125,record_level_data_quality,dataset-raw-excel-data,record,RECALL_STATUS_MONITORING_REQUIRES_GOVERNANCE,SME/Data Governance,open,SBRN=SBRN4396
HRQ-03126,record_level_data_quality,dataset-raw-excel-data,record,RECALL_STATUS_MONITORING_REQUIRES_GOVERNANCE;FUTURE_PURCHASE_DATE_REQUIRES_REVIEW;EXPIRATION_BEFORE_PURCHASE_REQUIRES_REVIEW;EXPIRED_ITEM_FLAG,SME/Data Governance,open,SBRN=SBRN4397
HRQ-03127,record_level_data_quality,dataset-raw-excel-data,record,RECALL_STATUS_MONITORING_REQUIRES_GOVERNANCE;EXPIRATION_BEFORE_PURCHASE_REQUIRES_REVIEW;EXPIRED_ITEM_FLAG,SME/Data Governance,open,SBRN=SBRN4398
HRQ-03128,record_level_data_quality,dataset-raw-excel-data,record,RECALL_STATUS_MONITORING_REQUIRES_GOVERNANCE;EXPIRED_ITEM_FLAG,SME/Data Governance,open,SBRN=SBRN4399
HRQ-03129,record_level_data_quality,dataset-raw-excel-data,record,RECALL_STATUS_MONITORING_REQUIRES_GOVERNANCE;EXPIRATION_BEFORE_PURCHASE_REQUIRES_REVIEW;EXPIRED_ITEM_FLAG,SME/Data Governance,open,SBRN=SBRN4400
HRQ-03130,record_level_data_quality,dataset-raw-excel-data,record,RECALL_STATUS_MONITORING_REQUIRES_GOVERNANCE;EXPIRED_ITEM_FLAG,SME/Data Governance,open,SBRN=SBRN4401
HRQ-03131,record_level_data_quality,dataset-raw-excel-data,record,RECALL_STATUS_MONITORING_REQUIRES_GOVERNANCE;EXPIRED_ITEM_FLAG,SME/Data Governance,open,SBRN=SBRN4403
HRQ-03132,record_level_data_quality,dataset-raw-excel-data,record,RECALL_STATUS_MONITORING_REQUIRES_GOVERNANCE;EXPIRED_ITEM_FLAG,SME/Data Governance,open,SBRN=SBRN4405
HRQ-03133,record_level_data_quality,dataset-raw-excel-data,record,RECALL_STATUS_MONITORING_REQUIRES_GOVERNANCE;EXPIRED_ITEM_FLAG,SME/Data Governance,open,SBRN=SBRN4406
HRQ-03134,record_level_data_quality,dataset-raw-excel-data,record,RECALL_STATUS_MONITORING_REQUIRES_GOVERNANCE;EXPIRED_ITEM_FLAG,SME/Data Governance,open,SBRN=SBRN4407
HRQ-03135,record_level_data_quality,dataset-raw-excel-data,record,RECALL_STATUS_MONITORING_REQUIRES_GOVERNANCE;FUTURE_PURCHASE_DATE_REQUIRES_REVIEW;EXPIRATION_BEFORE_PURCHASE_REQUIRES_REVIEW;EXPIRED_ITEM_FLAG,SME/Data Governance,open,SBRN=SBRN4409
HRQ-03136,record_level_data_quality,dataset-raw-excel-data,record,RECALL_STATUS_MONITORING_REQUIRES_GOVERNANCE,SME/Data Governance,open,SBRN=SBRN4410
HRQ-03137,record_level_data_quality,dataset-raw-excel-data,record,MISSING_RECALL_STATUS_NORMALIZED_TO_NONE;EXPIRATION_BEFORE_PURCHASE_REQUIRES_REVIEW;EXPIRED_ITEM_FLAG,SME/Data Governance,open,SBRN=SBRN4411
HRQ-03138,record_level_data_quality,dataset-raw-excel-data,record,EXPIRATION_BEFORE_PURCHASE_REQUIRES_REVIEW;EXPIRED_ITEM_FLAG,SME/Data Governance,open,SBRN=SBRN4412
HRQ-03139,record_level_data_quality,dataset-raw-excel-data,record,RECALL_STATUS_MONITORING_REQUIRES_GOVERNANCE;FUTURE_PURCHASE_DATE_REQUIRES_REVIEW;EXPIRATION_BEFORE_PURCHASE_REQUIRES_REVIEW;EXPIRED_ITEM_FLAG,SME/Data Governance,open,SBRN=SBRN4415
HRQ-03140,record_level_data_quality,dataset-raw-excel-data,record,FUTURE_PURCHASE_DATE_REQUIRES_REVIEW;EXPIRATION_BEFORE_PURCHASE_REQUIRES_REVIEW;EXPIRED_ITEM_FLAG,SME/Data Governance,open,SBRN=SBRN4416
HRQ-03141,record_level_data_quality,dataset-raw-excel-data,record,RECALL_STATUS_MONITORING_REQUIRES_GOVERNANCE;EXPIRED_ITEM_FLAG,SME/Data Governance,open,SBRN=SBRN4417
HRQ-03142,record_level_data_quality,dataset-raw-excel-data,record,MISSING_RECALL_STATUS_NORMALIZED_TO_NONE;FUTURE_PURCHASE_DATE_REQUIRES_REVIEW;EXPIRATION_BEFORE_PURCHASE_REQUIRES_REVIEW;EXPIRED_ITEM_FLAG,SME/Data Governance,open,SBRN=SBRN4418
HRQ-03143,record_level_data_quality,dataset-raw-excel-data,record,RECALL_STATUS_MONITORING_REQUIRES_GOVERNANCE;FUTURE_PURCHASE_DATE_REQUIRES_REVIEW;EXPIRATION_BEFORE_PURCHASE_REQUIRES_REVIEW;EXPIRED_ITEM_FLAG,SME/Data Governance,open,SBRN=SBRN4419
HRQ-03144,record_level_data_quality,dataset-raw-excel-data,record,RECALL_STATUS_MONITORING_REQUIRES_GOVERNANCE;EXPIRED_ITEM_FLAG,SME/Data Governance,open,SBRN=SBRN4420
HRQ-03145,record_level_data_quality,dataset-raw-excel-data,record,RECALL_STATUS_MONITORING_REQUIRES_GOVERNANCE;EXPIRATION_BEFORE_PURCHASE_REQUIRES_REVIEW;EXPIRED_ITEM_FLAG,SME/Data Governance,open,SBRN=SBRN4421
HRQ-03146,record_level_data_quality,dataset-raw-excel-data,record,RECALL_STATUS_MONITORING_REQUIRES_GOVERNANCE,SME/Data Governance,open,SBRN=SBRN4423
HRQ-03147,record_level_data_quality,dataset-raw-excel-data,record,RECALL_STATUS_MONITORING_REQUIRES_GOVERNANCE;EXPIRATION_BEFORE_PURCHASE_REQUIRES_REVIEW;EXPIRED_ITEM_FLAG,SME/Data Governance,open,SBRN=SBRN4424
HRQ-03148,record_level_data_quality,dataset-raw-excel-data,record,RECALL_STATUS_MONITORING_REQUIRES_GOVERNANCE;EXPIRED_ITEM_FLAG,SME/Data Governance,open,SBRN=SBRN4425
HRQ-03149,record_level_data_quality,dataset-raw-excel-data,record,EXPIRATION_BEFORE_PURCHASE_REQUIRES_REVIEW;EXPIRED_ITEM_FLAG,SME/Data Governance,open,SBRN=SBRN4427
HRQ-03150,record_level_data_quality,dataset-raw-excel-data,record,RECALL_STATUS_MONITORING_REQUIRES_GOVERNANCE,SME/Data Governance,open,SBRN=SBRN4428
HRQ-03151,record_level_data_quality,dataset-raw-excel-data,record,MISSING_RECALL_STATUS_NORMALIZED_TO_NONE;FUTURE_PURCHASE_DATE_REQUIRES_REVIEW;EXPIRATION_BEFORE_PURCHASE_REQUIRES_REVIEW,SME/Data Governance,open,SBRN=SBRN4432
HRQ-03152,record_level_data_quality,dataset-raw-excel-data,record,EXPIRATION_BEFORE_PURCHASE_REQUIRES_REVIEW;EXPIRED_ITEM_FLAG,SME/Data Governance,open,SBRN=SBRN4433
HRQ-03153,record_level_data_quality,dataset-raw-excel-data,record,EXPIRATION_BEFORE_PURCHASE_REQUIRES_REVIEW;EXPIRED_ITEM_FLAG,SME/Data Governance,open,SBRN=SBRN4434
HRQ-03154,record_level_data_quality,dataset-raw-excel-data,record,MISSING_RECALL_STATUS_NORMALIZED_TO_NONE;FUTURE_PURCHASE_DATE_REQUIRES_REVIEW;EXPIRATION_BEFORE_PURCHASE_REQUIRES_REVIEW;EXPIRED_ITEM_FLAG,SME/Data Governance,open,SBRN=SBRN4435
HRQ-03155,record_level_data_quality,dataset-raw-excel-data,record,RECALL_STATUS_MONITORING_REQUIRES_GOVERNANCE;EXPIRATION_BEFORE_PURCHASE_REQUIRES_REVIEW;EXPIRED_ITEM_FLAG,SME/Data Governance,open,SBRN=SBRN4436
HRQ-03156,record_level_data_quality,dataset-raw-excel-data,record,MISSING_RECALL_STATUS_NORMALIZED_TO_NONE;FUTURE_PURCHASE_DATE_REQUIRES_REVIEW;EXPIRATION_BEFORE_PURCHASE_REQUIRES_REVIEW;EXPIRED_ITEM_FLAG,SME/Data Governance,open,SBRN=SBRN4437
HRQ-03157,record_level_data_quality,dataset-raw-excel-data,record,MISSING_RECALL_STATUS_NORMALIZED_TO_NONE;EXPIRATION_BEFORE_PURCHASE_REQUIRES_REVIEW;EXPIRED_ITEM_FLAG,SME/Data Governance,open,SBRN=SBRN4439
HRQ-03158,record_level_data_quality,dataset-raw-excel-data,record,RECALL_STATUS_MONITORING_REQUIRES_GOVERNANCE;EXPIRED_ITEM_FLAG,SME/Data Governance,open,SBRN=SBRN4440
HRQ-03159,record_level_data_quality,dataset-raw-excel-data,record,RECALL_STATUS_MONITORING_REQUIRES_GOVERNANCE;FUTURE_PURCHASE_DATE_REQUIRES_REVIEW;EXPIRATION_BEFORE_PURCHASE_REQUIRES_REVIEW,SME/Data Governance,open,SBRN=SBRN4441
HRQ-03160,record_level_data_quality,dataset-raw-excel-data,record,RECALL_STATUS_MONITORING_REQUIRES_GOVERNANCE,SME/Data Governance,open,SBRN=SBRN4443
HRQ-03161,record_level_data_quality,dataset-raw-excel-data,record,MISSING_RECALL_STATUS_NORMALIZED_TO_NONE;FUTURE_PURCHASE_DATE_REQUIRES_REVIEW;EXPIRATION_BEFORE_PURCHASE_REQUIRES_REVIEW;EXPIRED_ITEM_FLAG,SME/Data Governance,open,SBRN=SBRN4444
HRQ-03162,record_level_data_quality,dataset-raw-excel-data,record,RECALL_STATUS_MONITORING_REQUIRES_GOVERNANCE;FUTURE_PURCHASE_DATE_REQUIRES_REVIEW;EXPIRATION_BEFORE_PURCHASE_REQUIRES_REVIEW;EXPIRED_ITEM_FLAG,SME/Data Governance,open,SBRN=SBRN4445
HRQ-03163,record_level_data_quality,dataset-raw-excel-data,record,MISSING_RECALL_STATUS_NORMALIZED_TO_NONE;EXPIRATION_BEFORE_PURCHASE_REQUIRES_REVIEW;EXPIRED_ITEM_FLAG,SME/Data Governance,open,SBRN=SBRN4446
HRQ-03164,record_level_data_quality,dataset-raw-excel-data,record,MISSING_RECALL_STATUS_NORMALIZED_TO_NONE;FUTURE_PURCHASE_DATE_REQUIRES_REVIEW;EXPIRATION_BEFORE_PURCHASE_REQUIRES_REVIEW;EXPIRED_ITEM_FLAG,SME/Data Governance,open,SBRN=SBRN4447
HRQ-03165,record_level_data_quality,dataset-raw-excel-data,record,FUTURE_PURCHASE_DATE_REQUIRES_REVIEW;EXPIRATION_BEFORE_PURCHASE_REQUIRES_REVIEW;EXPIRED_ITEM_FLAG,SME/Data Governance,open,SBRN=SBRN4448
HRQ-03166,record_level_data_quality,dataset-raw-excel-data,record,MISSING_RECALL_STATUS_NORMALIZED_TO_NONE;EXPIRATION_BEFORE_PURCHASE_REQUIRES_REVIEW;EXPIRED_ITEM_FLAG,SME/Data Governance,open,SBRN=SBRN4451
HRQ-03167,record_level_data_quality,dataset-raw-excel-data,record,FUTURE_PURCHASE_DATE_REQUIRES_REVIEW;EXPIRATION_BEFORE_PURCHASE_REQUIRES_REVIEW;EXPIRED_ITEM_FLAG,SME/Data Governance,open,SBRN=SBRN4453
HRQ-03168,record_level_data_quality,dataset-raw-excel-data,record,RECALL_STATUS_MONITORING_REQUIRES_GOVERNANCE;FUTURE_PURCHASE_DATE_REQUIRES_REVIEW;EXPIRATION_BEFORE_PURCHASE_REQUIRES_REVIEW;EXPIRED_ITEM_FLAG,SME/Data Governance,open,SBRN=SBRN4455
HRQ-03169,record_level_data_quality,dataset-raw-excel-data,record,RECALL_STATUS_MONITORING_REQUIRES_GOVERNANCE;EXPIRED_ITEM_FLAG,SME/Data Governance,open,SBRN=SBRN4457
HRQ-03170,record_level_data_quality,dataset-raw-excel-data,record,RECALL_STATUS_MONITORING_REQUIRES_GOVERNANCE,SME/Data Governance,open,SBRN=SBRN4459
HRQ-03171,record_level_data_quality,dataset-raw-excel-data,record,MISSING_RECALL_STATUS_NORMALIZED_TO_NONE;EXPIRATION_BEFORE_PURCHASE_REQUIRES_REVIEW;EXPIRED_ITEM_FLAG,SME/Data Governance,open,SBRN=SBRN4461
HRQ-03172,record_level_data_quality,dataset-raw-excel-data,record,RECALL_STATUS_MONITORING_REQUIRES_GOVERNANCE;EXPIRATION_BEFORE_PURCHASE_REQUIRES_REVIEW;EXPIRED_ITEM_FLAG,SME/Data Governance,open,SBRN=SBRN4463
HRQ-03173,record_level_data_quality,dataset-raw-excel-data,record,EXPIRATION_BEFORE_PURCHASE_REQUIRES_REVIEW;EXPIRED_ITEM_FLAG,SME/Data Governance,open,SBRN=SBRN4464
HRQ-03174,record_level_data_quality,dataset-raw-excel-data,record,RECALL_STATUS_MONITORING_REQUIRES_GOVERNANCE,SME/Data Governance,open,SBRN=SBRN4465
HRQ-03175,record_level_data_quality,dataset-raw-excel-data,record,RECALL_STATUS_MONITORING_REQUIRES_GOVERNANCE;EXPIRATION_BEFORE_PURCHASE_REQUIRES_REVIEW;EXPIRED_ITEM_FLAG,SME/Data Governance,open,SBRN=SBRN4466
HRQ-03176,record_level_data_quality,dataset-raw-excel-data,record,RECALL_STATUS_MONITORING_REQUIRES_GOVERNANCE;EXPIRED_ITEM_FLAG,SME/Data Governance,open,SBRN=SBRN4467
HRQ-03177,record_level_data_quality,dataset-raw-excel-data,record,MISSING_RECALL_STATUS_NORMALIZED_TO_NONE;FUTURE_PURCHASE_DATE_REQUIRES_REVIEW;EXPIRATION_BEFORE_PURCHASE_REQUIRES_REVIEW,SME/Data Governance,open,SBRN=SBRN4469
HRQ-03178,record_level_data_quality,dataset-raw-excel-data,record,MISSING_RECALL_STATUS_NORMALIZED_TO_NONE;EXPIRATION_BEFORE_PURCHASE_REQUIRES_REVIEW;EXPIRED_ITEM_FLAG,SME/Data Governance,open,SBRN=SBRN4471
HRQ-03179,record_level_data_quality,dataset-raw-excel-data,record,RECALL_STATUS_MONITORING_REQUIRES_GOVERNANCE;FUTURE_PURCHASE_DATE_REQUIRES_REVIEW;EXPIRATION_BEFORE_PURCHASE_REQUIRES_REVIEW;EXPIRED_ITEM_FLAG,SME/Data Governance,open,SBRN=SBRN4472
HRQ-03180,record_level_data_quality,dataset-raw-excel-data,record,RECALL_STATUS_MONITORING_REQUIRES_GOVERNANCE,SME/Data Governance,open,SBRN=SBRN4473
HRQ-03181,record_level_data_quality,dataset-raw-excel-data,record,MISSING_RECALL_STATUS_NORMALIZED_TO_NONE;FUTURE_PURCHASE_DATE_REQUIRES_REVIEW;EXPIRATION_BEFORE_PURCHASE_REQUIRES_REVIEW,SME/Data Governance,open,SBRN=SBRN4474
HRQ-03182,record_level_data_quality,dataset-raw-excel-data,record,RECALL_STATUS_MONITORING_REQUIRES_GOVERNANCE;FUTURE_PURCHASE_DATE_REQUIRES_REVIEW,SME/Data Governance,open,SBRN=SBRN4475
HRQ-03183,record_level_data_quality,dataset-raw-excel-data,record,RECALL_STATUS_MONITORING_REQUIRES_GOVERNANCE;EXPIRED_ITEM_FLAG,SME/Data Governance,open,SBRN=SBRN4476
HRQ-03184,record_level_data_quality,dataset-raw-excel-data,record,FUTURE_PURCHASE_DATE_REQUIRES_REVIEW;EXPIRATION_BEFORE_PURCHASE_REQUIRES_REVIEW;EXPIRED_ITEM_FLAG,SME/Data Governance,open,SBRN=SBRN4477
HRQ-03185,record_level_data_quality,dataset-raw-excel-data,record,MISSING_RECALL_STATUS_NORMALIZED_TO_NONE;EXPIRATION_BEFORE_PURCHASE_REQUIRES_REVIEW;EXPIRED_ITEM_FLAG,SME/Data Governance,open,SBRN=SBRN4478
HRQ-03186,record_level_data_quality,dataset-raw-excel-data,record,MISSING_RECALL_STATUS_NORMALIZED_TO_NONE;EXPIRATION_BEFORE_PURCHASE_REQUIRES_REVIEW;EXPIRED_ITEM_FLAG,SME/Data Governance,open,SBRN=SBRN4479
HRQ-03187,record_level_data_quality,dataset-raw-excel-data,record,RECALL_STATUS_MONITORING_REQUIRES_GOVERNANCE;FUTURE_PURCHASE_DATE_REQUIRES_REVIEW;EXPIRATION_BEFORE_PURCHASE_REQUIRES_REVIEW;EXPIRED_ITEM_FLAG,SME/Data Governance,open,SBRN=SBRN4480
HRQ-03188,record_level_data_quality,dataset-raw-excel-data,record,RECALL_STATUS_MONITORING_REQUIRES_GOVERNANCE;EXPIRATION_BEFORE_PURCHASE_REQUIRES_REVIEW;EXPIRED_ITEM_FLAG,SME/Data Governance,open,SBRN=SBRN4481
HRQ-03189,record_level_data_quality,dataset-raw-excel-data,record,FUTURE_PURCHASE_DATE_REQUIRES_REVIEW;EXPIRATION_BEFORE_PURCHASE_REQUIRES_REVIEW,SME/Data Governance,open,SBRN=SBRN4482
HRQ-03190,record_level_data_quality,dataset-raw-excel-data,record,RECALL_STATUS_MONITORING_REQUIRES_GOVERNANCE;FUTURE_PURCHASE_DATE_REQUIRES_REVIEW;EXPIRATION_BEFORE_PURCHASE_REQUIRES_REVIEW,SME/Data Governance,open,SBRN=SBRN4484
HRQ-03191,record_level_data_quality,dataset-raw-excel-data,record,RECALL_STATUS_MONITORING_REQUIRES_GOVERNANCE;FUTURE_PURCHASE_DATE_REQUIRES_REVIEW;EXPIRATION_BEFORE_PURCHASE_REQUIRES_REVIEW,SME/Data Governance,open,SBRN=SBRN4485
HRQ-03192,record_level_data_quality,dataset-raw-excel-data,record,RECALL_STATUS_MONITORING_REQUIRES_GOVERNANCE;FUTURE_PURCHASE_DATE_REQUIRES_REVIEW;EXPIRATION_BEFORE_PURCHASE_REQUIRES_REVIEW;EXPIRED_ITEM_FLAG,SME/Data Governance,open,SBRN=SBRN4487
HRQ-03193,record_level_data_quality,dataset-raw-excel-data,record,RECALL_STATUS_MONITORING_REQUIRES_GOVERNANCE;FUTURE_PURCHASE_DATE_REQUIRES_REVIEW;EXPIRATION_BEFORE_PURCHASE_REQUIRES_REVIEW;EXPIRED_ITEM_FLAG,SME/Data Governance,open,SBRN=SBRN4489
HRQ-03194,record_level_data_quality,dataset-raw-excel-data,record,RECALL_STATUS_MONITORING_REQUIRES_GOVERNANCE;EXPIRED_ITEM_FLAG,SME/Data Governance,open,SBRN=SBRN4490
HRQ-03195,record_level_data_quality,dataset-raw-excel-data,record,EXPIRATION_BEFORE_PURCHASE_REQUIRES_REVIEW;EXPIRED_ITEM_FLAG,SME/Data Governance,open,SBRN=SBRN4491
HRQ-03196,record_level_data_quality,dataset-raw-excel-data,record,RECALL_STATUS_MONITORING_REQUIRES_GOVERNANCE,SME/Data Governance,open,SBRN=SBRN4493
HRQ-03197,record_level_data_quality,dataset-raw-excel-data,record,EXPIRATION_BEFORE_PURCHASE_REQUIRES_REVIEW;EXPIRED_ITEM_FLAG,SME/Data Governance,open,SBRN=SBRN4494
HRQ-03198,record_level_data_quality,dataset-raw-excel-data,record,RECALL_STATUS_MONITORING_REQUIRES_GOVERNANCE;FUTURE_PURCHASE_DATE_REQUIRES_REVIEW;EXPIRATION_BEFORE_PURCHASE_REQUIRES_REVIEW;EXPIRED_ITEM_FLAG,SME/Data Governance,open,SBRN=SBRN4495
HRQ-03199,record_level_data_quality,dataset-raw-excel-data,record,RECALL_STATUS_MONITORING_REQUIRES_GOVERNANCE,SME/Data Governance,open,SBRN=SBRN4496
HRQ-03200,record_level_data_quality,dataset-raw-excel-data,record,RECALL_STATUS_MONITORING_REQUIRES_GOVERNANCE,SME/Data Governance,open,SBRN=SBRN4497
HRQ-03201,record_level_data_quality,dataset-raw-excel-data,record,RECALL_STATUS_MONITORING_REQUIRES_GOVERNANCE,SME/Data Governance,open,SBRN=SBRN4498
HRQ-03202,record_level_data_quality,dataset-raw-excel-data,record,MISSING_RECALL_STATUS_NORMALIZED_TO_NONE;FUTURE_PURCHASE_DATE_REQUIRES_REVIEW;EXPIRATION_BEFORE_PURCHASE_REQUIRES_REVIEW;EXPIRED_ITEM_FLAG,SME/Data Governance,open,SBRN=SBRN4500
HRQ-03203,record_level_data_quality,dataset-raw-excel-data,record,EXPIRATION_BEFORE_PURCHASE_REQUIRES_REVIEW;EXPIRED_ITEM_FLAG,SME/Data Governance,open,SBRN=SBRN4501
HRQ-03204,record_level_data_quality,dataset-raw-excel-data,record,FUTURE_PURCHASE_DATE_REQUIRES_REVIEW;EXPIRATION_BEFORE_PURCHASE_REQUIRES_REVIEW,SME/Data Governance,open,SBRN=SBRN4502
HRQ-03205,record_level_data_quality,dataset-raw-excel-data,record,MISSING_RECALL_STATUS_NORMALIZED_TO_NONE;EXPIRATION_BEFORE_PURCHASE_REQUIRES_REVIEW;EXPIRED_ITEM_FLAG,SME/Data Governance,open,SBRN=SBRN4507
HRQ-03206,record_level_data_quality,dataset-raw-excel-data,record,EXPIRATION_BEFORE_PURCHASE_REQUIRES_REVIEW;EXPIRED_ITEM_FLAG,SME/Data Governance,open,SBRN=SBRN4508
HRQ-03207,record_level_data_quality,dataset-raw-excel-data,record,EXPIRATION_BEFORE_PURCHASE_REQUIRES_REVIEW;EXPIRED_ITEM_FLAG,SME/Data Governance,open,SBRN=SBRN4509
HRQ-03208,record_level_data_quality,dataset-raw-excel-data,record,RECALL_STATUS_MONITORING_REQUIRES_GOVERNANCE,SME/Data Governance,open,SBRN=SBRN4510
HRQ-03209,record_level_data_quality,dataset-raw-excel-data,record,EXPIRATION_BEFORE_PURCHASE_REQUIRES_REVIEW;EXPIRED_ITEM_FLAG,SME/Data Governance,open,SBRN=SBRN4512
HRQ-03210,record_level_data_quality,dataset-raw-excel-data,record,MISSING_RECALL_STATUS_NORMALIZED_TO_NONE;FUTURE_PURCHASE_DATE_REQUIRES_REVIEW,SME/Data Governance,open,SBRN=SBRN4513
HRQ-03211,record_level_data_quality,dataset-raw-excel-data,record,RECALL_STATUS_MONITORING_REQUIRES_GOVERNANCE;FUTURE_PURCHASE_DATE_REQUIRES_REVIEW;EXPIRATION_BEFORE_PURCHASE_REQUIRES_REVIEW;EXPIRED_ITEM_FLAG,SME/Data Governance,open,SBRN=SBRN4514
HRQ-03212,record_level_data_quality,dataset-raw-excel-data,record,RECALL_STATUS_MONITORING_REQUIRES_GOVERNANCE;EXPIRED_ITEM_FLAG,SME/Data Governance,open,SBRN=SBRN4515
HRQ-03213,record_level_data_quality,dataset-raw-excel-data,record,RECALL_STATUS_MONITORING_REQUIRES_GOVERNANCE,SME/Data Governance,open,SBRN=SBRN4516
HRQ-03214,record_level_data_quality,dataset-raw-excel-data,record,FUTURE_PURCHASE_DATE_REQUIRES_REVIEW;EXPIRATION_BEFORE_PURCHASE_REQUIRES_REVIEW;EXPIRED_ITEM_FLAG,SME/Data Governance,open,SBRN=SBRN4517
HRQ-03215,record_level_data_quality,dataset-raw-excel-data,record,MISSING_RECALL_STATUS_NORMALIZED_TO_NONE;EXPIRATION_BEFORE_PURCHASE_REQUIRES_REVIEW;EXPIRED_ITEM_FLAG,SME/Data Governance,open,SBRN=SBRN4518
HRQ-03216,record_level_data_quality,dataset-raw-excel-data,record,RECALL_STATUS_MONITORING_REQUIRES_GOVERNANCE;EXPIRED_ITEM_FLAG,SME/Data Governance,open,SBRN=SBRN4519
HRQ-03217,record_level_data_quality,dataset-raw-excel-data,record,FUTURE_PURCHASE_DATE_REQUIRES_REVIEW;EXPIRATION_BEFORE_PURCHASE_REQUIRES_REVIEW;EXPIRED_ITEM_FLAG,SME/Data Governance,open,SBRN=SBRN4520
HRQ-03218,record_level_data_quality,dataset-raw-excel-data,record,RECALL_STATUS_MONITORING_REQUIRES_GOVERNANCE;FUTURE_PURCHASE_DATE_REQUIRES_REVIEW,SME/Data Governance,open,SBRN=SBRN4521
HRQ-03219,record_level_data_quality,dataset-raw-excel-data,record,RECALL_STATUS_MONITORING_REQUIRES_GOVERNANCE;FUTURE_PURCHASE_DATE_REQUIRES_REVIEW;EXPIRATION_BEFORE_PURCHASE_REQUIRES_REVIEW,SME/Data Governance,open,SBRN=SBRN4523
HRQ-03220,record_level_data_quality,dataset-raw-excel-data,record,EXPIRATION_BEFORE_PURCHASE_REQUIRES_REVIEW;EXPIRED_ITEM_FLAG,SME/Data Governance,open,SBRN=SBRN4524
HRQ-03221,record_level_data_quality,dataset-raw-excel-data,record,RECALL_STATUS_MONITORING_REQUIRES_GOVERNANCE,SME/Data Governance,open,SBRN=SBRN4525
HRQ-03222,record_level_data_quality,dataset-raw-excel-data,record,MISSING_RECALL_STATUS_NORMALIZED_TO_NONE;EXPIRATION_BEFORE_PURCHASE_REQUIRES_REVIEW;EXPIRED_ITEM_FLAG,SME/Data Governance,open,SBRN=SBRN4526
HRQ-03223,record_level_data_quality,dataset-raw-excel-data,record,RECALL_STATUS_MONITORING_REQUIRES_GOVERNANCE;FUTURE_PURCHASE_DATE_REQUIRES_REVIEW;EXPIRATION_BEFORE_PURCHASE_REQUIRES_REVIEW;EXPIRED_ITEM_FLAG,SME/Data Governance,open,SBRN=SBRN4528
HRQ-03224,record_level_data_quality,dataset-raw-excel-data,record,MISSING_RECALL_STATUS_NORMALIZED_TO_NONE;FUTURE_PURCHASE_DATE_REQUIRES_REVIEW;EXPIRATION_BEFORE_PURCHASE_REQUIRES_REVIEW;EXPIRED_ITEM_FLAG,SME/Data Governance,open,SBRN=SBRN4530
HRQ-03225,record_level_data_quality,dataset-raw-excel-data,record,RECALL_STATUS_MONITORING_REQUIRES_GOVERNANCE;EXPIRATION_BEFORE_PURCHASE_REQUIRES_REVIEW;EXPIRED_ITEM_FLAG,SME/Data Governance,open,SBRN=SBRN4531
HRQ-03226,record_level_data_quality,dataset-raw-excel-data,record,EXPIRATION_BEFORE_PURCHASE_REQUIRES_REVIEW;EXPIRED_ITEM_FLAG,SME/Data Governance,open,SBRN=SBRN4532
HRQ-03227,record_level_data_quality,dataset-raw-excel-data,record,MISSING_RECALL_STATUS_NORMALIZED_TO_NONE;FUTURE_PURCHASE_DATE_REQUIRES_REVIEW,SME/Data Governance,open,SBRN=SBRN4533
HRQ-03228,record_level_data_quality,dataset-raw-excel-data,record,MISSING_RECALL_STATUS_NORMALIZED_TO_NONE;FUTURE_PURCHASE_DATE_REQUIRES_REVIEW;EXPIRATION_BEFORE_PURCHASE_REQUIRES_REVIEW;EXPIRED_ITEM_FLAG,SME/Data Governance,open,SBRN=SBRN4536
HRQ-03229,record_level_data_quality,dataset-raw-excel-data,record,RECALL_STATUS_MONITORING_REQUIRES_GOVERNANCE;EXPIRED_ITEM_FLAG,SME/Data Governance,open,SBRN=SBRN4537
HRQ-03230,record_level_data_quality,dataset-raw-excel-data,record,MISSING_RECALL_STATUS_NORMALIZED_TO_NONE;FUTURE_PURCHASE_DATE_REQUIRES_REVIEW;EXPIRATION_BEFORE_PURCHASE_REQUIRES_REVIEW;EXPIRED_ITEM_FLAG,SME/Data Governance,open,SBRN=SBRN4538
HRQ-03231,record_level_data_quality,dataset-raw-excel-data,record,MISSING_RECALL_STATUS_NORMALIZED_TO_NONE;FUTURE_PURCHASE_DATE_REQUIRES_REVIEW;EXPIRATION_BEFORE_PURCHASE_REQUIRES_REVIEW;EXPIRED_ITEM_FLAG,SME/Data Governance,open,SBRN=SBRN4539
HRQ-03232,record_level_data_quality,dataset-raw-excel-data,record,FUTURE_PURCHASE_DATE_REQUIRES_REVIEW,SME/Data Governance,open,SBRN=SBRN4541
HRQ-03233,record_level_data_quality,dataset-raw-excel-data,record,MISSING_RECALL_STATUS_NORMALIZED_TO_NONE;FUTURE_PURCHASE_DATE_REQUIRES_REVIEW,SME/Data Governance,open,SBRN=SBRN4544
HRQ-03234,record_level_data_quality,dataset-raw-excel-data,record,RECALL_STATUS_MONITORING_REQUIRES_GOVERNANCE,SME/Data Governance,open,SBRN=SBRN4546
HRQ-03235,record_level_data_quality,dataset-raw-excel-data,record,RECALL_STATUS_MONITORING_REQUIRES_GOVERNANCE,SME/Data Governance,open,SBRN=SBRN4548
HRQ-03236,record_level_data_quality,dataset-raw-excel-data,record,MISSING_RECALL_STATUS_NORMALIZED_TO_NONE;FUTURE_PURCHASE_DATE_REQUIRES_REVIEW;EXPIRATION_BEFORE_PURCHASE_REQUIRES_REVIEW;EXPIRED_ITEM_FLAG,SME/Data Governance,open,SBRN=SBRN4550
HRQ-03237,record_level_data_quality,dataset-raw-excel-data,record,RECALL_STATUS_MONITORING_REQUIRES_GOVERNANCE;EXPIRED_ITEM_FLAG,SME/Data Governance,open,SBRN=SBRN4551
HRQ-03238,record_level_data_quality,dataset-raw-excel-data,record,RECALL_STATUS_MONITORING_REQUIRES_GOVERNANCE;FUTURE_PURCHASE_DATE_REQUIRES_REVIEW;EXPIRATION_BEFORE_PURCHASE_REQUIRES_REVIEW;EXPIRED_ITEM_FLAG,SME/Data Governance,open,SBRN=SBRN4552
HRQ-03239,record_level_data_quality,dataset-raw-excel-data,record,RECALL_STATUS_MONITORING_REQUIRES_GOVERNANCE;EXPIRED_ITEM_FLAG,SME/Data Governance,open,SBRN=SBRN4553
HRQ-03240,record_level_data_quality,dataset-raw-excel-data,record,EXPIRATION_BEFORE_PURCHASE_REQUIRES_REVIEW;EXPIRED_ITEM_FLAG,SME/Data Governance,open,SBRN=SBRN4555
HRQ-03241,record_level_data_quality,dataset-raw-excel-data,record,RECALL_STATUS_MONITORING_REQUIRES_GOVERNANCE;EXPIRATION_BEFORE_PURCHASE_REQUIRES_REVIEW;EXPIRED_ITEM_FLAG,SME/Data Governance,open,SBRN=SBRN4556
HRQ-03242,record_level_data_quality,dataset-raw-excel-data,record,FUTURE_PURCHASE_DATE_REQUIRES_REVIEW;EXPIRATION_BEFORE_PURCHASE_REQUIRES_REVIEW;EXPIRED_ITEM_FLAG,SME/Data Governance,open,SBRN=SBRN4559
HRQ-03243,record_level_data_quality,dataset-raw-excel-data,record,RECALL_STATUS_MONITORING_REQUIRES_GOVERNANCE;FUTURE_PURCHASE_DATE_REQUIRES_REVIEW;EXPIRATION_BEFORE_PURCHASE_REQUIRES_REVIEW;EXPIRED_ITEM_FLAG,SME/Data Governance,open,SBRN=SBRN4560
HRQ-03244,record_level_data_quality,dataset-raw-excel-data,record,FUTURE_PURCHASE_DATE_REQUIRES_REVIEW;EXPIRATION_BEFORE_PURCHASE_REQUIRES_REVIEW;EXPIRED_ITEM_FLAG,SME/Data Governance,open,SBRN=SBRN4561
HRQ-03245,record_level_data_quality,dataset-raw-excel-data,record,RECALL_STATUS_MONITORING_REQUIRES_GOVERNANCE;EXPIRED_ITEM_FLAG,SME/Data Governance,open,SBRN=SBRN4562
HRQ-03246,record_level_data_quality,dataset-raw-excel-data,record,FUTURE_PURCHASE_DATE_REQUIRES_REVIEW,SME/Data Governance,open,SBRN=SBRN4563
HRQ-03247,record_level_data_quality,dataset-raw-excel-data,record,EXPIRATION_BEFORE_PURCHASE_REQUIRES_REVIEW;EXPIRED_ITEM_FLAG,SME/Data Governance,open,SBRN=SBRN4565
HRQ-03248,record_level_data_quality,dataset-raw-excel-data,record,EXPIRATION_BEFORE_PURCHASE_REQUIRES_REVIEW;EXPIRED_ITEM_FLAG,SME/Data Governance,open,SBRN=SBRN4566
HRQ-03249,record_level_data_quality,dataset-raw-excel-data,record,RECALL_STATUS_MONITORING_REQUIRES_GOVERNANCE;EXPIRATION_BEFORE_PURCHASE_REQUIRES_REVIEW;EXPIRED_ITEM_FLAG,SME/Data Governance,open,SBRN=SBRN4567
HRQ-03250,record_level_data_quality,dataset-raw-excel-data,record,RECALL_STATUS_MONITORING_REQUIRES_GOVERNANCE,SME/Data Governance,open,SBRN=SBRN4571
HRQ-03251,record_level_data_quality,dataset-raw-excel-data,record,RECALL_STATUS_MONITORING_REQUIRES_GOVERNANCE;FUTURE_PURCHASE_DATE_REQUIRES_REVIEW;EXPIRATION_BEFORE_PURCHASE_REQUIRES_REVIEW;EXPIRED_ITEM_FLAG,SME/Data Governance,open,SBRN=SBRN4572
HRQ-03252,record_level_data_quality,dataset-raw-excel-data,record,RECALL_STATUS_MONITORING_REQUIRES_GOVERNANCE;FUTURE_PURCHASE_DATE_REQUIRES_REVIEW;EXPIRATION_BEFORE_PURCHASE_REQUIRES_REVIEW;EXPIRED_ITEM_FLAG,SME/Data Governance,open,SBRN=SBRN4573
HRQ-03253,record_level_data_quality,dataset-raw-excel-data,record,MISSING_RECALL_STATUS_NORMALIZED_TO_NONE;EXPIRATION_BEFORE_PURCHASE_REQUIRES_REVIEW;EXPIRED_ITEM_FLAG,SME/Data Governance,open,SBRN=SBRN4576
HRQ-03254,record_level_data_quality,dataset-raw-excel-data,record,MISSING_RECALL_STATUS_NORMALIZED_TO_NONE;FUTURE_PURCHASE_DATE_REQUIRES_REVIEW;EXPIRATION_BEFORE_PURCHASE_REQUIRES_REVIEW;EXPIRED_ITEM_FLAG,SME/Data Governance,open,SBRN=SBRN4577
HRQ-03255,record_level_data_quality,dataset-raw-excel-data,record,RECALL_STATUS_MONITORING_REQUIRES_GOVERNANCE;FUTURE_PURCHASE_DATE_REQUIRES_REVIEW;EXPIRATION_BEFORE_PURCHASE_REQUIRES_REVIEW;EXPIRED_ITEM_FLAG,SME/Data Governance,open,SBRN=SBRN4579
HRQ-03256,record_level_data_quality,dataset-raw-excel-data,record,MISSING_RECALL_STATUS_NORMALIZED_TO_NONE;EXPIRATION_BEFORE_PURCHASE_REQUIRES_REVIEW;EXPIRED_ITEM_FLAG,SME/Data Governance,open,SBRN=SBRN4581
HRQ-03257,record_level_data_quality,dataset-raw-excel-data,record,RECALL_STATUS_MONITORING_REQUIRES_GOVERNANCE;FUTURE_PURCHASE_DATE_REQUIRES_REVIEW;EXPIRATION_BEFORE_PURCHASE_REQUIRES_REVIEW;EXPIRED_ITEM_FLAG,SME/Data Governance,open,SBRN=SBRN4583
HRQ-03258,record_level_data_quality,dataset-raw-excel-data,record,RECALL_STATUS_MONITORING_REQUIRES_GOVERNANCE;EXPIRATION_BEFORE_PURCHASE_REQUIRES_REVIEW;EXPIRED_ITEM_FLAG,SME/Data Governance,open,SBRN=SBRN4584
HRQ-03259,record_level_data_quality,dataset-raw-excel-data,record,RECALL_STATUS_MONITORING_REQUIRES_GOVERNANCE;FUTURE_PURCHASE_DATE_REQUIRES_REVIEW;EXPIRATION_BEFORE_PURCHASE_REQUIRES_REVIEW,SME/Data Governance,open,SBRN=SBRN4586
HRQ-03260,record_level_data_quality,dataset-raw-excel-data,record,RECALL_STATUS_MONITORING_REQUIRES_GOVERNANCE;FUTURE_PURCHASE_DATE_REQUIRES_REVIEW;EXPIRATION_BEFORE_PURCHASE_REQUIRES_REVIEW;EXPIRED_ITEM_FLAG,SME/Data Governance,open,SBRN=SBRN4589
HRQ-03261,record_level_data_quality,dataset-raw-excel-data,record,RECALL_STATUS_MONITORING_REQUIRES_GOVERNANCE,SME/Data Governance,open,SBRN=SBRN4590
HRQ-03262,record_level_data_quality,dataset-raw-excel-data,record,RECALL_STATUS_MONITORING_REQUIRES_GOVERNANCE;EXPIRATION_BEFORE_PURCHASE_REQUIRES_REVIEW;EXPIRED_ITEM_FLAG,SME/Data Governance,open,SBRN=SBRN4592
HRQ-03263,record_level_data_quality,dataset-raw-excel-data,record,RECALL_STATUS_MONITORING_REQUIRES_GOVERNANCE;EXPIRED_ITEM_FLAG,SME/Data Governance,open,SBRN=SBRN4593
HRQ-03264,record_level_data_quality,dataset-raw-excel-data,record,RECALL_STATUS_MONITORING_REQUIRES_GOVERNANCE;FUTURE_PURCHASE_DATE_REQUIRES_REVIEW;EXPIRATION_BEFORE_PURCHASE_REQUIRES_REVIEW;EXPIRED_ITEM_FLAG,SME/Data Governance,open,SBRN=SBRN4594
HRQ-03265,record_level_data_quality,dataset-raw-excel-data,record,RECALL_STATUS_MONITORING_REQUIRES_GOVERNANCE;EXPIRED_ITEM_FLAG,SME/Data Governance,open,SBRN=SBRN4595
HRQ-03266,record_level_data_quality,dataset-raw-excel-data,record,RECALL_STATUS_MONITORING_REQUIRES_GOVERNANCE;FUTURE_PURCHASE_DATE_REQUIRES_REVIEW;EXPIRATION_BEFORE_PURCHASE_REQUIRES_REVIEW;EXPIRED_ITEM_FLAG,SME/Data Governance,open,SBRN=SBRN4596
HRQ-03267,record_level_data_quality,dataset-raw-excel-data,record,MISSING_RECALL_STATUS_NORMALIZED_TO_NONE;FUTURE_PURCHASE_DATE_REQUIRES_REVIEW;EXPIRATION_BEFORE_PURCHASE_REQUIRES_REVIEW;EXPIRED_ITEM_FLAG,SME/Data Governance,open,SBRN=SBRN4598
HRQ-03268,record_level_data_quality,dataset-raw-excel-data,record,RECALL_STATUS_MONITORING_REQUIRES_GOVERNANCE;EXPIRATION_BEFORE_PURCHASE_REQUIRES_REVIEW;EXPIRED_ITEM_FLAG,SME/Data Governance,open,SBRN=SBRN4599
HRQ-03269,record_level_data_quality,dataset-raw-excel-data,record,RECALL_STATUS_MONITORING_REQUIRES_GOVERNANCE;EXPIRED_ITEM_FLAG,SME/Data Governance,open,SBRN=SBRN4600
HRQ-03270,record_level_data_quality,dataset-raw-excel-data,record,RECALL_STATUS_MONITORING_REQUIRES_GOVERNANCE;EXPIRED_ITEM_FLAG,SME/Data Governance,open,SBRN=SBRN4601
HRQ-03271,record_level_data_quality,dataset-raw-excel-data,record,MISSING_RECALL_STATUS_NORMALIZED_TO_NONE;EXPIRATION_BEFORE_PURCHASE_REQUIRES_REVIEW;EXPIRED_ITEM_FLAG,SME/Data Governance,open,SBRN=SBRN4602
HRQ-03272,record_level_data_quality,dataset-raw-excel-data,record,MISSING_RECALL_STATUS_NORMALIZED_TO_NONE;FUTURE_PURCHASE_DATE_REQUIRES_REVIEW;EXPIRATION_BEFORE_PURCHASE_REQUIRES_REVIEW;EXPIRED_ITEM_FLAG,SME/Data Governance,open,SBRN=SBRN4604
HRQ-03273,record_level_data_quality,dataset-raw-excel-data,record,EXPIRATION_BEFORE_PURCHASE_REQUIRES_REVIEW;EXPIRED_ITEM_FLAG,SME/Data Governance,open,SBRN=SBRN4605
HRQ-03274,record_level_data_quality,dataset-raw-excel-data,record,RECALL_STATUS_MONITORING_REQUIRES_GOVERNANCE;EXPIRED_ITEM_FLAG,SME/Data Governance,open,SBRN=SBRN4607
HRQ-03275,record_level_data_quality,dataset-raw-excel-data,record,RECALL_STATUS_MONITORING_REQUIRES_GOVERNANCE;EXPIRED_ITEM_FLAG,SME/Data Governance,open,SBRN=SBRN4608
HRQ-03276,record_level_data_quality,dataset-raw-excel-data,record,MISSING_RECALL_STATUS_NORMALIZED_TO_NONE;EXPIRATION_BEFORE_PURCHASE_REQUIRES_REVIEW;EXPIRED_ITEM_FLAG,SME/Data Governance,open,SBRN=SBRN4609
HRQ-03277,record_level_data_quality,dataset-raw-excel-data,record,FUTURE_PURCHASE_DATE_REQUIRES_REVIEW;EXPIRATION_BEFORE_PURCHASE_REQUIRES_REVIEW;EXPIRED_ITEM_FLAG,SME/Data Governance,open,SBRN=SBRN4611
HRQ-03278,record_level_data_quality,dataset-raw-excel-data,record,RECALL_STATUS_MONITORING_REQUIRES_GOVERNANCE;FUTURE_PURCHASE_DATE_REQUIRES_REVIEW;EXPIRATION_BEFORE_PURCHASE_REQUIRES_REVIEW,SME/Data Governance,open,SBRN=SBRN4612
HRQ-03279,record_level_data_quality,dataset-raw-excel-data,record,RECALL_STATUS_MONITORING_REQUIRES_GOVERNANCE,SME/Data Governance,open,SBRN=SBRN4613
HRQ-03280,record_level_data_quality,dataset-raw-excel-data,record,EXPIRATION_BEFORE_PURCHASE_REQUIRES_REVIEW;EXPIRED_ITEM_FLAG,SME/Data Governance,open,SBRN=SBRN4614
HRQ-03281,record_level_data_quality,dataset-raw-excel-data,record,RECALL_STATUS_MONITORING_REQUIRES_GOVERNANCE;EXPIRATION_BEFORE_PURCHASE_REQUIRES_REVIEW;EXPIRED_ITEM_FLAG,SME/Data Governance,open,SBRN=SBRN4615
HRQ-03282,record_level_data_quality,dataset-raw-excel-data,record,RECALL_STATUS_MONITORING_REQUIRES_GOVERNANCE;EXPIRATION_BEFORE_PURCHASE_REQUIRES_REVIEW;EXPIRED_ITEM_FLAG,SME/Data Governance,open,SBRN=SBRN4616
HRQ-03283,record_level_data_quality,dataset-raw-excel-data,record,MISSING_RECALL_STATUS_NORMALIZED_TO_NONE;EXPIRATION_BEFORE_PURCHASE_REQUIRES_REVIEW;EXPIRED_ITEM_FLAG,SME/Data Governance,open,SBRN=SBRN4617
HRQ-03284,record_level_data_quality,dataset-raw-excel-data,record,RECALL_STATUS_MONITORING_REQUIRES_GOVERNANCE,SME/Data Governance,open,SBRN=SBRN4618
HRQ-03285,record_level_data_quality,dataset-raw-excel-data,record,RECALL_STATUS_MONITORING_REQUIRES_GOVERNANCE,SME/Data Governance,open,SBRN=SBRN4619
HRQ-03286,record_level_data_quality,dataset-raw-excel-data,record,MISSING_RECALL_STATUS_NORMALIZED_TO_NONE;EXPIRATION_BEFORE_PURCHASE_REQUIRES_REVIEW;EXPIRED_ITEM_FLAG,SME/Data Governance,open,SBRN=SBRN4621
HRQ-03287,record_level_data_quality,dataset-raw-excel-data,record,RECALL_STATUS_MONITORING_REQUIRES_GOVERNANCE;EXPIRATION_BEFORE_PURCHASE_REQUIRES_REVIEW;EXPIRED_ITEM_FLAG,SME/Data Governance,open,SBRN=SBRN4622
HRQ-03288,record_level_data_quality,dataset-raw-excel-data,record,RECALL_STATUS_MONITORING_REQUIRES_GOVERNANCE;FUTURE_PURCHASE_DATE_REQUIRES_REVIEW,SME/Data Governance,open,SBRN=SBRN4623
HRQ-03289,record_level_data_quality,dataset-raw-excel-data,record,MISSING_RECALL_STATUS_NORMALIZED_TO_NONE;EXPIRATION_BEFORE_PURCHASE_REQUIRES_REVIEW;EXPIRED_ITEM_FLAG,SME/Data Governance,open,SBRN=SBRN4625
HRQ-03290,record_level_data_quality,dataset-raw-excel-data,record,RECALL_STATUS_MONITORING_REQUIRES_GOVERNANCE,SME/Data Governance,open,SBRN=SBRN4628
HRQ-03291,record_level_data_quality,dataset-raw-excel-data,record,MISSING_RECALL_STATUS_NORMALIZED_TO_NONE;EXPIRATION_BEFORE_PURCHASE_REQUIRES_REVIEW;EXPIRED_ITEM_FLAG,SME/Data Governance,open,SBRN=SBRN4629
HRQ-03292,record_level_data_quality,dataset-raw-excel-data,record,MISSING_RECALL_STATUS_NORMALIZED_TO_NONE;FUTURE_PURCHASE_DATE_REQUIRES_REVIEW;EXPIRATION_BEFORE_PURCHASE_REQUIRES_REVIEW;EXPIRED_ITEM_FLAG,SME/Data Governance,open,SBRN=SBRN4630
HRQ-03293,record_level_data_quality,dataset-raw-excel-data,record,RECALL_STATUS_MONITORING_REQUIRES_GOVERNANCE,SME/Data Governance,open,SBRN=SBRN4631
HRQ-03294,record_level_data_quality,dataset-raw-excel-data,record,MISSING_RECALL_STATUS_NORMALIZED_TO_NONE;EXPIRATION_BEFORE_PURCHASE_REQUIRES_REVIEW;EXPIRED_ITEM_FLAG,SME/Data Governance,open,SBRN=SBRN4632
HRQ-03295,record_level_data_quality,dataset-raw-excel-data,record,RECALL_STATUS_MONITORING_REQUIRES_GOVERNANCE;EXPIRED_ITEM_FLAG,SME/Data Governance,open,SBRN=SBRN4634
HRQ-03296,record_level_data_quality,dataset-raw-excel-data,record,FUTURE_PURCHASE_DATE_REQUIRES_REVIEW;EXPIRATION_BEFORE_PURCHASE_REQUIRES_REVIEW,SME/Data Governance,open,SBRN=SBRN4635
HRQ-03297,record_level_data_quality,dataset-raw-excel-data,record,RECALL_STATUS_MONITORING_REQUIRES_GOVERNANCE;EXPIRATION_BEFORE_PURCHASE_REQUIRES_REVIEW;EXPIRED_ITEM_FLAG,SME/Data Governance,open,SBRN=SBRN4636
HRQ-03298,record_level_data_quality,dataset-raw-excel-data,record,RECALL_STATUS_MONITORING_REQUIRES_GOVERNANCE;FUTURE_PURCHASE_DATE_REQUIRES_REVIEW,SME/Data Governance,open,SBRN=SBRN4637
HRQ-03299,record_level_data_quality,dataset-raw-excel-data,record,RECALL_STATUS_MONITORING_REQUIRES_GOVERNANCE;EXPIRATION_BEFORE_PURCHASE_REQUIRES_REVIEW;EXPIRED_ITEM_FLAG,SME/Data Governance,open,SBRN=SBRN4642
HRQ-03300,record_level_data_quality,dataset-raw-excel-data,record,RECALL_STATUS_MONITORING_REQUIRES_GOVERNANCE;EXPIRED_ITEM_FLAG,SME/Data Governance,open,SBRN=SBRN4643
HRQ-03301,record_level_data_quality,dataset-raw-excel-data,record,RECALL_STATUS_MONITORING_REQUIRES_GOVERNANCE;FUTURE_PURCHASE_DATE_REQUIRES_REVIEW;EXPIRATION_BEFORE_PURCHASE_REQUIRES_REVIEW;EXPIRED_ITEM_FLAG,SME/Data Governance,open,SBRN=SBRN4645
HRQ-03302,record_level_data_quality,dataset-raw-excel-data,record,FUTURE_PURCHASE_DATE_REQUIRES_REVIEW;EXPIRATION_BEFORE_PURCHASE_REQUIRES_REVIEW;EXPIRED_ITEM_FLAG,SME/Data Governance,open,SBRN=SBRN4647
HRQ-03303,record_level_data_quality,dataset-raw-excel-data,record,RECALL_STATUS_MONITORING_REQUIRES_GOVERNANCE,SME/Data Governance,open,SBRN=SBRN4648
HRQ-03304,record_level_data_quality,dataset-raw-excel-data,record,MISSING_RECALL_STATUS_NORMALIZED_TO_NONE;EXPIRATION_BEFORE_PURCHASE_REQUIRES_REVIEW;EXPIRED_ITEM_FLAG,SME/Data Governance,open,SBRN=SBRN4649
HRQ-03305,record_level_data_quality,dataset-raw-excel-data,record,MISSING_RECALL_STATUS_NORMALIZED_TO_NONE;FUTURE_PURCHASE_DATE_REQUIRES_REVIEW;EXPIRATION_BEFORE_PURCHASE_REQUIRES_REVIEW;EXPIRED_ITEM_FLAG,SME/Data Governance,open,SBRN=SBRN4650
HRQ-03306,record_level_data_quality,dataset-raw-excel-data,record,RECALL_STATUS_MONITORING_REQUIRES_GOVERNANCE;EXPIRED_ITEM_FLAG,SME/Data Governance,open,SBRN=SBRN4651
HRQ-03307,record_level_data_quality,dataset-raw-excel-data,record,EXPIRATION_BEFORE_PURCHASE_REQUIRES_REVIEW;EXPIRED_ITEM_FLAG,SME/Data Governance,open,SBRN=SBRN4652
HRQ-03308,record_level_data_quality,dataset-raw-excel-data,record,RECALL_STATUS_MONITORING_REQUIRES_GOVERNANCE,SME/Data Governance,open,SBRN=SBRN4653
HRQ-03309,record_level_data_quality,dataset-raw-excel-data,record,MISSING_RECALL_STATUS_NORMALIZED_TO_NONE;FUTURE_PURCHASE_DATE_REQUIRES_REVIEW;EXPIRATION_BEFORE_PURCHASE_REQUIRES_REVIEW;EXPIRED_ITEM_FLAG,SME/Data Governance,open,SBRN=SBRN4655
HRQ-03310,record_level_data_quality,dataset-raw-excel-data,record,RECALL_STATUS_MONITORING_REQUIRES_GOVERNANCE,SME/Data Governance,open,SBRN=SBRN4656
HRQ-03311,record_level_data_quality,dataset-raw-excel-data,record,RECALL_STATUS_MONITORING_REQUIRES_GOVERNANCE,SME/Data Governance,open,SBRN=SBRN4657
HRQ-03312,record_level_data_quality,dataset-raw-excel-data,record,MISSING_RECALL_STATUS_NORMALIZED_TO_NONE;FUTURE_PURCHASE_DATE_REQUIRES_REVIEW,SME/Data Governance,open,SBRN=SBRN4658
HRQ-03313,record_level_data_quality,dataset-raw-excel-data,record,FUTURE_PURCHASE_DATE_REQUIRES_REVIEW;EXPIRATION_BEFORE_PURCHASE_REQUIRES_REVIEW;EXPIRED_ITEM_FLAG,SME/Data Governance,open,SBRN=SBRN4659
HRQ-03314,record_level_data_quality,dataset-raw-excel-data,record,MISSING_RECALL_STATUS_NORMALIZED_TO_NONE;EXPIRATION_BEFORE_PURCHASE_REQUIRES_REVIEW;EXPIRED_ITEM_FLAG,SME/Data Governance,open,SBRN=SBRN4660
HRQ-03315,record_level_data_quality,dataset-raw-excel-data,record,MISSING_RECALL_STATUS_NORMALIZED_TO_NONE;FUTURE_PURCHASE_DATE_REQUIRES_REVIEW;EXPIRATION_BEFORE_PURCHASE_REQUIRES_REVIEW;EXPIRED_ITEM_FLAG,SME/Data Governance,open,SBRN=SBRN4661
HRQ-03316,record_level_data_quality,dataset-raw-excel-data,record,RECALL_STATUS_MONITORING_REQUIRES_GOVERNANCE,SME/Data Governance,open,SBRN=SBRN4663
HRQ-03317,record_level_data_quality,dataset-raw-excel-data,record,RECALL_STATUS_MONITORING_REQUIRES_GOVERNANCE;FUTURE_PURCHASE_DATE_REQUIRES_REVIEW;EXPIRATION_BEFORE_PURCHASE_REQUIRES_REVIEW;EXPIRED_ITEM_FLAG,SME/Data Governance,open,SBRN=SBRN4667
HRQ-03318,record_level_data_quality,dataset-raw-excel-data,record,EXPIRATION_BEFORE_PURCHASE_REQUIRES_REVIEW;EXPIRED_ITEM_FLAG,SME/Data Governance,open,SBRN=SBRN4668
HRQ-03319,record_level_data_quality,dataset-raw-excel-data,record,RECALL_STATUS_MONITORING_REQUIRES_GOVERNANCE;EXPIRATION_BEFORE_PURCHASE_REQUIRES_REVIEW;EXPIRED_ITEM_FLAG,SME/Data Governance,open,SBRN=SBRN4670
HRQ-03320,record_level_data_quality,dataset-raw-excel-data,record,FUTURE_PURCHASE_DATE_REQUIRES_REVIEW;EXPIRATION_BEFORE_PURCHASE_REQUIRES_REVIEW;EXPIRED_ITEM_FLAG,SME/Data Governance,open,SBRN=SBRN4671
HRQ-03321,record_level_data_quality,dataset-raw-excel-data,record,FUTURE_PURCHASE_DATE_REQUIRES_REVIEW;EXPIRATION_BEFORE_PURCHASE_REQUIRES_REVIEW;EXPIRED_ITEM_FLAG,SME/Data Governance,open,SBRN=SBRN4672
HRQ-03322,record_level_data_quality,dataset-raw-excel-data,record,RECALL_STATUS_MONITORING_REQUIRES_GOVERNANCE;EXPIRED_ITEM_FLAG,SME/Data Governance,open,SBRN=SBRN4673
HRQ-03323,record_level_data_quality,dataset-raw-excel-data,record,MISSING_RECALL_STATUS_NORMALIZED_TO_NONE;FUTURE_PURCHASE_DATE_REQUIRES_REVIEW;EXPIRATION_BEFORE_PURCHASE_REQUIRES_REVIEW;EXPIRED_ITEM_FLAG,SME/Data Governance,open,SBRN=SBRN4674
HRQ-03324,record_level_data_quality,dataset-raw-excel-data,record,EXPIRATION_BEFORE_PURCHASE_REQUIRES_REVIEW;EXPIRED_ITEM_FLAG,SME/Data Governance,open,SBRN=SBRN4675
HRQ-03325,record_level_data_quality,dataset-raw-excel-data,record,RECALL_STATUS_MONITORING_REQUIRES_GOVERNANCE;EXPIRED_ITEM_FLAG,SME/Data Governance,open,SBRN=SBRN4676
HRQ-03326,record_level_data_quality,dataset-raw-excel-data,record,MISSING_RECALL_STATUS_NORMALIZED_TO_NONE;EXPIRATION_BEFORE_PURCHASE_REQUIRES_REVIEW;EXPIRED_ITEM_FLAG,SME/Data Governance,open,SBRN=SBRN4677
HRQ-03327,record_level_data_quality,dataset-raw-excel-data,record,EXPIRATION_BEFORE_PURCHASE_REQUIRES_REVIEW;EXPIRED_ITEM_FLAG,SME/Data Governance,open,SBRN=SBRN4678
HRQ-03328,record_level_data_quality,dataset-raw-excel-data,record,EXPIRATION_BEFORE_PURCHASE_REQUIRES_REVIEW;EXPIRED_ITEM_FLAG,SME/Data Governance,open,SBRN=SBRN4681
HRQ-03329,record_level_data_quality,dataset-raw-excel-data,record,MISSING_RECALL_STATUS_NORMALIZED_TO_NONE;EXPIRATION_BEFORE_PURCHASE_REQUIRES_REVIEW;EXPIRED_ITEM_FLAG,SME/Data Governance,open,SBRN=SBRN4682
HRQ-03330,record_level_data_quality,dataset-raw-excel-data,record,MISSING_RECALL_STATUS_NORMALIZED_TO_NONE;FUTURE_PURCHASE_DATE_REQUIRES_REVIEW;EXPIRATION_BEFORE_PURCHASE_REQUIRES_REVIEW;EXPIRED_ITEM_FLAG,SME/Data Governance,open,SBRN=SBRN4683
HRQ-03331,record_level_data_quality,dataset-raw-excel-data,record,MISSING_RECALL_STATUS_NORMALIZED_TO_NONE;EXPIRATION_BEFORE_PURCHASE_REQUIRES_REVIEW;EXPIRED_ITEM_FLAG,SME/Data Governance,open,SBRN=SBRN4684
HRQ-03332,record_level_data_quality,dataset-raw-excel-data,record,RECALL_STATUS_MONITORING_REQUIRES_GOVERNANCE;FUTURE_PURCHASE_DATE_REQUIRES_REVIEW;EXPIRATION_BEFORE_PURCHASE_REQUIRES_REVIEW;EXPIRED_ITEM_FLAG,SME/Data Governance,open,SBRN=SBRN4686
HRQ-03333,record_level_data_quality,dataset-raw-excel-data,record,RECALL_STATUS_MONITORING_REQUIRES_GOVERNANCE;EXPIRED_ITEM_FLAG,SME/Data Governance,open,SBRN=SBRN4687
HRQ-03334,record_level_data_quality,dataset-raw-excel-data,record,MISSING_RECALL_STATUS_NORMALIZED_TO_NONE;FUTURE_PURCHASE_DATE_REQUIRES_REVIEW;EXPIRATION_BEFORE_PURCHASE_REQUIRES_REVIEW;EXPIRED_ITEM_FLAG,SME/Data Governance,open,SBRN=SBRN4688
HRQ-03335,record_level_data_quality,dataset-raw-excel-data,record,MISSING_RECALL_STATUS_NORMALIZED_TO_NONE;EXPIRATION_BEFORE_PURCHASE_REQUIRES_REVIEW;EXPIRED_ITEM_FLAG,SME/Data Governance,open,SBRN=SBRN4689
HRQ-03336,record_level_data_quality,dataset-raw-excel-data,record,MISSING_RECALL_STATUS_NORMALIZED_TO_NONE;EXPIRATION_BEFORE_PURCHASE_REQUIRES_REVIEW;EXPIRED_ITEM_FLAG,SME/Data Governance,open,SBRN=SBRN4690
HRQ-03337,record_level_data_quality,dataset-raw-excel-data,record,MISSING_RECALL_STATUS_NORMALIZED_TO_NONE;EXPIRATION_BEFORE_PURCHASE_REQUIRES_REVIEW;EXPIRED_ITEM_FLAG,SME/Data Governance,open,SBRN=SBRN4692
HRQ-03338,record_level_data_quality,dataset-raw-excel-data,record,RECALL_STATUS_MONITORING_REQUIRES_GOVERNANCE,SME/Data Governance,open,SBRN=SBRN4693
HRQ-03339,record_level_data_quality,dataset-raw-excel-data,record,EXPIRATION_BEFORE_PURCHASE_REQUIRES_REVIEW;EXPIRED_ITEM_FLAG,SME/Data Governance,open,SBRN=SBRN4695
HRQ-03340,record_level_data_quality,dataset-raw-excel-data,record,RECALL_STATUS_MONITORING_REQUIRES_GOVERNANCE;FUTURE_PURCHASE_DATE_REQUIRES_REVIEW;EXPIRATION_BEFORE_PURCHASE_REQUIRES_REVIEW;EXPIRED_ITEM_FLAG,SME/Data Governance,open,SBRN=SBRN4696
HRQ-03341,record_level_data_quality,dataset-raw-excel-data,record,MISSING_RECALL_STATUS_NORMALIZED_TO_NONE;EXPIRATION_BEFORE_PURCHASE_REQUIRES_REVIEW;EXPIRED_ITEM_FLAG,SME/Data Governance,open,SBRN=SBRN4697
HRQ-03342,record_level_data_quality,dataset-raw-excel-data,record,RECALL_STATUS_MONITORING_REQUIRES_GOVERNANCE;FUTURE_PURCHASE_DATE_REQUIRES_REVIEW;EXPIRATION_BEFORE_PURCHASE_REQUIRES_REVIEW;EXPIRED_ITEM_FLAG,SME/Data Governance,open,SBRN=SBRN4698
HRQ-03343,record_level_data_quality,dataset-raw-excel-data,record,MISSING_RECALL_STATUS_NORMALIZED_TO_NONE;FUTURE_PURCHASE_DATE_REQUIRES_REVIEW;EXPIRATION_BEFORE_PURCHASE_REQUIRES_REVIEW;EXPIRED_ITEM_FLAG,SME/Data Governance,open,SBRN=SBRN4699
HRQ-03344,record_level_data_quality,dataset-raw-excel-data,record,RECALL_STATUS_MONITORING_REQUIRES_GOVERNANCE,SME/Data Governance,open,SBRN=SBRN4701
HRQ-03345,record_level_data_quality,dataset-raw-excel-data,record,MISSING_RECALL_STATUS_NORMALIZED_TO_NONE;FUTURE_PURCHASE_DATE_REQUIRES_REVIEW;EXPIRATION_BEFORE_PURCHASE_REQUIRES_REVIEW;EXPIRED_ITEM_FLAG,SME/Data Governance,open,SBRN=SBRN4702
HRQ-03346,record_level_data_quality,dataset-raw-excel-data,record,EXPIRATION_BEFORE_PURCHASE_REQUIRES_REVIEW;EXPIRED_ITEM_FLAG,SME/Data Governance,open,SBRN=SBRN4703
HRQ-03347,record_level_data_quality,dataset-raw-excel-data,record,RECALL_STATUS_MONITORING_REQUIRES_GOVERNANCE;EXPIRATION_BEFORE_PURCHASE_REQUIRES_REVIEW;EXPIRED_ITEM_FLAG,SME/Data Governance,open,SBRN=SBRN4705
HRQ-03348,record_level_data_quality,dataset-raw-excel-data,record,RECALL_STATUS_MONITORING_REQUIRES_GOVERNANCE;EXPIRED_ITEM_FLAG,SME/Data Governance,open,SBRN=SBRN4706
HRQ-03349,record_level_data_quality,dataset-raw-excel-data,record,RECALL_STATUS_MONITORING_REQUIRES_GOVERNANCE;EXPIRED_ITEM_FLAG,SME/Data Governance,open,SBRN=SBRN4707
HRQ-03350,record_level_data_quality,dataset-raw-excel-data,record,RECALL_STATUS_MONITORING_REQUIRES_GOVERNANCE;FUTURE_PURCHASE_DATE_REQUIRES_REVIEW,SME/Data Governance,open,SBRN=SBRN4709
HRQ-03351,record_level_data_quality,dataset-raw-excel-data,record,MISSING_RECALL_STATUS_NORMALIZED_TO_NONE;FUTURE_PURCHASE_DATE_REQUIRES_REVIEW;EXPIRATION_BEFORE_PURCHASE_REQUIRES_REVIEW;EXPIRED_ITEM_FLAG,SME/Data Governance,open,SBRN=SBRN4711
HRQ-03352,record_level_data_quality,dataset-raw-excel-data,record,FUTURE_PURCHASE_DATE_REQUIRES_REVIEW;EXPIRATION_BEFORE_PURCHASE_REQUIRES_REVIEW;EXPIRED_ITEM_FLAG,SME/Data Governance,open,SBRN=SBRN4712
HRQ-03353,record_level_data_quality,dataset-raw-excel-data,record,RECALL_STATUS_MONITORING_REQUIRES_GOVERNANCE,SME/Data Governance,open,SBRN=SBRN4715
HRQ-03354,record_level_data_quality,dataset-raw-excel-data,record,FUTURE_PURCHASE_DATE_REQUIRES_REVIEW;EXPIRATION_BEFORE_PURCHASE_REQUIRES_REVIEW;EXPIRED_ITEM_FLAG,SME/Data Governance,open,SBRN=SBRN4721
HRQ-03355,record_level_data_quality,dataset-raw-excel-data,record,MISSING_RECALL_STATUS_NORMALIZED_TO_NONE;FUTURE_PURCHASE_DATE_REQUIRES_REVIEW;EXPIRATION_BEFORE_PURCHASE_REQUIRES_REVIEW;EXPIRED_ITEM_FLAG,SME/Data Governance,open,SBRN=SBRN4722
HRQ-03356,record_level_data_quality,dataset-raw-excel-data,record,RECALL_STATUS_MONITORING_REQUIRES_GOVERNANCE;FUTURE_PURCHASE_DATE_REQUIRES_REVIEW,SME/Data Governance,open,SBRN=SBRN4724
HRQ-03357,record_level_data_quality,dataset-raw-excel-data,record,RECALL_STATUS_MONITORING_REQUIRES_GOVERNANCE;EXPIRED_ITEM_FLAG,SME/Data Governance,open,SBRN=SBRN4727
HRQ-03358,record_level_data_quality,dataset-raw-excel-data,record,RECALL_STATUS_MONITORING_REQUIRES_GOVERNANCE,SME/Data Governance,open,SBRN=SBRN4728
HRQ-03359,record_level_data_quality,dataset-raw-excel-data,record,FUTURE_PURCHASE_DATE_REQUIRES_REVIEW;EXPIRATION_BEFORE_PURCHASE_REQUIRES_REVIEW;EXPIRED_ITEM_FLAG,SME/Data Governance,open,SBRN=SBRN4729
HRQ-03360,record_level_data_quality,dataset-raw-excel-data,record,MISSING_RECALL_STATUS_NORMALIZED_TO_NONE;EXPIRATION_BEFORE_PURCHASE_REQUIRES_REVIEW;EXPIRED_ITEM_FLAG,SME/Data Governance,open,SBRN=SBRN4732
HRQ-03361,record_level_data_quality,dataset-raw-excel-data,record,MISSING_RECALL_STATUS_NORMALIZED_TO_NONE;FUTURE_PURCHASE_DATE_REQUIRES_REVIEW;EXPIRATION_BEFORE_PURCHASE_REQUIRES_REVIEW,SME/Data Governance,open,SBRN=SBRN4733
HRQ-03362,record_level_data_quality,dataset-raw-excel-data,record,RECALL_STATUS_MONITORING_REQUIRES_GOVERNANCE;FUTURE_PURCHASE_DATE_REQUIRES_REVIEW;EXPIRATION_BEFORE_PURCHASE_REQUIRES_REVIEW;EXPIRED_ITEM_FLAG,SME/Data Governance,open,SBRN=SBRN4734
HRQ-03363,record_level_data_quality,dataset-raw-excel-data,record,RECALL_STATUS_MONITORING_REQUIRES_GOVERNANCE,SME/Data Governance,open,SBRN=SBRN4735
HRQ-03364,record_level_data_quality,dataset-raw-excel-data,record,RECALL_STATUS_MONITORING_REQUIRES_GOVERNANCE;FUTURE_PURCHASE_DATE_REQUIRES_REVIEW;EXPIRATION_BEFORE_PURCHASE_REQUIRES_REVIEW;EXPIRED_ITEM_FLAG,SME/Data Governance,open,SBRN=SBRN4736
HRQ-03365,record_level_data_quality,dataset-raw-excel-data,record,RECALL_STATUS_MONITORING_REQUIRES_GOVERNANCE;EXPIRATION_BEFORE_PURCHASE_REQUIRES_REVIEW;EXPIRED_ITEM_FLAG,SME/Data Governance,open,SBRN=SBRN4737
HRQ-03366,record_level_data_quality,dataset-raw-excel-data,record,RECALL_STATUS_MONITORING_REQUIRES_GOVERNANCE;EXPIRED_ITEM_FLAG,SME/Data Governance,open,SBRN=SBRN4738
HRQ-03367,record_level_data_quality,dataset-raw-excel-data,record,FUTURE_PURCHASE_DATE_REQUIRES_REVIEW;EXPIRATION_BEFORE_PURCHASE_REQUIRES_REVIEW,SME/Data Governance,open,SBRN=SBRN4739
HRQ-03368,record_level_data_quality,dataset-raw-excel-data,record,MISSING_RECALL_STATUS_NORMALIZED_TO_NONE;FUTURE_PURCHASE_DATE_REQUIRES_REVIEW,SME/Data Governance,open,SBRN=SBRN4740
HRQ-03369,record_level_data_quality,dataset-raw-excel-data,record,EXPIRATION_BEFORE_PURCHASE_REQUIRES_REVIEW;EXPIRED_ITEM_FLAG,SME/Data Governance,open,SBRN=SBRN4743
HRQ-03370,record_level_data_quality,dataset-raw-excel-data,record,EXPIRATION_BEFORE_PURCHASE_REQUIRES_REVIEW;EXPIRED_ITEM_FLAG,SME/Data Governance,open,SBRN=SBRN4744
HRQ-03371,record_level_data_quality,dataset-raw-excel-data,record,RECALL_STATUS_MONITORING_REQUIRES_GOVERNANCE;EXPIRED_ITEM_FLAG,SME/Data Governance,open,SBRN=SBRN4745
HRQ-03372,record_level_data_quality,dataset-raw-excel-data,record,FUTURE_PURCHASE_DATE_REQUIRES_REVIEW;EXPIRATION_BEFORE_PURCHASE_REQUIRES_REVIEW;EXPIRED_ITEM_FLAG,SME/Data Governance,open,SBRN=SBRN4747
HRQ-03373,record_level_data_quality,dataset-raw-excel-data,record,EXPIRATION_BEFORE_PURCHASE_REQUIRES_REVIEW;EXPIRED_ITEM_FLAG,SME/Data Governance,open,SBRN=SBRN4749
HRQ-03374,record_level_data_quality,dataset-raw-excel-data,record,FUTURE_PURCHASE_DATE_REQUIRES_REVIEW;EXPIRATION_BEFORE_PURCHASE_REQUIRES_REVIEW;EXPIRED_ITEM_FLAG,SME/Data Governance,open,SBRN=SBRN4750
HRQ-03375,record_level_data_quality,dataset-raw-excel-data,record,FUTURE_PURCHASE_DATE_REQUIRES_REVIEW;EXPIRATION_BEFORE_PURCHASE_REQUIRES_REVIEW;EXPIRED_ITEM_FLAG,SME/Data Governance,open,SBRN=SBRN4751
HRQ-03376,record_level_data_quality,dataset-raw-excel-data,record,RECALL_STATUS_MONITORING_REQUIRES_GOVERNANCE;EXPIRED_ITEM_FLAG,SME/Data Governance,open,SBRN=SBRN4754
HRQ-03377,record_level_data_quality,dataset-raw-excel-data,record,MISSING_RECALL_STATUS_NORMALIZED_TO_NONE;EXPIRATION_BEFORE_PURCHASE_REQUIRES_REVIEW;EXPIRED_ITEM_FLAG,SME/Data Governance,open,SBRN=SBRN4755
HRQ-03378,record_level_data_quality,dataset-raw-excel-data,record,FUTURE_PURCHASE_DATE_REQUIRES_REVIEW;EXPIRATION_BEFORE_PURCHASE_REQUIRES_REVIEW;EXPIRED_ITEM_FLAG,SME/Data Governance,open,SBRN=SBRN4758
HRQ-03379,record_level_data_quality,dataset-raw-excel-data,record,RECALL_STATUS_MONITORING_REQUIRES_GOVERNANCE;EXPIRATION_BEFORE_PURCHASE_REQUIRES_REVIEW;EXPIRED_ITEM_FLAG,SME/Data Governance,open,SBRN=SBRN4759
HRQ-03380,record_level_data_quality,dataset-raw-excel-data,record,RECALL_STATUS_MONITORING_REQUIRES_GOVERNANCE;FUTURE_PURCHASE_DATE_REQUIRES_REVIEW;EXPIRATION_BEFORE_PURCHASE_REQUIRES_REVIEW;EXPIRED_ITEM_FLAG,SME/Data Governance,open,SBRN=SBRN4765
HRQ-03381,record_level_data_quality,dataset-raw-excel-data,record,RECALL_STATUS_MONITORING_REQUIRES_GOVERNANCE;EXPIRED_ITEM_FLAG,SME/Data Governance,open,SBRN=SBRN4767
HRQ-03382,record_level_data_quality,dataset-raw-excel-data,record,RECALL_STATUS_MONITORING_REQUIRES_GOVERNANCE;FUTURE_PURCHASE_DATE_REQUIRES_REVIEW,SME/Data Governance,open,SBRN=SBRN4769
HRQ-03383,record_level_data_quality,dataset-raw-excel-data,record,RECALL_STATUS_MONITORING_REQUIRES_GOVERNANCE,SME/Data Governance,open,SBRN=SBRN4770
HRQ-03384,record_level_data_quality,dataset-raw-excel-data,record,MISSING_RECALL_STATUS_NORMALIZED_TO_NONE;EXPIRATION_BEFORE_PURCHASE_REQUIRES_REVIEW;EXPIRED_ITEM_FLAG,SME/Data Governance,open,SBRN=SBRN4773
HRQ-03385,record_level_data_quality,dataset-raw-excel-data,record,EXPIRATION_BEFORE_PURCHASE_REQUIRES_REVIEW;EXPIRED_ITEM_FLAG,SME/Data Governance,open,SBRN=SBRN4776
HRQ-03386,record_level_data_quality,dataset-raw-excel-data,record,RECALL_STATUS_MONITORING_REQUIRES_GOVERNANCE;FUTURE_PURCHASE_DATE_REQUIRES_REVIEW;EXPIRATION_BEFORE_PURCHASE_REQUIRES_REVIEW,SME/Data Governance,open,SBRN=SBRN4777
HRQ-03387,record_level_data_quality,dataset-raw-excel-data,record,MISSING_RECALL_STATUS_NORMALIZED_TO_NONE;EXPIRATION_BEFORE_PURCHASE_REQUIRES_REVIEW;EXPIRED_ITEM_FLAG,SME/Data Governance,open,SBRN=SBRN4779
HRQ-03388,record_level_data_quality,dataset-raw-excel-data,record,RECALL_STATUS_MONITORING_REQUIRES_GOVERNANCE;FUTURE_PURCHASE_DATE_REQUIRES_REVIEW;EXPIRATION_BEFORE_PURCHASE_REQUIRES_REVIEW,SME/Data Governance,open,SBRN=SBRN4780
HRQ-03389,record_level_data_quality,dataset-raw-excel-data,record,EXPIRATION_BEFORE_PURCHASE_REQUIRES_REVIEW;EXPIRED_ITEM_FLAG,SME/Data Governance,open,SBRN=SBRN4781
HRQ-03390,record_level_data_quality,dataset-raw-excel-data,record,RECALL_STATUS_MONITORING_REQUIRES_GOVERNANCE;EXPIRED_ITEM_FLAG,SME/Data Governance,open,SBRN=SBRN4783
HRQ-03391,record_level_data_quality,dataset-raw-excel-data,record,MISSING_RECALL_STATUS_NORMALIZED_TO_NONE;FUTURE_PURCHASE_DATE_REQUIRES_REVIEW;EXPIRATION_BEFORE_PURCHASE_REQUIRES_REVIEW;EXPIRED_ITEM_FLAG,SME/Data Governance,open,SBRN=SBRN4785
HRQ-03392,record_level_data_quality,dataset-raw-excel-data,record,RECALL_STATUS_MONITORING_REQUIRES_GOVERNANCE,SME/Data Governance,open,SBRN=SBRN4787
HRQ-03393,record_level_data_quality,dataset-raw-excel-data,record,MISSING_RECALL_STATUS_NORMALIZED_TO_NONE;EXPIRATION_BEFORE_PURCHASE_REQUIRES_REVIEW;EXPIRED_ITEM_FLAG,SME/Data Governance,open,SBRN=SBRN4788
HRQ-03394,record_level_data_quality,dataset-raw-excel-data,record,RECALL_STATUS_MONITORING_REQUIRES_GOVERNANCE,SME/Data Governance,open,SBRN=SBRN4789
HRQ-03395,record_level_data_quality,dataset-raw-excel-data,record,EXPIRATION_BEFORE_PURCHASE_REQUIRES_REVIEW;EXPIRED_ITEM_FLAG,SME/Data Governance,open,SBRN=SBRN4792
HRQ-03396,record_level_data_quality,dataset-raw-excel-data,record,MISSING_RECALL_STATUS_NORMALIZED_TO_NONE;FUTURE_PURCHASE_DATE_REQUIRES_REVIEW;EXPIRATION_BEFORE_PURCHASE_REQUIRES_REVIEW;EXPIRED_ITEM_FLAG,SME/Data Governance,open,SBRN=SBRN4793
HRQ-03397,record_level_data_quality,dataset-raw-excel-data,record,MISSING_RECALL_STATUS_NORMALIZED_TO_NONE;FUTURE_PURCHASE_DATE_REQUIRES_REVIEW;EXPIRATION_BEFORE_PURCHASE_REQUIRES_REVIEW;EXPIRED_ITEM_FLAG,SME/Data Governance,open,SBRN=SBRN4794
HRQ-03398,record_level_data_quality,dataset-raw-excel-data,record,RECALL_STATUS_MONITORING_REQUIRES_GOVERNANCE;EXPIRATION_BEFORE_PURCHASE_REQUIRES_REVIEW;EXPIRED_ITEM_FLAG,SME/Data Governance,open,SBRN=SBRN4796
HRQ-03399,record_level_data_quality,dataset-raw-excel-data,record,RECALL_STATUS_MONITORING_REQUIRES_GOVERNANCE;EXPIRED_ITEM_FLAG,SME/Data Governance,open,SBRN=SBRN4797
HRQ-03400,record_level_data_quality,dataset-raw-excel-data,record,RECALL_STATUS_MONITORING_REQUIRES_GOVERNANCE;EXPIRED_ITEM_FLAG,SME/Data Governance,open,SBRN=SBRN4798
HRQ-03401,record_level_data_quality,dataset-raw-excel-data,record,EXPIRATION_BEFORE_PURCHASE_REQUIRES_REVIEW;EXPIRED_ITEM_FLAG,SME/Data Governance,open,SBRN=SBRN4799
HRQ-03402,record_level_data_quality,dataset-raw-excel-data,record,RECALL_STATUS_MONITORING_REQUIRES_GOVERNANCE;EXPIRED_ITEM_FLAG,SME/Data Governance,open,SBRN=SBRN4800
HRQ-03403,record_level_data_quality,dataset-raw-excel-data,record,RECALL_STATUS_MONITORING_REQUIRES_GOVERNANCE,SME/Data Governance,open,SBRN=SBRN4802
HRQ-03404,record_level_data_quality,dataset-raw-excel-data,record,RECALL_STATUS_MONITORING_REQUIRES_GOVERNANCE;EXPIRED_ITEM_FLAG,SME/Data Governance,open,SBRN=SBRN4803
HRQ-03405,record_level_data_quality,dataset-raw-excel-data,record,RECALL_STATUS_MONITORING_REQUIRES_GOVERNANCE;EXPIRED_ITEM_FLAG,SME/Data Governance,open,SBRN=SBRN4804
HRQ-03406,record_level_data_quality,dataset-raw-excel-data,record,RECALL_STATUS_MONITORING_REQUIRES_GOVERNANCE;EXPIRED_ITEM_FLAG,SME/Data Governance,open,SBRN=SBRN4807
HRQ-03407,record_level_data_quality,dataset-raw-excel-data,record,MISSING_RECALL_STATUS_NORMALIZED_TO_NONE;EXPIRATION_BEFORE_PURCHASE_REQUIRES_REVIEW;EXPIRED_ITEM_FLAG,SME/Data Governance,open,SBRN=SBRN4808
HRQ-03408,record_level_data_quality,dataset-raw-excel-data,record,RECALL_STATUS_MONITORING_REQUIRES_GOVERNANCE,SME/Data Governance,open,SBRN=SBRN4809
HRQ-03409,record_level_data_quality,dataset-raw-excel-data,record,MISSING_RECALL_STATUS_NORMALIZED_TO_NONE;FUTURE_PURCHASE_DATE_REQUIRES_REVIEW;EXPIRATION_BEFORE_PURCHASE_REQUIRES_REVIEW;EXPIRED_ITEM_FLAG,SME/Data Governance,open,SBRN=SBRN4810
HRQ-03410,record_level_data_quality,dataset-raw-excel-data,record,FUTURE_PURCHASE_DATE_REQUIRES_REVIEW,SME/Data Governance,open,SBRN=SBRN4811
HRQ-03411,record_level_data_quality,dataset-raw-excel-data,record,FUTURE_PURCHASE_DATE_REQUIRES_REVIEW;EXPIRATION_BEFORE_PURCHASE_REQUIRES_REVIEW;EXPIRED_ITEM_FLAG,SME/Data Governance,open,SBRN=SBRN4812
HRQ-03412,record_level_data_quality,dataset-raw-excel-data,record,RECALL_STATUS_MONITORING_REQUIRES_GOVERNANCE;EXPIRATION_BEFORE_PURCHASE_REQUIRES_REVIEW;EXPIRED_ITEM_FLAG,SME/Data Governance,open,SBRN=SBRN4814
HRQ-03413,record_level_data_quality,dataset-raw-excel-data,record,RECALL_STATUS_MONITORING_REQUIRES_GOVERNANCE;EXPIRED_ITEM_FLAG,SME/Data Governance,open,SBRN=SBRN4815
HRQ-03414,record_level_data_quality,dataset-raw-excel-data,record,RECALL_STATUS_MONITORING_REQUIRES_GOVERNANCE;EXPIRED_ITEM_FLAG,SME/Data Governance,open,SBRN=SBRN4816
HRQ-03415,record_level_data_quality,dataset-raw-excel-data,record,EXPIRATION_BEFORE_PURCHASE_REQUIRES_REVIEW;EXPIRED_ITEM_FLAG,SME/Data Governance,open,SBRN=SBRN4818
HRQ-03416,record_level_data_quality,dataset-raw-excel-data,record,RECALL_STATUS_MONITORING_REQUIRES_GOVERNANCE;EXPIRED_ITEM_FLAG,SME/Data Governance,open,SBRN=SBRN4819
HRQ-03417,record_level_data_quality,dataset-raw-excel-data,record,EXPIRATION_BEFORE_PURCHASE_REQUIRES_REVIEW;EXPIRED_ITEM_FLAG,SME/Data Governance,open,SBRN=SBRN4820
HRQ-03418,record_level_data_quality,dataset-raw-excel-data,record,RECALL_STATUS_MONITORING_REQUIRES_GOVERNANCE;EXPIRATION_BEFORE_PURCHASE_REQUIRES_REVIEW;EXPIRED_ITEM_FLAG,SME/Data Governance,open,SBRN=SBRN4821
HRQ-03419,record_level_data_quality,dataset-raw-excel-data,record,RECALL_STATUS_MONITORING_REQUIRES_GOVERNANCE,SME/Data Governance,open,SBRN=SBRN4822
HRQ-03420,record_level_data_quality,dataset-raw-excel-data,record,RECALL_STATUS_MONITORING_REQUIRES_GOVERNANCE;EXPIRED_ITEM_FLAG,SME/Data Governance,open,SBRN=SBRN4824
HRQ-03421,record_level_data_quality,dataset-raw-excel-data,record,EXPIRATION_BEFORE_PURCHASE_REQUIRES_REVIEW;EXPIRED_ITEM_FLAG,SME/Data Governance,open,SBRN=SBRN4825
HRQ-03422,record_level_data_quality,dataset-raw-excel-data,record,RECALL_STATUS_MONITORING_REQUIRES_GOVERNANCE;EXPIRED_ITEM_FLAG,SME/Data Governance,open,SBRN=SBRN4826
HRQ-03423,record_level_data_quality,dataset-raw-excel-data,record,RECALL_STATUS_MONITORING_REQUIRES_GOVERNANCE,SME/Data Governance,open,SBRN=SBRN4827
HRQ-03424,record_level_data_quality,dataset-raw-excel-data,record,RECALL_STATUS_MONITORING_REQUIRES_GOVERNANCE;FUTURE_PURCHASE_DATE_REQUIRES_REVIEW;EXPIRATION_BEFORE_PURCHASE_REQUIRES_REVIEW;EXPIRED_ITEM_FLAG,SME/Data Governance,open,SBRN=SBRN4828
HRQ-03425,record_level_data_quality,dataset-raw-excel-data,record,RECALL_STATUS_MONITORING_REQUIRES_GOVERNANCE;FUTURE_PURCHASE_DATE_REQUIRES_REVIEW;EXPIRATION_BEFORE_PURCHASE_REQUIRES_REVIEW,SME/Data Governance,open,SBRN=SBRN4829
HRQ-03426,record_level_data_quality,dataset-raw-excel-data,record,RECALL_STATUS_MONITORING_REQUIRES_GOVERNANCE;FUTURE_PURCHASE_DATE_REQUIRES_REVIEW;EXPIRATION_BEFORE_PURCHASE_REQUIRES_REVIEW;EXPIRED_ITEM_FLAG,SME/Data Governance,open,SBRN=SBRN4830
HRQ-03427,record_level_data_quality,dataset-raw-excel-data,record,FUTURE_PURCHASE_DATE_REQUIRES_REVIEW;EXPIRATION_BEFORE_PURCHASE_REQUIRES_REVIEW,SME/Data Governance,open,SBRN=SBRN4831
HRQ-03428,record_level_data_quality,dataset-raw-excel-data,record,EXPIRATION_BEFORE_PURCHASE_REQUIRES_REVIEW;EXPIRED_ITEM_FLAG,SME/Data Governance,open,SBRN=SBRN4833
HRQ-03429,record_level_data_quality,dataset-raw-excel-data,record,FUTURE_PURCHASE_DATE_REQUIRES_REVIEW;EXPIRATION_BEFORE_PURCHASE_REQUIRES_REVIEW,SME/Data Governance,open,SBRN=SBRN4835
HRQ-03430,record_level_data_quality,dataset-raw-excel-data,record,RECALL_STATUS_MONITORING_REQUIRES_GOVERNANCE;FUTURE_PURCHASE_DATE_REQUIRES_REVIEW,SME/Data Governance,open,SBRN=SBRN4837
HRQ-03431,record_level_data_quality,dataset-raw-excel-data,record,RECALL_STATUS_MONITORING_REQUIRES_GOVERNANCE;FUTURE_PURCHASE_DATE_REQUIRES_REVIEW;EXPIRATION_BEFORE_PURCHASE_REQUIRES_REVIEW;EXPIRED_ITEM_FLAG,SME/Data Governance,open,SBRN=SBRN4838
HRQ-03432,record_level_data_quality,dataset-raw-excel-data,record,RECALL_STATUS_MONITORING_REQUIRES_GOVERNANCE;FUTURE_PURCHASE_DATE_REQUIRES_REVIEW;EXPIRATION_BEFORE_PURCHASE_REQUIRES_REVIEW;EXPIRED_ITEM_FLAG,SME/Data Governance,open,SBRN=SBRN4839
HRQ-03433,record_level_data_quality,dataset-raw-excel-data,record,RECALL_STATUS_MONITORING_REQUIRES_GOVERNANCE;FUTURE_PURCHASE_DATE_REQUIRES_REVIEW;EXPIRATION_BEFORE_PURCHASE_REQUIRES_REVIEW;EXPIRED_ITEM_FLAG,SME/Data Governance,open,SBRN=SBRN4841
HRQ-03434,record_level_data_quality,dataset-raw-excel-data,record,RECALL_STATUS_MONITORING_REQUIRES_GOVERNANCE,SME/Data Governance,open,SBRN=SBRN4842
HRQ-03435,record_level_data_quality,dataset-raw-excel-data,record,EXPIRATION_BEFORE_PURCHASE_REQUIRES_REVIEW;EXPIRED_ITEM_FLAG,SME/Data Governance,open,SBRN=SBRN4844
HRQ-03436,record_level_data_quality,dataset-raw-excel-data,record,RECALL_STATUS_MONITORING_REQUIRES_GOVERNANCE,SME/Data Governance,open,SBRN=SBRN4846
HRQ-03437,record_level_data_quality,dataset-raw-excel-data,record,FUTURE_PURCHASE_DATE_REQUIRES_REVIEW;EXPIRATION_BEFORE_PURCHASE_REQUIRES_REVIEW,SME/Data Governance,open,SBRN=SBRN4847
HRQ-03438,record_level_data_quality,dataset-raw-excel-data,record,MISSING_RECALL_STATUS_NORMALIZED_TO_NONE;FUTURE_PURCHASE_DATE_REQUIRES_REVIEW;EXPIRATION_BEFORE_PURCHASE_REQUIRES_REVIEW;EXPIRED_ITEM_FLAG,SME/Data Governance,open,SBRN=SBRN4848
HRQ-03439,record_level_data_quality,dataset-raw-excel-data,record,RECALL_STATUS_MONITORING_REQUIRES_GOVERNANCE;FUTURE_PURCHASE_DATE_REQUIRES_REVIEW;EXPIRATION_BEFORE_PURCHASE_REQUIRES_REVIEW;EXPIRED_ITEM_FLAG,SME/Data Governance,open,SBRN=SBRN4849
HRQ-03440,record_level_data_quality,dataset-raw-excel-data,record,RECALL_STATUS_MONITORING_REQUIRES_GOVERNANCE;EXPIRATION_BEFORE_PURCHASE_REQUIRES_REVIEW;EXPIRED_ITEM_FLAG,SME/Data Governance,open,SBRN=SBRN4851
HRQ-03441,record_level_data_quality,dataset-raw-excel-data,record,MISSING_RECALL_STATUS_NORMALIZED_TO_NONE;EXPIRATION_BEFORE_PURCHASE_REQUIRES_REVIEW;EXPIRED_ITEM_FLAG,SME/Data Governance,open,SBRN=SBRN4852
HRQ-03442,record_level_data_quality,dataset-raw-excel-data,record,RECALL_STATUS_MONITORING_REQUIRES_GOVERNANCE;EXPIRATION_BEFORE_PURCHASE_REQUIRES_REVIEW;EXPIRED_ITEM_FLAG,SME/Data Governance,open,SBRN=SBRN4854
HRQ-03443,record_level_data_quality,dataset-raw-excel-data,record,MISSING_RECALL_STATUS_NORMALIZED_TO_NONE;FUTURE_PURCHASE_DATE_REQUIRES_REVIEW;EXPIRATION_BEFORE_PURCHASE_REQUIRES_REVIEW;EXPIRED_ITEM_FLAG,SME/Data Governance,open,SBRN=SBRN4857
HRQ-03444,record_level_data_quality,dataset-raw-excel-data,record,RECALL_STATUS_MONITORING_REQUIRES_GOVERNANCE;FUTURE_PURCHASE_DATE_REQUIRES_REVIEW;EXPIRATION_BEFORE_PURCHASE_REQUIRES_REVIEW;EXPIRED_ITEM_FLAG,SME/Data Governance,open,SBRN=SBRN4859
HRQ-03445,record_level_data_quality,dataset-raw-excel-data,record,RECALL_STATUS_MONITORING_REQUIRES_GOVERNANCE;EXPIRED_ITEM_FLAG,SME/Data Governance,open,SBRN=SBRN4860
HRQ-03446,record_level_data_quality,dataset-raw-excel-data,record,RECALL_STATUS_MONITORING_REQUIRES_GOVERNANCE;FUTURE_PURCHASE_DATE_REQUIRES_REVIEW;EXPIRATION_BEFORE_PURCHASE_REQUIRES_REVIEW,SME/Data Governance,open,SBRN=SBRN4861
HRQ-03447,record_level_data_quality,dataset-raw-excel-data,record,RECALL_STATUS_MONITORING_REQUIRES_GOVERNANCE;EXPIRED_ITEM_FLAG,SME/Data Governance,open,SBRN=SBRN4862
HRQ-03448,record_level_data_quality,dataset-raw-excel-data,record,RECALL_STATUS_MONITORING_REQUIRES_GOVERNANCE;EXPIRED_ITEM_FLAG,SME/Data Governance,open,SBRN=SBRN4863
HRQ-03449,record_level_data_quality,dataset-raw-excel-data,record,RECALL_STATUS_MONITORING_REQUIRES_GOVERNANCE;FUTURE_PURCHASE_DATE_REQUIRES_REVIEW;EXPIRATION_BEFORE_PURCHASE_REQUIRES_REVIEW;EXPIRED_ITEM_FLAG,SME/Data Governance,open,SBRN=SBRN4864
HRQ-03450,record_level_data_quality,dataset-raw-excel-data,record,EXPIRATION_BEFORE_PURCHASE_REQUIRES_REVIEW;EXPIRED_ITEM_FLAG,SME/Data Governance,open,SBRN=SBRN4865
HRQ-03451,record_level_data_quality,dataset-raw-excel-data,record,RECALL_STATUS_MONITORING_REQUIRES_GOVERNANCE;FUTURE_PURCHASE_DATE_REQUIRES_REVIEW;EXPIRATION_BEFORE_PURCHASE_REQUIRES_REVIEW;EXPIRED_ITEM_FLAG,SME/Data Governance,open,SBRN=SBRN4868
HRQ-03452,record_level_data_quality,dataset-raw-excel-data,record,MISSING_RECALL_STATUS_NORMALIZED_TO_NONE;EXPIRATION_BEFORE_PURCHASE_REQUIRES_REVIEW;EXPIRED_ITEM_FLAG,SME/Data Governance,open,SBRN=SBRN4869
HRQ-03453,record_level_data_quality,dataset-raw-excel-data,record,RECALL_STATUS_MONITORING_REQUIRES_GOVERNANCE;EXPIRED_ITEM_FLAG,SME/Data Governance,open,SBRN=SBRN4872
HRQ-03454,record_level_data_quality,dataset-raw-excel-data,record,EXPIRATION_BEFORE_PURCHASE_REQUIRES_REVIEW;EXPIRED_ITEM_FLAG,SME/Data Governance,open,SBRN=SBRN4873
HRQ-03455,record_level_data_quality,dataset-raw-excel-data,record,EXPIRATION_BEFORE_PURCHASE_REQUIRES_REVIEW;EXPIRED_ITEM_FLAG,SME/Data Governance,open,SBRN=SBRN4875
HRQ-03456,record_level_data_quality,dataset-raw-excel-data,record,RECALL_STATUS_MONITORING_REQUIRES_GOVERNANCE;EXPIRED_ITEM_FLAG,SME/Data Governance,open,SBRN=SBRN4876
HRQ-03457,record_level_data_quality,dataset-raw-excel-data,record,FUTURE_PURCHASE_DATE_REQUIRES_REVIEW;EXPIRATION_BEFORE_PURCHASE_REQUIRES_REVIEW;EXPIRED_ITEM_FLAG,SME/Data Governance,open,SBRN=SBRN4877
HRQ-03458,record_level_data_quality,dataset-raw-excel-data,record,RECALL_STATUS_MONITORING_REQUIRES_GOVERNANCE;EXPIRED_ITEM_FLAG,SME/Data Governance,open,SBRN=SBRN4878
HRQ-03459,record_level_data_quality,dataset-raw-excel-data,record,RECALL_STATUS_MONITORING_REQUIRES_GOVERNANCE;FUTURE_PURCHASE_DATE_REQUIRES_REVIEW;EXPIRATION_BEFORE_PURCHASE_REQUIRES_REVIEW;EXPIRED_ITEM_FLAG,SME/Data Governance,open,SBRN=SBRN4879
HRQ-03460,record_level_data_quality,dataset-raw-excel-data,record,RECALL_STATUS_MONITORING_REQUIRES_GOVERNANCE;FUTURE_PURCHASE_DATE_REQUIRES_REVIEW;EXPIRATION_BEFORE_PURCHASE_REQUIRES_REVIEW;EXPIRED_ITEM_FLAG,SME/Data Governance,open,SBRN=SBRN4881
HRQ-03461,record_level_data_quality,dataset-raw-excel-data,record,MISSING_RECALL_STATUS_NORMALIZED_TO_NONE;EXPIRATION_BEFORE_PURCHASE_REQUIRES_REVIEW;EXPIRED_ITEM_FLAG,SME/Data Governance,open,SBRN=SBRN4882
HRQ-03462,record_level_data_quality,dataset-raw-excel-data,record,RECALL_STATUS_MONITORING_REQUIRES_GOVERNANCE;EXPIRED_ITEM_FLAG,SME/Data Governance,open,SBRN=SBRN4883
HRQ-03463,record_level_data_quality,dataset-raw-excel-data,record,RECALL_STATUS_MONITORING_REQUIRES_GOVERNANCE;EXPIRED_ITEM_FLAG,SME/Data Governance,open,SBRN=SBRN4885
HRQ-03464,record_level_data_quality,dataset-raw-excel-data,record,RECALL_STATUS_MONITORING_REQUIRES_GOVERNANCE;FUTURE_PURCHASE_DATE_REQUIRES_REVIEW;EXPIRATION_BEFORE_PURCHASE_REQUIRES_REVIEW;EXPIRED_ITEM_FLAG,SME/Data Governance,open,SBRN=SBRN4887
HRQ-03465,record_level_data_quality,dataset-raw-excel-data,record,RECALL_STATUS_MONITORING_REQUIRES_GOVERNANCE,SME/Data Governance,open,SBRN=SBRN4889
HRQ-03466,record_level_data_quality,dataset-raw-excel-data,record,RECALL_STATUS_MONITORING_REQUIRES_GOVERNANCE;FUTURE_PURCHASE_DATE_REQUIRES_REVIEW;EXPIRATION_BEFORE_PURCHASE_REQUIRES_REVIEW;EXPIRED_ITEM_FLAG,SME/Data Governance,open,SBRN=SBRN4890
HRQ-03467,record_level_data_quality,dataset-raw-excel-data,record,RECALL_STATUS_MONITORING_REQUIRES_GOVERNANCE;EXPIRED_ITEM_FLAG,SME/Data Governance,open,SBRN=SBRN4891
HRQ-03468,record_level_data_quality,dataset-raw-excel-data,record,RECALL_STATUS_MONITORING_REQUIRES_GOVERNANCE,SME/Data Governance,open,SBRN=SBRN4892
HRQ-03469,record_level_data_quality,dataset-raw-excel-data,record,EXPIRATION_BEFORE_PURCHASE_REQUIRES_REVIEW;EXPIRED_ITEM_FLAG,SME/Data Governance,open,SBRN=SBRN4894
HRQ-03470,record_level_data_quality,dataset-raw-excel-data,record,RECALL_STATUS_MONITORING_REQUIRES_GOVERNANCE;EXPIRATION_BEFORE_PURCHASE_REQUIRES_REVIEW;EXPIRED_ITEM_FLAG,SME/Data Governance,open,SBRN=SBRN4895
HRQ-03471,record_level_data_quality,dataset-raw-excel-data,record,RECALL_STATUS_MONITORING_REQUIRES_GOVERNANCE;FUTURE_PURCHASE_DATE_REQUIRES_REVIEW;EXPIRATION_BEFORE_PURCHASE_REQUIRES_REVIEW,SME/Data Governance,open,SBRN=SBRN4896
HRQ-03472,record_level_data_quality,dataset-raw-excel-data,record,MISSING_RECALL_STATUS_NORMALIZED_TO_NONE;FUTURE_PURCHASE_DATE_REQUIRES_REVIEW;EXPIRATION_BEFORE_PURCHASE_REQUIRES_REVIEW;EXPIRED_ITEM_FLAG,SME/Data Governance,open,SBRN=SBRN4897
HRQ-03473,record_level_data_quality,dataset-raw-excel-data,record,MISSING_RECALL_STATUS_NORMALIZED_TO_NONE;EXPIRATION_BEFORE_PURCHASE_REQUIRES_REVIEW;EXPIRED_ITEM_FLAG,SME/Data Governance,open,SBRN=SBRN4898
HRQ-03474,record_level_data_quality,dataset-raw-excel-data,record,MISSING_RECALL_STATUS_NORMALIZED_TO_NONE;FUTURE_PURCHASE_DATE_REQUIRES_REVIEW;EXPIRATION_BEFORE_PURCHASE_REQUIRES_REVIEW,SME/Data Governance,open,SBRN=SBRN4899
HRQ-03475,record_level_data_quality,dataset-raw-excel-data,record,RECALL_STATUS_MONITORING_REQUIRES_GOVERNANCE,SME/Data Governance,open,SBRN=SBRN4902
HRQ-03476,record_level_data_quality,dataset-raw-excel-data,record,FUTURE_PURCHASE_DATE_REQUIRES_REVIEW;EXPIRATION_BEFORE_PURCHASE_REQUIRES_REVIEW;EXPIRED_ITEM_FLAG,SME/Data Governance,open,SBRN=SBRN4904
HRQ-03477,record_level_data_quality,dataset-raw-excel-data,record,EXPIRATION_BEFORE_PURCHASE_REQUIRES_REVIEW;EXPIRED_ITEM_FLAG,SME/Data Governance,open,SBRN=SBRN4906
HRQ-03478,record_level_data_quality,dataset-raw-excel-data,record,EXPIRATION_BEFORE_PURCHASE_REQUIRES_REVIEW;EXPIRED_ITEM_FLAG,SME/Data Governance,open,SBRN=SBRN4907
HRQ-03479,record_level_data_quality,dataset-raw-excel-data,record,RECALL_STATUS_MONITORING_REQUIRES_GOVERNANCE,SME/Data Governance,open,SBRN=SBRN4908
HRQ-03480,record_level_data_quality,dataset-raw-excel-data,record,FUTURE_PURCHASE_DATE_REQUIRES_REVIEW;EXPIRATION_BEFORE_PURCHASE_REQUIRES_REVIEW;EXPIRED_ITEM_FLAG,SME/Data Governance,open,SBRN=SBRN4911
HRQ-03481,record_level_data_quality,dataset-raw-excel-data,record,RECALL_STATUS_MONITORING_REQUIRES_GOVERNANCE;EXPIRATION_BEFORE_PURCHASE_REQUIRES_REVIEW;EXPIRED_ITEM_FLAG,SME/Data Governance,open,SBRN=SBRN4913
HRQ-03482,record_level_data_quality,dataset-raw-excel-data,record,RECALL_STATUS_MONITORING_REQUIRES_GOVERNANCE;EXPIRED_ITEM_FLAG,SME/Data Governance,open,SBRN=SBRN4914
HRQ-03483,record_level_data_quality,dataset-raw-excel-data,record,RECALL_STATUS_MONITORING_REQUIRES_GOVERNANCE,SME/Data Governance,open,SBRN=SBRN4915
HRQ-03484,record_level_data_quality,dataset-raw-excel-data,record,RECALL_STATUS_MONITORING_REQUIRES_GOVERNANCE;EXPIRATION_BEFORE_PURCHASE_REQUIRES_REVIEW;EXPIRED_ITEM_FLAG,SME/Data Governance,open,SBRN=SBRN4916
HRQ-03485,record_level_data_quality,dataset-raw-excel-data,record,EXPIRATION_BEFORE_PURCHASE_REQUIRES_REVIEW;EXPIRED_ITEM_FLAG,SME/Data Governance,open,SBRN=SBRN4917
HRQ-03486,record_level_data_quality,dataset-raw-excel-data,record,RECALL_STATUS_MONITORING_REQUIRES_GOVERNANCE,SME/Data Governance,open,SBRN=SBRN4918
HRQ-03487,record_level_data_quality,dataset-raw-excel-data,record,EXPIRATION_BEFORE_PURCHASE_REQUIRES_REVIEW;EXPIRED_ITEM_FLAG,SME/Data Governance,open,SBRN=SBRN4919
HRQ-03488,record_level_data_quality,dataset-raw-excel-data,record,RECALL_STATUS_MONITORING_REQUIRES_GOVERNANCE;FUTURE_PURCHASE_DATE_REQUIRES_REVIEW;EXPIRATION_BEFORE_PURCHASE_REQUIRES_REVIEW,SME/Data Governance,open,SBRN=SBRN4920
HRQ-03489,record_level_data_quality,dataset-raw-excel-data,record,RECALL_STATUS_MONITORING_REQUIRES_GOVERNANCE;EXPIRED_ITEM_FLAG,SME/Data Governance,open,SBRN=SBRN4921
HRQ-03490,record_level_data_quality,dataset-raw-excel-data,record,RECALL_STATUS_MONITORING_REQUIRES_GOVERNANCE;EXPIRED_ITEM_FLAG,SME/Data Governance,open,SBRN=SBRN4922
HRQ-03491,record_level_data_quality,dataset-raw-excel-data,record,RECALL_STATUS_MONITORING_REQUIRES_GOVERNANCE;FUTURE_PURCHASE_DATE_REQUIRES_REVIEW;EXPIRATION_BEFORE_PURCHASE_REQUIRES_REVIEW,SME/Data Governance,open,SBRN=SBRN4923
HRQ-03492,record_level_data_quality,dataset-raw-excel-data,record,RECALL_STATUS_MONITORING_REQUIRES_GOVERNANCE;FUTURE_PURCHASE_DATE_REQUIRES_REVIEW;EXPIRATION_BEFORE_PURCHASE_REQUIRES_REVIEW;EXPIRED_ITEM_FLAG,SME/Data Governance,open,SBRN=SBRN4924
HRQ-03493,record_level_data_quality,dataset-raw-excel-data,record,MISSING_RECALL_STATUS_NORMALIZED_TO_NONE;FUTURE_PURCHASE_DATE_REQUIRES_REVIEW;EXPIRATION_BEFORE_PURCHASE_REQUIRES_REVIEW;EXPIRED_ITEM_FLAG,SME/Data Governance,open,SBRN=SBRN4925
HRQ-03494,record_level_data_quality,dataset-raw-excel-data,record,MISSING_RECALL_STATUS_NORMALIZED_TO_NONE;EXPIRATION_BEFORE_PURCHASE_REQUIRES_REVIEW;EXPIRED_ITEM_FLAG,SME/Data Governance,open,SBRN=SBRN4926
HRQ-03495,record_level_data_quality,dataset-raw-excel-data,record,RECALL_STATUS_MONITORING_REQUIRES_GOVERNANCE;EXPIRED_ITEM_FLAG,SME/Data Governance,open,SBRN=SBRN4927
HRQ-03496,record_level_data_quality,dataset-raw-excel-data,record,MISSING_RECALL_STATUS_NORMALIZED_TO_NONE;FUTURE_PURCHASE_DATE_REQUIRES_REVIEW;EXPIRATION_BEFORE_PURCHASE_REQUIRES_REVIEW;EXPIRED_ITEM_FLAG,SME/Data Governance,open,SBRN=SBRN4928
HRQ-03497,record_level_data_quality,dataset-raw-excel-data,record,MISSING_RECALL_STATUS_NORMALIZED_TO_NONE;EXPIRATION_BEFORE_PURCHASE_REQUIRES_REVIEW;EXPIRED_ITEM_FLAG,SME/Data Governance,open,SBRN=SBRN4929
HRQ-03498,record_level_data_quality,dataset-raw-excel-data,record,MISSING_RECALL_STATUS_NORMALIZED_TO_NONE;EXPIRATION_BEFORE_PURCHASE_REQUIRES_REVIEW;EXPIRED_ITEM_FLAG,SME/Data Governance,open,SBRN=SBRN4930
HRQ-03499,record_level_data_quality,dataset-raw-excel-data,record,RECALL_STATUS_MONITORING_REQUIRES_GOVERNANCE,SME/Data Governance,open,SBRN=SBRN4931
HRQ-03500,record_level_data_quality,dataset-raw-excel-data,record,MISSING_RECALL_STATUS_NORMALIZED_TO_NONE;EXPIRATION_BEFORE_PURCHASE_REQUIRES_REVIEW;EXPIRED_ITEM_FLAG,SME/Data Governance,open,SBRN=SBRN4934
HRQ-03501,record_level_data_quality,dataset-raw-excel-data,record,RECALL_STATUS_MONITORING_REQUIRES_GOVERNANCE;EXPIRATION_BEFORE_PURCHASE_REQUIRES_REVIEW;EXPIRED_ITEM_FLAG,SME/Data Governance,open,SBRN=SBRN4935
HRQ-03502,record_level_data_quality,dataset-raw-excel-data,record,EXPIRATION_BEFORE_PURCHASE_REQUIRES_REVIEW;EXPIRED_ITEM_FLAG,SME/Data Governance,open,SBRN=SBRN4938
HRQ-03503,record_level_data_quality,dataset-raw-excel-data,record,MISSING_RECALL_STATUS_NORMALIZED_TO_NONE;FUTURE_PURCHASE_DATE_REQUIRES_REVIEW;EXPIRATION_BEFORE_PURCHASE_REQUIRES_REVIEW;EXPIRED_ITEM_FLAG,SME/Data Governance,open,SBRN=SBRN4939
HRQ-03504,record_level_data_quality,dataset-raw-excel-data,record,RECALL_STATUS_MONITORING_REQUIRES_GOVERNANCE,SME/Data Governance,open,SBRN=SBRN4940
HRQ-03505,record_level_data_quality,dataset-raw-excel-data,record,RECALL_STATUS_MONITORING_REQUIRES_GOVERNANCE;EXPIRED_ITEM_FLAG,SME/Data Governance,open,SBRN=SBRN4941
HRQ-03506,record_level_data_quality,dataset-raw-excel-data,record,RECALL_STATUS_MONITORING_REQUIRES_GOVERNANCE;EXPIRATION_BEFORE_PURCHASE_REQUIRES_REVIEW;EXPIRED_ITEM_FLAG,SME/Data Governance,open,SBRN=SBRN4944
HRQ-03507,record_level_data_quality,dataset-raw-excel-data,record,MISSING_RECALL_STATUS_NORMALIZED_TO_NONE;FUTURE_PURCHASE_DATE_REQUIRES_REVIEW;EXPIRATION_BEFORE_PURCHASE_REQUIRES_REVIEW;EXPIRED_ITEM_FLAG,SME/Data Governance,open,SBRN=SBRN4945
HRQ-03508,record_level_data_quality,dataset-raw-excel-data,record,EXPIRATION_BEFORE_PURCHASE_REQUIRES_REVIEW;EXPIRED_ITEM_FLAG,SME/Data Governance,open,SBRN=SBRN4946
HRQ-03509,record_level_data_quality,dataset-raw-excel-data,record,MISSING_RECALL_STATUS_NORMALIZED_TO_NONE;FUTURE_PURCHASE_DATE_REQUIRES_REVIEW;EXPIRATION_BEFORE_PURCHASE_REQUIRES_REVIEW;EXPIRED_ITEM_FLAG,SME/Data Governance,open,SBRN=SBRN4949
HRQ-03510,record_level_data_quality,dataset-raw-excel-data,record,FUTURE_PURCHASE_DATE_REQUIRES_REVIEW;EXPIRATION_BEFORE_PURCHASE_REQUIRES_REVIEW,SME/Data Governance,open,SBRN=SBRN4951
HRQ-03511,record_level_data_quality,dataset-raw-excel-data,record,MISSING_RECALL_STATUS_NORMALIZED_TO_NONE;EXPIRATION_BEFORE_PURCHASE_REQUIRES_REVIEW;EXPIRED_ITEM_FLAG,SME/Data Governance,open,SBRN=SBRN4952
HRQ-03512,record_level_data_quality,dataset-raw-excel-data,record,EXPIRATION_BEFORE_PURCHASE_REQUIRES_REVIEW;EXPIRED_ITEM_FLAG,SME/Data Governance,open,SBRN=SBRN4953
HRQ-03513,record_level_data_quality,dataset-raw-excel-data,record,RECALL_STATUS_MONITORING_REQUIRES_GOVERNANCE,SME/Data Governance,open,SBRN=SBRN4954
HRQ-03514,record_level_data_quality,dataset-raw-excel-data,record,RECALL_STATUS_MONITORING_REQUIRES_GOVERNANCE,SME/Data Governance,open,SBRN=SBRN4955
HRQ-03515,record_level_data_quality,dataset-raw-excel-data,record,MISSING_RECALL_STATUS_NORMALIZED_TO_NONE;FUTURE_PURCHASE_DATE_REQUIRES_REVIEW;EXPIRATION_BEFORE_PURCHASE_REQUIRES_REVIEW;EXPIRED_ITEM_FLAG,SME/Data Governance,open,SBRN=SBRN4956
HRQ-03516,record_level_data_quality,dataset-raw-excel-data,record,RECALL_STATUS_MONITORING_REQUIRES_GOVERNANCE;EXPIRATION_BEFORE_PURCHASE_REQUIRES_REVIEW;EXPIRED_ITEM_FLAG,SME/Data Governance,open,SBRN=SBRN4958
HRQ-03517,record_level_data_quality,dataset-raw-excel-data,record,RECALL_STATUS_MONITORING_REQUIRES_GOVERNANCE;EXPIRATION_BEFORE_PURCHASE_REQUIRES_REVIEW;EXPIRED_ITEM_FLAG,SME/Data Governance,open,SBRN=SBRN4959
HRQ-03518,record_level_data_quality,dataset-raw-excel-data,record,RECALL_STATUS_MONITORING_REQUIRES_GOVERNANCE;EXPIRED_ITEM_FLAG,SME/Data Governance,open,SBRN=SBRN4960
HRQ-03519,record_level_data_quality,dataset-raw-excel-data,record,MISSING_RECALL_STATUS_NORMALIZED_TO_NONE;EXPIRATION_BEFORE_PURCHASE_REQUIRES_REVIEW;EXPIRED_ITEM_FLAG,SME/Data Governance,open,SBRN=SBRN4961
HRQ-03520,record_level_data_quality,dataset-raw-excel-data,record,RECALL_STATUS_MONITORING_REQUIRES_GOVERNANCE,SME/Data Governance,open,SBRN=SBRN4962
HRQ-03521,record_level_data_quality,dataset-raw-excel-data,record,MISSING_RECALL_STATUS_NORMALIZED_TO_NONE;EXPIRATION_BEFORE_PURCHASE_REQUIRES_REVIEW;EXPIRED_ITEM_FLAG,SME/Data Governance,open,SBRN=SBRN4963
HRQ-03522,record_level_data_quality,dataset-raw-excel-data,record,RECALL_STATUS_MONITORING_REQUIRES_GOVERNANCE;FUTURE_PURCHASE_DATE_REQUIRES_REVIEW;EXPIRATION_BEFORE_PURCHASE_REQUIRES_REVIEW;EXPIRED_ITEM_FLAG,SME/Data Governance,open,SBRN=SBRN4964
HRQ-03523,record_level_data_quality,dataset-raw-excel-data,record,MISSING_RECALL_STATUS_NORMALIZED_TO_NONE;EXPIRATION_BEFORE_PURCHASE_REQUIRES_REVIEW;EXPIRED_ITEM_FLAG,SME/Data Governance,open,SBRN=SBRN4965
HRQ-03524,record_level_data_quality,dataset-raw-excel-data,record,RECALL_STATUS_MONITORING_REQUIRES_GOVERNANCE,SME/Data Governance,open,SBRN=SBRN4966
HRQ-03525,record_level_data_quality,dataset-raw-excel-data,record,RECALL_STATUS_MONITORING_REQUIRES_GOVERNANCE;EXPIRATION_BEFORE_PURCHASE_REQUIRES_REVIEW;EXPIRED_ITEM_FLAG,SME/Data Governance,open,SBRN=SBRN4967
HRQ-03526,record_level_data_quality,dataset-raw-excel-data,record,FUTURE_PURCHASE_DATE_REQUIRES_REVIEW;EXPIRATION_BEFORE_PURCHASE_REQUIRES_REVIEW;EXPIRED_ITEM_FLAG,SME/Data Governance,open,SBRN=SBRN4972
HRQ-03527,record_level_data_quality,dataset-raw-excel-data,record,RECALL_STATUS_MONITORING_REQUIRES_GOVERNANCE;FUTURE_PURCHASE_DATE_REQUIRES_REVIEW;EXPIRATION_BEFORE_PURCHASE_REQUIRES_REVIEW;EXPIRED_ITEM_FLAG,SME/Data Governance,open,SBRN=SBRN4973
HRQ-03528,record_level_data_quality,dataset-raw-excel-data,record,MISSING_RECALL_STATUS_NORMALIZED_TO_NONE;FUTURE_PURCHASE_DATE_REQUIRES_REVIEW;EXPIRATION_BEFORE_PURCHASE_REQUIRES_REVIEW;EXPIRED_ITEM_FLAG,SME/Data Governance,open,SBRN=SBRN4974
HRQ-03529,record_level_data_quality,dataset-raw-excel-data,record,RECALL_STATUS_MONITORING_REQUIRES_GOVERNANCE,SME/Data Governance,open,SBRN=SBRN4975
HRQ-03530,record_level_data_quality,dataset-raw-excel-data,record,RECALL_STATUS_MONITORING_REQUIRES_GOVERNANCE;FUTURE_PURCHASE_DATE_REQUIRES_REVIEW,SME/Data Governance,open,SBRN=SBRN4976
HRQ-03531,record_level_data_quality,dataset-raw-excel-data,record,RECALL_STATUS_MONITORING_REQUIRES_GOVERNANCE;EXPIRATION_BEFORE_PURCHASE_REQUIRES_REVIEW;EXPIRED_ITEM_FLAG,SME/Data Governance,open,SBRN=SBRN4977
HRQ-03532,record_level_data_quality,dataset-raw-excel-data,record,MISSING_RECALL_STATUS_NORMALIZED_TO_NONE;EXPIRATION_BEFORE_PURCHASE_REQUIRES_REVIEW;EXPIRED_ITEM_FLAG,SME/Data Governance,open,SBRN=SBRN4978
HRQ-03533,record_level_data_quality,dataset-raw-excel-data,record,RECALL_STATUS_MONITORING_REQUIRES_GOVERNANCE;EXPIRED_ITEM_FLAG,SME/Data Governance,open,SBRN=SBRN4979
HRQ-03534,record_level_data_quality,dataset-raw-excel-data,record,RECALL_STATUS_MONITORING_REQUIRES_GOVERNANCE;EXPIRED_ITEM_FLAG,SME/Data Governance,open,SBRN=SBRN4980
HRQ-03535,record_level_data_quality,dataset-raw-excel-data,record,RECALL_STATUS_MONITORING_REQUIRES_GOVERNANCE,SME/Data Governance,open,SBRN=SBRN4981
HRQ-03536,record_level_data_quality,dataset-raw-excel-data,record,EXPIRATION_BEFORE_PURCHASE_REQUIRES_REVIEW;EXPIRED_ITEM_FLAG,SME/Data Governance,open,SBRN=SBRN4982
HRQ-03537,record_level_data_quality,dataset-raw-excel-data,record,RECALL_STATUS_MONITORING_REQUIRES_GOVERNANCE;EXPIRATION_BEFORE_PURCHASE_REQUIRES_REVIEW;EXPIRED_ITEM_FLAG,SME/Data Governance,open,SBRN=SBRN4984
HRQ-03538,record_level_data_quality,dataset-raw-excel-data,record,RECALL_STATUS_MONITORING_REQUIRES_GOVERNANCE,SME/Data Governance,open,SBRN=SBRN4985
HRQ-03539,record_level_data_quality,dataset-raw-excel-data,record,FUTURE_PURCHASE_DATE_REQUIRES_REVIEW;EXPIRATION_BEFORE_PURCHASE_REQUIRES_REVIEW;EXPIRED_ITEM_FLAG,SME/Data Governance,open,SBRN=SBRN4987
HRQ-03540,record_level_data_quality,dataset-raw-excel-data,record,MISSING_RECALL_STATUS_NORMALIZED_TO_NONE;FUTURE_PURCHASE_DATE_REQUIRES_REVIEW;EXPIRATION_BEFORE_PURCHASE_REQUIRES_REVIEW;EXPIRED_ITEM_FLAG,SME/Data Governance,open,SBRN=SBRN4988
HRQ-03541,record_level_data_quality,dataset-raw-excel-data,record,EXPIRATION_BEFORE_PURCHASE_REQUIRES_REVIEW;EXPIRED_ITEM_FLAG,SME/Data Governance,open,SBRN=SBRN4989
HRQ-03542,record_level_data_quality,dataset-raw-excel-data,record,MISSING_RECALL_STATUS_NORMALIZED_TO_NONE;EXPIRATION_BEFORE_PURCHASE_REQUIRES_REVIEW;EXPIRED_ITEM_FLAG,SME/Data Governance,open,SBRN=SBRN4990
HRQ-03543,record_level_data_quality,dataset-raw-excel-data,record,MISSING_RECALL_STATUS_NORMALIZED_TO_NONE;EXPIRATION_BEFORE_PURCHASE_REQUIRES_REVIEW;EXPIRED_ITEM_FLAG,SME/Data Governance,open,SBRN=SBRN4992
HRQ-03544,record_level_data_quality,dataset-raw-excel-data,record,RECALL_STATUS_MONITORING_REQUIRES_GOVERNANCE,SME/Data Governance,open,SBRN=SBRN4994
HRQ-03545,record_level_data_quality,dataset-raw-excel-data,record,EXPIRATION_BEFORE_PURCHASE_REQUIRES_REVIEW;EXPIRED_ITEM_FLAG,SME/Data Governance,open,SBRN=SBRN4995
HRQ-03546,record_level_data_quality,dataset-raw-excel-data,record,RECALL_STATUS_MONITORING_REQUIRES_GOVERNANCE,SME/Data Governance,open,SBRN=SBRN4997
HRQ-03547,record_level_data_quality,dataset-raw-excel-data,record,RECALL_STATUS_MONITORING_REQUIRES_GOVERNANCE;EXPIRED_ITEM_FLAG,SME/Data Governance,open,SBRN=SBRN4998
HRQ-03548,record_level_data_quality,dataset-raw-excel-data,record,FUTURE_PURCHASE_DATE_REQUIRES_REVIEW;EXPIRATION_BEFORE_PURCHASE_REQUIRES_REVIEW;EXPIRED_ITEM_FLAG,SME/Data Governance,open,SBRN=SBRN4999
HRQ-03549,record_level_data_quality,dataset-raw-excel-data,record,RECALL_STATUS_MONITORING_REQUIRES_GOVERNANCE;EXPIRED_ITEM_FLAG,SME/Data Governance,open,SBRN=SBRN5000
