SBRN,Hospital,FieldItemMasterNumber,NationalItemMasterId,CanonicalPartName
SBRN0001,Hospital A,ZD7018VO,NIM-ANTISEPTIC-WIPES,Antiseptic Wipes
SBRN0002,Hospital A,UW1644DT,NIM-ANTISEPTIC-WIPES,Antiseptic Wipes
SBRN0003,Hospital A,UW1644DT,NIM-ANTISEPTIC-WIPES,Antiseptic Wipes
SBRN0004,Hospital A,UW1644DT,NIM-ANTISEPTIC-WIPES,Antiseptic Wipes
SBRN0005,Hospital A,UW1644DT,NIM-ANTISEPTIC-WIPES,Antiseptic Wipes
SBRN0006,Hospital A,FR2962MK,NIM-ANTISEPTIC-WIPES,Antiseptic Wipes
SBRN0007,Hospital A,ZD7018VO,NIM-ANTISEPTIC-WIPES,Antiseptic Wipes
SBRN0008,Hospital A,ZD7018VO,NIM-ANTISEPTIC-WIPES,Antiseptic Wipes
SBRN0009,Hospital A,ZD7018VO,NIM-ANTISEPTIC-WIPES,Antiseptic Wipes
SBRN0010,Hospital A,PT3621O9,NIM-ANTISEPTIC-WIPES,Antiseptic Wipes
SBRN0011,Hospital A,PT3621O9,NIM-ANTISEPTIC-WIPES,Antiseptic Wipes
SBRN0012,Hospital A,ZD7018VO,NIM-ANTISEPTIC-WIPES,Antiseptic Wipes
SBRN0013,Hospital A,ZD7018VO,NIM-ANTISEPTIC-WIPES,Antiseptic Wipes
SBRN0014,Hospital A,ZD7018VO,NIM-ANTISEPTIC-WIPES,Antiseptic Wipes
SBRN0015,Hospital A,ZD7018VO,NIM-ANTISEPTIC-WIPES,Antiseptic Wipes
SBRN0016,Hospital A,ZD7018VO,NIM-ANTISEPTIC-WIPES,Antiseptic Wipes
SBRN0017,Hospital A,ZD7018VO,NIM-ANTISEPTIC-WIPES,Antiseptic Wipes
SBRN0018,Hospital A,EQ22987O,NIM-ANTISEPTIC-WIPES,Antiseptic Wipes
SBRN0019,Hospital A,EQ22987O,NIM-ANTISEPTIC-WIPES,Antiseptic Wipes
SBRN0020,Hospital A,EQ22987O,NIM-ANTISEPTIC-WIPES,Antiseptic Wipes
SBRN0021,Hospital A,EQ22987O,NIM-ANTISEPTIC-WIPES,Antiseptic Wipes
SBRN0022,Hospital A,EQ22987O,NIM-ANTISEPTIC-WIPES,Antiseptic Wipes
SBRN0023,Hospital A,ID7581SP,NIM-BLOOD-PRESSURE-CUFF,Blood Pressure Cuff
SBRN0024,Hospital A,ID7581SP,NIM-BLOOD-PRESSURE-CUFF,Blood Pressure Cuff
SBRN0025,Hospital A,ID7581SP,NIM-BLOOD-PRESSURE-CUFF,Blood Pressure Cuff
SBRN0026,Hospital A,ID7581SP,NIM-BLOOD-PRESSURE-CUFF,Blood Pressure Cuff
SBRN0027,Hospital A,LJ8490BS,NIM-BLOOD-PRESSURE-CUFF,Blood Pressure Cuff
SBRN0028,Hospital A,LJ8490BS,NIM-BLOOD-PRESSURE-CUFF,Blood Pressure Cuff
SBRN0029,Hospital A,LJ8490BS,NIM-BLOOD-PRESSURE-CUFF,Blood Pressure Cuff
SBRN0030,Hospital A,LJ8490BS,NIM-BLOOD-PRESSURE-CUFF,Blood Pressure Cuff
SBRN0031,Hospital A,ID7581SP,NIM-BLOOD-PRESSURE-CUFF,Blood Pressure Cuff
SBRN0032,Hospital A,ZH3387XM,NIM-BLOOD-PRESSURE-CUFF,Blood Pressure Cuff
SBRN0033,Hospital A,ZH3387XM,NIM-BLOOD-PRESSURE-CUFF,Blood Pressure Cuff
SBRN0034,Hospital A,ZH3387XM,NIM-BLOOD-PRESSURE-CUFF,Blood Pressure Cuff
SBRN0035,Hospital A,ZH3387XM,NIM-BLOOD-PRESSURE-CUFF,Blood Pressure Cuff
SBRN0036,Hospital A,ZH3387XM,NIM-BLOOD-PRESSURE-CUFF,Blood Pressure Cuff
SBRN0037,Hospital A,ZH3387XM,NIM-BLOOD-PRESSURE-CUFF,Blood Pressure Cuff
SBRN0038,Hospital A,ZH3387XM,NIM-BLOOD-PRESSURE-CUFF,Blood Pressure Cuff
SBRN0039,Hospital A,ZH3387XM,NIM-BLOOD-PRESSURE-CUFF,Blood Pressure Cuff
SBRN0040,Hospital A,NB1565G4,NIM-BLOOD-PRESSURE-CUFF,Blood Pressure Cuff
SBRN0041,Hospital A,NB1565G4,NIM-BLOOD-PRESSURE-CUFF,Blood Pressure Cuff
SBRN0042,Hospital A,NB1565G4,NIM-BLOOD-PRESSURE-CUFF,Blood Pressure Cuff
SBRN0043,Hospital A,NB1565G4,NIM-BLOOD-PRESSURE-CUFF,Blood Pressure Cuff
SBRN0044,Hospital A,NB1565G4,NIM-BLOOD-PRESSURE-CUFF,Blood Pressure Cuff
SBRN0045,Hospital A,TT2608AP,NIM-BLOOD-PRESSURE-CUFF,Blood Pressure Cuff
SBRN0046,Hospital A,TT2608AP,NIM-BLOOD-PRESSURE-CUFF,Blood Pressure Cuff
SBRN0047,Hospital A,BN5332ES,NIM-BLOOD-PRESSURE-CUFF,Blood Pressure Cuff
SBRN0048,Hospital A,BN5332ES,NIM-BLOOD-PRESSURE-CUFF,Blood Pressure Cuff
SBRN0049,Hospital A,BN5332ES,NIM-BLOOD-PRESSURE-CUFF,Blood Pressure Cuff
SBRN0050,Hospital A,BN5332ES,NIM-BLOOD-PRESSURE-CUFF,Blood Pressure Cuff
SBRN0051,Hospital A,GJ46299B,NIM-BLOOD-PRESSURE-CUFF,Blood Pressure Cuff
SBRN0052,Hospital A,GJ46299B,NIM-BLOOD-PRESSURE-CUFF,Blood Pressure Cuff
SBRN0053,Hospital A,GJ46299B,NIM-BLOOD-PRESSURE-CUFF,Blood Pressure Cuff
SBRN0054,Hospital A,GJ46299B,NIM-BLOOD-PRESSURE-CUFF,Blood Pressure Cuff
SBRN0055,Hospital A,GJ46299B,NIM-BLOOD-PRESSURE-CUFF,Blood Pressure Cuff
SBRN0056,Hospital A,PS77674D,NIM-BLOOD-PRESSURE-CUFF,Blood Pressure Cuff
SBRN0057,Hospital A,PS77674D,NIM-BLOOD-PRESSURE-CUFF,Blood Pressure Cuff
SBRN0058,Hospital A,PS77674D,NIM-BLOOD-PRESSURE-CUFF,Blood Pressure Cuff
SBRN0059,Hospital A,PS77674D,NIM-BLOOD-PRESSURE-CUFF,Blood Pressure Cuff
SBRN0060,Hospital A,PS77674D,NIM-BLOOD-PRESSURE-CUFF,Blood Pressure Cuff
SBRN0061,Hospital A,PS77674D,NIM-BLOOD-PRESSURE-CUFF,Blood Pressure Cuff
SBRN0062,Hospital A,PS77674D,NIM-BLOOD-PRESSURE-CUFF,Blood Pressure Cuff
SBRN0063,Hospital A,PS77674D,NIM-BLOOD-PRESSURE-CUFF,Blood Pressure Cuff
SBRN0064,Hospital A,UF4797PQ,NIM-BLOOD-PRESSURE-CUFF,Blood Pressure Cuff
SBRN0065,Hospital A,UF4797PQ,NIM-BLOOD-PRESSURE-CUFF,Blood Pressure Cuff
SBRN0066,Hospital A,UF4797PQ,NIM-BLOOD-PRESSURE-CUFF,Blood Pressure Cuff
SBRN0067,Hospital A,UF4797PQ,NIM-BLOOD-PRESSURE-CUFF,Blood Pressure Cuff
SBRN0068,Hospital A,UW1644DT,NIM-BLOOD-PRESSURE-CUFF,Blood Pressure Cuff
SBRN0069,Hospital A,UW1644DT,NIM-BLOOD-PRESSURE-CUFF,Blood Pressure Cuff
SBRN0070,Hospital A,UW1644DT,NIM-BLOOD-PRESSURE-CUFF,Blood Pressure Cuff
SBRN0071,Hospital A,UW1644DT,NIM-BLOOD-PRESSURE-CUFF,Blood Pressure Cuff
SBRN0072,Hospital A,UW1644DT,NIM-BLOOD-PRESSURE-CUFF,Blood Pressure Cuff
SBRN0073,Hospital A,PZ786862,NIM-BLOOD-PRESSURE-CUFF,Blood Pressure Cuff
SBRN0074,Hospital A,PZ786862,NIM-BLOOD-PRESSURE-CUFF,Blood Pressure Cuff
SBRN0075,Hospital A,PZ786862,NIM-BLOOD-PRESSURE-CUFF,Blood Pressure Cuff
SBRN0076,Hospital A,RP5839A5,NIM-BLOOD-PRESSURE-CUFF,Blood Pressure Cuff
SBRN0077,Hospital A,RP5839A5,NIM-BLOOD-PRESSURE-CUFF,Blood Pressure Cuff
SBRN0078,Hospital A,RP5839A5,NIM-BLOOD-PRESSURE-CUFF,Blood Pressure Cuff
SBRN0079,Hospital A,DI28328O,NIM-BLOOD-PRESSURE-CUFF,Blood Pressure Cuff
SBRN0080,Hospital A,DI28328O,NIM-BLOOD-PRESSURE-CUFF,Blood Pressure Cuff
SBRN0081,Hospital A,DI28328O,NIM-BLOOD-PRESSURE-CUFF,Blood Pressure Cuff
SBRN0082,Hospital A,DI28328O,NIM-BLOOD-PRESSURE-CUFF,Blood Pressure Cuff
SBRN0083,Hospital A,DI28328O,NIM-BLOOD-PRESSURE-CUFF,Blood Pressure Cuff
SBRN0084,Hospital A,LJ8490BS,NIM-BLOOD-PRESSURE-CUFF,Blood Pressure Cuff
SBRN0085,Hospital A,LJ8490BS,NIM-BLOOD-PRESSURE-CUFF,Blood Pressure Cuff
SBRN0086,Hospital A,LJ8490BS,NIM-BLOOD-PRESSURE-CUFF,Blood Pressure Cuff
SBRN0087,Hospital A,LJ8490BS,NIM-BLOOD-PRESSURE-CUFF,Blood Pressure Cuff
SBRN0088,Hospital A,LJ8490BS,NIM-BLOOD-PRESSURE-CUFF,Blood Pressure Cuff
SBRN0089,Hospital A,XY2375I3,NIM-BLOOD-PRESSURE-CUFF,Blood Pressure Cuff
SBRN0090,Hospital A,XY2375I3,NIM-BLOOD-PRESSURE-CUFF,Blood Pressure Cuff
SBRN0091,Hospital A,XY2375I3,NIM-BLOOD-PRESSURE-CUFF,Blood Pressure Cuff
SBRN0092,Hospital A,XY2375I3,NIM-BLOOD-PRESSURE-CUFF,Blood Pressure Cuff
SBRN0093,Hospital A,ZX3929G6,NIM-BLOOD-PRESSURE-CUFF,Blood Pressure Cuff
SBRN0094,Hospital A,ZX3929G6,NIM-BLOOD-PRESSURE-CUFF,Blood Pressure Cuff
SBRN0095,Hospital A,ZX3929G6,NIM-BLOOD-PRESSURE-CUFF,Blood Pressure Cuff
SBRN0096,Hospital A,ZX3929G6,NIM-BLOOD-PRESSURE-CUFF,Blood Pressure Cuff
SBRN0097,Hospital A,ZX3929G6,NIM-BLOOD-PRESSURE-CUFF,Blood Pressure Cuff
SBRN0098,Hospital A,ZX3929G6,NIM-BLOOD-PRESSURE-CUFF,Blood Pressure Cuff
SBRN0099,Hospital A,RP5839A5,NIM-CATHETER-FOLEY,Catheter Foley
SBRN0100,Hospital A,RP5839A5,NIM-CATHETER-FOLEY,Catheter Foley
SBRN0101,Hospital A,RP5839A5,NIM-CATHETER-FOLEY,Catheter Foley
SBRN0102,Hospital A,TG68586T,NIM-CATHETER-FOLEY,Catheter Foley
SBRN0103,Hospital A,TG68586T,NIM-CATHETER-FOLEY,Catheter Foley
SBRN0104,Hospital A,TG68586T,NIM-CATHETER-FOLEY,Catheter Foley
SBRN0105,Hospital A,CR5139BG,NIM-CATHETER-FOLEY,Catheter Foley
SBRN0106,Hospital A,CR5139BG,NIM-CATHETER-FOLEY,Catheter Foley
SBRN0107,Hospital A,LJ8490BS,NIM-CATHETER-FOLEY,Catheter Foley
SBRN0108,Hospital A,LJ8490BS,NIM-CATHETER-FOLEY,Catheter Foley
SBRN0109,Hospital A,LJ8490BS,NIM-CATHETER-FOLEY,Catheter Foley
SBRN0110,Hospital A,LJ8490BS,NIM-CATHETER-FOLEY,Catheter Foley
SBRN0111,Hospital A,LJ8490BS,NIM-CATHETER-FOLEY,Catheter Foley
SBRN0112,Hospital A,WB0004MM,NIM-CATHETER-FOLEY,Catheter Foley
SBRN0113,Hospital A,WB0004MM,NIM-CATHETER-FOLEY,Catheter Foley
SBRN0114,Hospital A,WB0004MM,NIM-CATHETER-FOLEY,Catheter Foley
SBRN0115,Hospital A,WB0004MM,NIM-CATHETER-FOLEY,Catheter Foley
SBRN0116,Hospital A,WB0004MM,NIM-CATHETER-FOLEY,Catheter Foley
SBRN0117,Hospital A,LJ8490BS,NIM-CATHETER-FOLEY,Catheter Foley
SBRN0118,Hospital A,LJ8490BS,NIM-CATHETER-FOLEY,Catheter Foley
SBRN0119,Hospital A,PT3621O9,NIM-CATHETER-FOLEY,Catheter Foley
SBRN0120,Hospital A,PT3621O9,NIM-CATHETER-FOLEY,Catheter Foley
SBRN0121,Hospital A,PT3621O9,NIM-CATHETER-FOLEY,Catheter Foley
SBRN0122,Hospital A,QJ11272I,NIM-CATHETER-FOLEY,Catheter Foley
SBRN0123,Hospital A,QJ11272I,NIM-CATHETER-FOLEY,Catheter Foley
SBRN0124,Hospital A,QJ11272I,NIM-CATHETER-FOLEY,Catheter Foley
SBRN0125,Hospital A,QJ11272I,NIM-CATHETER-FOLEY,Catheter Foley
SBRN0126,Hospital A,QJ11272I,NIM-CATHETER-FOLEY,Catheter Foley
SBRN0127,Hospital A,QJ11272I,NIM-CATHETER-FOLEY,Catheter Foley
SBRN0128,Hospital A,UO613821,NIM-CATHETER-FOLEY,Catheter Foley
SBRN0129,Hospital A,UO613821,NIM-CATHETER-FOLEY,Catheter Foley
SBRN0130,Hospital A,UO613821,NIM-CATHETER-FOLEY,Catheter Foley
SBRN0131,Hospital A,UO613821,NIM-CATHETER-FOLEY,Catheter Foley
SBRN0132,Hospital A,UO613821,NIM-CATHETER-FOLEY,Catheter Foley
SBRN0133,Hospital A,UW1644DT,NIM-CATHETER-FOLEY,Catheter Foley
SBRN0134,Hospital A,UW1644DT,NIM-CATHETER-FOLEY,Catheter Foley
SBRN0135,Hospital A,UW1644DT,NIM-CATHETER-FOLEY,Catheter Foley
SBRN0136,Hospital A,UW1644DT,NIM-CATHETER-FOLEY,Catheter Foley
SBRN0137,Hospital A,UW1644DT,NIM-CATHETER-FOLEY,Catheter Foley
SBRN0138,Hospital A,PC403558,NIM-CATHETER-FOLEY,Catheter Foley
SBRN0139,Hospital A,PC403558,NIM-CATHETER-FOLEY,Catheter Foley
SBRN0140,Hospital A,PC403558,NIM-CATHETER-FOLEY,Catheter Foley
SBRN0141,Hospital A,PC403558,NIM-CATHETER-FOLEY,Catheter Foley
SBRN0142,Hospital A,PC403558,NIM-CATHETER-FOLEY,Catheter Foley
SBRN0143,Hospital A,PC403558,NIM-CATHETER-FOLEY,Catheter Foley
SBRN0144,Hospital A,PC403558,NIM-CATHETER-FOLEY,Catheter Foley
SBRN0145,Hospital A,LP5396QJ,NIM-CATHETER-FOLEY,Catheter Foley
SBRN0146,Hospital A,LP5396QJ,NIM-CATHETER-FOLEY,Catheter Foley
SBRN0147,Hospital A,QH2815PA,NIM-CATHETER-FOLEY,Catheter Foley
SBRN0148,Hospital A,GY0493CZ,NIM-CATHETER-FOLEY,Catheter Foley
SBRN0149,Hospital A,GY0493CZ,NIM-CATHETER-FOLEY,Catheter Foley
SBRN0150,Hospital A,GY0493CZ,NIM-CATHETER-FOLEY,Catheter Foley
SBRN0151,Hospital A,GY0493CZ,NIM-CATHETER-FOLEY,Catheter Foley
SBRN0152,Hospital A,GY0493CZ,NIM-CATHETER-FOLEY,Catheter Foley
SBRN0153,Hospital A,IQ4584DK,NIM-CATHETER-FOLEY,Catheter Foley
SBRN0154,Hospital A,IQ4584DK,NIM-CATHETER-FOLEY,Catheter Foley
SBRN0155,Hospital A,IQ4584DK,NIM-CATHETER-FOLEY,Catheter Foley
SBRN0156,Hospital A,IQ4584DK,NIM-CATHETER-FOLEY,Catheter Foley
SBRN0157,Hospital A,NT93196L,NIM-CATHETER-FOLEY,Catheter Foley
SBRN0158,Hospital A,NT93196L,NIM-CATHETER-FOLEY,Catheter Foley
SBRN0159,Hospital A,NT93196L,NIM-CATHETER-FOLEY,Catheter Foley
SBRN0160,Hospital A,NT93196L,NIM-CATHETER-FOLEY,Catheter Foley
SBRN0161,Hospital A,NT93196L,NIM-CATHETER-FOLEY,Catheter Foley
SBRN0162,Hospital A,NT93196L,NIM-CATHETER-FOLEY,Catheter Foley
SBRN0163,Hospital A,NT93196L,NIM-CATHETER-FOLEY,Catheter Foley
SBRN0164,Hospital A,NT93196L,NIM-CATHETER-FOLEY,Catheter Foley
SBRN0165,Hospital A,UF4797PQ,NIM-CATHETER-FOLEY,Catheter Foley
SBRN0166,Hospital A,UF4797PQ,NIM-CATHETER-FOLEY,Catheter Foley
SBRN0167,Hospital A,UF4797PQ,NIM-CATHETER-FOLEY,Catheter Foley
SBRN0168,Hospital A,UF4797PQ,NIM-CATHETER-FOLEY,Catheter Foley
SBRN0169,Hospital A,UW1644DT,NIM-CATHETER-FOLEY,Catheter Foley
SBRN0170,Hospital A,UW1644DT,NIM-CATHETER-FOLEY,Catheter Foley
SBRN0171,Hospital A,UW1644DT,NIM-CATHETER-FOLEY,Catheter Foley
SBRN0172,Hospital A,UW1644DT,NIM-CATHETER-FOLEY,Catheter Foley
SBRN0173,Hospital A,WO7122TX,NIM-CATHETER-FOLEY,Catheter Foley
SBRN0174,Hospital A,WO7122TX,NIM-CATHETER-FOLEY,Catheter Foley
SBRN0175,Hospital A,WO7122TX,NIM-CATHETER-FOLEY,Catheter Foley
SBRN0176,Hospital A,WO7122TX,NIM-CATHETER-FOLEY,Catheter Foley
SBRN0177,Hospital A,PT3621O9,NIM-COMPRESSION-BANDAGE,Compression Bandage
SBRN0178,Hospital A,PT3621O9,NIM-COMPRESSION-BANDAGE,Compression Bandage
SBRN0179,Hospital A,PT3621O9,NIM-COMPRESSION-BANDAGE,Compression Bandage
SBRN0180,Hospital A,HA1867SJ,NIM-COMPRESSION-BANDAGE,Compression Bandage
SBRN0181,Hospital A,HA1867SJ,NIM-COMPRESSION-BANDAGE,Compression Bandage
SBRN0182,Hospital A,ZD7018VO,NIM-COMPRESSION-BANDAGE,Compression Bandage
SBRN0183,Hospital A,JI7232GY,NIM-COMPRESSION-BANDAGE,Compression Bandage
SBRN0184,Hospital A,JI7232GY,NIM-COMPRESSION-BANDAGE,Compression Bandage
SBRN0185,Hospital A,JI7232GY,NIM-COMPRESSION-BANDAGE,Compression Bandage
SBRN0186,Hospital A,PC0358AC,NIM-COMPRESSION-BANDAGE,Compression Bandage
SBRN0187,Hospital A,PC0358AC,NIM-COMPRESSION-BANDAGE,Compression Bandage
SBRN0188,Hospital A,RP5839A5,NIM-COMPRESSION-BANDAGE,Compression Bandage
SBRN0189,Hospital A,RP5839A5,NIM-COMPRESSION-BANDAGE,Compression Bandage
SBRN0190,Hospital A,RP5839A5,NIM-COMPRESSION-BANDAGE,Compression Bandage
SBRN0191,Hospital A,ZD7018VO,NIM-COMPRESSION-BANDAGE,Compression Bandage
SBRN0192,Hospital A,ZD7018VO,NIM-COMPRESSION-BANDAGE,Compression Bandage
SBRN0193,Hospital A,ZD7018VO,NIM-COMPRESSION-BANDAGE,Compression Bandage
SBRN0194,Hospital A,ZD7018VO,NIM-COMPRESSION-BANDAGE,Compression Bandage
SBRN0195,Hospital A,ZQ9143QB,NIM-COMPRESSION-BANDAGE,Compression Bandage
SBRN0196,Hospital A,ZQ9143QB,NIM-COMPRESSION-BANDAGE,Compression Bandage
SBRN0197,Hospital A,ZQ9143QB,NIM-COMPRESSION-BANDAGE,Compression Bandage
SBRN0198,Hospital A,ZQ9143QB,NIM-COMPRESSION-BANDAGE,Compression Bandage
SBRN0199,Hospital A,ZQ9143QB,NIM-COMPRESSION-BANDAGE,Compression Bandage
SBRN0200,Hospital A,ZQ9143QB,NIM-COMPRESSION-BANDAGE,Compression Bandage
SBRN0201,Hospital A,ZQ9143QB,NIM-COMPRESSION-BANDAGE,Compression Bandage
SBRN0202,Hospital A,ZQ9143QB,NIM-COMPRESSION-BANDAGE,Compression Bandage
SBRN0203,Hospital A,VH37271D,NIM-COMPRESSION-BANDAGE,Compression Bandage
SBRN0204,Hospital A,VH37271D,NIM-COMPRESSION-BANDAGE,Compression Bandage
SBRN0205,Hospital A,VH37271D,NIM-COMPRESSION-BANDAGE,Compression Bandage
SBRN0206,Hospital A,VH37271D,NIM-COMPRESSION-BANDAGE,Compression Bandage
SBRN0207,Hospital A,VH37271D,NIM-COMPRESSION-BANDAGE,Compression Bandage
SBRN0208,Hospital A,BR6888EV,NIM-COMPRESSION-BANDAGE,Compression Bandage
SBRN0209,Hospital A,BR6888EV,NIM-COMPRESSION-BANDAGE,Compression Bandage
SBRN0210,Hospital A,BR6888EV,NIM-COMPRESSION-BANDAGE,Compression Bandage
SBRN0211,Hospital A,YN9826XZ,NIM-COMPRESSION-BANDAGE,Compression Bandage
SBRN0212,Hospital A,YN9826XZ,NIM-COMPRESSION-BANDAGE,Compression Bandage
SBRN0213,Hospital A,NB1565G4,NIM-COMPRESSION-BANDAGE,Compression Bandage
SBRN0214,Hospital A,NB1565G4,NIM-COMPRESSION-BANDAGE,Compression Bandage
SBRN0215,Hospital A,NB1565G4,NIM-COMPRESSION-BANDAGE,Compression Bandage
SBRN0216,Hospital A,IQ1720N2,NIM-IV-BAG-500ML,IV Bag 500ml
SBRN0217,Hospital A,IQ1720N2,NIM-IV-BAG-500ML,IV Bag 500ml
SBRN0218,Hospital A,IQ1720N2,NIM-IV-BAG-500ML,IV Bag 500ml
SBRN0219,Hospital A,LJ8490BS,NIM-IV-BAG-500ML,IV Bag 500ml
SBRN0220,Hospital A,LJ8490BS,NIM-IV-BAG-500ML,IV Bag 500ml
SBRN0221,Hospital A,LJ8490BS,NIM-IV-BAG-500ML,IV Bag 500ml
SBRN0222,Hospital A,LJ8490BS,NIM-IV-BAG-500ML,IV Bag 500ml
SBRN0223,Hospital A,LJ8490BS,NIM-IV-BAG-500ML,IV Bag 500ml
SBRN0224,Hospital A,LU4108Z6,NIM-IV-BAG-500ML,IV Bag 500ml
SBRN0225,Hospital A,LU4108Z6,NIM-IV-BAG-500ML,IV Bag 500ml
SBRN0226,Hospital A,LU4108Z6,NIM-IV-BAG-500ML,IV Bag 500ml
SBRN0227,Hospital A,LU4108Z6,NIM-IV-BAG-500ML,IV Bag 500ml
SBRN0228,Hospital A,QL2442X8,NIM-IV-BAG-500ML,IV Bag 500ml
SBRN0229,Hospital A,QL2442X8,NIM-IV-BAG-500ML,IV Bag 500ml
SBRN0230,Hospital A,QL2442X8,NIM-IV-BAG-500ML,IV Bag 500ml
SBRN0231,Hospital A,UW1644DT,NIM-IV-BAG-500ML,IV Bag 500ml
SBRN0232,Hospital A,UW1644DT,NIM-IV-BAG-500ML,IV Bag 500ml
SBRN0233,Hospital A,VV29624E,NIM-IV-BAG-500ML,IV Bag 500ml
SBRN0234,Hospital A,VV29624E,NIM-IV-BAG-500ML,IV Bag 500ml
SBRN0235,Hospital A,VV29624E,NIM-IV-BAG-500ML,IV Bag 500ml
SBRN0236,Hospital A,FR2962MK,NIM-IV-BAG-500ML,IV Bag 500ml
SBRN0237,Hospital A,FR2962MK,NIM-IV-BAG-500ML,IV Bag 500ml
SBRN0238,Hospital A,FR2962MK,NIM-IV-BAG-500ML,IV Bag 500ml
SBRN0239,Hospital A,UV53950K,NIM-IV-BAG-500ML,IV Bag 500ml
SBRN0240,Hospital A,UV53950K,NIM-IV-BAG-500ML,IV Bag 500ml
SBRN0241,Hospital A,UV53950K,NIM-IV-BAG-500ML,IV Bag 500ml
SBRN0242,Hospital A,UV53950K,NIM-IV-BAG-500ML,IV Bag 500ml
SBRN0243,Hospital A,UV53950K,NIM-IV-BAG-500ML,IV Bag 500ml
SBRN0244,Hospital A,UV53950K,NIM-IV-BAG-500ML,IV Bag 500ml
SBRN0245,Hospital A,UW1644DT,NIM-IV-BAG-500ML,IV Bag 500ml
SBRN0246,Hospital A,UW1644DT,NIM-IV-BAG-500ML,IV Bag 500ml
SBRN0247,Hospital A,QJ11272I,NIM-THERMOMETER-DIGITAL,Thermometer Digital
SBRN0248,Hospital A,PZ786862,NIM-BLOOD-PRESSURE-CUFF,Blood Pressure Cuff
SBRN0249,Hospital A,AZ2519G1,NIM-SCALPEL-SIZE-10,Scalpel Size 10
SBRN0250,Hospital A,AZ2519G1,NIM-SCALPEL-SIZE-10,Scalpel Size 10
SBRN0251,Hospital A,FU2970ZP,NIM-SCALPEL-SIZE-10,Scalpel Size 10
SBRN0252,Hospital A,FU2970ZP,NIM-SCALPEL-SIZE-10,Scalpel Size 10
SBRN0253,Hospital A,FU2970ZP,NIM-SCALPEL-SIZE-10,Scalpel Size 10
SBRN0254,Hospital A,FU2970ZP,NIM-SCALPEL-SIZE-10,Scalpel Size 10
SBRN0255,Hospital A,FU2970ZP,NIM-SCALPEL-SIZE-10,Scalpel Size 10
SBRN0256,Hospital A,HS76574M,NIM-SCALPEL-SIZE-10,Scalpel Size 10
SBRN0257,Hospital A,HS76574M,NIM-SCALPEL-SIZE-10,Scalpel Size 10
SBRN0258,Hospital A,HS76574M,NIM-SCALPEL-SIZE-10,Scalpel Size 10
SBRN0259,Hospital A,HS76574M,NIM-SCALPEL-SIZE-10,Scalpel Size 10
SBRN0260,Hospital A,HS76574M,NIM-SCALPEL-SIZE-10,Scalpel Size 10
SBRN0261,Hospital A,HS76574M,NIM-SCALPEL-SIZE-10,Scalpel Size 10
SBRN0262,Hospital A,HS76574M,NIM-SCALPEL-SIZE-10,Scalpel Size 10
SBRN0263,Hospital A,EM4241YE,NIM-SCALPEL-SIZE-10,Scalpel Size 10
SBRN0264,Hospital A,EM4241YE,NIM-SCALPEL-SIZE-10,Scalpel Size 10
SBRN0265,Hospital A,EM4241YE,NIM-SCALPEL-SIZE-10,Scalpel Size 10
SBRN0266,Hospital A,EM4241YE,NIM-SCALPEL-SIZE-10,Scalpel Size 10
SBRN0267,Hospital A,EM4241YE,NIM-SCALPEL-SIZE-10,Scalpel Size 10
SBRN0268,Hospital A,EM4241YE,NIM-SCALPEL-SIZE-10,Scalpel Size 10
SBRN0269,Hospital A,QJ11272I,NIM-SCALPEL-SIZE-10,Scalpel Size 10
SBRN0270,Hospital A,QJ11272I,NIM-SCALPEL-SIZE-10,Scalpel Size 10
SBRN0271,Hospital A,QJ11272I,NIM-SCALPEL-SIZE-10,Scalpel Size 10
SBRN0272,Hospital A,UF4797PQ,NIM-SCALPEL-SIZE-10,Scalpel Size 10
SBRN0273,Hospital A,UF4797PQ,NIM-SCALPEL-SIZE-10,Scalpel Size 10
SBRN0274,Hospital A,UF4797PQ,NIM-SCALPEL-SIZE-10,Scalpel Size 10
SBRN0275,Hospital A,UF4797PQ,NIM-SCALPEL-SIZE-10,Scalpel Size 10
SBRN0276,Hospital A,UF4797PQ,NIM-SCALPEL-SIZE-10,Scalpel Size 10
SBRN0277,Hospital A,UF4797PQ,NIM-SCALPEL-SIZE-10,Scalpel Size 10
SBRN0278,Hospital A,HN883458,NIM-SCALPEL-SIZE-10,Scalpel Size 10
SBRN0279,Hospital A,HN883458,NIM-SCALPEL-SIZE-10,Scalpel Size 10
SBRN0280,Hospital A,PT3621O9,NIM-SCALPEL-SIZE-10,Scalpel Size 10
SBRN0281,Hospital A,PT3621O9,NIM-SCALPEL-SIZE-10,Scalpel Size 10
SBRN0282,Hospital A,PT3621O9,NIM-SCALPEL-SIZE-10,Scalpel Size 10
SBRN0283,Hospital A,TG68586T,NIM-SCALPEL-SIZE-10,Scalpel Size 10
SBRN0284,Hospital A,TG68586T,NIM-SCALPEL-SIZE-10,Scalpel Size 10
SBRN0285,Hospital A,TG68586T,NIM-SCALPEL-SIZE-10,Scalpel Size 10
SBRN0286,Hospital A,TG68586T,NIM-SCALPEL-SIZE-10,Scalpel Size 10
SBRN0287,Hospital A,TG68586T,NIM-SCALPEL-SIZE-10,Scalpel Size 10
SBRN0288,Hospital A,JX2812BZ,NIM-SCALPEL-SIZE-10,Scalpel Size 10
SBRN0289,Hospital A,JX2812BZ,NIM-SCALPEL-SIZE-10,Scalpel Size 10
SBRN0290,Hospital A,JX2812BZ,NIM-SCALPEL-SIZE-10,Scalpel Size 10
SBRN0291,Hospital A,JX2812BZ,NIM-SCALPEL-SIZE-10,Scalpel Size 10
SBRN0292,Hospital A,DW6579GD,NIM-SCALPEL-SIZE-10,Scalpel Size 10
SBRN0293,Hospital A,DW6579GD,NIM-SCALPEL-SIZE-10,Scalpel Size 10
SBRN0294,Hospital A,DW6579GD,NIM-SCALPEL-SIZE-10,Scalpel Size 10
SBRN0295,Hospital A,DW6579GD,NIM-SCALPEL-SIZE-10,Scalpel Size 10
SBRN0296,Hospital A,DW6579GD,NIM-SCALPEL-SIZE-10,Scalpel Size 10
SBRN0297,Hospital A,WZ0721YI,NIM-SCALPEL-SIZE-10,Scalpel Size 10
SBRN0298,Hospital A,WZ0721YI,NIM-SCALPEL-SIZE-10,Scalpel Size 10
SBRN0299,Hospital A,WZ0721YI,NIM-SCALPEL-SIZE-10,Scalpel Size 10
SBRN0300,Hospital A,WZ0721YI,NIM-SCALPEL-SIZE-10,Scalpel Size 10
SBRN0301,Hospital A,WZ0721YI,NIM-SCALPEL-SIZE-10,Scalpel Size 10
SBRN0302,Hospital A,WZ0721YI,NIM-SCALPEL-SIZE-10,Scalpel Size 10
SBRN0303,Hospital A,WZ0721YI,NIM-SCALPEL-SIZE-10,Scalpel Size 10
SBRN0304,Hospital A,WZ0721YI,NIM-SCALPEL-SIZE-10,Scalpel Size 10
SBRN0305,Hospital A,WZ0721YI,NIM-SCALPEL-SIZE-10,Scalpel Size 10
SBRN0306,Hospital A,DJ2436HU,NIM-SCALPEL-SIZE-10,Scalpel Size 10
SBRN0307,Hospital A,DJ2436HU,NIM-SCALPEL-SIZE-10,Scalpel Size 10
SBRN0308,Hospital A,DJ2436HU,NIM-SCALPEL-SIZE-10,Scalpel Size 10
SBRN0309,Hospital A,HS76574M,NIM-SCALPEL-SIZE-10,Scalpel Size 10
SBRN0310,Hospital A,BU8415WB,NIM-SURGICAL-GLOVES,Surgical Gloves
SBRN0311,Hospital A,NB1565G4,NIM-SURGICAL-GLOVES,Surgical Gloves
SBRN0312,Hospital A,NB1565G4,NIM-SURGICAL-GLOVES,Surgical Gloves
SBRN0313,Hospital A,NB1565G4,NIM-SURGICAL-GLOVES,Surgical Gloves
SBRN0314,Hospital A,NB1565G4,NIM-SURGICAL-GLOVES,Surgical Gloves
SBRN0315,Hospital A,NB1565G4,NIM-SURGICAL-GLOVES,Surgical Gloves
SBRN0316,Hospital A,QJ11272I,NIM-SURGICAL-GLOVES,Surgical Gloves
SBRN0317,Hospital A,QJ11272I,NIM-SURGICAL-GLOVES,Surgical Gloves
SBRN0318,Hospital A,QJ11272I,NIM-SURGICAL-GLOVES,Surgical Gloves
SBRN0319,Hospital A,QJ11272I,NIM-SURGICAL-GLOVES,Surgical Gloves
SBRN0320,Hospital A,QJ11272I,NIM-SURGICAL-GLOVES,Surgical Gloves
SBRN0321,Hospital A,QJ11272I,NIM-SURGICAL-GLOVES,Surgical Gloves
SBRN0322,Hospital A,TG68586T,NIM-SURGICAL-GLOVES,Surgical Gloves
SBRN0323,Hospital A,TG68586T,NIM-SURGICAL-GLOVES,Surgical Gloves
SBRN0324,Hospital A,TG68586T,NIM-SURGICAL-GLOVES,Surgical Gloves
SBRN0325,Hospital A,TG68586T,NIM-SURGICAL-GLOVES,Surgical Gloves
SBRN0326,Hospital A,TG68586T,NIM-SURGICAL-GLOVES,Surgical Gloves
SBRN0327,Hospital A,TG68586T,NIM-SURGICAL-GLOVES,Surgical Gloves
SBRN0328,Hospital A,TG68586T,NIM-SURGICAL-GLOVES,Surgical Gloves
SBRN0329,Hospital A,ZA1778MJ,NIM-SURGICAL-GLOVES,Surgical Gloves
SBRN0330,Hospital A,ZA1778MJ,NIM-SURGICAL-GLOVES,Surgical Gloves
SBRN0331,Hospital A,ZA1778MJ,NIM-SURGICAL-GLOVES,Surgical Gloves
SBRN0332,Hospital A,ZA1778MJ,NIM-SURGICAL-GLOVES,Surgical Gloves
SBRN0333,Hospital A,KH5869TV,NIM-SURGICAL-GLOVES,Surgical Gloves
SBRN0334,Hospital A,KH5869TV,NIM-SURGICAL-GLOVES,Surgical Gloves
SBRN0335,Hospital A,KH5869TV,NIM-SURGICAL-GLOVES,Surgical Gloves
SBRN0336,Hospital A,UF4797PQ,NIM-SURGICAL-GLOVES,Surgical Gloves
SBRN0337,Hospital A,UF4797PQ,NIM-SURGICAL-GLOVES,Surgical Gloves
SBRN0338,Hospital A,UF4797PQ,NIM-SURGICAL-GLOVES,Surgical Gloves
SBRN0339,Hospital A,UF4797PQ,NIM-SURGICAL-GLOVES,Surgical Gloves
SBRN0340,Hospital A,UF4797PQ,NIM-SURGICAL-GLOVES,Surgical Gloves
SBRN0341,Hospital A,BU8415WB,NIM-SURGICAL-GLOVES,Surgical Gloves
SBRN0342,Hospital A,BU8415WB,NIM-SURGICAL-GLOVES,Surgical Gloves
SBRN0343,Hospital A,BU8415WB,NIM-SURGICAL-GLOVES,Surgical Gloves
SBRN0344,Hospital A,BU8415WB,NIM-SURGICAL-GLOVES,Surgical Gloves
SBRN0345,Hospital A,BU8415WB,NIM-SURGICAL-GLOVES,Surgical Gloves
SBRN0346,Hospital A,RP5839A5,NIM-SURGICAL-GLOVES,Surgical Gloves
SBRN0347,Hospital A,RP5839A5,NIM-SURGICAL-GLOVES,Surgical Gloves
SBRN0348,Hospital A,RP5839A5,NIM-SURGICAL-GLOVES,Surgical Gloves
SBRN0349,Hospital A,YK14511J,NIM-SURGICAL-GLOVES,Surgical Gloves
SBRN0350,Hospital A,DC8155X0,NIM-SYRINGE-10ML,Syringe 10ml
SBRN0351,Hospital A,DC8155X0,NIM-SYRINGE-10ML,Syringe 10ml
SBRN0352,Hospital A,DC8155X0,NIM-SYRINGE-10ML,Syringe 10ml
SBRN0353,Hospital A,DC8155X0,NIM-SYRINGE-10ML,Syringe 10ml
SBRN0354,Hospital A,DC8155X0,NIM-SYRINGE-10ML,Syringe 10ml
SBRN0355,Hospital A,DC8155X0,NIM-SYRINGE-10ML,Syringe 10ml
SBRN0356,Hospital A,DC8155X0,NIM-SYRINGE-10ML,Syringe 10ml
SBRN0357,Hospital A,DC8155X0,NIM-SYRINGE-10ML,Syringe 10ml
SBRN0358,Hospital A,IS5990VC,NIM-SYRINGE-10ML,Syringe 10ml
SBRN0359,Hospital A,IS5990VC,NIM-SYRINGE-10ML,Syringe 10ml
SBRN0360,Hospital A,IS5990VC,NIM-SYRINGE-10ML,Syringe 10ml
SBRN0361,Hospital A,CR1507VJ,NIM-SYRINGE-10ML,Syringe 10ml
SBRN0362,Hospital A,YB9050S3,NIM-SYRINGE-10ML,Syringe 10ml
SBRN0363,Hospital A,YB9050S3,NIM-SYRINGE-10ML,Syringe 10ml
SBRN0364,Hospital A,YB9050S3,NIM-SYRINGE-10ML,Syringe 10ml
SBRN0365,Hospital A,YB9050S3,NIM-SYRINGE-10ML,Syringe 10ml
SBRN0366,Hospital A,CR1507VJ,NIM-SYRINGE-10ML,Syringe 10ml
SBRN0367,Hospital A,CR1507VJ,NIM-SYRINGE-10ML,Syringe 10ml
SBRN0368,Hospital A,FR2962MK,NIM-SYRINGE-10ML,Syringe 10ml
SBRN0369,Hospital A,LJ8490BS,NIM-SYRINGE-10ML,Syringe 10ml
SBRN0370,Hospital A,LJ8490BS,NIM-SYRINGE-10ML,Syringe 10ml
SBRN0371,Hospital A,LJ8490BS,NIM-SYRINGE-10ML,Syringe 10ml
SBRN0372,Hospital A,RP5839A5,NIM-SYRINGE-10ML,Syringe 10ml
SBRN0373,Hospital A,RP5839A5,NIM-SYRINGE-10ML,Syringe 10ml
SBRN0374,Hospital A,RP5839A5,NIM-SYRINGE-10ML,Syringe 10ml
SBRN0375,Hospital A,RP5839A5,NIM-SYRINGE-10ML,Syringe 10ml
SBRN0376,Hospital A,RP5839A5,NIM-SYRINGE-10ML,Syringe 10ml
SBRN0377,Hospital A,TG68586T,NIM-SYRINGE-10ML,Syringe 10ml
SBRN0378,Hospital A,TG68586T,NIM-SYRINGE-10ML,Syringe 10ml
SBRN0379,Hospital A,TG68586T,NIM-SYRINGE-10ML,Syringe 10ml
SBRN0380,Hospital A,FR2962MK,NIM-SYRINGE-10ML,Syringe 10ml
SBRN0381,Hospital A,FR2962MK,NIM-SYRINGE-10ML,Syringe 10ml
SBRN0382,Hospital A,FR2962MK,NIM-SYRINGE-10ML,Syringe 10ml
SBRN0383,Hospital A,FR2962MK,NIM-SYRINGE-10ML,Syringe 10ml
SBRN0384,Hospital A,FR2962MK,NIM-SYRINGE-10ML,Syringe 10ml
SBRN0385,Hospital A,QJ11272I,NIM-SYRINGE-10ML,Syringe 10ml
SBRN0386,Hospital A,QJ11272I,NIM-SYRINGE-10ML,Syringe 10ml
SBRN0387,Hospital A,ZN7542V6,NIM-SYRINGE-10ML,Syringe 10ml
SBRN0388,Hospital A,ZN7542V6,NIM-SYRINGE-10ML,Syringe 10ml
SBRN0389,Hospital A,ZN7542V6,NIM-SYRINGE-10ML,Syringe 10ml
SBRN0390,Hospital A,ZN7542V6,NIM-SYRINGE-10ML,Syringe 10ml
SBRN0391,Hospital A,ZN7542V6,NIM-SYRINGE-10ML,Syringe 10ml
SBRN0392,Hospital A,ZN7542V6,NIM-SYRINGE-10ML,Syringe 10ml
SBRN0393,Hospital A,HL5079UK,NIM-THERMOMETER-DIGITAL,Thermometer Digital
SBRN0394,Hospital A,QJ11272I,NIM-THERMOMETER-DIGITAL,Thermometer Digital
SBRN0395,Hospital A,QJ11272I,NIM-THERMOMETER-DIGITAL,Thermometer Digital
SBRN0396,Hospital A,QJ11272I,NIM-THERMOMETER-DIGITAL,Thermometer Digital
SBRN0397,Hospital A,NB1565G4,NIM-THERMOMETER-DIGITAL,Thermometer Digital
SBRN0398,Hospital A,NB1565G4,NIM-THERMOMETER-DIGITAL,Thermometer Digital
SBRN0399,Hospital A,NB1565G4,NIM-THERMOMETER-DIGITAL,Thermometer Digital
SBRN0400,Hospital A,HL5079UK,NIM-THERMOMETER-DIGITAL,Thermometer Digital
SBRN0401,Hospital A,HL5079UK,NIM-THERMOMETER-DIGITAL,Thermometer Digital
SBRN0402,Hospital A,IP8710L1,NIM-THERMOMETER-DIGITAL,Thermometer Digital
SBRN0403,Hospital A,LY1769HU,NIM-THERMOMETER-DIGITAL,Thermometer Digital
SBRN0404,Hospital A,LY1769HU,NIM-THERMOMETER-DIGITAL,Thermometer Digital
SBRN0405,Hospital A,LY1769HU,NIM-THERMOMETER-DIGITAL,Thermometer Digital
SBRN0406,Hospital A,LY1769HU,NIM-THERMOMETER-DIGITAL,Thermometer Digital
SBRN0407,Hospital A,LY1769HU,NIM-THERMOMETER-DIGITAL,Thermometer Digital
SBRN0408,Hospital A,LY1769HU,NIM-THERMOMETER-DIGITAL,Thermometer Digital
SBRN0409,Hospital A,LY1769HU,NIM-THERMOMETER-DIGITAL,Thermometer Digital
SBRN0410,Hospital A,PT3621O9,NIM-THERMOMETER-DIGITAL,Thermometer Digital
SBRN0411,Hospital A,PT3621O9,NIM-THERMOMETER-DIGITAL,Thermometer Digital
SBRN0412,Hospital A,PT3621O9,NIM-THERMOMETER-DIGITAL,Thermometer Digital
SBRN0413,Hospital A,PT3621O9,NIM-THERMOMETER-DIGITAL,Thermometer Digital
SBRN0414,Hospital A,PT3621O9,NIM-THERMOMETER-DIGITAL,Thermometer Digital
SBRN0415,Hospital A,QJ11272I,NIM-THERMOMETER-DIGITAL,Thermometer Digital
SBRN0416,Hospital A,QJ11272I,NIM-THERMOMETER-DIGITAL,Thermometer Digital
SBRN0417,Hospital A,QJ11272I,NIM-THERMOMETER-DIGITAL,Thermometer Digital
SBRN0418,Hospital A,AW83643T,NIM-THERMOMETER-DIGITAL,Thermometer Digital
SBRN0419,Hospital A,AW83643T,NIM-THERMOMETER-DIGITAL,Thermometer Digital
SBRN0420,Hospital A,IP8710L1,NIM-THERMOMETER-DIGITAL,Thermometer Digital
SBRN0421,Hospital A,IP8710L1,NIM-THERMOMETER-DIGITAL,Thermometer Digital
SBRN0422,Hospital A,IP8710L1,NIM-THERMOMETER-DIGITAL,Thermometer Digital
SBRN0423,Hospital A,IP8710L1,NIM-THERMOMETER-DIGITAL,Thermometer Digital
SBRN0424,Hospital A,IP8710L1,NIM-THERMOMETER-DIGITAL,Thermometer Digital
SBRN0425,Hospital A,IP8710L1,NIM-THERMOMETER-DIGITAL,Thermometer Digital
SBRN0426,Hospital A,IP8710L1,NIM-THERMOMETER-DIGITAL,Thermometer Digital
SBRN0427,Hospital A,IP8710L1,NIM-THERMOMETER-DIGITAL,Thermometer Digital
SBRN0428,Hospital A,NY8048XZ,NIM-THERMOMETER-DIGITAL,Thermometer Digital
SBRN0429,Hospital A,NY8048XZ,NIM-THERMOMETER-DIGITAL,Thermometer Digital
SBRN0430,Hospital A,NY8048XZ,NIM-THERMOMETER-DIGITAL,Thermometer Digital
SBRN0431,Hospital A,NY8048XZ,NIM-THERMOMETER-DIGITAL,Thermometer Digital
SBRN0432,Hospital A,NY8048XZ,NIM-THERMOMETER-DIGITAL,Thermometer Digital
SBRN0433,Hospital A,NY8048XZ,NIM-THERMOMETER-DIGITAL,Thermometer Digital
SBRN0434,Hospital A,XE0510RM,NIM-THERMOMETER-DIGITAL,Thermometer Digital
SBRN0435,Hospital A,XE0510RM,NIM-THERMOMETER-DIGITAL,Thermometer Digital
SBRN0436,Hospital A,ZD7018VO,NIM-THERMOMETER-DIGITAL,Thermometer Digital
SBRN0437,Hospital A,ZD7018VO,NIM-THERMOMETER-DIGITAL,Thermometer Digital
SBRN0438,Hospital A,ZD7018VO,NIM-THERMOMETER-DIGITAL,Thermometer Digital
SBRN0439,Hospital A,ZD7018VO,NIM-THERMOMETER-DIGITAL,Thermometer Digital
SBRN0440,Hospital A,ZD7018VO,NIM-THERMOMETER-DIGITAL,Thermometer Digital
SBRN0441,Hospital A,ZD7018VO,NIM-THERMOMETER-DIGITAL,Thermometer Digital
SBRN0442,Hospital A,ZD7018VO,NIM-THERMOMETER-DIGITAL,Thermometer Digital
SBRN0443,Hospital A,MI4724L2,NIM-WOUND-DRESSING-LARGE,Wound Dressing Large
SBRN0444,Hospital A,MI4724L2,NIM-WOUND-DRESSING-LARGE,Wound Dressing Large
SBRN0445,Hospital A,MI4724L2,NIM-WOUND-DRESSING-LARGE,Wound Dressing Large
SBRN0446,Hospital A,MI4724L2,NIM-WOUND-DRESSING-LARGE,Wound Dressing Large
SBRN0447,Hospital A,MI4724L2,NIM-WOUND-DRESSING-LARGE,Wound Dressing Large
SBRN0448,Hospital A,MI4724L2,NIM-WOUND-DRESSING-LARGE,Wound Dressing Large
SBRN0449,Hospital A,MI4724L2,NIM-WOUND-DRESSING-LARGE,Wound Dressing Large
SBRN0450,Hospital A,QJ11272I,NIM-WOUND-DRESSING-LARGE,Wound Dressing Large
SBRN0451,Hospital A,QJ11272I,NIM-WOUND-DRESSING-LARGE,Wound Dressing Large
SBRN0452,Hospital A,QJ11272I,NIM-WOUND-DRESSING-LARGE,Wound Dressing Large
SBRN0453,Hospital A,FR2962MK,NIM-WOUND-DRESSING-LARGE,Wound Dressing Large
SBRN0454,Hospital A,SJ5095UI,NIM-WOUND-DRESSING-LARGE,Wound Dressing Large
SBRN0455,Hospital A,SJ5095UI,NIM-WOUND-DRESSING-LARGE,Wound Dressing Large
SBRN0456,Hospital A,SJ5095UI,NIM-WOUND-DRESSING-LARGE,Wound Dressing Large
SBRN0457,Hospital A,SJ5095UI,NIM-WOUND-DRESSING-LARGE,Wound Dressing Large
SBRN0458,Hospital A,SJ5095UI,NIM-WOUND-DRESSING-LARGE,Wound Dressing Large
SBRN0459,Hospital A,TI95782C,NIM-WOUND-DRESSING-LARGE,Wound Dressing Large
SBRN0460,Hospital A,TI95782C,NIM-WOUND-DRESSING-LARGE,Wound Dressing Large
SBRN0461,Hospital A,TI95782C,NIM-WOUND-DRESSING-LARGE,Wound Dressing Large
SBRN0462,Hospital A,ZV1324PS,NIM-WOUND-DRESSING-LARGE,Wound Dressing Large
SBRN0463,Hospital A,ZV1324PS,NIM-WOUND-DRESSING-LARGE,Wound Dressing Large
SBRN0464,Hospital A,ZV1324PS,NIM-WOUND-DRESSING-LARGE,Wound Dressing Large
SBRN0465,Hospital A,ZV1324PS,NIM-WOUND-DRESSING-LARGE,Wound Dressing Large
SBRN0466,Hospital A,ZV1324PS,NIM-WOUND-DRESSING-LARGE,Wound Dressing Large
SBRN0467,Hospital A,ZV1324PS,NIM-WOUND-DRESSING-LARGE,Wound Dressing Large
SBRN0468,Hospital A,IH75317G,NIM-WOUND-DRESSING-LARGE,Wound Dressing Large
SBRN0469,Hospital A,IH75317G,NIM-WOUND-DRESSING-LARGE,Wound Dressing Large
SBRN0470,Hospital A,IH75317G,NIM-WOUND-DRESSING-LARGE,Wound Dressing Large
SBRN0471,Hospital A,IH75317G,NIM-WOUND-DRESSING-LARGE,Wound Dressing Large
SBRN0472,Hospital A,IH75317G,NIM-WOUND-DRESSING-LARGE,Wound Dressing Large
SBRN0473,Hospital A,IH75317G,NIM-WOUND-DRESSING-LARGE,Wound Dressing Large
SBRN0474,Hospital A,TG68586T,NIM-WOUND-DRESSING-LARGE,Wound Dressing Large
SBRN0475,Hospital A,TG68586T,NIM-WOUND-DRESSING-LARGE,Wound Dressing Large
SBRN0476,Hospital A,TG68586T,NIM-WOUND-DRESSING-LARGE,Wound Dressing Large
SBRN0477,Hospital A,TG68586T,NIM-WOUND-DRESSING-LARGE,Wound Dressing Large
SBRN0478,Hospital A,NR4939MF,NIM-WOUND-DRESSING-LARGE,Wound Dressing Large
SBRN0479,Hospital A,NR4939MF,NIM-WOUND-DRESSING-LARGE,Wound Dressing Large
SBRN0480,Hospital A,NR4939MF,NIM-WOUND-DRESSING-LARGE,Wound Dressing Large
SBRN0481,Hospital A,TG68586T,NIM-WOUND-DRESSING-LARGE,Wound Dressing Large
SBRN0482,Hospital A,TG68586T,NIM-WOUND-DRESSING-LARGE,Wound Dressing Large
SBRN0483,Hospital A,TG68586T,NIM-WOUND-DRESSING-LARGE,Wound Dressing Large
SBRN0484,Hospital A,TG68586T,NIM-WOUND-DRESSING-LARGE,Wound Dressing Large
SBRN0485,Hospital A,TG68586T,NIM-WOUND-DRESSING-LARGE,Wound Dressing Large
SBRN0486,Hospital A,TG68586T,NIM-WOUND-DRESSING-LARGE,Wound Dressing Large
SBRN0487,Hospital A,TG68586T,NIM-WOUND-DRESSING-LARGE,Wound Dressing Large
SBRN0488,Hospital A,UF4797PQ,NIM-WOUND-DRESSING-LARGE,Wound Dressing Large
SBRN0489,Hospital A,UF4797PQ,NIM-WOUND-DRESSING-LARGE,Wound Dressing Large
SBRN0490,Hospital A,UF4797PQ,NIM-WOUND-DRESSING-LARGE,Wound Dressing Large
SBRN0491,Hospital A,UF4797PQ,NIM-WOUND-DRESSING-LARGE,Wound Dressing Large
SBRN0492,Hospital A,UF4797PQ,NIM-WOUND-DRESSING-LARGE,Wound Dressing Large
SBRN0493,Hospital A,UF4797PQ,NIM-WOUND-DRESSING-LARGE,Wound Dressing Large
SBRN0494,Hospital A,JX11325X,NIM-WOUND-DRESSING-LARGE,Wound Dressing Large
SBRN0495,Hospital A,JX11325X,NIM-WOUND-DRESSING-LARGE,Wound Dressing Large
SBRN0496,Hospital A,JX11325X,NIM-WOUND-DRESSING-LARGE,Wound Dressing Large
SBRN0497,Hospital A,NB1565G4,NIM-WOUND-DRESSING-LARGE,Wound Dressing Large
SBRN0498,Hospital A,NB1565G4,NIM-WOUND-DRESSING-LARGE,Wound Dressing Large
SBRN0499,Hospital A,ZD7018VO,NIM-WOUND-DRESSING-LARGE,Wound Dressing Large
SBRN0500,Hospital A,ZD7018VO,NIM-WOUND-DRESSING-LARGE,Wound Dressing Large
SBRN0501,Hospital B,OW9422IO,NIM-ANTISEPTIC-WIPES,Antiseptic Wipes
SBRN0502,Hospital B,OW9422IO,NIM-ANTISEPTIC-WIPES,Antiseptic Wipes
SBRN0503,Hospital B,OW9422IO,NIM-ANTISEPTIC-WIPES,Antiseptic Wipes
SBRN0504,Hospital B,OW9422IO,NIM-ANTISEPTIC-WIPES,Antiseptic Wipes
SBRN0505,Hospital B,TC5775C2,NIM-ANTISEPTIC-WIPES,Antiseptic Wipes
SBRN0506,Hospital B,TC5775C2,NIM-ANTISEPTIC-WIPES,Antiseptic Wipes
SBRN0507,Hospital B,TC5775C2,NIM-ANTISEPTIC-WIPES,Antiseptic Wipes
SBRN0508,Hospital B,TC5775C2,NIM-ANTISEPTIC-WIPES,Antiseptic Wipes
SBRN0509,Hospital B,TC5775C2,NIM-ANTISEPTIC-WIPES,Antiseptic Wipes
SBRN0510,Hospital B,TC5775C2,NIM-ANTISEPTIC-WIPES,Antiseptic Wipes
SBRN0511,Hospital B,TC5775C2,NIM-ANTISEPTIC-WIPES,Antiseptic Wipes
SBRN0512,Hospital B,TC5775C2,NIM-ANTISEPTIC-WIPES,Antiseptic Wipes
SBRN0513,Hospital B,QL59662R,NIM-ANTISEPTIC-WIPES,Antiseptic Wipes
SBRN0514,Hospital B,QL59662R,NIM-ANTISEPTIC-WIPES,Antiseptic Wipes
SBRN0515,Hospital B,QL59662R,NIM-ANTISEPTIC-WIPES,Antiseptic Wipes
SBRN0516,Hospital B,QL59662R,NIM-ANTISEPTIC-WIPES,Antiseptic Wipes
SBRN0517,Hospital B,QL59662R,NIM-ANTISEPTIC-WIPES,Antiseptic Wipes
SBRN0518,Hospital B,WV5304RM,NIM-ANTISEPTIC-WIPES,Antiseptic Wipes
SBRN0519,Hospital B,WV5304RM,NIM-ANTISEPTIC-WIPES,Antiseptic Wipes
SBRN0520,Hospital B,WV5304RM,NIM-ANTISEPTIC-WIPES,Antiseptic Wipes
SBRN0521,Hospital B,WV5304RM,NIM-ANTISEPTIC-WIPES,Antiseptic Wipes
SBRN0522,Hospital B,CX92116V,NIM-ANTISEPTIC-WIPES,Antiseptic Wipes
SBRN0523,Hospital B,CX92116V,NIM-ANTISEPTIC-WIPES,Antiseptic Wipes
SBRN0524,Hospital B,ED7680LG,NIM-ANTISEPTIC-WIPES,Antiseptic Wipes
SBRN0525,Hospital B,ED7680LG,NIM-ANTISEPTIC-WIPES,Antiseptic Wipes
SBRN0526,Hospital B,RY6898IX,NIM-BLOOD-PRESSURE-CUFF,Blood Pressure Cuff
SBRN0527,Hospital B,RY6898IX,NIM-BLOOD-PRESSURE-CUFF,Blood Pressure Cuff
SBRN0528,Hospital B,RY6898IX,NIM-BLOOD-PRESSURE-CUFF,Blood Pressure Cuff
SBRN0529,Hospital B,WG3173SP,NIM-BLOOD-PRESSURE-CUFF,Blood Pressure Cuff
SBRN0530,Hospital B,WG3173SP,NIM-BLOOD-PRESSURE-CUFF,Blood Pressure Cuff
SBRN0531,Hospital B,WG3173SP,NIM-BLOOD-PRESSURE-CUFF,Blood Pressure Cuff
SBRN0532,Hospital B,WV5304RM,NIM-BLOOD-PRESSURE-CUFF,Blood Pressure Cuff
SBRN0533,Hospital B,WV5304RM,NIM-BLOOD-PRESSURE-CUFF,Blood Pressure Cuff
SBRN0534,Hospital B,JU3345JD,NIM-BLOOD-PRESSURE-CUFF,Blood Pressure Cuff
SBRN0535,Hospital B,JU3345JD,NIM-BLOOD-PRESSURE-CUFF,Blood Pressure Cuff
SBRN0536,Hospital B,JU3345JD,NIM-BLOOD-PRESSURE-CUFF,Blood Pressure Cuff
SBRN0537,Hospital B,JU3345JD,NIM-BLOOD-PRESSURE-CUFF,Blood Pressure Cuff
SBRN0538,Hospital B,PC394338,NIM-BLOOD-PRESSURE-CUFF,Blood Pressure Cuff
SBRN0539,Hospital B,PC394338,NIM-BLOOD-PRESSURE-CUFF,Blood Pressure Cuff
SBRN0540,Hospital B,PU3873FX,NIM-BLOOD-PRESSURE-CUFF,Blood Pressure Cuff
SBRN0541,Hospital B,UJ26605A,NIM-BLOOD-PRESSURE-CUFF,Blood Pressure Cuff
SBRN0542,Hospital B,UJ26605A,NIM-BLOOD-PRESSURE-CUFF,Blood Pressure Cuff
SBRN0543,Hospital B,YI5164SY,NIM-BLOOD-PRESSURE-CUFF,Blood Pressure Cuff
SBRN0544,Hospital B,YI5164SY,NIM-BLOOD-PRESSURE-CUFF,Blood Pressure Cuff
SBRN0545,Hospital B,YI5164SY,NIM-BLOOD-PRESSURE-CUFF,Blood Pressure Cuff
SBRN0546,Hospital B,YI5164SY,NIM-BLOOD-PRESSURE-CUFF,Blood Pressure Cuff
SBRN0547,Hospital B,YI5164SY,NIM-BLOOD-PRESSURE-CUFF,Blood Pressure Cuff
SBRN0548,Hospital B,HP95324S,NIM-BLOOD-PRESSURE-CUFF,Blood Pressure Cuff
SBRN0549,Hospital B,HP95324S,NIM-BLOOD-PRESSURE-CUFF,Blood Pressure Cuff
SBRN0550,Hospital B,HP95324S,NIM-BLOOD-PRESSURE-CUFF,Blood Pressure Cuff
SBRN0551,Hospital B,HP95324S,NIM-BLOOD-PRESSURE-CUFF,Blood Pressure Cuff
SBRN0552,Hospital B,HP95324S,NIM-BLOOD-PRESSURE-CUFF,Blood Pressure Cuff
SBRN0553,Hospital B,KZ061968,NIM-BLOOD-PRESSURE-CUFF,Blood Pressure Cuff
SBRN0554,Hospital B,MO07319X,NIM-BLOOD-PRESSURE-CUFF,Blood Pressure Cuff
SBRN0555,Hospital B,MO07319X,NIM-BLOOD-PRESSURE-CUFF,Blood Pressure Cuff
SBRN0556,Hospital B,MO07319X,NIM-BLOOD-PRESSURE-CUFF,Blood Pressure Cuff
SBRN0557,Hospital B,QL59662R,NIM-BLOOD-PRESSURE-CUFF,Blood Pressure Cuff
SBRN0558,Hospital B,XE45310N,NIM-BLOOD-PRESSURE-CUFF,Blood Pressure Cuff
SBRN0559,Hospital B,XE45310N,NIM-BLOOD-PRESSURE-CUFF,Blood Pressure Cuff
SBRN0560,Hospital B,XE45310N,NIM-BLOOD-PRESSURE-CUFF,Blood Pressure Cuff
SBRN0561,Hospital B,XN4349DV,NIM-BLOOD-PRESSURE-CUFF,Blood Pressure Cuff
SBRN0562,Hospital B,XN4349DV,NIM-BLOOD-PRESSURE-CUFF,Blood Pressure Cuff
SBRN0563,Hospital B,XN4349DV,NIM-BLOOD-PRESSURE-CUFF,Blood Pressure Cuff
SBRN0564,Hospital B,XN4349DV,NIM-BLOOD-PRESSURE-CUFF,Blood Pressure Cuff
SBRN0565,Hospital B,AJ4675Q2,NIM-BLOOD-PRESSURE-CUFF,Blood Pressure Cuff
SBRN0566,Hospital B,AJ4675Q2,NIM-BLOOD-PRESSURE-CUFF,Blood Pressure Cuff
SBRN0567,Hospital B,AJ4675Q2,NIM-BLOOD-PRESSURE-CUFF,Blood Pressure Cuff
SBRN0568,Hospital B,AJ4675Q2,NIM-BLOOD-PRESSURE-CUFF,Blood Pressure Cuff
SBRN0569,Hospital B,AJ4675Q2,NIM-BLOOD-PRESSURE-CUFF,Blood Pressure Cuff
SBRN0570,Hospital B,OW9422IO,NIM-BLOOD-PRESSURE-CUFF,Blood Pressure Cuff
SBRN0571,Hospital B,OW9422IO,NIM-BLOOD-PRESSURE-CUFF,Blood Pressure Cuff
SBRN0572,Hospital B,OW9422IO,NIM-BLOOD-PRESSURE-CUFF,Blood Pressure Cuff
SBRN0573,Hospital B,OW9422IO,NIM-BLOOD-PRESSURE-CUFF,Blood Pressure Cuff
SBRN0574,Hospital B,OW9422IO,NIM-BLOOD-PRESSURE-CUFF,Blood Pressure Cuff
SBRN0575,Hospital B,OW9422IO,NIM-CATHETER-FOLEY,Catheter Foley
SBRN0576,Hospital B,OW9422IO,NIM-CATHETER-FOLEY,Catheter Foley
SBRN0577,Hospital B,ZH68465Z,NIM-CATHETER-FOLEY,Catheter Foley
SBRN0578,Hospital B,ZH68465Z,NIM-CATHETER-FOLEY,Catheter Foley
SBRN0579,Hospital B,ZH68465Z,NIM-CATHETER-FOLEY,Catheter Foley
SBRN0580,Hospital B,ZH68465Z,NIM-CATHETER-FOLEY,Catheter Foley
SBRN0581,Hospital B,ZH68465Z,NIM-CATHETER-FOLEY,Catheter Foley
SBRN0582,Hospital B,ZH68465Z,NIM-CATHETER-FOLEY,Catheter Foley
SBRN0583,Hospital B,XF37209R,NIM-CATHETER-FOLEY,Catheter Foley
SBRN0584,Hospital B,XF37209R,NIM-CATHETER-FOLEY,Catheter Foley
SBRN0585,Hospital B,XF37209R,NIM-CATHETER-FOLEY,Catheter Foley
SBRN0586,Hospital B,XF37209R,NIM-CATHETER-FOLEY,Catheter Foley
SBRN0587,Hospital B,XF37209R,NIM-CATHETER-FOLEY,Catheter Foley
SBRN0588,Hospital B,NL55388Q,NIM-CATHETER-FOLEY,Catheter Foley
SBRN0589,Hospital B,NL55388Q,NIM-CATHETER-FOLEY,Catheter Foley
SBRN0590,Hospital B,NL55388Q,NIM-CATHETER-FOLEY,Catheter Foley
SBRN0591,Hospital B,NL55388Q,NIM-CATHETER-FOLEY,Catheter Foley
SBRN0592,Hospital B,NL55388Q,NIM-CATHETER-FOLEY,Catheter Foley
SBRN0593,Hospital B,NL55388Q,NIM-CATHETER-FOLEY,Catheter Foley
SBRN0594,Hospital B,JH592773,NIM-CATHETER-FOLEY,Catheter Foley
SBRN0595,Hospital B,OF98185V,NIM-CATHETER-FOLEY,Catheter Foley
SBRN0596,Hospital B,OF98185V,NIM-CATHETER-FOLEY,Catheter Foley
SBRN0597,Hospital B,OF98185V,NIM-CATHETER-FOLEY,Catheter Foley
SBRN0598,Hospital B,OF98185V,NIM-CATHETER-FOLEY,Catheter Foley
SBRN0599,Hospital B,AZ8246KO,NIM-CATHETER-FOLEY,Catheter Foley
SBRN0600,Hospital B,AZ8246KO,NIM-CATHETER-FOLEY,Catheter Foley
SBRN0601,Hospital B,AZ8246KO,NIM-CATHETER-FOLEY,Catheter Foley
SBRN0602,Hospital B,AZ8246KO,NIM-CATHETER-FOLEY,Catheter Foley
SBRN0603,Hospital B,FQ1785XX,NIM-CATHETER-FOLEY,Catheter Foley
SBRN0604,Hospital B,FQ1785XX,NIM-CATHETER-FOLEY,Catheter Foley
SBRN0605,Hospital B,FQ1785XX,NIM-CATHETER-FOLEY,Catheter Foley
SBRN0606,Hospital B,OX9440QU,NIM-CATHETER-FOLEY,Catheter Foley
SBRN0607,Hospital B,XR6968LB,NIM-CATHETER-FOLEY,Catheter Foley
SBRN0608,Hospital B,XR6968LB,NIM-CATHETER-FOLEY,Catheter Foley
SBRN0609,Hospital B,XR6968LB,NIM-CATHETER-FOLEY,Catheter Foley
SBRN0610,Hospital B,XR6968LB,NIM-CATHETER-FOLEY,Catheter Foley
SBRN0611,Hospital B,XR6968LB,NIM-CATHETER-FOLEY,Catheter Foley
SBRN0612,Hospital B,GN4000ZL,NIM-COMPRESSION-BANDAGE,Compression Bandage
SBRN0613,Hospital B,GN4000ZL,NIM-COMPRESSION-BANDAGE,Compression Bandage
SBRN0614,Hospital B,GN4000ZL,NIM-COMPRESSION-BANDAGE,Compression Bandage
SBRN0615,Hospital B,GN4000ZL,NIM-COMPRESSION-BANDAGE,Compression Bandage
SBRN0616,Hospital B,GN4000ZL,NIM-COMPRESSION-BANDAGE,Compression Bandage
SBRN0617,Hospital B,GN4000ZL,NIM-COMPRESSION-BANDAGE,Compression Bandage
SBRN0618,Hospital B,OI6305JV,NIM-COMPRESSION-BANDAGE,Compression Bandage
SBRN0619,Hospital B,OI6305JV,NIM-COMPRESSION-BANDAGE,Compression Bandage
SBRN0620,Hospital B,OI6305JV,NIM-COMPRESSION-BANDAGE,Compression Bandage
SBRN0621,Hospital B,OI6305JV,NIM-COMPRESSION-BANDAGE,Compression Bandage
SBRN0622,Hospital B,OI6305JV,NIM-COMPRESSION-BANDAGE,Compression Bandage
SBRN0623,Hospital B,QL59662R,NIM-COMPRESSION-BANDAGE,Compression Bandage
SBRN0624,Hospital B,QL59662R,NIM-COMPRESSION-BANDAGE,Compression Bandage
SBRN0625,Hospital B,QL59662R,NIM-COMPRESSION-BANDAGE,Compression Bandage
SBRN0626,Hospital B,QL59662R,NIM-COMPRESSION-BANDAGE,Compression Bandage
SBRN0627,Hospital B,QL59662R,NIM-COMPRESSION-BANDAGE,Compression Bandage
SBRN0628,Hospital B,QL59662R,NIM-COMPRESSION-BANDAGE,Compression Bandage
SBRN0629,Hospital B,AZ8246KO,NIM-COMPRESSION-BANDAGE,Compression Bandage
SBRN0630,Hospital B,AZ8246KO,NIM-COMPRESSION-BANDAGE,Compression Bandage
SBRN0631,Hospital B,AZ8246KO,NIM-COMPRESSION-BANDAGE,Compression Bandage
SBRN0632,Hospital B,SQ0518R7,NIM-COMPRESSION-BANDAGE,Compression Bandage
SBRN0633,Hospital B,SQ0518R7,NIM-COMPRESSION-BANDAGE,Compression Bandage
SBRN0634,Hospital B,SQ0518R7,NIM-COMPRESSION-BANDAGE,Compression Bandage
SBRN0635,Hospital B,SQ0518R7,NIM-COMPRESSION-BANDAGE,Compression Bandage
SBRN0636,Hospital B,SQ0518R7,NIM-COMPRESSION-BANDAGE,Compression Bandage
SBRN0637,Hospital B,DC4965FU,NIM-COMPRESSION-BANDAGE,Compression Bandage
SBRN0638,Hospital B,DC4965FU,NIM-COMPRESSION-BANDAGE,Compression Bandage
SBRN0639,Hospital B,DC4965FU,NIM-COMPRESSION-BANDAGE,Compression Bandage
SBRN0640,Hospital B,DC4965FU,NIM-COMPRESSION-BANDAGE,Compression Bandage
SBRN0641,Hospital B,DC4965FU,NIM-COMPRESSION-BANDAGE,Compression Bandage
SBRN0642,Hospital B,EA4839WG,NIM-COMPRESSION-BANDAGE,Compression Bandage
SBRN0643,Hospital B,EA4839WG,NIM-COMPRESSION-BANDAGE,Compression Bandage
SBRN0644,Hospital B,EA4839WG,NIM-COMPRESSION-BANDAGE,Compression Bandage
SBRN0645,Hospital B,EA4839WG,NIM-COMPRESSION-BANDAGE,Compression Bandage
SBRN0646,Hospital B,GN73958G,NIM-COMPRESSION-BANDAGE,Compression Bandage
SBRN0647,Hospital B,GN73958G,NIM-COMPRESSION-BANDAGE,Compression Bandage
SBRN0648,Hospital B,GN73958G,NIM-COMPRESSION-BANDAGE,Compression Bandage
SBRN0649,Hospital B,GN73958G,NIM-COMPRESSION-BANDAGE,Compression Bandage
SBRN0650,Hospital B,GN73958G,NIM-COMPRESSION-BANDAGE,Compression Bandage
SBRN0651,Hospital B,GN73958G,NIM-COMPRESSION-BANDAGE,Compression Bandage
SBRN0652,Hospital B,GN73958G,NIM-COMPRESSION-BANDAGE,Compression Bandage
SBRN0653,Hospital B,GN73958G,NIM-COMPRESSION-BANDAGE,Compression Bandage
SBRN0654,Hospital B,GN73958G,NIM-COMPRESSION-BANDAGE,Compression Bandage
SBRN0655,Hospital B,GN73958G,NIM-COMPRESSION-BANDAGE,Compression Bandage
SBRN0656,Hospital B,WV5304RM,NIM-COMPRESSION-BANDAGE,Compression Bandage
SBRN0657,Hospital B,WV5304RM,NIM-COMPRESSION-BANDAGE,Compression Bandage
SBRN0658,Hospital B,YI5164SY,NIM-COMPRESSION-BANDAGE,Compression Bandage
SBRN0659,Hospital B,YI5164SY,NIM-COMPRESSION-BANDAGE,Compression Bandage
SBRN0660,Hospital B,YJ1366WW,NIM-COMPRESSION-BANDAGE,Compression Bandage
SBRN0661,Hospital B,YJ1366WW,NIM-COMPRESSION-BANDAGE,Compression Bandage
SBRN0662,Hospital B,YJ1366WW,NIM-COMPRESSION-BANDAGE,Compression Bandage
SBRN0663,Hospital B,YJ1366WW,NIM-COMPRESSION-BANDAGE,Compression Bandage
SBRN0664,Hospital B,YJ1366WW,NIM-COMPRESSION-BANDAGE,Compression Bandage
SBRN0665,Hospital B,KZ6964QC,NIM-COMPRESSION-BANDAGE,Compression Bandage
SBRN0666,Hospital B,KZ6964QC,NIM-COMPRESSION-BANDAGE,Compression Bandage
SBRN0667,Hospital B,KZ6964QC,NIM-COMPRESSION-BANDAGE,Compression Bandage
SBRN0668,Hospital B,KZ6964QC,NIM-COMPRESSION-BANDAGE,Compression Bandage
SBRN0669,Hospital B,KZ6964QC,NIM-COMPRESSION-BANDAGE,Compression Bandage
SBRN0670,Hospital B,KZ6964QC,NIM-COMPRESSION-BANDAGE,Compression Bandage
SBRN0671,Hospital B,OX9440QU,NIM-COMPRESSION-BANDAGE,Compression Bandage
SBRN0672,Hospital B,OX9440QU,NIM-COMPRESSION-BANDAGE,Compression Bandage
SBRN0673,Hospital B,OX9440QU,NIM-COMPRESSION-BANDAGE,Compression Bandage
SBRN0674,Hospital B,OX9440QU,NIM-COMPRESSION-BANDAGE,Compression Bandage
SBRN0675,Hospital B,EJ4395OX,NIM-COMPRESSION-BANDAGE,Compression Bandage
SBRN0676,Hospital B,EJ4395OX,NIM-COMPRESSION-BANDAGE,Compression Bandage
SBRN0677,Hospital B,EJ4395OX,NIM-COMPRESSION-BANDAGE,Compression Bandage
SBRN0678,Hospital B,EJ4395OX,NIM-COMPRESSION-BANDAGE,Compression Bandage
SBRN0679,Hospital B,QE57195V,NIM-COMPRESSION-BANDAGE,Compression Bandage
SBRN0680,Hospital B,QE57195V,NIM-COMPRESSION-BANDAGE,Compression Bandage
SBRN0681,Hospital B,QE57195V,NIM-COMPRESSION-BANDAGE,Compression Bandage
SBRN0682,Hospital B,QE57195V,NIM-COMPRESSION-BANDAGE,Compression Bandage
SBRN0683,Hospital B,QE57195V,NIM-COMPRESSION-BANDAGE,Compression Bandage
SBRN0684,Hospital B,YI5164SY,NIM-COMPRESSION-BANDAGE,Compression Bandage
SBRN0685,Hospital B,YI5164SY,NIM-COMPRESSION-BANDAGE,Compression Bandage
SBRN0686,Hospital B,YI5164SY,NIM-COMPRESSION-BANDAGE,Compression Bandage
SBRN0687,Hospital B,YI5164SY,NIM-COMPRESSION-BANDAGE,Compression Bandage
SBRN0688,Hospital B,YI5164SY,NIM-COMPRESSION-BANDAGE,Compression Bandage
SBRN0689,Hospital B,YI5164SY,NIM-COMPRESSION-BANDAGE,Compression Bandage
SBRN0690,Hospital B,YI5164SY,NIM-COMPRESSION-BANDAGE,Compression Bandage
SBRN0691,Hospital B,XF37209R,NIM-IV-BAG-500ML,IV Bag 500ml
SBRN0692,Hospital B,XF37209R,NIM-IV-BAG-500ML,IV Bag 500ml
SBRN0693,Hospital B,XF37209R,NIM-IV-BAG-500ML,IV Bag 500ml
SBRN0694,Hospital B,TL5792DS,NIM-IV-BAG-500ML,IV Bag 500ml
SBRN0695,Hospital B,TL5792DS,NIM-IV-BAG-500ML,IV Bag 500ml
SBRN0696,Hospital B,TL5792DS,NIM-IV-BAG-500ML,IV Bag 500ml
SBRN0697,Hospital B,TI2636D7,NIM-IV-BAG-500ML,IV Bag 500ml
SBRN0698,Hospital B,TI2636D7,NIM-IV-BAG-500ML,IV Bag 500ml
SBRN0699,Hospital B,TI2636D7,NIM-IV-BAG-500ML,IV Bag 500ml
SBRN0700,Hospital B,TI2636D7,NIM-IV-BAG-500ML,IV Bag 500ml
SBRN0701,Hospital B,EW5649MR,NIM-IV-BAG-500ML,IV Bag 500ml
SBRN0702,Hospital B,EW5649MR,NIM-IV-BAG-500ML,IV Bag 500ml
SBRN0703,Hospital B,EW5649MR,NIM-IV-BAG-500ML,IV Bag 500ml
SBRN0704,Hospital B,EW5649MR,NIM-IV-BAG-500ML,IV Bag 500ml
SBRN0705,Hospital B,EW5649MR,NIM-IV-BAG-500ML,IV Bag 500ml
SBRN0706,Hospital B,EW5649MR,NIM-IV-BAG-500ML,IV Bag 500ml
SBRN0707,Hospital B,EW5649MR,NIM-IV-BAG-500ML,IV Bag 500ml
SBRN0708,Hospital B,NG9767M9,NIM-IV-BAG-500ML,IV Bag 500ml
SBRN0709,Hospital B,NG9767M9,NIM-IV-BAG-500ML,IV Bag 500ml
SBRN0710,Hospital B,NG9767M9,NIM-IV-BAG-500ML,IV Bag 500ml
SBRN0711,Hospital B,OW9422IO,NIM-IV-BAG-500ML,IV Bag 500ml
SBRN0712,Hospital B,OW9422IO,NIM-IV-BAG-500ML,IV Bag 500ml
SBRN0713,Hospital B,QL59662R,NIM-IV-BAG-500ML,IV Bag 500ml
SBRN0714,Hospital B,QL59662R,NIM-IV-BAG-500ML,IV Bag 500ml
SBRN0715,Hospital B,QL59662R,NIM-IV-BAG-500ML,IV Bag 500ml
SBRN0716,Hospital B,QL59662R,NIM-IV-BAG-500ML,IV Bag 500ml
SBRN0717,Hospital B,QL59662R,NIM-IV-BAG-500ML,IV Bag 500ml
SBRN0718,Hospital B,QL59662R,NIM-IV-BAG-500ML,IV Bag 500ml
SBRN0719,Hospital B,QL59662R,NIM-IV-BAG-500ML,IV Bag 500ml
SBRN0720,Hospital B,QL59662R,NIM-IV-BAG-500ML,IV Bag 500ml
SBRN0721,Hospital B,ZT888420,NIM-IV-BAG-500ML,IV Bag 500ml
SBRN0722,Hospital B,ZT888420,NIM-IV-BAG-500ML,IV Bag 500ml
SBRN0723,Hospital B,ZT888420,NIM-IV-BAG-500ML,IV Bag 500ml
SBRN0724,Hospital B,ZT888420,NIM-IV-BAG-500ML,IV Bag 500ml
SBRN0725,Hospital B,SK07447E,NIM-IV-BAG-500ML,IV Bag 500ml
SBRN0726,Hospital B,SK07447E,NIM-IV-BAG-500ML,IV Bag 500ml
SBRN0727,Hospital B,SK07447E,NIM-IV-BAG-500ML,IV Bag 500ml
SBRN0728,Hospital B,SK07447E,NIM-IV-BAG-500ML,IV Bag 500ml
SBRN0729,Hospital B,OX9440QU,NIM-IV-BAG-500ML,IV Bag 500ml
SBRN0730,Hospital B,OX9440QU,NIM-IV-BAG-500ML,IV Bag 500ml
SBRN0731,Hospital B,OX9440QU,NIM-IV-BAG-500ML,IV Bag 500ml
SBRN0732,Hospital B,OX9440QU,NIM-IV-BAG-500ML,IV Bag 500ml
SBRN0733,Hospital B,OX9440QU,NIM-IV-BAG-500ML,IV Bag 500ml
SBRN0734,Hospital B,OX9440QU,NIM-IV-BAG-500ML,IV Bag 500ml
SBRN0735,Hospital B,QL59662R,NIM-IV-BAG-500ML,IV Bag 500ml
SBRN0736,Hospital B,QL59662R,NIM-IV-BAG-500ML,IV Bag 500ml
SBRN0737,Hospital B,QL59662R,NIM-IV-BAG-500ML,IV Bag 500ml
SBRN0738,Hospital B,VW0591HK,NIM-IV-BAG-500ML,IV Bag 500ml
SBRN0739,Hospital B,VW0591HK,NIM-IV-BAG-500ML,IV Bag 500ml
SBRN0740,Hospital B,VW0591HK,NIM-IV-BAG-500ML,IV Bag 500ml
SBRN0741,Hospital B,VW0591HK,NIM-IV-BAG-500ML,IV Bag 500ml
SBRN0742,Hospital B,VW0591HK,NIM-IV-BAG-500ML,IV Bag 500ml
SBRN0743,Hospital B,YI5164SY,NIM-COMPRESSION-BANDAGE,Compression Bandage
SBRN0744,Hospital B,AZ8246KO,NIM-SCALPEL-SIZE-10,Scalpel Size 10
SBRN0745,Hospital B,AZ8246KO,NIM-SCALPEL-SIZE-10,Scalpel Size 10
SBRN0746,Hospital B,AZ8246KO,NIM-SCALPEL-SIZE-10,Scalpel Size 10
SBRN0747,Hospital B,AZ8246KO,NIM-SCALPEL-SIZE-10,Scalpel Size 10
SBRN0748,Hospital B,AZ8246KO,NIM-SCALPEL-SIZE-10,Scalpel Size 10
SBRN0749,Hospital B,XF37209R,NIM-SCALPEL-SIZE-10,Scalpel Size 10
SBRN0750,Hospital B,XF37209R,NIM-SCALPEL-SIZE-10,Scalpel Size 10
SBRN0751,Hospital B,XF37209R,NIM-SCALPEL-SIZE-10,Scalpel Size 10
SBRN0752,Hospital B,BI86360K,NIM-SCALPEL-SIZE-10,Scalpel Size 10
SBRN0753,Hospital B,BI86360K,NIM-SCALPEL-SIZE-10,Scalpel Size 10
SBRN0754,Hospital B,BI86360K,NIM-SCALPEL-SIZE-10,Scalpel Size 10
SBRN0755,Hospital B,GM3690GN,NIM-SCALPEL-SIZE-10,Scalpel Size 10
SBRN0756,Hospital B,GM3690GN,NIM-SCALPEL-SIZE-10,Scalpel Size 10
SBRN0757,Hospital B,GM3690GN,NIM-SCALPEL-SIZE-10,Scalpel Size 10
SBRN0758,Hospital B,LT25050L,NIM-SCALPEL-SIZE-10,Scalpel Size 10
SBRN0759,Hospital B,LT25050L,NIM-SCALPEL-SIZE-10,Scalpel Size 10
SBRN0760,Hospital B,LT25050L,NIM-SCALPEL-SIZE-10,Scalpel Size 10
SBRN0761,Hospital B,LT25050L,NIM-SCALPEL-SIZE-10,Scalpel Size 10
SBRN0762,Hospital B,NC5316UA,NIM-SCALPEL-SIZE-10,Scalpel Size 10
SBRN0763,Hospital B,NC5316UA,NIM-SCALPEL-SIZE-10,Scalpel Size 10
SBRN0764,Hospital B,NC5316UA,NIM-SCALPEL-SIZE-10,Scalpel Size 10
SBRN0765,Hospital B,XR6968LB,NIM-SCALPEL-SIZE-10,Scalpel Size 10
SBRN0766,Hospital B,XR6968LB,NIM-SCALPEL-SIZE-10,Scalpel Size 10
SBRN0767,Hospital B,XR6968LB,NIM-SCALPEL-SIZE-10,Scalpel Size 10
SBRN0768,Hospital B,XR6968LB,NIM-SCALPEL-SIZE-10,Scalpel Size 10
SBRN0769,Hospital B,XR6968LB,NIM-SCALPEL-SIZE-10,Scalpel Size 10
SBRN0770,Hospital B,XR6968LB,NIM-SCALPEL-SIZE-10,Scalpel Size 10
SBRN0771,Hospital B,QL59662R,NIM-SCALPEL-SIZE-10,Scalpel Size 10
SBRN0772,Hospital B,QL59662R,NIM-SCALPEL-SIZE-10,Scalpel Size 10
SBRN0773,Hospital B,QL59662R,NIM-SCALPEL-SIZE-10,Scalpel Size 10
SBRN0774,Hospital B,QL59662R,NIM-SCALPEL-SIZE-10,Scalpel Size 10
SBRN0775,Hospital B,QL59662R,NIM-SCALPEL-SIZE-10,Scalpel Size 10
SBRN0776,Hospital B,ZR25178Y,NIM-SCALPEL-SIZE-10,Scalpel Size 10
SBRN0777,Hospital B,ZR25178Y,NIM-SCALPEL-SIZE-10,Scalpel Size 10
SBRN0778,Hospital B,ZR25178Y,NIM-SCALPEL-SIZE-10,Scalpel Size 10
SBRN0779,Hospital B,ZR25178Y,NIM-SCALPEL-SIZE-10,Scalpel Size 10
SBRN0780,Hospital B,ZR25178Y,NIM-SCALPEL-SIZE-10,Scalpel Size 10
SBRN0781,Hospital B,ZR25178Y,NIM-SCALPEL-SIZE-10,Scalpel Size 10
SBRN0782,Hospital B,ZR25178Y,NIM-SCALPEL-SIZE-10,Scalpel Size 10
SBRN0783,Hospital B,QL59662R,NIM-SCALPEL-SIZE-10,Scalpel Size 10
SBRN0784,Hospital B,QL59662R,NIM-SCALPEL-SIZE-10,Scalpel Size 10
SBRN0785,Hospital B,QL59662R,NIM-SCALPEL-SIZE-10,Scalpel Size 10
SBRN0786,Hospital B,QL59662R,NIM-SCALPEL-SIZE-10,Scalpel Size 10
SBRN0787,Hospital B,QL59662R,NIM-SCALPEL-SIZE-10,Scalpel Size 10
SBRN0788,Hospital B,YI5164SY,NIM-SCALPEL-SIZE-10,Scalpel Size 10
SBRN0789,Hospital B,YI5164SY,NIM-SCALPEL-SIZE-10,Scalpel Size 10
SBRN0790,Hospital B,YI5164SY,NIM-SCALPEL-SIZE-10,Scalpel Size 10
SBRN0791,Hospital B,YI5164SY,NIM-SCALPEL-SIZE-10,Scalpel Size 10
SBRN0792,Hospital B,YI5164SY,NIM-SCALPEL-SIZE-10,Scalpel Size 10
SBRN0793,Hospital B,XG1284UX,NIM-SCALPEL-SIZE-10,Scalpel Size 10
SBRN0794,Hospital B,XG1284UX,NIM-SCALPEL-SIZE-10,Scalpel Size 10
SBRN0795,Hospital B,XG1284UX,NIM-SCALPEL-SIZE-10,Scalpel Size 10
SBRN0796,Hospital B,FY4110F4,NIM-SCALPEL-SIZE-10,Scalpel Size 10
SBRN0797,Hospital B,FY4110F4,NIM-SCALPEL-SIZE-10,Scalpel Size 10
SBRN0798,Hospital B,FY4110F4,NIM-SCALPEL-SIZE-10,Scalpel Size 10
SBRN0799,Hospital B,FY4110F4,NIM-SCALPEL-SIZE-10,Scalpel Size 10
SBRN0800,Hospital B,FT7583VN,NIM-SURGICAL-GLOVES,Surgical Gloves
SBRN0801,Hospital B,FT7583VN,NIM-SURGICAL-GLOVES,Surgical Gloves
SBRN0802,Hospital B,OW9422IO,NIM-SURGICAL-GLOVES,Surgical Gloves
SBRN0803,Hospital B,OW9422IO,NIM-SURGICAL-GLOVES,Surgical Gloves
SBRN0804,Hospital B,OW9422IO,NIM-SURGICAL-GLOVES,Surgical Gloves
SBRN0805,Hospital B,OW9422IO,NIM-SURGICAL-GLOVES,Surgical Gloves
SBRN0806,Hospital B,OW9422IO,NIM-SURGICAL-GLOVES,Surgical Gloves
SBRN0807,Hospital B,OW9422IO,NIM-SURGICAL-GLOVES,Surgical Gloves
SBRN0808,Hospital B,OW9422IO,NIM-SURGICAL-GLOVES,Surgical Gloves
SBRN0809,Hospital B,OW9422IO,NIM-SURGICAL-GLOVES,Surgical Gloves
SBRN0810,Hospital B,OW9422IO,NIM-SURGICAL-GLOVES,Surgical Gloves
SBRN0811,Hospital B,CJ8598XZ,NIM-SURGICAL-GLOVES,Surgical Gloves
SBRN0812,Hospital B,CJ8598XZ,NIM-SURGICAL-GLOVES,Surgical Gloves
SBRN0813,Hospital B,CJ8598XZ,NIM-SURGICAL-GLOVES,Surgical Gloves
SBRN0814,Hospital B,CJ8598XZ,NIM-SURGICAL-GLOVES,Surgical Gloves
SBRN0815,Hospital B,CJ8598XZ,NIM-SURGICAL-GLOVES,Surgical Gloves
SBRN0816,Hospital B,CJ8598XZ,NIM-SURGICAL-GLOVES,Surgical Gloves
SBRN0817,Hospital B,CJ8598XZ,NIM-SURGICAL-GLOVES,Surgical Gloves
SBRN0818,Hospital B,CJ8598XZ,NIM-SURGICAL-GLOVES,Surgical Gloves
SBRN0819,Hospital B,XK12913V,NIM-SURGICAL-GLOVES,Surgical Gloves
SBRN0820,Hospital B,XK12913V,NIM-SURGICAL-GLOVES,Surgical Gloves
SBRN0821,Hospital B,XK12913V,NIM-SURGICAL-GLOVES,Surgical Gloves
SBRN0822,Hospital B,XK12913V,NIM-SURGICAL-GLOVES,Surgical Gloves
SBRN0823,Hospital B,XK12913V,NIM-SURGICAL-GLOVES,Surgical Gloves
SBRN0824,Hospital B,XK12913V,NIM-SURGICAL-GLOVES,Surgical Gloves
SBRN0825,Hospital B,XK12913V,NIM-SURGICAL-GLOVES,Surgical Gloves
SBRN0826,Hospital B,XK12913V,NIM-SURGICAL-GLOVES,Surgical Gloves
SBRN0827,Hospital B,OB60306X,NIM-SURGICAL-GLOVES,Surgical Gloves
SBRN0828,Hospital B,QA5527LA,NIM-SURGICAL-GLOVES,Surgical Gloves
SBRN0829,Hospital B,QA5527LA,NIM-SURGICAL-GLOVES,Surgical Gloves
SBRN0830,Hospital B,QA5527LA,NIM-SURGICAL-GLOVES,Surgical Gloves
SBRN0831,Hospital B,QA5527LA,NIM-SURGICAL-GLOVES,Surgical Gloves
SBRN0832,Hospital B,QA5527LA,NIM-SURGICAL-GLOVES,Surgical Gloves
SBRN0833,Hospital B,QA5527LA,NIM-SURGICAL-GLOVES,Surgical Gloves
SBRN0834,Hospital B,YI5164SY,NIM-SURGICAL-GLOVES,Surgical Gloves
SBRN0835,Hospital B,YI5164SY,NIM-SURGICAL-GLOVES,Surgical Gloves
SBRN0836,Hospital B,YI5164SY,NIM-SURGICAL-GLOVES,Surgical Gloves
SBRN0837,Hospital B,YI5164SY,NIM-SURGICAL-GLOVES,Surgical Gloves
SBRN0838,Hospital B,YI5164SY,NIM-SURGICAL-GLOVES,Surgical Gloves
SBRN0839,Hospital B,AZ8246KO,NIM-SURGICAL-GLOVES,Surgical Gloves
SBRN0840,Hospital B,AZ8246KO,NIM-SURGICAL-GLOVES,Surgical Gloves
SBRN0841,Hospital B,AZ8246KO,NIM-SURGICAL-GLOVES,Surgical Gloves
SBRN0842,Hospital B,XN4349DV,NIM-SURGICAL-GLOVES,Surgical Gloves
SBRN0843,Hospital B,XN4349DV,NIM-SURGICAL-GLOVES,Surgical Gloves
SBRN0844,Hospital B,XN4349DV,NIM-SURGICAL-GLOVES,Surgical Gloves
SBRN0845,Hospital B,XN4349DV,NIM-SURGICAL-GLOVES,Surgical Gloves
SBRN0846,Hospital B,DQ5513ZJ,NIM-SURGICAL-GLOVES,Surgical Gloves
SBRN0847,Hospital B,DQ5513ZJ,NIM-SURGICAL-GLOVES,Surgical Gloves
SBRN0848,Hospital B,DQ5513ZJ,NIM-SURGICAL-GLOVES,Surgical Gloves
SBRN0849,Hospital B,DQ5513ZJ,NIM-SURGICAL-GLOVES,Surgical Gloves
SBRN0850,Hospital B,DQ5513ZJ,NIM-SURGICAL-GLOVES,Surgical Gloves
SBRN0851,Hospital B,DQ5513ZJ,NIM-SURGICAL-GLOVES,Surgical Gloves
SBRN0852,Hospital B,DQ5513ZJ,NIM-SURGICAL-GLOVES,Surgical Gloves
SBRN0853,Hospital B,NU7524DW,NIM-SURGICAL-GLOVES,Surgical Gloves
SBRN0854,Hospital B,OW9422IO,NIM-SURGICAL-GLOVES,Surgical Gloves
SBRN0855,Hospital B,OW9422IO,NIM-SURGICAL-GLOVES,Surgical Gloves
SBRN0856,Hospital B,OW9422IO,NIM-SURGICAL-GLOVES,Surgical Gloves
SBRN0857,Hospital B,WV5304RM,NIM-SURGICAL-GLOVES,Surgical Gloves
SBRN0858,Hospital B,WV5304RM,NIM-SURGICAL-GLOVES,Surgical Gloves
SBRN0859,Hospital B,ZM92024Y,NIM-SURGICAL-GLOVES,Surgical Gloves
SBRN0860,Hospital B,LY737885,NIM-SURGICAL-GLOVES,Surgical Gloves
SBRN0861,Hospital B,LY737885,NIM-SURGICAL-GLOVES,Surgical Gloves
SBRN0862,Hospital B,LY737885,NIM-SURGICAL-GLOVES,Surgical Gloves
SBRN0863,Hospital B,LY737885,NIM-SURGICAL-GLOVES,Surgical Gloves
SBRN0864,Hospital B,LY737885,NIM-SURGICAL-GLOVES,Surgical Gloves
SBRN0865,Hospital B,NU7524DW,NIM-SURGICAL-GLOVES,Surgical Gloves
SBRN0866,Hospital B,NU7524DW,NIM-SURGICAL-GLOVES,Surgical Gloves
SBRN0867,Hospital B,NU7524DW,NIM-SURGICAL-GLOVES,Surgical Gloves
SBRN0868,Hospital B,NU7524DW,NIM-SURGICAL-GLOVES,Surgical Gloves
SBRN0869,Hospital B,NU7524DW,NIM-SURGICAL-GLOVES,Surgical Gloves
SBRN0870,Hospital B,HC144029,NIM-SYRINGE-10ML,Syringe 10ml
SBRN0871,Hospital B,HC144029,NIM-SYRINGE-10ML,Syringe 10ml
SBRN0872,Hospital B,HC144029,NIM-SYRINGE-10ML,Syringe 10ml
SBRN0873,Hospital B,HC144029,NIM-SYRINGE-10ML,Syringe 10ml
SBRN0874,Hospital B,IH778725,NIM-SYRINGE-10ML,Syringe 10ml
SBRN0875,Hospital B,IH778725,NIM-SYRINGE-10ML,Syringe 10ml
SBRN0876,Hospital B,IH778725,NIM-SYRINGE-10ML,Syringe 10ml
SBRN0877,Hospital B,OW9422IO,NIM-SYRINGE-10ML,Syringe 10ml
SBRN0878,Hospital B,OW9422IO,NIM-SYRINGE-10ML,Syringe 10ml
SBRN0879,Hospital B,WV5304RM,NIM-SYRINGE-10ML,Syringe 10ml
SBRN0880,Hospital B,WV5304RM,NIM-SYRINGE-10ML,Syringe 10ml
SBRN0881,Hospital B,WV5304RM,NIM-SYRINGE-10ML,Syringe 10ml
SBRN0882,Hospital B,WV5304RM,NIM-SYRINGE-10ML,Syringe 10ml
SBRN0883,Hospital B,KR55367X,NIM-SYRINGE-10ML,Syringe 10ml
SBRN0884,Hospital B,KR55367X,NIM-SYRINGE-10ML,Syringe 10ml
SBRN0885,Hospital B,KR55367X,NIM-SYRINGE-10ML,Syringe 10ml
SBRN0886,Hospital B,KR55367X,NIM-SYRINGE-10ML,Syringe 10ml
SBRN0887,Hospital B,OJ83977D,NIM-SYRINGE-10ML,Syringe 10ml
SBRN0888,Hospital B,OJ83977D,NIM-SYRINGE-10ML,Syringe 10ml
SBRN0889,Hospital B,DA8362IO,NIM-SYRINGE-10ML,Syringe 10ml
SBRN0890,Hospital B,RH8174S6,NIM-SYRINGE-10ML,Syringe 10ml
SBRN0891,Hospital B,RH8174S6,NIM-SYRINGE-10ML,Syringe 10ml
SBRN0892,Hospital B,RH8174S6,NIM-SYRINGE-10ML,Syringe 10ml
SBRN0893,Hospital B,RH8174S6,NIM-SYRINGE-10ML,Syringe 10ml
SBRN0894,Hospital B,RH8174S6,NIM-SYRINGE-10ML,Syringe 10ml
SBRN0895,Hospital B,RH8174S6,NIM-SYRINGE-10ML,Syringe 10ml
SBRN0896,Hospital B,RH8174S6,NIM-SYRINGE-10ML,Syringe 10ml
SBRN0897,Hospital B,HG7853KW,NIM-SYRINGE-10ML,Syringe 10ml
SBRN0898,Hospital B,HG7853KW,NIM-SYRINGE-10ML,Syringe 10ml
SBRN0899,Hospital B,HG7853KW,NIM-SYRINGE-10ML,Syringe 10ml
SBRN0900,Hospital B,AZ8246KO,NIM-SYRINGE-10ML,Syringe 10ml
SBRN0901,Hospital B,AZ8246KO,NIM-SYRINGE-10ML,Syringe 10ml
SBRN0902,Hospital B,AZ8246KO,NIM-SYRINGE-10ML,Syringe 10ml
SBRN0903,Hospital B,NI4913HC,NIM-THERMOMETER-DIGITAL,Thermometer Digital
SBRN0904,Hospital B,NI4913HC,NIM-THERMOMETER-DIGITAL,Thermometer Digital
SBRN0905,Hospital B,NI4913HC,NIM-THERMOMETER-DIGITAL,Thermometer Digital
SBRN0906,Hospital B,NI4913HC,NIM-THERMOMETER-DIGITAL,Thermometer Digital
SBRN0907,Hospital B,NI4913HC,NIM-THERMOMETER-DIGITAL,Thermometer Digital
SBRN0908,Hospital B,NI4913HC,NIM-THERMOMETER-DIGITAL,Thermometer Digital
SBRN0909,Hospital B,NI4913HC,NIM-THERMOMETER-DIGITAL,Thermometer Digital
SBRN0910,Hospital B,NI4913HC,NIM-THERMOMETER-DIGITAL,Thermometer Digital
SBRN0911,Hospital B,NI4913HC,NIM-THERMOMETER-DIGITAL,Thermometer Digital
SBRN0912,Hospital B,QB7777QV,NIM-THERMOMETER-DIGITAL,Thermometer Digital
SBRN0913,Hospital B,QB7777QV,NIM-THERMOMETER-DIGITAL,Thermometer Digital
SBRN0914,Hospital B,RQ90248J,NIM-THERMOMETER-DIGITAL,Thermometer Digital
SBRN0915,Hospital B,RQ90248J,NIM-THERMOMETER-DIGITAL,Thermometer Digital
SBRN0916,Hospital B,RQ90248J,NIM-THERMOMETER-DIGITAL,Thermometer Digital
SBRN0917,Hospital B,RQ90248J,NIM-THERMOMETER-DIGITAL,Thermometer Digital
SBRN0918,Hospital B,YI5164SY,NIM-THERMOMETER-DIGITAL,Thermometer Digital
SBRN0919,Hospital B,YI5164SY,NIM-THERMOMETER-DIGITAL,Thermometer Digital
SBRN0920,Hospital B,YI5164SY,NIM-THERMOMETER-DIGITAL,Thermometer Digital
SBRN0921,Hospital B,TM1604CK,NIM-THERMOMETER-DIGITAL,Thermometer Digital
SBRN0922,Hospital B,TM1604CK,NIM-THERMOMETER-DIGITAL,Thermometer Digital
SBRN0923,Hospital B,TM1604CK,NIM-THERMOMETER-DIGITAL,Thermometer Digital
SBRN0924,Hospital B,TM1604CK,NIM-THERMOMETER-DIGITAL,Thermometer Digital
SBRN0925,Hospital B,MK1023EE,NIM-THERMOMETER-DIGITAL,Thermometer Digital
SBRN0926,Hospital B,MK1023EE,NIM-THERMOMETER-DIGITAL,Thermometer Digital
SBRN0927,Hospital B,MK1023EE,NIM-THERMOMETER-DIGITAL,Thermometer Digital
SBRN0928,Hospital B,MK1023EE,NIM-THERMOMETER-DIGITAL,Thermometer Digital
SBRN0929,Hospital B,MK1023EE,NIM-THERMOMETER-DIGITAL,Thermometer Digital
SBRN0930,Hospital B,NU7524DW,NIM-THERMOMETER-DIGITAL,Thermometer Digital
SBRN0931,Hospital B,NU7524DW,NIM-THERMOMETER-DIGITAL,Thermometer Digital
SBRN0932,Hospital B,NU7524DW,NIM-THERMOMETER-DIGITAL,Thermometer Digital
SBRN0933,Hospital B,NU7524DW,NIM-THERMOMETER-DIGITAL,Thermometer Digital
SBRN0934,Hospital B,NU7524DW,NIM-THERMOMETER-DIGITAL,Thermometer Digital
SBRN0935,Hospital B,NU7524DW,NIM-THERMOMETER-DIGITAL,Thermometer Digital
SBRN0936,Hospital B,NU7524DW,NIM-THERMOMETER-DIGITAL,Thermometer Digital
SBRN0937,Hospital B,NU7524DW,NIM-THERMOMETER-DIGITAL,Thermometer Digital
SBRN0938,Hospital B,XN4349DV,NIM-THERMOMETER-DIGITAL,Thermometer Digital
SBRN0939,Hospital B,XN4349DV,NIM-THERMOMETER-DIGITAL,Thermometer Digital
SBRN0940,Hospital B,NG19643Z,NIM-THERMOMETER-DIGITAL,Thermometer Digital
SBRN0941,Hospital B,NG19643Z,NIM-THERMOMETER-DIGITAL,Thermometer Digital
SBRN0942,Hospital B,NG19643Z,NIM-THERMOMETER-DIGITAL,Thermometer Digital
SBRN0943,Hospital B,NG19643Z,NIM-THERMOMETER-DIGITAL,Thermometer Digital
SBRN0944,Hospital B,NG19643Z,NIM-THERMOMETER-DIGITAL,Thermometer Digital
SBRN0945,Hospital B,NG19643Z,NIM-THERMOMETER-DIGITAL,Thermometer Digital
SBRN0946,Hospital B,NG19643Z,NIM-THERMOMETER-DIGITAL,Thermometer Digital
SBRN0947,Hospital B,SE4328A9,NIM-THERMOMETER-DIGITAL,Thermometer Digital
SBRN0948,Hospital B,SE4328A9,NIM-THERMOMETER-DIGITAL,Thermometer Digital
SBRN0949,Hospital B,SE4328A9,NIM-THERMOMETER-DIGITAL,Thermometer Digital
SBRN0950,Hospital B,SE4328A9,NIM-THERMOMETER-DIGITAL,Thermometer Digital
SBRN0951,Hospital B,PD1320T7,NIM-WOUND-DRESSING-LARGE,Wound Dressing Large
SBRN0952,Hospital B,PD1320T7,NIM-WOUND-DRESSING-LARGE,Wound Dressing Large
SBRN0953,Hospital B,PD1320T7,NIM-WOUND-DRESSING-LARGE,Wound Dressing Large
SBRN0954,Hospital B,PD1320T7,NIM-WOUND-DRESSING-LARGE,Wound Dressing Large
SBRN0955,Hospital B,KM7322VV,NIM-WOUND-DRESSING-LARGE,Wound Dressing Large
SBRN0956,Hospital B,KM7322VV,NIM-WOUND-DRESSING-LARGE,Wound Dressing Large
SBRN0957,Hospital B,KM7322VV,NIM-WOUND-DRESSING-LARGE,Wound Dressing Large
SBRN0958,Hospital B,KM7322VV,NIM-WOUND-DRESSING-LARGE,Wound Dressing Large
SBRN0959,Hospital B,FF5222GO,NIM-WOUND-DRESSING-LARGE,Wound Dressing Large
SBRN0960,Hospital B,FF5222GO,NIM-WOUND-DRESSING-LARGE,Wound Dressing Large
SBRN0961,Hospital B,FF5222GO,NIM-WOUND-DRESSING-LARGE,Wound Dressing Large
SBRN0962,Hospital B,FH3403RT,NIM-WOUND-DRESSING-LARGE,Wound Dressing Large
SBRN0963,Hospital B,FH3403RT,NIM-WOUND-DRESSING-LARGE,Wound Dressing Large
SBRN0964,Hospital B,FH3403RT,NIM-WOUND-DRESSING-LARGE,Wound Dressing Large
SBRN0965,Hospital B,FH3403RT,NIM-WOUND-DRESSING-LARGE,Wound Dressing Large
SBRN0966,Hospital B,FH3403RT,NIM-WOUND-DRESSING-LARGE,Wound Dressing Large
SBRN0967,Hospital B,FH3403RT,NIM-WOUND-DRESSING-LARGE,Wound Dressing Large
SBRN0968,Hospital B,TU6025MG,NIM-WOUND-DRESSING-LARGE,Wound Dressing Large
SBRN0969,Hospital B,TU6025MG,NIM-WOUND-DRESSING-LARGE,Wound Dressing Large
SBRN0970,Hospital B,TU6025MG,NIM-WOUND-DRESSING-LARGE,Wound Dressing Large
SBRN0971,Hospital B,VL25854C,NIM-WOUND-DRESSING-LARGE,Wound Dressing Large
SBRN0972,Hospital B,VL25854C,NIM-WOUND-DRESSING-LARGE,Wound Dressing Large
SBRN0973,Hospital B,VL25854C,NIM-WOUND-DRESSING-LARGE,Wound Dressing Large
SBRN0974,Hospital B,VL25854C,NIM-WOUND-DRESSING-LARGE,Wound Dressing Large
SBRN0975,Hospital B,VL25854C,NIM-WOUND-DRESSING-LARGE,Wound Dressing Large
SBRN0976,Hospital B,IC2357ZF,NIM-WOUND-DRESSING-LARGE,Wound Dressing Large
SBRN0977,Hospital B,IC2357ZF,NIM-WOUND-DRESSING-LARGE,Wound Dressing Large
SBRN0978,Hospital B,IC2357ZF,NIM-WOUND-DRESSING-LARGE,Wound Dressing Large
SBRN0979,Hospital B,IC2357ZF,NIM-WOUND-DRESSING-LARGE,Wound Dressing Large
SBRN0980,Hospital B,WV5304RM,NIM-WOUND-DRESSING-LARGE,Wound Dressing Large
SBRN0981,Hospital B,WV5304RM,NIM-WOUND-DRESSING-LARGE,Wound Dressing Large
SBRN0982,Hospital B,WV5304RM,NIM-WOUND-DRESSING-LARGE,Wound Dressing Large
SBRN0983,Hospital B,WV5304RM,NIM-WOUND-DRESSING-LARGE,Wound Dressing Large
SBRN0984,Hospital B,YI5164SY,NIM-WOUND-DRESSING-LARGE,Wound Dressing Large
SBRN0985,Hospital B,YI5164SY,NIM-WOUND-DRESSING-LARGE,Wound Dressing Large
SBRN0986,Hospital B,YI5164SY,NIM-WOUND-DRESSING-LARGE,Wound Dressing Large
SBRN0987,Hospital B,OX9440QU,NIM-WOUND-DRESSING-LARGE,Wound Dressing Large
SBRN0988,Hospital B,OX9440QU,NIM-WOUND-DRESSING-LARGE,Wound Dressing Large
SBRN0989,Hospital B,OX9440QU,NIM-WOUND-DRESSING-LARGE,Wound Dressing Large
SBRN0990,Hospital B,OX9440QU,NIM-WOUND-DRESSING-LARGE,Wound Dressing Large
SBRN0991,Hospital B,OX9440QU,NIM-WOUND-DRESSING-LARGE,Wound Dressing Large
SBRN0992,Hospital B,OX9440QU,NIM-WOUND-DRESSING-LARGE,Wound Dressing Large
SBRN0993,Hospital B,OX9440QU,NIM-WOUND-DRESSING-LARGE,Wound Dressing Large
SBRN0994,Hospital B,XR6968LB,NIM-WOUND-DRESSING-LARGE,Wound Dressing Large
SBRN0995,Hospital B,XR6968LB,NIM-WOUND-DRESSING-LARGE,Wound Dressing Large
SBRN0996,Hospital B,XR6968LB,NIM-WOUND-DRESSING-LARGE,Wound Dressing Large
SBRN0997,Hospital B,XR6968LB,NIM-WOUND-DRESSING-LARGE,Wound Dressing Large
SBRN0998,Hospital B,XR6968LB,NIM-WOUND-DRESSING-LARGE,Wound Dressing Large
SBRN0999,Hospital B,XR6968LB,NIM-WOUND-DRESSING-LARGE,Wound Dressing Large
SBRN1000,Hospital B,XR6968LB,NIM-WOUND-DRESSING-LARGE,Wound Dressing Large
SBRN1001,Hospital C,MO1188HT,NIM-ANTISEPTIC-WIPES,Antiseptic Wipes
SBRN1002,Hospital C,MO1188HT,NIM-ANTISEPTIC-WIPES,Antiseptic Wipes
SBRN1003,Hospital C,MO1188HT,NIM-ANTISEPTIC-WIPES,Antiseptic Wipes
SBRN1004,Hospital C,TV5792YY,NIM-ANTISEPTIC-WIPES,Antiseptic Wipes
SBRN1005,Hospital C,VN5034QW,NIM-ANTISEPTIC-WIPES,Antiseptic Wipes
SBRN1006,Hospital C,VN5034QW,NIM-ANTISEPTIC-WIPES,Antiseptic Wipes
SBRN1007,Hospital C,VN5034QW,NIM-ANTISEPTIC-WIPES,Antiseptic Wipes
SBRN1008,Hospital C,VN5034QW,NIM-ANTISEPTIC-WIPES,Antiseptic Wipes
SBRN1009,Hospital C,VN5034QW,NIM-ANTISEPTIC-WIPES,Antiseptic Wipes
SBRN1010,Hospital C,WG7172RX,NIM-ANTISEPTIC-WIPES,Antiseptic Wipes
SBRN1011,Hospital C,WG7172RX,NIM-ANTISEPTIC-WIPES,Antiseptic Wipes
SBRN1012,Hospital C,WG7172RX,NIM-ANTISEPTIC-WIPES,Antiseptic Wipes
SBRN1013,Hospital C,WG7172RX,NIM-ANTISEPTIC-WIPES,Antiseptic Wipes
SBRN1014,Hospital C,WG7172RX,NIM-ANTISEPTIC-WIPES,Antiseptic Wipes
SBRN1015,Hospital C,DU70918F,NIM-ANTISEPTIC-WIPES,Antiseptic Wipes
SBRN1016,Hospital C,DU70918F,NIM-ANTISEPTIC-WIPES,Antiseptic Wipes
SBRN1017,Hospital C,DU70918F,NIM-ANTISEPTIC-WIPES,Antiseptic Wipes
SBRN1018,Hospital C,DU70918F,NIM-ANTISEPTIC-WIPES,Antiseptic Wipes
SBRN1019,Hospital C,DU70918F,NIM-ANTISEPTIC-WIPES,Antiseptic Wipes
SBRN1020,Hospital C,DU70918F,NIM-ANTISEPTIC-WIPES,Antiseptic Wipes
SBRN1021,Hospital C,DU70918F,NIM-ANTISEPTIC-WIPES,Antiseptic Wipes
SBRN1022,Hospital C,TV5792YY,NIM-ANTISEPTIC-WIPES,Antiseptic Wipes
SBRN1023,Hospital C,TV5792YY,NIM-ANTISEPTIC-WIPES,Antiseptic Wipes
SBRN1024,Hospital C,TV5792YY,NIM-ANTISEPTIC-WIPES,Antiseptic Wipes
SBRN1025,Hospital C,TV5792YY,NIM-ANTISEPTIC-WIPES,Antiseptic Wipes
SBRN1026,Hospital C,TV5792YY,NIM-ANTISEPTIC-WIPES,Antiseptic Wipes
SBRN1027,Hospital C,DW539786,NIM-BLOOD-PRESSURE-CUFF,Blood Pressure Cuff
SBRN1028,Hospital C,DU70918F,NIM-BLOOD-PRESSURE-CUFF,Blood Pressure Cuff
SBRN1029,Hospital C,DU70918F,NIM-BLOOD-PRESSURE-CUFF,Blood Pressure Cuff
SBRN1030,Hospital C,DU70918F,NIM-BLOOD-PRESSURE-CUFF,Blood Pressure Cuff
SBRN1031,Hospital C,DU70918F,NIM-BLOOD-PRESSURE-CUFF,Blood Pressure Cuff
SBRN1032,Hospital C,DU70918F,NIM-BLOOD-PRESSURE-CUFF,Blood Pressure Cuff
SBRN1033,Hospital C,IG7081C4,NIM-BLOOD-PRESSURE-CUFF,Blood Pressure Cuff
SBRN1034,Hospital C,IG7081C4,NIM-BLOOD-PRESSURE-CUFF,Blood Pressure Cuff
SBRN1035,Hospital C,MV2197E6,NIM-BLOOD-PRESSURE-CUFF,Blood Pressure Cuff
SBRN1036,Hospital C,MV2197E6,NIM-BLOOD-PRESSURE-CUFF,Blood Pressure Cuff
SBRN1037,Hospital C,MV2197E6,NIM-BLOOD-PRESSURE-CUFF,Blood Pressure Cuff
SBRN1038,Hospital C,QS284165,NIM-BLOOD-PRESSURE-CUFF,Blood Pressure Cuff
SBRN1039,Hospital C,TT2592G6,NIM-BLOOD-PRESSURE-CUFF,Blood Pressure Cuff
SBRN1040,Hospital C,TT2592G6,NIM-BLOOD-PRESSURE-CUFF,Blood Pressure Cuff
SBRN1041,Hospital C,TT2592G6,NIM-BLOOD-PRESSURE-CUFF,Blood Pressure Cuff
SBRN1042,Hospital C,TT2592G6,NIM-BLOOD-PRESSURE-CUFF,Blood Pressure Cuff
SBRN1043,Hospital C,TT2592G6,NIM-BLOOD-PRESSURE-CUFF,Blood Pressure Cuff
SBRN1044,Hospital C,CY5920RJ,NIM-BLOOD-PRESSURE-CUFF,Blood Pressure Cuff
SBRN1045,Hospital C,CY5920RJ,NIM-BLOOD-PRESSURE-CUFF,Blood Pressure Cuff
SBRN1046,Hospital C,CY5920RJ,NIM-BLOOD-PRESSURE-CUFF,Blood Pressure Cuff
SBRN1047,Hospital C,CY5920RJ,NIM-BLOOD-PRESSURE-CUFF,Blood Pressure Cuff
SBRN1048,Hospital C,DX6912I5,NIM-BLOOD-PRESSURE-CUFF,Blood Pressure Cuff
SBRN1049,Hospital C,DX6912I5,NIM-BLOOD-PRESSURE-CUFF,Blood Pressure Cuff
SBRN1050,Hospital C,DX6912I5,NIM-BLOOD-PRESSURE-CUFF,Blood Pressure Cuff
SBRN1051,Hospital C,DX6912I5,NIM-BLOOD-PRESSURE-CUFF,Blood Pressure Cuff
SBRN1052,Hospital C,DX6912I5,NIM-BLOOD-PRESSURE-CUFF,Blood Pressure Cuff
SBRN1053,Hospital C,DX6912I5,NIM-BLOOD-PRESSURE-CUFF,Blood Pressure Cuff
SBRN1054,Hospital C,HI7021OS,NIM-BLOOD-PRESSURE-CUFF,Blood Pressure Cuff
SBRN1055,Hospital C,HI7021OS,NIM-BLOOD-PRESSURE-CUFF,Blood Pressure Cuff
SBRN1056,Hospital C,JZ1972LG,NIM-BLOOD-PRESSURE-CUFF,Blood Pressure Cuff
SBRN1057,Hospital C,JZ1972LG,NIM-BLOOD-PRESSURE-CUFF,Blood Pressure Cuff
SBRN1058,Hospital C,JZ1972LG,NIM-BLOOD-PRESSURE-CUFF,Blood Pressure Cuff
SBRN1059,Hospital C,JZ1972LG,NIM-BLOOD-PRESSURE-CUFF,Blood Pressure Cuff
SBRN1060,Hospital C,DP1682T7,NIM-BLOOD-PRESSURE-CUFF,Blood Pressure Cuff
SBRN1061,Hospital C,DP1682T7,NIM-BLOOD-PRESSURE-CUFF,Blood Pressure Cuff
SBRN1062,Hospital C,DP1682T7,NIM-BLOOD-PRESSURE-CUFF,Blood Pressure Cuff
SBRN1063,Hospital C,DP1682T7,NIM-BLOOD-PRESSURE-CUFF,Blood Pressure Cuff
SBRN1064,Hospital C,DU70918F,NIM-BLOOD-PRESSURE-CUFF,Blood Pressure Cuff
SBRN1065,Hospital C,DU70918F,NIM-BLOOD-PRESSURE-CUFF,Blood Pressure Cuff
SBRN1066,Hospital C,SM45388F,NIM-BLOOD-PRESSURE-CUFF,Blood Pressure Cuff
SBRN1067,Hospital C,SM45388F,NIM-BLOOD-PRESSURE-CUFF,Blood Pressure Cuff
SBRN1068,Hospital C,SM45388F,NIM-BLOOD-PRESSURE-CUFF,Blood Pressure Cuff
SBRN1069,Hospital C,SM45388F,NIM-BLOOD-PRESSURE-CUFF,Blood Pressure Cuff
SBRN1070,Hospital C,SM45388F,NIM-BLOOD-PRESSURE-CUFF,Blood Pressure Cuff
SBRN1071,Hospital C,TV5792YY,NIM-BLOOD-PRESSURE-CUFF,Blood Pressure Cuff
SBRN1072,Hospital C,TV5792YY,NIM-BLOOD-PRESSURE-CUFF,Blood Pressure Cuff
SBRN1073,Hospital C,TV5792YY,NIM-BLOOD-PRESSURE-CUFF,Blood Pressure Cuff
SBRN1074,Hospital C,TV5792YY,NIM-BLOOD-PRESSURE-CUFF,Blood Pressure Cuff
SBRN1075,Hospital C,TV5792YY,NIM-BLOOD-PRESSURE-CUFF,Blood Pressure Cuff
SBRN1076,Hospital C,RT11277C,NIM-BLOOD-PRESSURE-CUFF,Blood Pressure Cuff
SBRN1077,Hospital C,RT11277C,NIM-BLOOD-PRESSURE-CUFF,Blood Pressure Cuff
SBRN1078,Hospital C,RT11277C,NIM-BLOOD-PRESSURE-CUFF,Blood Pressure Cuff
SBRN1079,Hospital C,TT2592G6,NIM-BLOOD-PRESSURE-CUFF,Blood Pressure Cuff
SBRN1080,Hospital C,TT2592G6,NIM-BLOOD-PRESSURE-CUFF,Blood Pressure Cuff
SBRN1081,Hospital C,AV2968BA,NIM-BLOOD-PRESSURE-CUFF,Blood Pressure Cuff
SBRN1082,Hospital C,AV2968BA,NIM-BLOOD-PRESSURE-CUFF,Blood Pressure Cuff
SBRN1083,Hospital C,AV2968BA,NIM-BLOOD-PRESSURE-CUFF,Blood Pressure Cuff
SBRN1084,Hospital C,AV2968BA,NIM-BLOOD-PRESSURE-CUFF,Blood Pressure Cuff
SBRN1085,Hospital C,AV2968BA,NIM-BLOOD-PRESSURE-CUFF,Blood Pressure Cuff
SBRN1086,Hospital C,EK2550T2,NIM-BLOOD-PRESSURE-CUFF,Blood Pressure Cuff
SBRN1087,Hospital C,EK2550T2,NIM-BLOOD-PRESSURE-CUFF,Blood Pressure Cuff
SBRN1088,Hospital C,EK2550T2,NIM-BLOOD-PRESSURE-CUFF,Blood Pressure Cuff
SBRN1089,Hospital C,EK2550T2,NIM-BLOOD-PRESSURE-CUFF,Blood Pressure Cuff
SBRN1090,Hospital C,EK2550T2,NIM-BLOOD-PRESSURE-CUFF,Blood Pressure Cuff
SBRN1091,Hospital C,EK2550T2,NIM-BLOOD-PRESSURE-CUFF,Blood Pressure Cuff
SBRN1092,Hospital C,SJ1818B8,NIM-BLOOD-PRESSURE-CUFF,Blood Pressure Cuff
SBRN1093,Hospital C,SJ1818B8,NIM-BLOOD-PRESSURE-CUFF,Blood Pressure Cuff
SBRN1094,Hospital C,SJ1818B8,NIM-BLOOD-PRESSURE-CUFF,Blood Pressure Cuff
SBRN1095,Hospital C,SJ1818B8,NIM-BLOOD-PRESSURE-CUFF,Blood Pressure Cuff
SBRN1096,Hospital C,SJ1818B8,NIM-BLOOD-PRESSURE-CUFF,Blood Pressure Cuff
SBRN1097,Hospital C,BC3427O7,NIM-CATHETER-FOLEY,Catheter Foley
SBRN1098,Hospital C,BC3427O7,NIM-CATHETER-FOLEY,Catheter Foley
SBRN1099,Hospital C,BC3427O7,NIM-CATHETER-FOLEY,Catheter Foley
SBRN1100,Hospital C,LE203260,NIM-CATHETER-FOLEY,Catheter Foley
SBRN1101,Hospital C,YT9331NO,NIM-CATHETER-FOLEY,Catheter Foley
SBRN1102,Hospital C,YT9331NO,NIM-CATHETER-FOLEY,Catheter Foley
SBRN1103,Hospital C,YT9331NO,NIM-CATHETER-FOLEY,Catheter Foley
SBRN1104,Hospital C,YT9331NO,NIM-CATHETER-FOLEY,Catheter Foley
SBRN1105,Hospital C,YT9331NO,NIM-CATHETER-FOLEY,Catheter Foley
SBRN1106,Hospital C,YT9331NO,NIM-CATHETER-FOLEY,Catheter Foley
SBRN1107,Hospital C,YT9331NO,NIM-CATHETER-FOLEY,Catheter Foley
SBRN1108,Hospital C,YT9331NO,NIM-CATHETER-FOLEY,Catheter Foley
SBRN1109,Hospital C,AA6714HH,NIM-CATHETER-FOLEY,Catheter Foley
SBRN1110,Hospital C,AA6714HH,NIM-CATHETER-FOLEY,Catheter Foley
SBRN1111,Hospital C,AA6714HH,NIM-CATHETER-FOLEY,Catheter Foley
SBRN1112,Hospital C,AI8516TJ,NIM-CATHETER-FOLEY,Catheter Foley
SBRN1113,Hospital C,KQ3208HR,NIM-CATHETER-FOLEY,Catheter Foley
SBRN1114,Hospital C,KQ3208HR,NIM-CATHETER-FOLEY,Catheter Foley
SBRN1115,Hospital C,KQ3208HR,NIM-CATHETER-FOLEY,Catheter Foley
SBRN1116,Hospital C,VG3550BI,NIM-CATHETER-FOLEY,Catheter Foley
SBRN1117,Hospital C,VG3550BI,NIM-CATHETER-FOLEY,Catheter Foley
SBRN1118,Hospital C,VG3550BI,NIM-CATHETER-FOLEY,Catheter Foley
SBRN1119,Hospital C,VG3550BI,NIM-CATHETER-FOLEY,Catheter Foley
SBRN1120,Hospital C,JA0610CR,NIM-CATHETER-FOLEY,Catheter Foley
SBRN1121,Hospital C,JA0610CR,NIM-CATHETER-FOLEY,Catheter Foley
SBRN1122,Hospital C,JA0610CR,NIM-CATHETER-FOLEY,Catheter Foley
SBRN1123,Hospital C,JA0610CR,NIM-CATHETER-FOLEY,Catheter Foley
SBRN1124,Hospital C,JA0610CR,NIM-CATHETER-FOLEY,Catheter Foley
SBRN1125,Hospital C,DU70918F,NIM-CATHETER-FOLEY,Catheter Foley
SBRN1126,Hospital C,DU70918F,NIM-CATHETER-FOLEY,Catheter Foley
SBRN1127,Hospital C,DU70918F,NIM-CATHETER-FOLEY,Catheter Foley
SBRN1128,Hospital C,DU70918F,NIM-CATHETER-FOLEY,Catheter Foley
SBRN1129,Hospital C,DU70918F,NIM-CATHETER-FOLEY,Catheter Foley
SBRN1130,Hospital C,MJ69199Q,NIM-CATHETER-FOLEY,Catheter Foley
SBRN1131,Hospital C,MJ69199Q,NIM-CATHETER-FOLEY,Catheter Foley
SBRN1132,Hospital C,VN5034QW,NIM-CATHETER-FOLEY,Catheter Foley
SBRN1133,Hospital C,GN0721MK,NIM-CATHETER-FOLEY,Catheter Foley
SBRN1134,Hospital C,GN0721MK,NIM-CATHETER-FOLEY,Catheter Foley
SBRN1135,Hospital C,JJ0396I3,NIM-CATHETER-FOLEY,Catheter Foley
SBRN1136,Hospital C,JJ0396I3,NIM-CATHETER-FOLEY,Catheter Foley
SBRN1137,Hospital C,DZ0163LH,NIM-CATHETER-FOLEY,Catheter Foley
SBRN1138,Hospital C,DZ0163LH,NIM-CATHETER-FOLEY,Catheter Foley
SBRN1139,Hospital C,DZ0163LH,NIM-CATHETER-FOLEY,Catheter Foley
SBRN1140,Hospital C,DZ0163LH,NIM-CATHETER-FOLEY,Catheter Foley
SBRN1141,Hospital C,RX49877M,NIM-CATHETER-FOLEY,Catheter Foley
SBRN1142,Hospital C,TT2592G6,NIM-CATHETER-FOLEY,Catheter Foley
SBRN1143,Hospital C,TT2592G6,NIM-CATHETER-FOLEY,Catheter Foley
SBRN1144,Hospital C,TT2592G6,NIM-CATHETER-FOLEY,Catheter Foley
SBRN1145,Hospital C,TT2592G6,NIM-CATHETER-FOLEY,Catheter Foley
SBRN1146,Hospital C,TT2592G6,NIM-CATHETER-FOLEY,Catheter Foley
SBRN1147,Hospital C,VN5034QW,NIM-CATHETER-FOLEY,Catheter Foley
SBRN1148,Hospital C,VN5034QW,NIM-CATHETER-FOLEY,Catheter Foley
SBRN1149,Hospital C,VN5034QW,NIM-CATHETER-FOLEY,Catheter Foley
SBRN1150,Hospital C,KF6004GV,NIM-CATHETER-FOLEY,Catheter Foley
SBRN1151,Hospital C,KF6004GV,NIM-CATHETER-FOLEY,Catheter Foley
SBRN1152,Hospital C,SM45388F,NIM-COMPRESSION-BANDAGE,Compression Bandage
SBRN1153,Hospital C,SM45388F,NIM-COMPRESSION-BANDAGE,Compression Bandage
SBRN1154,Hospital C,SM45388F,NIM-COMPRESSION-BANDAGE,Compression Bandage
SBRN1155,Hospital C,SM45388F,NIM-COMPRESSION-BANDAGE,Compression Bandage
SBRN1156,Hospital C,LR68370X,NIM-COMPRESSION-BANDAGE,Compression Bandage
SBRN1157,Hospital C,LR68370X,NIM-COMPRESSION-BANDAGE,Compression Bandage
SBRN1158,Hospital C,LR68370X,NIM-COMPRESSION-BANDAGE,Compression Bandage
SBRN1159,Hospital C,LR68370X,NIM-COMPRESSION-BANDAGE,Compression Bandage
SBRN1160,Hospital C,LR68370X,NIM-COMPRESSION-BANDAGE,Compression Bandage
SBRN1161,Hospital C,CC8630QU,NIM-COMPRESSION-BANDAGE,Compression Bandage
SBRN1162,Hospital C,CC8630QU,NIM-COMPRESSION-BANDAGE,Compression Bandage
SBRN1163,Hospital C,CC8630QU,NIM-COMPRESSION-BANDAGE,Compression Bandage
SBRN1164,Hospital C,CC8630QU,NIM-COMPRESSION-BANDAGE,Compression Bandage
SBRN1165,Hospital C,CC8630QU,NIM-COMPRESSION-BANDAGE,Compression Bandage
SBRN1166,Hospital C,CC8630QU,NIM-COMPRESSION-BANDAGE,Compression Bandage
SBRN1167,Hospital C,QX990624,NIM-COMPRESSION-BANDAGE,Compression Bandage
SBRN1168,Hospital C,QX990624,NIM-COMPRESSION-BANDAGE,Compression Bandage
SBRN1169,Hospital C,QX990624,NIM-COMPRESSION-BANDAGE,Compression Bandage
SBRN1170,Hospital C,QX990624,NIM-COMPRESSION-BANDAGE,Compression Bandage
SBRN1171,Hospital C,QX990624,NIM-COMPRESSION-BANDAGE,Compression Bandage
SBRN1172,Hospital C,QX990624,NIM-COMPRESSION-BANDAGE,Compression Bandage
SBRN1173,Hospital C,HN916108,NIM-COMPRESSION-BANDAGE,Compression Bandage
SBRN1174,Hospital C,HN916108,NIM-COMPRESSION-BANDAGE,Compression Bandage
SBRN1175,Hospital C,HN916108,NIM-COMPRESSION-BANDAGE,Compression Bandage
SBRN1176,Hospital C,HN916108,NIM-COMPRESSION-BANDAGE,Compression Bandage
SBRN1177,Hospital C,HN916108,NIM-COMPRESSION-BANDAGE,Compression Bandage
SBRN1178,Hospital C,HN916108,NIM-COMPRESSION-BANDAGE,Compression Bandage
SBRN1179,Hospital C,YX8660EG,NIM-COMPRESSION-BANDAGE,Compression Bandage
SBRN1180,Hospital C,YX8660EG,NIM-COMPRESSION-BANDAGE,Compression Bandage
SBRN1181,Hospital C,YX8660EG,NIM-COMPRESSION-BANDAGE,Compression Bandage
SBRN1182,Hospital C,YX8660EG,NIM-COMPRESSION-BANDAGE,Compression Bandage
SBRN1183,Hospital C,BK6764AC,NIM-COMPRESSION-BANDAGE,Compression Bandage
SBRN1184,Hospital C,QP9942M7,NIM-COMPRESSION-BANDAGE,Compression Bandage
SBRN1185,Hospital C,QP9942M7,NIM-COMPRESSION-BANDAGE,Compression Bandage
SBRN1186,Hospital C,QP9942M7,NIM-COMPRESSION-BANDAGE,Compression Bandage
SBRN1187,Hospital C,QP9942M7,NIM-COMPRESSION-BANDAGE,Compression Bandage
SBRN1188,Hospital C,EC71280B,NIM-COMPRESSION-BANDAGE,Compression Bandage
SBRN1189,Hospital C,EC71280B,NIM-COMPRESSION-BANDAGE,Compression Bandage
SBRN1190,Hospital C,CB9363EO,NIM-COMPRESSION-BANDAGE,Compression Bandage
SBRN1191,Hospital C,CB9363EO,NIM-COMPRESSION-BANDAGE,Compression Bandage
SBRN1192,Hospital C,CB9363EO,NIM-COMPRESSION-BANDAGE,Compression Bandage
SBRN1193,Hospital C,CB9363EO,NIM-COMPRESSION-BANDAGE,Compression Bandage
SBRN1194,Hospital C,CB9363EO,NIM-COMPRESSION-BANDAGE,Compression Bandage
SBRN1195,Hospital C,JJ0396I3,NIM-COMPRESSION-BANDAGE,Compression Bandage
SBRN1196,Hospital C,JJ0396I3,NIM-COMPRESSION-BANDAGE,Compression Bandage
SBRN1197,Hospital C,SM45388F,NIM-COMPRESSION-BANDAGE,Compression Bandage
SBRN1198,Hospital C,SM45388F,NIM-COMPRESSION-BANDAGE,Compression Bandage
SBRN1199,Hospital C,SM45388F,NIM-COMPRESSION-BANDAGE,Compression Bandage
SBRN1200,Hospital C,BB24215Q,NIM-IV-BAG-500ML,IV Bag 500ml
SBRN1201,Hospital C,BB24215Q,NIM-IV-BAG-500ML,IV Bag 500ml
SBRN1202,Hospital C,EZ1945A2,NIM-IV-BAG-500ML,IV Bag 500ml
SBRN1203,Hospital C,EZ1945A2,NIM-IV-BAG-500ML,IV Bag 500ml
SBRN1204,Hospital C,EZ1945A2,NIM-IV-BAG-500ML,IV Bag 500ml
SBRN1205,Hospital C,EZ1945A2,NIM-IV-BAG-500ML,IV Bag 500ml
SBRN1206,Hospital C,EZ1945A2,NIM-IV-BAG-500ML,IV Bag 500ml
SBRN1207,Hospital C,EZ1945A2,NIM-IV-BAG-500ML,IV Bag 500ml
SBRN1208,Hospital C,HO7059JQ,NIM-IV-BAG-500ML,IV Bag 500ml
SBRN1209,Hospital C,HO7059JQ,NIM-IV-BAG-500ML,IV Bag 500ml
SBRN1210,Hospital C,HO7059JQ,NIM-IV-BAG-500ML,IV Bag 500ml
SBRN1211,Hospital C,HO7059JQ,NIM-IV-BAG-500ML,IV Bag 500ml
SBRN1212,Hospital C,HO7059JQ,NIM-IV-BAG-500ML,IV Bag 500ml
SBRN1213,Hospital C,HO7059JQ,NIM-IV-BAG-500ML,IV Bag 500ml
SBRN1214,Hospital C,HO7059JQ,NIM-IV-BAG-500ML,IV Bag 500ml
SBRN1215,Hospital C,CN6247BX,NIM-IV-BAG-500ML,IV Bag 500ml
SBRN1216,Hospital C,DN040299,NIM-IV-BAG-500ML,IV Bag 500ml
SBRN1217,Hospital C,DN040299,NIM-IV-BAG-500ML,IV Bag 500ml
SBRN1218,Hospital C,LF7143NR,NIM-IV-BAG-500ML,IV Bag 500ml
SBRN1219,Hospital C,LF7143NR,NIM-IV-BAG-500ML,IV Bag 500ml
SBRN1220,Hospital C,LF7143NR,NIM-IV-BAG-500ML,IV Bag 500ml
SBRN1221,Hospital C,VY8134XM,NIM-IV-BAG-500ML,IV Bag 500ml
SBRN1222,Hospital C,YK9467I5,NIM-IV-BAG-500ML,IV Bag 500ml
SBRN1223,Hospital C,YK9467I5,NIM-IV-BAG-500ML,IV Bag 500ml
SBRN1224,Hospital C,YK9467I5,NIM-IV-BAG-500ML,IV Bag 500ml
SBRN1225,Hospital C,YK9467I5,NIM-IV-BAG-500ML,IV Bag 500ml
SBRN1226,Hospital C,YK9467I5,NIM-IV-BAG-500ML,IV Bag 500ml
SBRN1227,Hospital C,JJ0396I3,NIM-IV-BAG-500ML,IV Bag 500ml
SBRN1228,Hospital C,JJ0396I3,NIM-IV-BAG-500ML,IV Bag 500ml
SBRN1229,Hospital C,QQ95784F,NIM-IV-BAG-500ML,IV Bag 500ml
SBRN1230,Hospital C,QQ95784F,NIM-IV-BAG-500ML,IV Bag 500ml
SBRN1231,Hospital C,QQ95784F,NIM-IV-BAG-500ML,IV Bag 500ml
SBRN1232,Hospital C,TV5792YY,NIM-IV-BAG-500ML,IV Bag 500ml
SBRN1233,Hospital C,TV5792YY,NIM-IV-BAG-500ML,IV Bag 500ml
SBRN1234,Hospital C,TV5792YY,NIM-IV-BAG-500ML,IV Bag 500ml
SBRN1235,Hospital C,TV5792YY,NIM-IV-BAG-500ML,IV Bag 500ml
SBRN1236,Hospital C,TV5792YY,NIM-IV-BAG-500ML,IV Bag 500ml
SBRN1237,Hospital C,NI714614,NIM-IV-BAG-500ML,IV Bag 500ml
SBRN1238,Hospital C,NI714614,NIM-IV-BAG-500ML,IV Bag 500ml
SBRN1239,Hospital C,NI714614,NIM-IV-BAG-500ML,IV Bag 500ml
SBRN1240,Hospital C,EC71280B,NIM-IV-BAG-500ML,IV Bag 500ml
SBRN1241,Hospital C,EC71280B,NIM-IV-BAG-500ML,IV Bag 500ml
SBRN1242,Hospital C,EC71280B,NIM-IV-BAG-500ML,IV Bag 500ml
SBRN1243,Hospital C,EC71280B,NIM-IV-BAG-500ML,IV Bag 500ml
SBRN1244,Hospital C,EC71280B,NIM-IV-BAG-500ML,IV Bag 500ml
SBRN1245,Hospital C,EC71280B,NIM-IV-BAG-500ML,IV Bag 500ml
SBRN1246,Hospital C,EC71280B,NIM-IV-BAG-500ML,IV Bag 500ml
SBRN1247,Hospital C,FR8055GA,NIM-IV-BAG-500ML,IV Bag 500ml
SBRN1248,Hospital C,FR8055GA,NIM-IV-BAG-500ML,IV Bag 500ml
SBRN1249,Hospital C,KE33095S,NIM-IV-BAG-500ML,IV Bag 500ml
SBRN1250,Hospital C,KE33095S,NIM-IV-BAG-500ML,IV Bag 500ml
SBRN1251,Hospital C,KE33095S,NIM-IV-BAG-500ML,IV Bag 500ml
SBRN1252,Hospital C,VN5034QW,NIM-IV-BAG-500ML,IV Bag 500ml
SBRN1253,Hospital C,VN5034QW,NIM-IV-BAG-500ML,IV Bag 500ml
SBRN1254,Hospital C,VN5034QW,NIM-IV-BAG-500ML,IV Bag 500ml
SBRN1255,Hospital C,VN5034QW,NIM-IV-BAG-500ML,IV Bag 500ml
SBRN1256,Hospital C,VN5034QW,NIM-IV-BAG-500ML,IV Bag 500ml
SBRN1257,Hospital C,TV5792YY,NIM-SCALPEL-SIZE-10,Scalpel Size 10
SBRN1258,Hospital C,TV5792YY,NIM-SCALPEL-SIZE-10,Scalpel Size 10
SBRN1259,Hospital C,TV5792YY,NIM-SCALPEL-SIZE-10,Scalpel Size 10
SBRN1260,Hospital C,TV5792YY,NIM-SCALPEL-SIZE-10,Scalpel Size 10
SBRN1261,Hospital C,TV5792YY,NIM-SCALPEL-SIZE-10,Scalpel Size 10
SBRN1262,Hospital C,TV5792YY,NIM-SCALPEL-SIZE-10,Scalpel Size 10
SBRN1263,Hospital C,VA21882Z,NIM-SCALPEL-SIZE-10,Scalpel Size 10
SBRN1264,Hospital C,VA21882Z,NIM-SCALPEL-SIZE-10,Scalpel Size 10
SBRN1265,Hospital C,VA21882Z,NIM-SCALPEL-SIZE-10,Scalpel Size 10
SBRN1266,Hospital C,VA21882Z,NIM-SCALPEL-SIZE-10,Scalpel Size 10
SBRN1267,Hospital C,VA21882Z,NIM-SCALPEL-SIZE-10,Scalpel Size 10
SBRN1268,Hospital C,VA21882Z,NIM-SCALPEL-SIZE-10,Scalpel Size 10
SBRN1269,Hospital C,VA21882Z,NIM-SCALPEL-SIZE-10,Scalpel Size 10
SBRN1270,Hospital C,VN5034QW,NIM-SCALPEL-SIZE-10,Scalpel Size 10
SBRN1271,Hospital C,VN5034QW,NIM-SCALPEL-SIZE-10,Scalpel Size 10
SBRN1272,Hospital C,VN5034QW,NIM-SCALPEL-SIZE-10,Scalpel Size 10
SBRN1273,Hospital C,VN5034QW,NIM-SCALPEL-SIZE-10,Scalpel Size 10
SBRN1274,Hospital C,VN5034QW,NIM-SCALPEL-SIZE-10,Scalpel Size 10
SBRN1275,Hospital C,GK7546UA,NIM-SCALPEL-SIZE-10,Scalpel Size 10
SBRN1276,Hospital C,GK7546UA,NIM-SCALPEL-SIZE-10,Scalpel Size 10
SBRN1277,Hospital C,GK7546UA,NIM-SCALPEL-SIZE-10,Scalpel Size 10
SBRN1278,Hospital C,GK7546UA,NIM-SCALPEL-SIZE-10,Scalpel Size 10
SBRN1279,Hospital C,GK7546UA,NIM-SCALPEL-SIZE-10,Scalpel Size 10
SBRN1280,Hospital C,GK7546UA,NIM-SCALPEL-SIZE-10,Scalpel Size 10
SBRN1281,Hospital C,GK7546UA,NIM-SCALPEL-SIZE-10,Scalpel Size 10
SBRN1282,Hospital C,SM45388F,NIM-SCALPEL-SIZE-10,Scalpel Size 10
SBRN1283,Hospital C,VN5034QW,NIM-SCALPEL-SIZE-10,Scalpel Size 10
SBRN1284,Hospital C,BF2061R0,NIM-SCALPEL-SIZE-10,Scalpel Size 10
SBRN1285,Hospital C,BF2061R0,NIM-SCALPEL-SIZE-10,Scalpel Size 10
SBRN1286,Hospital C,BF2061R0,NIM-SCALPEL-SIZE-10,Scalpel Size 10
SBRN1287,Hospital C,BF2061R0,NIM-SCALPEL-SIZE-10,Scalpel Size 10
SBRN1288,Hospital C,CB9363EO,NIM-SCALPEL-SIZE-10,Scalpel Size 10
SBRN1289,Hospital C,CB9363EO,NIM-SCALPEL-SIZE-10,Scalpel Size 10
SBRN1290,Hospital C,CB9363EO,NIM-SCALPEL-SIZE-10,Scalpel Size 10
SBRN1291,Hospital C,CB9363EO,NIM-SCALPEL-SIZE-10,Scalpel Size 10
SBRN1292,Hospital C,CB9363EO,NIM-SCALPEL-SIZE-10,Scalpel Size 10
SBRN1293,Hospital C,JZ1972LG,NIM-SCALPEL-SIZE-10,Scalpel Size 10
SBRN1294,Hospital C,JZ1972LG,NIM-SCALPEL-SIZE-10,Scalpel Size 10
SBRN1295,Hospital C,JZ1972LG,NIM-SCALPEL-SIZE-10,Scalpel Size 10
SBRN1296,Hospital C,JZ1972LG,NIM-SCALPEL-SIZE-10,Scalpel Size 10
SBRN1297,Hospital C,JZ1972LG,NIM-SCALPEL-SIZE-10,Scalpel Size 10
SBRN1298,Hospital C,JZ1972LG,NIM-SURGICAL-GLOVES,Surgical Gloves
SBRN1299,Hospital C,JZ1972LG,NIM-SURGICAL-GLOVES,Surgical Gloves
SBRN1300,Hospital C,JZ1972LG,NIM-SURGICAL-GLOVES,Surgical Gloves
SBRN1301,Hospital C,ZL87938L,NIM-SURGICAL-GLOVES,Surgical Gloves
SBRN1302,Hospital C,ZL87938L,NIM-SURGICAL-GLOVES,Surgical Gloves
SBRN1303,Hospital C,ZL87938L,NIM-SURGICAL-GLOVES,Surgical Gloves
SBRN1304,Hospital C,ZL87938L,NIM-SURGICAL-GLOVES,Surgical Gloves
SBRN1305,Hospital C,EC71280B,NIM-SURGICAL-GLOVES,Surgical Gloves
SBRN1306,Hospital C,EC71280B,NIM-SURGICAL-GLOVES,Surgical Gloves
SBRN1307,Hospital C,EC71280B,NIM-SURGICAL-GLOVES,Surgical Gloves
SBRN1308,Hospital C,EC71280B,NIM-SURGICAL-GLOVES,Surgical Gloves
SBRN1309,Hospital C,EC71280B,NIM-SURGICAL-GLOVES,Surgical Gloves
SBRN1310,Hospital C,JJ0396I3,NIM-SURGICAL-GLOVES,Surgical Gloves
SBRN1311,Hospital C,JJ0396I3,NIM-SURGICAL-GLOVES,Surgical Gloves
SBRN1312,Hospital C,JJ0396I3,NIM-SURGICAL-GLOVES,Surgical Gloves
SBRN1313,Hospital C,JJ0396I3,NIM-SURGICAL-GLOVES,Surgical Gloves
SBRN1314,Hospital C,DU70918F,NIM-SURGICAL-GLOVES,Surgical Gloves
SBRN1315,Hospital C,DU70918F,NIM-SURGICAL-GLOVES,Surgical Gloves
SBRN1316,Hospital C,OO8242W9,NIM-SURGICAL-GLOVES,Surgical Gloves
SBRN1317,Hospital C,OO8242W9,NIM-SURGICAL-GLOVES,Surgical Gloves
SBRN1318,Hospital C,OO8242W9,NIM-SURGICAL-GLOVES,Surgical Gloves
SBRN1319,Hospital C,OO8242W9,NIM-SURGICAL-GLOVES,Surgical Gloves
SBRN1320,Hospital C,OO8242W9,NIM-SURGICAL-GLOVES,Surgical Gloves
SBRN1321,Hospital C,OO8242W9,NIM-SURGICAL-GLOVES,Surgical Gloves
SBRN1322,Hospital C,AV2968BA,NIM-SURGICAL-GLOVES,Surgical Gloves
SBRN1323,Hospital C,AV2968BA,NIM-SURGICAL-GLOVES,Surgical Gloves
SBRN1324,Hospital C,AV2968BA,NIM-SURGICAL-GLOVES,Surgical Gloves
SBRN1325,Hospital C,DU70918F,NIM-SURGICAL-GLOVES,Surgical Gloves
SBRN1326,Hospital C,DU70918F,NIM-SURGICAL-GLOVES,Surgical Gloves
SBRN1327,Hospital C,DU70918F,NIM-SURGICAL-GLOVES,Surgical Gloves
SBRN1328,Hospital C,DU70918F,NIM-SURGICAL-GLOVES,Surgical Gloves
SBRN1329,Hospital C,DU70918F,NIM-SURGICAL-GLOVES,Surgical Gloves
SBRN1330,Hospital C,DU70918F,NIM-SURGICAL-GLOVES,Surgical Gloves
SBRN1331,Hospital C,DU70918F,NIM-SURGICAL-GLOVES,Surgical Gloves
SBRN1332,Hospital C,TF0705EM,NIM-SURGICAL-GLOVES,Surgical Gloves
SBRN1333,Hospital C,TF0705EM,NIM-SURGICAL-GLOVES,Surgical Gloves
SBRN1334,Hospital C,LN0338BA,NIM-SURGICAL-GLOVES,Surgical Gloves
SBRN1335,Hospital C,LN0338BA,NIM-SURGICAL-GLOVES,Surgical Gloves
SBRN1336,Hospital C,SM45388F,NIM-SURGICAL-GLOVES,Surgical Gloves
SBRN1337,Hospital C,SM45388F,NIM-SURGICAL-GLOVES,Surgical Gloves
SBRN1338,Hospital C,SM45388F,NIM-SURGICAL-GLOVES,Surgical Gloves
SBRN1339,Hospital C,OA9917NG,NIM-SYRINGE-10ML,Syringe 10ml
SBRN1340,Hospital C,OA9917NG,NIM-SYRINGE-10ML,Syringe 10ml
SBRN1341,Hospital C,OA9917NG,NIM-SYRINGE-10ML,Syringe 10ml
SBRN1342,Hospital C,OA9917NG,NIM-SYRINGE-10ML,Syringe 10ml
SBRN1343,Hospital C,OA9917NG,NIM-SYRINGE-10ML,Syringe 10ml
SBRN1344,Hospital C,OA9917NG,NIM-SYRINGE-10ML,Syringe 10ml
SBRN1345,Hospital C,OA9917NG,NIM-SYRINGE-10ML,Syringe 10ml
SBRN1346,Hospital C,OA9917NG,NIM-SYRINGE-10ML,Syringe 10ml
SBRN1347,Hospital C,OA9917NG,NIM-SYRINGE-10ML,Syringe 10ml
SBRN1348,Hospital C,NW21389W,NIM-SYRINGE-10ML,Syringe 10ml
SBRN1349,Hospital C,NW21389W,NIM-SYRINGE-10ML,Syringe 10ml
SBRN1350,Hospital C,NW21389W,NIM-SYRINGE-10ML,Syringe 10ml
SBRN1351,Hospital C,NW21389W,NIM-SYRINGE-10ML,Syringe 10ml
SBRN1352,Hospital C,AV2968BA,NIM-SYRINGE-10ML,Syringe 10ml
SBRN1353,Hospital C,AV2968BA,NIM-SYRINGE-10ML,Syringe 10ml
SBRN1354,Hospital C,AV2968BA,NIM-SYRINGE-10ML,Syringe 10ml
SBRN1355,Hospital C,AV2968BA,NIM-SYRINGE-10ML,Syringe 10ml
SBRN1356,Hospital C,CB9363EO,NIM-SYRINGE-10ML,Syringe 10ml
SBRN1357,Hospital C,CB9363EO,NIM-SYRINGE-10ML,Syringe 10ml
SBRN1358,Hospital C,CB9363EO,NIM-SYRINGE-10ML,Syringe 10ml
SBRN1359,Hospital C,CB9363EO,NIM-SYRINGE-10ML,Syringe 10ml
SBRN1360,Hospital C,CB9363EO,NIM-SYRINGE-10ML,Syringe 10ml
SBRN1361,Hospital C,QY8766U2,NIM-SYRINGE-10ML,Syringe 10ml
SBRN1362,Hospital C,QY8766U2,NIM-SYRINGE-10ML,Syringe 10ml
SBRN1363,Hospital C,QY8766U2,NIM-SYRINGE-10ML,Syringe 10ml
SBRN1364,Hospital C,QY8766U2,NIM-SYRINGE-10ML,Syringe 10ml
SBRN1365,Hospital C,QY8766U2,NIM-SYRINGE-10ML,Syringe 10ml
SBRN1366,Hospital C,QY8766U2,NIM-SYRINGE-10ML,Syringe 10ml
SBRN1367,Hospital C,JZ1972LG,NIM-SYRINGE-10ML,Syringe 10ml
SBRN1368,Hospital C,JZ1972LG,NIM-SYRINGE-10ML,Syringe 10ml
SBRN1369,Hospital C,JZ1972LG,NIM-SYRINGE-10ML,Syringe 10ml
SBRN1370,Hospital C,JZ1972LG,NIM-SYRINGE-10ML,Syringe 10ml
SBRN1371,Hospital C,JZ1972LG,NIM-SYRINGE-10ML,Syringe 10ml
SBRN1372,Hospital C,TT2592G6,NIM-SYRINGE-10ML,Syringe 10ml
SBRN1373,Hospital C,TT2592G6,NIM-SYRINGE-10ML,Syringe 10ml
SBRN1374,Hospital C,TT2592G6,NIM-SYRINGE-10ML,Syringe 10ml
SBRN1375,Hospital C,TT2592G6,NIM-SYRINGE-10ML,Syringe 10ml
SBRN1376,Hospital C,TT2592G6,NIM-SYRINGE-10ML,Syringe 10ml
SBRN1377,Hospital C,XV6016BS,NIM-SYRINGE-10ML,Syringe 10ml
SBRN1378,Hospital C,XV6016BS,NIM-SYRINGE-10ML,Syringe 10ml
SBRN1379,Hospital C,XV6016BS,NIM-SYRINGE-10ML,Syringe 10ml
SBRN1380,Hospital C,BZ1834LW,NIM-SYRINGE-10ML,Syringe 10ml
SBRN1381,Hospital C,BZ1834LW,NIM-SYRINGE-10ML,Syringe 10ml
SBRN1382,Hospital C,BZ1834LW,NIM-SYRINGE-10ML,Syringe 10ml
SBRN1383,Hospital C,BZ1834LW,NIM-SYRINGE-10ML,Syringe 10ml
SBRN1384,Hospital C,BZ1834LW,NIM-SYRINGE-10ML,Syringe 10ml
SBRN1385,Hospital C,BZ1834LW,NIM-SYRINGE-10ML,Syringe 10ml
SBRN1386,Hospital C,TT2592G6,NIM-THERMOMETER-DIGITAL,Thermometer Digital
SBRN1387,Hospital C,TT2592G6,NIM-THERMOMETER-DIGITAL,Thermometer Digital
SBRN1388,Hospital C,TT2592G6,NIM-THERMOMETER-DIGITAL,Thermometer Digital
SBRN1389,Hospital C,TT2592G6,NIM-THERMOMETER-DIGITAL,Thermometer Digital
SBRN1390,Hospital C,DU9465B2,NIM-THERMOMETER-DIGITAL,Thermometer Digital
SBRN1391,Hospital C,DU9465B2,NIM-THERMOMETER-DIGITAL,Thermometer Digital
SBRN1392,Hospital C,DU9465B2,NIM-THERMOMETER-DIGITAL,Thermometer Digital
SBRN1393,Hospital C,DU9465B2,NIM-THERMOMETER-DIGITAL,Thermometer Digital
SBRN1394,Hospital C,DU9465B2,NIM-THERMOMETER-DIGITAL,Thermometer Digital
SBRN1395,Hospital C,WP9202ZO,NIM-THERMOMETER-DIGITAL,Thermometer Digital
SBRN1396,Hospital C,WP9202ZO,NIM-THERMOMETER-DIGITAL,Thermometer Digital
SBRN1397,Hospital C,WP9202ZO,NIM-THERMOMETER-DIGITAL,Thermometer Digital
SBRN1398,Hospital C,WP9202ZO,NIM-THERMOMETER-DIGITAL,Thermometer Digital
SBRN1399,Hospital C,WP9202ZO,NIM-THERMOMETER-DIGITAL,Thermometer Digital
SBRN1400,Hospital C,DU70918F,NIM-THERMOMETER-DIGITAL,Thermometer Digital
SBRN1401,Hospital C,DU70918F,NIM-THERMOMETER-DIGITAL,Thermometer Digital
SBRN1402,Hospital C,DU70918F,NIM-THERMOMETER-DIGITAL,Thermometer Digital
SBRN1403,Hospital C,DU70918F,NIM-THERMOMETER-DIGITAL,Thermometer Digital
SBRN1404,Hospital C,DU70918F,NIM-THERMOMETER-DIGITAL,Thermometer Digital
SBRN1405,Hospital C,DU70918F,NIM-THERMOMETER-DIGITAL,Thermometer Digital
SBRN1406,Hospital C,DU70918F,NIM-THERMOMETER-DIGITAL,Thermometer Digital
SBRN1407,Hospital C,DU70918F,NIM-THERMOMETER-DIGITAL,Thermometer Digital
SBRN1408,Hospital C,DU70918F,NIM-THERMOMETER-DIGITAL,Thermometer Digital
SBRN1409,Hospital C,JJ0396I3,NIM-THERMOMETER-DIGITAL,Thermometer Digital
SBRN1410,Hospital C,JJ0396I3,NIM-THERMOMETER-DIGITAL,Thermometer Digital
SBRN1411,Hospital C,JJ0396I3,NIM-THERMOMETER-DIGITAL,Thermometer Digital
SBRN1412,Hospital C,JJ0396I3,NIM-THERMOMETER-DIGITAL,Thermometer Digital
SBRN1413,Hospital C,JJ0396I3,NIM-THERMOMETER-DIGITAL,Thermometer Digital
SBRN1414,Hospital C,JJ0396I3,NIM-THERMOMETER-DIGITAL,Thermometer Digital
SBRN1415,Hospital C,JJ0396I3,NIM-THERMOMETER-DIGITAL,Thermometer Digital
SBRN1416,Hospital C,JJ0396I3,NIM-THERMOMETER-DIGITAL,Thermometer Digital
SBRN1417,Hospital C,JJ0396I3,NIM-THERMOMETER-DIGITAL,Thermometer Digital
SBRN1418,Hospital C,JJ0396I3,NIM-THERMOMETER-DIGITAL,Thermometer Digital
SBRN1419,Hospital C,JJ0396I3,NIM-THERMOMETER-DIGITAL,Thermometer Digital
SBRN1420,Hospital C,JJ0396I3,NIM-THERMOMETER-DIGITAL,Thermometer Digital
SBRN1421,Hospital C,JJ0396I3,NIM-THERMOMETER-DIGITAL,Thermometer Digital
SBRN1422,Hospital C,PA1550R1,NIM-THERMOMETER-DIGITAL,Thermometer Digital
SBRN1423,Hospital C,PA1550R1,NIM-THERMOMETER-DIGITAL,Thermometer Digital
SBRN1424,Hospital C,PA1550R1,NIM-THERMOMETER-DIGITAL,Thermometer Digital
SBRN1425,Hospital C,PA1550R1,NIM-THERMOMETER-DIGITAL,Thermometer Digital
SBRN1426,Hospital C,TT2592G6,NIM-THERMOMETER-DIGITAL,Thermometer Digital
SBRN1427,Hospital C,TT2592G6,NIM-THERMOMETER-DIGITAL,Thermometer Digital
SBRN1428,Hospital C,JZ1972LG,NIM-THERMOMETER-DIGITAL,Thermometer Digital
SBRN1429,Hospital C,JZ1972LG,NIM-THERMOMETER-DIGITAL,Thermometer Digital
SBRN1430,Hospital C,JZ1972LG,NIM-THERMOMETER-DIGITAL,Thermometer Digital
SBRN1431,Hospital C,JZ1972LG,NIM-THERMOMETER-DIGITAL,Thermometer Digital
SBRN1432,Hospital C,JZ1972LG,NIM-THERMOMETER-DIGITAL,Thermometer Digital
SBRN1433,Hospital C,JZ1972LG,NIM-THERMOMETER-DIGITAL,Thermometer Digital
SBRN1434,Hospital C,JZ1972LG,NIM-THERMOMETER-DIGITAL,Thermometer Digital
SBRN1435,Hospital C,JZ1972LG,NIM-THERMOMETER-DIGITAL,Thermometer Digital
SBRN1436,Hospital C,ML36024D,NIM-THERMOMETER-DIGITAL,Thermometer Digital
SBRN1437,Hospital C,ML36024D,NIM-THERMOMETER-DIGITAL,Thermometer Digital
SBRN1438,Hospital C,ML36024D,NIM-THERMOMETER-DIGITAL,Thermometer Digital
SBRN1439,Hospital C,YW0444ME,NIM-THERMOMETER-DIGITAL,Thermometer Digital
SBRN1440,Hospital C,YW0444ME,NIM-THERMOMETER-DIGITAL,Thermometer Digital
SBRN1441,Hospital C,YW0444ME,NIM-THERMOMETER-DIGITAL,Thermometer Digital
SBRN1442,Hospital C,AW25764V,NIM-WOUND-DRESSING-LARGE,Wound Dressing Large
SBRN1443,Hospital C,AW25764V,NIM-WOUND-DRESSING-LARGE,Wound Dressing Large
SBRN1444,Hospital C,AW25764V,NIM-WOUND-DRESSING-LARGE,Wound Dressing Large
SBRN1445,Hospital C,AW25764V,NIM-WOUND-DRESSING-LARGE,Wound Dressing Large
SBRN1446,Hospital C,EI3361D8,NIM-WOUND-DRESSING-LARGE,Wound Dressing Large
SBRN1447,Hospital C,EI3361D8,NIM-WOUND-DRESSING-LARGE,Wound Dressing Large
SBRN1448,Hospital C,CB9363EO,NIM-WOUND-DRESSING-LARGE,Wound Dressing Large
SBRN1449,Hospital C,CB9363EO,NIM-WOUND-DRESSING-LARGE,Wound Dressing Large
SBRN1450,Hospital C,CB9363EO,NIM-WOUND-DRESSING-LARGE,Wound Dressing Large
SBRN1451,Hospital C,CB9363EO,NIM-WOUND-DRESSING-LARGE,Wound Dressing Large
SBRN1452,Hospital C,VN5034QW,NIM-WOUND-DRESSING-LARGE,Wound Dressing Large
SBRN1453,Hospital C,VN5034QW,NIM-WOUND-DRESSING-LARGE,Wound Dressing Large
SBRN1454,Hospital C,VN5034QW,NIM-WOUND-DRESSING-LARGE,Wound Dressing Large
SBRN1455,Hospital C,VN5034QW,NIM-WOUND-DRESSING-LARGE,Wound Dressing Large
SBRN1456,Hospital C,EW9481ON,NIM-WOUND-DRESSING-LARGE,Wound Dressing Large
SBRN1457,Hospital C,EW9481ON,NIM-WOUND-DRESSING-LARGE,Wound Dressing Large
SBRN1458,Hospital C,EW9481ON,NIM-WOUND-DRESSING-LARGE,Wound Dressing Large
SBRN1459,Hospital C,EW9481ON,NIM-WOUND-DRESSING-LARGE,Wound Dressing Large
SBRN1460,Hospital C,EW9481ON,NIM-WOUND-DRESSING-LARGE,Wound Dressing Large
SBRN1461,Hospital C,EW9481ON,NIM-WOUND-DRESSING-LARGE,Wound Dressing Large
SBRN1462,Hospital C,EW9481ON,NIM-WOUND-DRESSING-LARGE,Wound Dressing Large
SBRN1463,Hospital C,SC9979NV,NIM-WOUND-DRESSING-LARGE,Wound Dressing Large
SBRN1464,Hospital C,SC9979NV,NIM-WOUND-DRESSING-LARGE,Wound Dressing Large
SBRN1465,Hospital C,SC9979NV,NIM-WOUND-DRESSING-LARGE,Wound Dressing Large
SBRN1466,Hospital C,SC9979NV,NIM-WOUND-DRESSING-LARGE,Wound Dressing Large
SBRN1467,Hospital C,SC9979NV,NIM-WOUND-DRESSING-LARGE,Wound Dressing Large
SBRN1468,Hospital C,SC9979NV,NIM-WOUND-DRESSING-LARGE,Wound Dressing Large
SBRN1469,Hospital C,SC9979NV,NIM-WOUND-DRESSING-LARGE,Wound Dressing Large
SBRN1470,Hospital C,AV2968BA,NIM-WOUND-DRESSING-LARGE,Wound Dressing Large
SBRN1471,Hospital C,AV2968BA,NIM-WOUND-DRESSING-LARGE,Wound Dressing Large
SBRN1472,Hospital C,AV2968BA,NIM-WOUND-DRESSING-LARGE,Wound Dressing Large
SBRN1473,Hospital C,AV2968BA,NIM-WOUND-DRESSING-LARGE,Wound Dressing Large
SBRN1474,Hospital C,EC71280B,NIM-WOUND-DRESSING-LARGE,Wound Dressing Large
SBRN1475,Hospital C,EC71280B,NIM-WOUND-DRESSING-LARGE,Wound Dressing Large
SBRN1476,Hospital C,EC71280B,NIM-WOUND-DRESSING-LARGE,Wound Dressing Large
SBRN1477,Hospital C,EC71280B,NIM-WOUND-DRESSING-LARGE,Wound Dressing Large
SBRN1478,Hospital C,EC71280B,NIM-WOUND-DRESSING-LARGE,Wound Dressing Large
SBRN1479,Hospital C,EC71280B,NIM-WOUND-DRESSING-LARGE,Wound Dressing Large
SBRN1480,Hospital C,EC71280B,NIM-WOUND-DRESSING-LARGE,Wound Dressing Large
SBRN1481,Hospital C,EC71280B,NIM-WOUND-DRESSING-LARGE,Wound Dressing Large
SBRN1482,Hospital C,JE4634TC,NIM-WOUND-DRESSING-LARGE,Wound Dressing Large
SBRN1483,Hospital C,JE4634TC,NIM-WOUND-DRESSING-LARGE,Wound Dressing Large
SBRN1484,Hospital C,JE4634TC,NIM-WOUND-DRESSING-LARGE,Wound Dressing Large
SBRN1485,Hospital C,JE4634TC,NIM-WOUND-DRESSING-LARGE,Wound Dressing Large
SBRN1486,Hospital C,JE4634TC,NIM-WOUND-DRESSING-LARGE,Wound Dressing Large
SBRN1487,Hospital C,JE4634TC,NIM-WOUND-DRESSING-LARGE,Wound Dressing Large
SBRN1488,Hospital C,GQ9577R8,NIM-WOUND-DRESSING-LARGE,Wound Dressing Large
SBRN1489,Hospital C,WO6025C5,NIM-WOUND-DRESSING-LARGE,Wound Dressing Large
SBRN1490,Hospital C,WO6025C5,NIM-WOUND-DRESSING-LARGE,Wound Dressing Large
SBRN1491,Hospital C,EB92305N,NIM-WOUND-DRESSING-LARGE,Wound Dressing Large
SBRN1492,Hospital C,EB92305N,NIM-WOUND-DRESSING-LARGE,Wound Dressing Large
SBRN1493,Hospital C,EB92305N,NIM-WOUND-DRESSING-LARGE,Wound Dressing Large
SBRN1494,Hospital C,EB92305N,NIM-WOUND-DRESSING-LARGE,Wound Dressing Large
SBRN1495,Hospital C,EB92305N,NIM-WOUND-DRESSING-LARGE,Wound Dressing Large
SBRN1496,Hospital C,UR9276EX,NIM-WOUND-DRESSING-LARGE,Wound Dressing Large
SBRN1497,Hospital C,VN5034QW,NIM-WOUND-DRESSING-LARGE,Wound Dressing Large
SBRN1498,Hospital C,VN5034QW,NIM-WOUND-DRESSING-LARGE,Wound Dressing Large
SBRN1499,Hospital C,VN5034QW,NIM-WOUND-DRESSING-LARGE,Wound Dressing Large
SBRN1500,Hospital C,VN5034QW,NIM-WOUND-DRESSING-LARGE,Wound Dressing Large
SBRN1501,Hospital D,SH0125CE,NIM-ANTISEPTIC-WIPES,Antiseptic Wipes
SBRN1502,Hospital D,SH0125CE,NIM-ANTISEPTIC-WIPES,Antiseptic Wipes
SBRN1503,Hospital D,SH0125CE,NIM-ANTISEPTIC-WIPES,Antiseptic Wipes
SBRN1504,Hospital D,SH0125CE,NIM-ANTISEPTIC-WIPES,Antiseptic Wipes
SBRN1505,Hospital D,SH0125CE,NIM-ANTISEPTIC-WIPES,Antiseptic Wipes
SBRN1506,Hospital D,YE2085BO,NIM-ANTISEPTIC-WIPES,Antiseptic Wipes
SBRN1507,Hospital D,YE2085BO,NIM-ANTISEPTIC-WIPES,Antiseptic Wipes
SBRN1508,Hospital D,YE2085BO,NIM-ANTISEPTIC-WIPES,Antiseptic Wipes
SBRN1509,Hospital D,YE2085BO,NIM-ANTISEPTIC-WIPES,Antiseptic Wipes
SBRN1510,Hospital D,BA5207W8,NIM-ANTISEPTIC-WIPES,Antiseptic Wipes
SBRN1511,Hospital D,BA5207W8,NIM-ANTISEPTIC-WIPES,Antiseptic Wipes
SBRN1512,Hospital D,BA5207W8,NIM-ANTISEPTIC-WIPES,Antiseptic Wipes
SBRN1513,Hospital D,IA3884LD,NIM-ANTISEPTIC-WIPES,Antiseptic Wipes
SBRN1514,Hospital D,IA3884LD,NIM-ANTISEPTIC-WIPES,Antiseptic Wipes
SBRN1515,Hospital D,IA3884LD,NIM-ANTISEPTIC-WIPES,Antiseptic Wipes
SBRN1516,Hospital D,IA3884LD,NIM-ANTISEPTIC-WIPES,Antiseptic Wipes
SBRN1517,Hospital D,VT0903J0,NIM-ANTISEPTIC-WIPES,Antiseptic Wipes
SBRN1518,Hospital D,VT0903J0,NIM-ANTISEPTIC-WIPES,Antiseptic Wipes
SBRN1519,Hospital D,VT0903J0,NIM-ANTISEPTIC-WIPES,Antiseptic Wipes
SBRN1520,Hospital D,VT0903J0,NIM-ANTISEPTIC-WIPES,Antiseptic Wipes
SBRN1521,Hospital D,VT0903J0,NIM-ANTISEPTIC-WIPES,Antiseptic Wipes
SBRN1522,Hospital D,VT0903J0,NIM-ANTISEPTIC-WIPES,Antiseptic Wipes
SBRN1523,Hospital D,BF5161LH,NIM-ANTISEPTIC-WIPES,Antiseptic Wipes
SBRN1524,Hospital D,BF5161LH,NIM-ANTISEPTIC-WIPES,Antiseptic Wipes
SBRN1525,Hospital D,BF5161LH,NIM-ANTISEPTIC-WIPES,Antiseptic Wipes
SBRN1526,Hospital D,XT164415,NIM-ANTISEPTIC-WIPES,Antiseptic Wipes
SBRN1527,Hospital D,XT164415,NIM-ANTISEPTIC-WIPES,Antiseptic Wipes
SBRN1528,Hospital D,XT164415,NIM-ANTISEPTIC-WIPES,Antiseptic Wipes
SBRN1529,Hospital D,XT4082V2,NIM-ANTISEPTIC-WIPES,Antiseptic Wipes
SBRN1530,Hospital D,XT4082V2,NIM-ANTISEPTIC-WIPES,Antiseptic Wipes
SBRN1531,Hospital D,XT4082V2,NIM-ANTISEPTIC-WIPES,Antiseptic Wipes
SBRN1532,Hospital D,XT4082V2,NIM-ANTISEPTIC-WIPES,Antiseptic Wipes
SBRN1533,Hospital D,XT4082V2,NIM-ANTISEPTIC-WIPES,Antiseptic Wipes
SBRN1534,Hospital D,FN1237DR,NIM-ANTISEPTIC-WIPES,Antiseptic Wipes
SBRN1535,Hospital D,FN1237DR,NIM-ANTISEPTIC-WIPES,Antiseptic Wipes
SBRN1536,Hospital D,IA3884LD,NIM-ANTISEPTIC-WIPES,Antiseptic Wipes
SBRN1537,Hospital D,IA3884LD,NIM-ANTISEPTIC-WIPES,Antiseptic Wipes
SBRN1538,Hospital D,IA3884LD,NIM-ANTISEPTIC-WIPES,Antiseptic Wipes
SBRN1539,Hospital D,IA3884LD,NIM-ANTISEPTIC-WIPES,Antiseptic Wipes
SBRN1540,Hospital D,IA3884LD,NIM-ANTISEPTIC-WIPES,Antiseptic Wipes
SBRN1541,Hospital D,IA3884LD,NIM-ANTISEPTIC-WIPES,Antiseptic Wipes
SBRN1542,Hospital D,IA3884LD,NIM-ANTISEPTIC-WIPES,Antiseptic Wipes
SBRN1543,Hospital D,IA3884LD,NIM-ANTISEPTIC-WIPES,Antiseptic Wipes
SBRN1544,Hospital D,MK4939WH,NIM-ANTISEPTIC-WIPES,Antiseptic Wipes
SBRN1545,Hospital D,MK4939WH,NIM-ANTISEPTIC-WIPES,Antiseptic Wipes
SBRN1546,Hospital D,MK4939WH,NIM-ANTISEPTIC-WIPES,Antiseptic Wipes
SBRN1547,Hospital D,MK4939WH,NIM-ANTISEPTIC-WIPES,Antiseptic Wipes
SBRN1548,Hospital D,MK4939WH,NIM-ANTISEPTIC-WIPES,Antiseptic Wipes
SBRN1549,Hospital D,MK4939WH,NIM-ANTISEPTIC-WIPES,Antiseptic Wipes
SBRN1550,Hospital D,GA65998T,NIM-ANTISEPTIC-WIPES,Antiseptic Wipes
SBRN1551,Hospital D,GA65998T,NIM-ANTISEPTIC-WIPES,Antiseptic Wipes
SBRN1552,Hospital D,GA65998T,NIM-ANTISEPTIC-WIPES,Antiseptic Wipes
SBRN1553,Hospital D,GA65998T,NIM-ANTISEPTIC-WIPES,Antiseptic Wipes
SBRN1554,Hospital D,SU987315,NIM-ANTISEPTIC-WIPES,Antiseptic Wipes
SBRN1555,Hospital D,SU987315,NIM-ANTISEPTIC-WIPES,Antiseptic Wipes
SBRN1556,Hospital D,SU987315,NIM-ANTISEPTIC-WIPES,Antiseptic Wipes
SBRN1557,Hospital D,SU987315,NIM-ANTISEPTIC-WIPES,Antiseptic Wipes
SBRN1558,Hospital D,IA3884LD,NIM-BLOOD-PRESSURE-CUFF,Blood Pressure Cuff
SBRN1559,Hospital D,IA3884LD,NIM-BLOOD-PRESSURE-CUFF,Blood Pressure Cuff
SBRN1560,Hospital D,IA3884LD,NIM-BLOOD-PRESSURE-CUFF,Blood Pressure Cuff
SBRN1561,Hospital D,IA3884LD,NIM-BLOOD-PRESSURE-CUFF,Blood Pressure Cuff
SBRN1562,Hospital D,IA3884LD,NIM-BLOOD-PRESSURE-CUFF,Blood Pressure Cuff
SBRN1563,Hospital D,IA3884LD,NIM-BLOOD-PRESSURE-CUFF,Blood Pressure Cuff
SBRN1564,Hospital D,IA3884LD,NIM-BLOOD-PRESSURE-CUFF,Blood Pressure Cuff
SBRN1565,Hospital D,IA3884LD,NIM-BLOOD-PRESSURE-CUFF,Blood Pressure Cuff
SBRN1566,Hospital D,IA3884LD,NIM-BLOOD-PRESSURE-CUFF,Blood Pressure Cuff
SBRN1567,Hospital D,IA3884LD,NIM-BLOOD-PRESSURE-CUFF,Blood Pressure Cuff
SBRN1568,Hospital D,UG5421T1,NIM-BLOOD-PRESSURE-CUFF,Blood Pressure Cuff
SBRN1569,Hospital D,UG5421T1,NIM-BLOOD-PRESSURE-CUFF,Blood Pressure Cuff
SBRN1570,Hospital D,UG5421T1,NIM-BLOOD-PRESSURE-CUFF,Blood Pressure Cuff
SBRN1571,Hospital D,UG5421T1,NIM-BLOOD-PRESSURE-CUFF,Blood Pressure Cuff
SBRN1572,Hospital D,UG5421T1,NIM-BLOOD-PRESSURE-CUFF,Blood Pressure Cuff
SBRN1573,Hospital D,BR39441D,NIM-BLOOD-PRESSURE-CUFF,Blood Pressure Cuff
SBRN1574,Hospital D,UO8819P1,NIM-BLOOD-PRESSURE-CUFF,Blood Pressure Cuff
SBRN1575,Hospital D,UO8819P1,NIM-BLOOD-PRESSURE-CUFF,Blood Pressure Cuff
SBRN1576,Hospital D,UO8819P1,NIM-BLOOD-PRESSURE-CUFF,Blood Pressure Cuff
SBRN1577,Hospital D,UO8819P1,NIM-BLOOD-PRESSURE-CUFF,Blood Pressure Cuff
SBRN1578,Hospital D,QC24521B,NIM-BLOOD-PRESSURE-CUFF,Blood Pressure Cuff
SBRN1579,Hospital D,QC24521B,NIM-BLOOD-PRESSURE-CUFF,Blood Pressure Cuff
SBRN1580,Hospital D,QC24521B,NIM-BLOOD-PRESSURE-CUFF,Blood Pressure Cuff
SBRN1581,Hospital D,QC24521B,NIM-BLOOD-PRESSURE-CUFF,Blood Pressure Cuff
SBRN1582,Hospital D,YV9963S8,NIM-BLOOD-PRESSURE-CUFF,Blood Pressure Cuff
SBRN1583,Hospital D,YV9963S8,NIM-BLOOD-PRESSURE-CUFF,Blood Pressure Cuff
SBRN1584,Hospital D,YV9963S8,NIM-BLOOD-PRESSURE-CUFF,Blood Pressure Cuff
SBRN1585,Hospital D,YV9963S8,NIM-BLOOD-PRESSURE-CUFF,Blood Pressure Cuff
SBRN1586,Hospital D,IE0618UI,NIM-BLOOD-PRESSURE-CUFF,Blood Pressure Cuff
SBRN1587,Hospital D,IE0618UI,NIM-BLOOD-PRESSURE-CUFF,Blood Pressure Cuff
SBRN1588,Hospital D,IE0618UI,NIM-BLOOD-PRESSURE-CUFF,Blood Pressure Cuff
SBRN1589,Hospital D,IE0618UI,NIM-BLOOD-PRESSURE-CUFF,Blood Pressure Cuff
SBRN1590,Hospital D,PU3657AI,NIM-BLOOD-PRESSURE-CUFF,Blood Pressure Cuff
SBRN1591,Hospital D,PU3657AI,NIM-BLOOD-PRESSURE-CUFF,Blood Pressure Cuff
SBRN1592,Hospital D,WC0164QD,NIM-BLOOD-PRESSURE-CUFF,Blood Pressure Cuff
SBRN1593,Hospital D,WC0164QD,NIM-BLOOD-PRESSURE-CUFF,Blood Pressure Cuff
SBRN1594,Hospital D,WC0164QD,NIM-BLOOD-PRESSURE-CUFF,Blood Pressure Cuff
SBRN1595,Hospital D,WC0164QD,NIM-BLOOD-PRESSURE-CUFF,Blood Pressure Cuff
SBRN1596,Hospital D,WC0164QD,NIM-BLOOD-PRESSURE-CUFF,Blood Pressure Cuff
SBRN1597,Hospital D,IE0618UI,NIM-BLOOD-PRESSURE-CUFF,Blood Pressure Cuff
SBRN1598,Hospital D,IE0618UI,NIM-BLOOD-PRESSURE-CUFF,Blood Pressure Cuff
SBRN1599,Hospital D,IE0618UI,NIM-BLOOD-PRESSURE-CUFF,Blood Pressure Cuff
SBRN1600,Hospital D,ZJ9907ER,NIM-BLOOD-PRESSURE-CUFF,Blood Pressure Cuff
SBRN1601,Hospital D,ZJ9907ER,NIM-BLOOD-PRESSURE-CUFF,Blood Pressure Cuff
SBRN1602,Hospital D,ZJ9907ER,NIM-BLOOD-PRESSURE-CUFF,Blood Pressure Cuff
SBRN1603,Hospital D,ZJ9907ER,NIM-BLOOD-PRESSURE-CUFF,Blood Pressure Cuff
SBRN1604,Hospital D,ZJ9907ER,NIM-BLOOD-PRESSURE-CUFF,Blood Pressure Cuff
SBRN1605,Hospital D,ZJ9907ER,NIM-BLOOD-PRESSURE-CUFF,Blood Pressure Cuff
SBRN1606,Hospital D,ZJ9907ER,NIM-BLOOD-PRESSURE-CUFF,Blood Pressure Cuff
SBRN1607,Hospital D,ZJ9907ER,NIM-BLOOD-PRESSURE-CUFF,Blood Pressure Cuff
SBRN1608,Hospital D,BF5161LH,NIM-BLOOD-PRESSURE-CUFF,Blood Pressure Cuff
SBRN1609,Hospital D,BF5161LH,NIM-BLOOD-PRESSURE-CUFF,Blood Pressure Cuff
SBRN1610,Hospital D,DA8233OU,NIM-CATHETER-FOLEY,Catheter Foley
SBRN1611,Hospital D,DA8233OU,NIM-CATHETER-FOLEY,Catheter Foley
SBRN1612,Hospital D,DA8233OU,NIM-CATHETER-FOLEY,Catheter Foley
SBRN1613,Hospital D,DA8233OU,NIM-CATHETER-FOLEY,Catheter Foley
SBRN1614,Hospital D,HY6672IR,NIM-CATHETER-FOLEY,Catheter Foley
SBRN1615,Hospital D,VD243919,NIM-CATHETER-FOLEY,Catheter Foley
SBRN1616,Hospital D,VD243919,NIM-CATHETER-FOLEY,Catheter Foley
SBRN1617,Hospital D,VD243919,NIM-CATHETER-FOLEY,Catheter Foley
SBRN1618,Hospital D,VD243919,NIM-CATHETER-FOLEY,Catheter Foley
SBRN1619,Hospital D,IA3884LD,NIM-CATHETER-FOLEY,Catheter Foley
SBRN1620,Hospital D,IA3884LD,NIM-CATHETER-FOLEY,Catheter Foley
SBRN1621,Hospital D,IA3884LD,NIM-CATHETER-FOLEY,Catheter Foley
SBRN1622,Hospital D,IA3884LD,NIM-CATHETER-FOLEY,Catheter Foley
SBRN1623,Hospital D,GG5913TD,NIM-CATHETER-FOLEY,Catheter Foley
SBRN1624,Hospital D,GG5913TD,NIM-CATHETER-FOLEY,Catheter Foley
SBRN1625,Hospital D,GG5913TD,NIM-CATHETER-FOLEY,Catheter Foley
SBRN1626,Hospital D,XU5084IK,NIM-CATHETER-FOLEY,Catheter Foley
SBRN1627,Hospital D,XU5084IK,NIM-CATHETER-FOLEY,Catheter Foley
SBRN1628,Hospital D,XU5084IK,NIM-CATHETER-FOLEY,Catheter Foley
SBRN1629,Hospital D,XU5084IK,NIM-CATHETER-FOLEY,Catheter Foley
SBRN1630,Hospital D,XU5084IK,NIM-CATHETER-FOLEY,Catheter Foley
SBRN1631,Hospital D,XU5084IK,NIM-CATHETER-FOLEY,Catheter Foley
SBRN1632,Hospital D,WD48388H,NIM-CATHETER-FOLEY,Catheter Foley
SBRN1633,Hospital D,WD48388H,NIM-CATHETER-FOLEY,Catheter Foley
SBRN1634,Hospital D,WD48388H,NIM-CATHETER-FOLEY,Catheter Foley
SBRN1635,Hospital D,WD48388H,NIM-CATHETER-FOLEY,Catheter Foley
SBRN1636,Hospital D,WD48388H,NIM-CATHETER-FOLEY,Catheter Foley
SBRN1637,Hospital D,WD48388H,NIM-CATHETER-FOLEY,Catheter Foley
SBRN1638,Hospital D,WD48388H,NIM-CATHETER-FOLEY,Catheter Foley
SBRN1639,Hospital D,WD48388H,NIM-CATHETER-FOLEY,Catheter Foley
SBRN1640,Hospital D,OH5436AO,NIM-CATHETER-FOLEY,Catheter Foley
SBRN1641,Hospital D,OH5436AO,NIM-CATHETER-FOLEY,Catheter Foley
SBRN1642,Hospital D,OH5436AO,NIM-CATHETER-FOLEY,Catheter Foley
SBRN1643,Hospital D,OH5436AO,NIM-CATHETER-FOLEY,Catheter Foley
SBRN1644,Hospital D,OH5436AO,NIM-CATHETER-FOLEY,Catheter Foley
SBRN1645,Hospital D,QX0020EJ,NIM-CATHETER-FOLEY,Catheter Foley
SBRN1646,Hospital D,QX0020EJ,NIM-CATHETER-FOLEY,Catheter Foley
SBRN1647,Hospital D,QX0020EJ,NIM-CATHETER-FOLEY,Catheter Foley
SBRN1648,Hospital D,QX0020EJ,NIM-CATHETER-FOLEY,Catheter Foley
SBRN1649,Hospital D,QX0020EJ,NIM-CATHETER-FOLEY,Catheter Foley
SBRN1650,Hospital D,SU987315,NIM-CATHETER-FOLEY,Catheter Foley
SBRN1651,Hospital D,SU987315,NIM-CATHETER-FOLEY,Catheter Foley
SBRN1652,Hospital D,SU987315,NIM-CATHETER-FOLEY,Catheter Foley
SBRN1653,Hospital D,SU987315,NIM-CATHETER-FOLEY,Catheter Foley
SBRN1654,Hospital D,AL0701LK,NIM-COMPRESSION-BANDAGE,Compression Bandage
SBRN1655,Hospital D,AL0701LK,NIM-COMPRESSION-BANDAGE,Compression Bandage
SBRN1656,Hospital D,AL0701LK,NIM-COMPRESSION-BANDAGE,Compression Bandage
SBRN1657,Hospital D,EL13636Z,NIM-COMPRESSION-BANDAGE,Compression Bandage
SBRN1658,Hospital D,EL13636Z,NIM-COMPRESSION-BANDAGE,Compression Bandage
SBRN1659,Hospital D,EL13636Z,NIM-COMPRESSION-BANDAGE,Compression Bandage
SBRN1660,Hospital D,EL13636Z,NIM-COMPRESSION-BANDAGE,Compression Bandage
SBRN1661,Hospital D,EL13636Z,NIM-COMPRESSION-BANDAGE,Compression Bandage
SBRN1662,Hospital D,SU987315,NIM-COMPRESSION-BANDAGE,Compression Bandage
SBRN1663,Hospital D,SU987315,NIM-COMPRESSION-BANDAGE,Compression Bandage
SBRN1664,Hospital D,SU987315,NIM-COMPRESSION-BANDAGE,Compression Bandage
SBRN1665,Hospital D,VT0903J0,NIM-COMPRESSION-BANDAGE,Compression Bandage
SBRN1666,Hospital D,VT0903J0,NIM-COMPRESSION-BANDAGE,Compression Bandage
SBRN1667,Hospital D,VT0903J0,NIM-COMPRESSION-BANDAGE,Compression Bandage
SBRN1668,Hospital D,VT0903J0,NIM-COMPRESSION-BANDAGE,Compression Bandage
SBRN1669,Hospital D,VT0903J0,NIM-COMPRESSION-BANDAGE,Compression Bandage
SBRN1670,Hospital D,VT0903J0,NIM-COMPRESSION-BANDAGE,Compression Bandage
SBRN1671,Hospital D,YQ51103W,NIM-COMPRESSION-BANDAGE,Compression Bandage
SBRN1672,Hospital D,YQ51103W,NIM-COMPRESSION-BANDAGE,Compression Bandage
SBRN1673,Hospital D,YQ51103W,NIM-COMPRESSION-BANDAGE,Compression Bandage
SBRN1674,Hospital D,YQ51103W,NIM-COMPRESSION-BANDAGE,Compression Bandage
SBRN1675,Hospital D,HR0311MW,NIM-COMPRESSION-BANDAGE,Compression Bandage
SBRN1676,Hospital D,HR0311MW,NIM-COMPRESSION-BANDAGE,Compression Bandage
SBRN1677,Hospital D,HR0311MW,NIM-COMPRESSION-BANDAGE,Compression Bandage
SBRN1678,Hospital D,HR0311MW,NIM-COMPRESSION-BANDAGE,Compression Bandage
SBRN1679,Hospital D,HR0311MW,NIM-COMPRESSION-BANDAGE,Compression Bandage
SBRN1680,Hospital D,HR0311MW,NIM-COMPRESSION-BANDAGE,Compression Bandage
SBRN1681,Hospital D,VT0903J0,NIM-COMPRESSION-BANDAGE,Compression Bandage
SBRN1682,Hospital D,VT0903J0,NIM-COMPRESSION-BANDAGE,Compression Bandage
SBRN1683,Hospital D,VT0903J0,NIM-COMPRESSION-BANDAGE,Compression Bandage
SBRN1684,Hospital D,VT0903J0,NIM-COMPRESSION-BANDAGE,Compression Bandage
SBRN1685,Hospital D,VT0903J0,NIM-COMPRESSION-BANDAGE,Compression Bandage
SBRN1686,Hospital D,VT0903J0,NIM-COMPRESSION-BANDAGE,Compression Bandage
SBRN1687,Hospital D,VT0903J0,NIM-COMPRESSION-BANDAGE,Compression Bandage
SBRN1688,Hospital D,OL357640,NIM-COMPRESSION-BANDAGE,Compression Bandage
SBRN1689,Hospital D,OL357640,NIM-COMPRESSION-BANDAGE,Compression Bandage
SBRN1690,Hospital D,OL357640,NIM-COMPRESSION-BANDAGE,Compression Bandage
SBRN1691,Hospital D,OL357640,NIM-COMPRESSION-BANDAGE,Compression Bandage
SBRN1692,Hospital D,OL357640,NIM-COMPRESSION-BANDAGE,Compression Bandage
SBRN1693,Hospital D,SU987315,NIM-COMPRESSION-BANDAGE,Compression Bandage
SBRN1694,Hospital D,SU987315,NIM-COMPRESSION-BANDAGE,Compression Bandage
SBRN1695,Hospital D,FO8459D7,NIM-IV-BAG-500ML,IV Bag 500ml
SBRN1696,Hospital D,FO8459D7,NIM-IV-BAG-500ML,IV Bag 500ml
SBRN1697,Hospital D,FO8459D7,NIM-IV-BAG-500ML,IV Bag 500ml
SBRN1698,Hospital D,FO8459D7,NIM-IV-BAG-500ML,IV Bag 500ml
SBRN1699,Hospital D,FO8459D7,NIM-IV-BAG-500ML,IV Bag 500ml
SBRN1700,Hospital D,SU987315,NIM-IV-BAG-500ML,IV Bag 500ml
SBRN1701,Hospital D,SU987315,NIM-IV-BAG-500ML,IV Bag 500ml
SBRN1702,Hospital D,SU987315,NIM-IV-BAG-500ML,IV Bag 500ml
SBRN1703,Hospital D,SU987315,NIM-IV-BAG-500ML,IV Bag 500ml
SBRN1704,Hospital D,SU987315,NIM-IV-BAG-500ML,IV Bag 500ml
SBRN1705,Hospital D,SU987315,NIM-IV-BAG-500ML,IV Bag 500ml
SBRN1706,Hospital D,UD7372PH,NIM-IV-BAG-500ML,IV Bag 500ml
SBRN1707,Hospital D,UD7372PH,NIM-IV-BAG-500ML,IV Bag 500ml
SBRN1708,Hospital D,UD7372PH,NIM-IV-BAG-500ML,IV Bag 500ml
SBRN1709,Hospital D,UD7372PH,NIM-IV-BAG-500ML,IV Bag 500ml
SBRN1710,Hospital D,UD7372PH,NIM-IV-BAG-500ML,IV Bag 500ml
SBRN1711,Hospital D,UD7372PH,NIM-IV-BAG-500ML,IV Bag 500ml
SBRN1712,Hospital D,UD7372PH,NIM-IV-BAG-500ML,IV Bag 500ml
SBRN1713,Hospital D,UD7372PH,NIM-IV-BAG-500ML,IV Bag 500ml
SBRN1714,Hospital D,UD7372PH,NIM-IV-BAG-500ML,IV Bag 500ml
SBRN1715,Hospital D,UD7372PH,NIM-IV-BAG-500ML,IV Bag 500ml
SBRN1716,Hospital D,BF5161LH,NIM-IV-BAG-500ML,IV Bag 500ml
SBRN1717,Hospital D,BF5161LH,NIM-IV-BAG-500ML,IV Bag 500ml
SBRN1718,Hospital D,BF5161LH,NIM-IV-BAG-500ML,IV Bag 500ml
SBRN1719,Hospital D,BF5161LH,NIM-IV-BAG-500ML,IV Bag 500ml
SBRN1720,Hospital D,BF5161LH,NIM-IV-BAG-500ML,IV Bag 500ml
SBRN1721,Hospital D,BF5161LH,NIM-IV-BAG-500ML,IV Bag 500ml
SBRN1722,Hospital D,FC4725NV,NIM-IV-BAG-500ML,IV Bag 500ml
SBRN1723,Hospital D,FC4725NV,NIM-IV-BAG-500ML,IV Bag 500ml
SBRN1724,Hospital D,FC4725NV,NIM-IV-BAG-500ML,IV Bag 500ml
SBRN1725,Hospital D,IE0618UI,NIM-IV-BAG-500ML,IV Bag 500ml
SBRN1726,Hospital D,IE0618UI,NIM-IV-BAG-500ML,IV Bag 500ml
SBRN1727,Hospital D,IE0618UI,NIM-IV-BAG-500ML,IV Bag 500ml
SBRN1728,Hospital D,IE0618UI,NIM-IV-BAG-500ML,IV Bag 500ml
SBRN1729,Hospital D,JQ54494E,NIM-IV-BAG-500ML,IV Bag 500ml
SBRN1730,Hospital D,JQ54494E,NIM-IV-BAG-500ML,IV Bag 500ml
SBRN1731,Hospital D,JQ54494E,NIM-IV-BAG-500ML,IV Bag 500ml
SBRN1732,Hospital D,JQ54494E,NIM-IV-BAG-500ML,IV Bag 500ml
SBRN1733,Hospital D,RK0503X9,NIM-IV-BAG-500ML,IV Bag 500ml
SBRN1734,Hospital D,RK0503X9,NIM-IV-BAG-500ML,IV Bag 500ml
SBRN1735,Hospital D,RK0503X9,NIM-IV-BAG-500ML,IV Bag 500ml
SBRN1736,Hospital D,YK9111ND,NIM-IV-BAG-500ML,IV Bag 500ml
SBRN1737,Hospital D,YK9111ND,NIM-IV-BAG-500ML,IV Bag 500ml
SBRN1738,Hospital D,KZ0371ET,NIM-IV-BAG-500ML,IV Bag 500ml
SBRN1739,Hospital D,KZ0371ET,NIM-IV-BAG-500ML,IV Bag 500ml
SBRN1740,Hospital D,KZ0371ET,NIM-IV-BAG-500ML,IV Bag 500ml
SBRN1741,Hospital D,KZ0371ET,NIM-IV-BAG-500ML,IV Bag 500ml
SBRN1742,Hospital D,PU3657AI,NIM-IV-BAG-500ML,IV Bag 500ml
SBRN1743,Hospital D,PU3657AI,NIM-IV-BAG-500ML,IV Bag 500ml
SBRN1744,Hospital D,PU3657AI,NIM-IV-BAG-500ML,IV Bag 500ml
SBRN1745,Hospital D,XO4888OL,NIM-IV-BAG-500ML,IV Bag 500ml
SBRN1746,Hospital D,XO4888OL,NIM-IV-BAG-500ML,IV Bag 500ml
SBRN1747,Hospital D,XO4888OL,NIM-IV-BAG-500ML,IV Bag 500ml
SBRN1748,Hospital D,XO4888OL,NIM-IV-BAG-500ML,IV Bag 500ml
SBRN1749,Hospital D,XO4888OL,NIM-IV-BAG-500ML,IV Bag 500ml
SBRN1750,Hospital D,YT0447DC,NIM-IV-BAG-500ML,IV Bag 500ml
SBRN1751,Hospital D,UD7372PH,NIM-IV-BAG-500ML,IV Bag 500ml
SBRN1752,Hospital D,CM586454,NIM-IV-BAG-500ML,IV Bag 500ml
SBRN1753,Hospital D,GO9949WB,NIM-IV-BAG-500ML,IV Bag 500ml
SBRN1754,Hospital D,GO9949WB,NIM-IV-BAG-500ML,IV Bag 500ml
SBRN1755,Hospital D,PU3657AI,NIM-IV-BAG-500ML,IV Bag 500ml
SBRN1756,Hospital D,PU3657AI,NIM-IV-BAG-500ML,IV Bag 500ml
SBRN1757,Hospital D,PU3657AI,NIM-IV-BAG-500ML,IV Bag 500ml
SBRN1758,Hospital D,RA1014HE,NIM-IV-BAG-500ML,IV Bag 500ml
SBRN1759,Hospital D,RA1014HE,NIM-IV-BAG-500ML,IV Bag 500ml
SBRN1760,Hospital D,UD7372PH,NIM-IV-BAG-500ML,IV Bag 500ml
SBRN1761,Hospital D,BF5161LH,NIM-IV-BAG-500ML,IV Bag 500ml
SBRN1762,Hospital D,BF5161LH,NIM-IV-BAG-500ML,IV Bag 500ml
SBRN1763,Hospital D,BF5161LH,NIM-IV-BAG-500ML,IV Bag 500ml
SBRN1764,Hospital D,EX44466Z,NIM-IV-BAG-500ML,IV Bag 500ml
SBRN1765,Hospital D,EX44466Z,NIM-IV-BAG-500ML,IV Bag 500ml
SBRN1766,Hospital D,EX44466Z,NIM-IV-BAG-500ML,IV Bag 500ml
SBRN1767,Hospital D,EX44466Z,NIM-IV-BAG-500ML,IV Bag 500ml
SBRN1768,Hospital D,EX44466Z,NIM-IV-BAG-500ML,IV Bag 500ml
SBRN1769,Hospital D,EX44466Z,NIM-IV-BAG-500ML,IV Bag 500ml
SBRN1770,Hospital D,ZJ9907ER,NIM-IV-BAG-500ML,IV Bag 500ml
SBRN1771,Hospital D,ZJ9907ER,NIM-IV-BAG-500ML,IV Bag 500ml
SBRN1772,Hospital D,ZJ9907ER,NIM-IV-BAG-500ML,IV Bag 500ml
SBRN1773,Hospital D,DY9529YZ,NIM-SCALPEL-SIZE-10,Scalpel Size 10
SBRN1774,Hospital D,DY9529YZ,NIM-SCALPEL-SIZE-10,Scalpel Size 10
SBRN1775,Hospital D,VT0903J0,NIM-SCALPEL-SIZE-10,Scalpel Size 10
SBRN1776,Hospital D,VT0903J0,NIM-SCALPEL-SIZE-10,Scalpel Size 10
SBRN1777,Hospital D,VT0903J0,NIM-SCALPEL-SIZE-10,Scalpel Size 10
SBRN1778,Hospital D,VT0903J0,NIM-SCALPEL-SIZE-10,Scalpel Size 10
SBRN1779,Hospital D,VT0903J0,NIM-SCALPEL-SIZE-10,Scalpel Size 10
SBRN1780,Hospital D,VT0903J0,NIM-SCALPEL-SIZE-10,Scalpel Size 10
SBRN1781,Hospital D,ZA9897Q0,NIM-SCALPEL-SIZE-10,Scalpel Size 10
SBRN1782,Hospital D,ZA9897Q0,NIM-SCALPEL-SIZE-10,Scalpel Size 10
SBRN1783,Hospital D,ZA9897Q0,NIM-SCALPEL-SIZE-10,Scalpel Size 10
SBRN1784,Hospital D,ZA9897Q0,NIM-SCALPEL-SIZE-10,Scalpel Size 10
SBRN1785,Hospital D,TQ5203KG,NIM-SCALPEL-SIZE-10,Scalpel Size 10
SBRN1786,Hospital D,TQ5203KG,NIM-SCALPEL-SIZE-10,Scalpel Size 10
SBRN1787,Hospital D,TQ5203KG,NIM-SCALPEL-SIZE-10,Scalpel Size 10
SBRN1788,Hospital D,TQ5203KG,NIM-SCALPEL-SIZE-10,Scalpel Size 10
SBRN1789,Hospital D,TQ5203KG,NIM-SCALPEL-SIZE-10,Scalpel Size 10
SBRN1790,Hospital D,TQ5203KG,NIM-SCALPEL-SIZE-10,Scalpel Size 10
SBRN1791,Hospital D,TQ5203KG,NIM-SCALPEL-SIZE-10,Scalpel Size 10
SBRN1792,Hospital D,PU3657AI,NIM-SURGICAL-GLOVES,Surgical Gloves
SBRN1793,Hospital D,PU3657AI,NIM-SURGICAL-GLOVES,Surgical Gloves
SBRN1794,Hospital D,PU3657AI,NIM-SURGICAL-GLOVES,Surgical Gloves
SBRN1795,Hospital D,PU3657AI,NIM-SURGICAL-GLOVES,Surgical Gloves
SBRN1796,Hospital D,PU3657AI,NIM-SURGICAL-GLOVES,Surgical Gloves
SBRN1797,Hospital D,PU3657AI,NIM-SURGICAL-GLOVES,Surgical Gloves
SBRN1798,Hospital D,PU3657AI,NIM-SURGICAL-GLOVES,Surgical Gloves
SBRN1799,Hospital D,QN6385TO,NIM-SURGICAL-GLOVES,Surgical Gloves
SBRN1800,Hospital D,QN6385TO,NIM-SURGICAL-GLOVES,Surgical Gloves
SBRN1801,Hospital D,QN6385TO,NIM-SURGICAL-GLOVES,Surgical Gloves
SBRN1802,Hospital D,TP3864B4,NIM-SURGICAL-GLOVES,Surgical Gloves
SBRN1803,Hospital D,TP3864B4,NIM-SURGICAL-GLOVES,Surgical Gloves
SBRN1804,Hospital D,TP3864B4,NIM-SURGICAL-GLOVES,Surgical Gloves
SBRN1805,Hospital D,TP3864B4,NIM-SURGICAL-GLOVES,Surgical Gloves
SBRN1806,Hospital D,TP3864B4,NIM-SURGICAL-GLOVES,Surgical Gloves
SBRN1807,Hospital D,BH3107WJ,NIM-SURGICAL-GLOVES,Surgical Gloves
SBRN1808,Hospital D,BH3107WJ,NIM-SURGICAL-GLOVES,Surgical Gloves
SBRN1809,Hospital D,BH3107WJ,NIM-SURGICAL-GLOVES,Surgical Gloves
SBRN1810,Hospital D,BH3107WJ,NIM-SURGICAL-GLOVES,Surgical Gloves
SBRN1811,Hospital D,BH3107WJ,NIM-SURGICAL-GLOVES,Surgical Gloves
SBRN1812,Hospital D,IQ4031ER,NIM-SURGICAL-GLOVES,Surgical Gloves
SBRN1813,Hospital D,IQ4031ER,NIM-SURGICAL-GLOVES,Surgical Gloves
SBRN1814,Hospital D,IQ4031ER,NIM-SURGICAL-GLOVES,Surgical Gloves
SBRN1815,Hospital D,IQ4031ER,NIM-SURGICAL-GLOVES,Surgical Gloves
SBRN1816,Hospital D,LT48985Z,NIM-SURGICAL-GLOVES,Surgical Gloves
SBRN1817,Hospital D,LT48985Z,NIM-SURGICAL-GLOVES,Surgical Gloves
SBRN1818,Hospital D,LT48985Z,NIM-SURGICAL-GLOVES,Surgical Gloves
SBRN1819,Hospital D,LT48985Z,NIM-SURGICAL-GLOVES,Surgical Gloves
SBRN1820,Hospital D,LT48985Z,NIM-SURGICAL-GLOVES,Surgical Gloves
SBRN1821,Hospital D,LT48985Z,NIM-SURGICAL-GLOVES,Surgical Gloves
SBRN1822,Hospital D,LT48985Z,NIM-SURGICAL-GLOVES,Surgical Gloves
SBRN1823,Hospital D,ZJ9907ER,NIM-SURGICAL-GLOVES,Surgical Gloves
SBRN1824,Hospital D,ZJ9907ER,NIM-SURGICAL-GLOVES,Surgical Gloves
SBRN1825,Hospital D,ZJ9907ER,NIM-SURGICAL-GLOVES,Surgical Gloves
SBRN1826,Hospital D,ZJ9907ER,NIM-SURGICAL-GLOVES,Surgical Gloves
SBRN1827,Hospital D,ZJ9907ER,NIM-SURGICAL-GLOVES,Surgical Gloves
SBRN1828,Hospital D,HC97865G,NIM-SURGICAL-GLOVES,Surgical Gloves
SBRN1829,Hospital D,HC97865G,NIM-SURGICAL-GLOVES,Surgical Gloves
SBRN1830,Hospital D,HC97865G,NIM-SURGICAL-GLOVES,Surgical Gloves
SBRN1831,Hospital D,HC97865G,NIM-SURGICAL-GLOVES,Surgical Gloves
SBRN1832,Hospital D,HC97865G,NIM-SURGICAL-GLOVES,Surgical Gloves
SBRN1833,Hospital D,DI63161W,NIM-SURGICAL-GLOVES,Surgical Gloves
SBRN1834,Hospital D,DI63161W,NIM-SURGICAL-GLOVES,Surgical Gloves
SBRN1835,Hospital D,DI63161W,NIM-SURGICAL-GLOVES,Surgical Gloves
SBRN1836,Hospital D,DI63161W,NIM-SURGICAL-GLOVES,Surgical Gloves
SBRN1837,Hospital D,DI63161W,NIM-SURGICAL-GLOVES,Surgical Gloves
SBRN1838,Hospital D,DI63161W,NIM-SURGICAL-GLOVES,Surgical Gloves
SBRN1839,Hospital D,DI63161W,NIM-SURGICAL-GLOVES,Surgical Gloves
SBRN1840,Hospital D,FK2380US,NIM-SURGICAL-GLOVES,Surgical Gloves
SBRN1841,Hospital D,FK2380US,NIM-SURGICAL-GLOVES,Surgical Gloves
SBRN1842,Hospital D,FK2380US,NIM-SURGICAL-GLOVES,Surgical Gloves
SBRN1843,Hospital D,FK2380US,NIM-SURGICAL-GLOVES,Surgical Gloves
SBRN1844,Hospital D,FK2380US,NIM-SURGICAL-GLOVES,Surgical Gloves
SBRN1845,Hospital D,GQ91238Z,NIM-SURGICAL-GLOVES,Surgical Gloves
SBRN1846,Hospital D,GQ91238Z,NIM-SURGICAL-GLOVES,Surgical Gloves
SBRN1847,Hospital D,GQ91238Z,NIM-SURGICAL-GLOVES,Surgical Gloves
SBRN1848,Hospital D,JH8789TY,NIM-SURGICAL-GLOVES,Surgical Gloves
SBRN1849,Hospital D,PL8060FU,NIM-SURGICAL-GLOVES,Surgical Gloves
SBRN1850,Hospital D,PL8060FU,NIM-SURGICAL-GLOVES,Surgical Gloves
SBRN1851,Hospital D,PL8060FU,NIM-SURGICAL-GLOVES,Surgical Gloves
SBRN1852,Hospital D,PL8060FU,NIM-SURGICAL-GLOVES,Surgical Gloves
SBRN1853,Hospital D,ZJ5745XO,NIM-SURGICAL-GLOVES,Surgical Gloves
SBRN1854,Hospital D,ZJ5745XO,NIM-SURGICAL-GLOVES,Surgical Gloves
SBRN1855,Hospital D,ZJ5745XO,NIM-SURGICAL-GLOVES,Surgical Gloves
SBRN1856,Hospital D,ZJ5745XO,NIM-SURGICAL-GLOVES,Surgical Gloves
SBRN1857,Hospital D,ZJ5745XO,NIM-SURGICAL-GLOVES,Surgical Gloves
SBRN1858,Hospital D,VH9195KA,NIM-SURGICAL-GLOVES,Surgical Gloves
SBRN1859,Hospital D,BF5161LH,NIM-SYRINGE-10ML,Syringe 10ml
SBRN1860,Hospital D,BF5161LH,NIM-SYRINGE-10ML,Syringe 10ml
SBRN1861,Hospital D,IE0618UI,NIM-SYRINGE-10ML,Syringe 10ml
SBRN1862,Hospital D,IE0618UI,NIM-SYRINGE-10ML,Syringe 10ml
SBRN1863,Hospital D,IE0618UI,NIM-SYRINGE-10ML,Syringe 10ml
SBRN1864,Hospital D,QZ0210S5,NIM-SYRINGE-10ML,Syringe 10ml
SBRN1865,Hospital D,QZ0210S5,NIM-SYRINGE-10ML,Syringe 10ml
SBRN1866,Hospital D,QZ0210S5,NIM-SYRINGE-10ML,Syringe 10ml
SBRN1867,Hospital D,QZ0210S5,NIM-SYRINGE-10ML,Syringe 10ml
SBRN1868,Hospital D,QZ0210S5,NIM-SYRINGE-10ML,Syringe 10ml
SBRN1869,Hospital D,BF5161LH,NIM-SYRINGE-10ML,Syringe 10ml
SBRN1870,Hospital D,BF5161LH,NIM-SYRINGE-10ML,Syringe 10ml
SBRN1871,Hospital D,BF5161LH,NIM-SYRINGE-10ML,Syringe 10ml
SBRN1872,Hospital D,BF5161LH,NIM-SYRINGE-10ML,Syringe 10ml
SBRN1873,Hospital D,BF5161LH,NIM-SYRINGE-10ML,Syringe 10ml
SBRN1874,Hospital D,OL357640,NIM-SYRINGE-10ML,Syringe 10ml
SBRN1875,Hospital D,OL357640,NIM-SYRINGE-10ML,Syringe 10ml
SBRN1876,Hospital D,OL357640,NIM-SYRINGE-10ML,Syringe 10ml
SBRN1877,Hospital D,OL357640,NIM-SYRINGE-10ML,Syringe 10ml
SBRN1878,Hospital D,OL357640,NIM-SYRINGE-10ML,Syringe 10ml
SBRN1879,Hospital D,OL357640,NIM-SYRINGE-10ML,Syringe 10ml
SBRN1880,Hospital D,AY0563YX,NIM-SYRINGE-10ML,Syringe 10ml
SBRN1881,Hospital D,AY0563YX,NIM-SYRINGE-10ML,Syringe 10ml
SBRN1882,Hospital D,AY0563YX,NIM-SYRINGE-10ML,Syringe 10ml
SBRN1883,Hospital D,KD3594F4,NIM-SYRINGE-10ML,Syringe 10ml
SBRN1884,Hospital D,KD3594F4,NIM-SYRINGE-10ML,Syringe 10ml
SBRN1885,Hospital D,KD3594F4,NIM-SYRINGE-10ML,Syringe 10ml
SBRN1886,Hospital D,KD3594F4,NIM-SYRINGE-10ML,Syringe 10ml
SBRN1887,Hospital D,OL357640,NIM-SYRINGE-10ML,Syringe 10ml
SBRN1888,Hospital D,OL357640,NIM-SYRINGE-10ML,Syringe 10ml
SBRN1889,Hospital D,OL357640,NIM-SYRINGE-10ML,Syringe 10ml
SBRN1890,Hospital D,OL357640,NIM-SYRINGE-10ML,Syringe 10ml
SBRN1891,Hospital D,OL357640,NIM-SYRINGE-10ML,Syringe 10ml
SBRN1892,Hospital D,OL357640,NIM-SYRINGE-10ML,Syringe 10ml
SBRN1893,Hospital D,OL357640,NIM-SYRINGE-10ML,Syringe 10ml
SBRN1894,Hospital D,OL357640,NIM-SYRINGE-10ML,Syringe 10ml
SBRN1895,Hospital D,BF5161LH,NIM-SYRINGE-10ML,Syringe 10ml
SBRN1896,Hospital D,DY6863MS,NIM-SYRINGE-10ML,Syringe 10ml
SBRN1897,Hospital D,DY6863MS,NIM-SYRINGE-10ML,Syringe 10ml
SBRN1898,Hospital D,DY6863MS,NIM-SYRINGE-10ML,Syringe 10ml
SBRN1899,Hospital D,DY6863MS,NIM-SYRINGE-10ML,Syringe 10ml
SBRN1900,Hospital D,DY6863MS,NIM-SYRINGE-10ML,Syringe 10ml
SBRN1901,Hospital D,OL357640,NIM-SYRINGE-10ML,Syringe 10ml
SBRN1902,Hospital D,OL357640,NIM-SYRINGE-10ML,Syringe 10ml
SBRN1903,Hospital D,OL357640,NIM-SYRINGE-10ML,Syringe 10ml
SBRN1904,Hospital D,OL357640,NIM-SYRINGE-10ML,Syringe 10ml
SBRN1905,Hospital D,RO29429S,NIM-SYRINGE-10ML,Syringe 10ml
SBRN1906,Hospital D,RO29429S,NIM-SYRINGE-10ML,Syringe 10ml
SBRN1907,Hospital D,RO29429S,NIM-SYRINGE-10ML,Syringe 10ml
SBRN1908,Hospital D,SF8567ZX,NIM-SYRINGE-10ML,Syringe 10ml
SBRN1909,Hospital D,SF8567ZX,NIM-SYRINGE-10ML,Syringe 10ml
SBRN1910,Hospital D,SF8567ZX,NIM-SYRINGE-10ML,Syringe 10ml
SBRN1911,Hospital D,SF8567ZX,NIM-SYRINGE-10ML,Syringe 10ml
SBRN1912,Hospital D,US6697SO,NIM-SYRINGE-10ML,Syringe 10ml
SBRN1913,Hospital D,US6697SO,NIM-SYRINGE-10ML,Syringe 10ml
SBRN1914,Hospital D,US6697SO,NIM-SYRINGE-10ML,Syringe 10ml
SBRN1915,Hospital D,US6697SO,NIM-SYRINGE-10ML,Syringe 10ml
SBRN1916,Hospital D,IE0618UI,NIM-SYRINGE-10ML,Syringe 10ml
SBRN1917,Hospital D,IE0618UI,NIM-SYRINGE-10ML,Syringe 10ml
SBRN1918,Hospital D,IE0618UI,NIM-SYRINGE-10ML,Syringe 10ml
SBRN1919,Hospital D,JG8873EP,NIM-SYRINGE-10ML,Syringe 10ml
SBRN1920,Hospital D,JG8873EP,NIM-SYRINGE-10ML,Syringe 10ml
SBRN1921,Hospital D,JG8873EP,NIM-SYRINGE-10ML,Syringe 10ml
SBRN1922,Hospital D,JG8873EP,NIM-SYRINGE-10ML,Syringe 10ml
SBRN1923,Hospital D,JG8873EP,NIM-SYRINGE-10ML,Syringe 10ml
SBRN1924,Hospital D,JG8873EP,NIM-SYRINGE-10ML,Syringe 10ml
SBRN1925,Hospital D,SZ0000LK,NIM-SYRINGE-10ML,Syringe 10ml
SBRN1926,Hospital D,SZ0000LK,NIM-SYRINGE-10ML,Syringe 10ml
SBRN1927,Hospital D,SZ0000LK,NIM-SYRINGE-10ML,Syringe 10ml
SBRN1928,Hospital D,SZ0000LK,NIM-SYRINGE-10ML,Syringe 10ml
SBRN1929,Hospital D,SZ0000LK,NIM-SYRINGE-10ML,Syringe 10ml
SBRN1930,Hospital D,SZ0000LK,NIM-SYRINGE-10ML,Syringe 10ml
SBRN1931,Hospital D,XE9124H9,NIM-THERMOMETER-DIGITAL,Thermometer Digital
SBRN1932,Hospital D,XE9124H9,NIM-THERMOMETER-DIGITAL,Thermometer Digital
SBRN1933,Hospital D,XE9124H9,NIM-THERMOMETER-DIGITAL,Thermometer Digital
SBRN1934,Hospital D,XE9124H9,NIM-THERMOMETER-DIGITAL,Thermometer Digital
SBRN1935,Hospital D,XE9124H9,NIM-THERMOMETER-DIGITAL,Thermometer Digital
SBRN1936,Hospital D,XE9124H9,NIM-THERMOMETER-DIGITAL,Thermometer Digital
SBRN1937,Hospital D,ZO86532P,NIM-THERMOMETER-DIGITAL,Thermometer Digital
SBRN1938,Hospital D,ZO86532P,NIM-THERMOMETER-DIGITAL,Thermometer Digital
SBRN1939,Hospital D,PU3657AI,NIM-THERMOMETER-DIGITAL,Thermometer Digital
SBRN1940,Hospital D,MZ0765K7,NIM-THERMOMETER-DIGITAL,Thermometer Digital
SBRN1941,Hospital D,MZ0765K7,NIM-THERMOMETER-DIGITAL,Thermometer Digital
SBRN1942,Hospital D,MZ0765K7,NIM-THERMOMETER-DIGITAL,Thermometer Digital
SBRN1943,Hospital D,BH2557R3,NIM-THERMOMETER-DIGITAL,Thermometer Digital
SBRN1944,Hospital D,BH2557R3,NIM-THERMOMETER-DIGITAL,Thermometer Digital
SBRN1945,Hospital D,BH2557R3,NIM-THERMOMETER-DIGITAL,Thermometer Digital
SBRN1946,Hospital D,BH2557R3,NIM-THERMOMETER-DIGITAL,Thermometer Digital
SBRN1947,Hospital D,BH2557R3,NIM-THERMOMETER-DIGITAL,Thermometer Digital
SBRN1948,Hospital D,FJ80434A,NIM-THERMOMETER-DIGITAL,Thermometer Digital
SBRN1949,Hospital D,FJ80434A,NIM-THERMOMETER-DIGITAL,Thermometer Digital
SBRN1950,Hospital D,FJ80434A,NIM-THERMOMETER-DIGITAL,Thermometer Digital
SBRN1951,Hospital D,FJ80434A,NIM-THERMOMETER-DIGITAL,Thermometer Digital
SBRN1952,Hospital D,OL357640,NIM-THERMOMETER-DIGITAL,Thermometer Digital
SBRN1953,Hospital D,OL357640,NIM-THERMOMETER-DIGITAL,Thermometer Digital
SBRN1954,Hospital D,DC2630NN,NIM-THERMOMETER-DIGITAL,Thermometer Digital
SBRN1955,Hospital D,DC2630NN,NIM-THERMOMETER-DIGITAL,Thermometer Digital
SBRN1956,Hospital D,SU987315,NIM-THERMOMETER-DIGITAL,Thermometer Digital
SBRN1957,Hospital D,SU987315,NIM-THERMOMETER-DIGITAL,Thermometer Digital
SBRN1958,Hospital D,SU987315,NIM-THERMOMETER-DIGITAL,Thermometer Digital
SBRN1959,Hospital D,SU987315,NIM-THERMOMETER-DIGITAL,Thermometer Digital
SBRN1960,Hospital D,SU987315,NIM-THERMOMETER-DIGITAL,Thermometer Digital
SBRN1961,Hospital D,BT5487JU,NIM-WOUND-DRESSING-LARGE,Wound Dressing Large
SBRN1962,Hospital D,BT5487JU,NIM-WOUND-DRESSING-LARGE,Wound Dressing Large
SBRN1963,Hospital D,BT5487JU,NIM-WOUND-DRESSING-LARGE,Wound Dressing Large
SBRN1964,Hospital D,BT5487JU,NIM-WOUND-DRESSING-LARGE,Wound Dressing Large
SBRN1965,Hospital D,GH172268,NIM-WOUND-DRESSING-LARGE,Wound Dressing Large
SBRN1966,Hospital D,GH172268,NIM-WOUND-DRESSING-LARGE,Wound Dressing Large
SBRN1967,Hospital D,GH172268,NIM-WOUND-DRESSING-LARGE,Wound Dressing Large
SBRN1968,Hospital D,OL357640,NIM-WOUND-DRESSING-LARGE,Wound Dressing Large
SBRN1969,Hospital D,OL357640,NIM-WOUND-DRESSING-LARGE,Wound Dressing Large
SBRN1970,Hospital D,HG28154J,NIM-WOUND-DRESSING-LARGE,Wound Dressing Large
SBRN1971,Hospital D,HG28154J,NIM-WOUND-DRESSING-LARGE,Wound Dressing Large
SBRN1972,Hospital D,HG28154J,NIM-WOUND-DRESSING-LARGE,Wound Dressing Large
SBRN1973,Hospital D,HG28154J,NIM-WOUND-DRESSING-LARGE,Wound Dressing Large
SBRN1974,Hospital D,JY14542C,NIM-WOUND-DRESSING-LARGE,Wound Dressing Large
SBRN1975,Hospital D,JY14542C,NIM-WOUND-DRESSING-LARGE,Wound Dressing Large
SBRN1976,Hospital D,JY14542C,NIM-WOUND-DRESSING-LARGE,Wound Dressing Large
SBRN1977,Hospital D,OL357640,NIM-WOUND-DRESSING-LARGE,Wound Dressing Large
SBRN1978,Hospital D,OL357640,NIM-WOUND-DRESSING-LARGE,Wound Dressing Large
SBRN1979,Hospital D,OL357640,NIM-WOUND-DRESSING-LARGE,Wound Dressing Large
SBRN1980,Hospital D,OL357640,NIM-WOUND-DRESSING-LARGE,Wound Dressing Large
SBRN1981,Hospital D,OL357640,NIM-WOUND-DRESSING-LARGE,Wound Dressing Large
SBRN1982,Hospital D,OL357640,NIM-WOUND-DRESSING-LARGE,Wound Dressing Large
SBRN1983,Hospital D,NC032258,NIM-WOUND-DRESSING-LARGE,Wound Dressing Large
SBRN1984,Hospital D,NC032258,NIM-WOUND-DRESSING-LARGE,Wound Dressing Large
SBRN1985,Hospital D,NC032258,NIM-WOUND-DRESSING-LARGE,Wound Dressing Large
SBRN1986,Hospital D,NC032258,NIM-WOUND-DRESSING-LARGE,Wound Dressing Large
SBRN1987,Hospital D,NC032258,NIM-WOUND-DRESSING-LARGE,Wound Dressing Large
SBRN1988,Hospital D,AG58754Y,NIM-WOUND-DRESSING-LARGE,Wound Dressing Large
SBRN1989,Hospital D,AG58754Y,NIM-WOUND-DRESSING-LARGE,Wound Dressing Large
SBRN1990,Hospital D,AG58754Y,NIM-WOUND-DRESSING-LARGE,Wound Dressing Large
SBRN1991,Hospital D,AG58754Y,NIM-WOUND-DRESSING-LARGE,Wound Dressing Large
SBRN1992,Hospital D,AG58754Y,NIM-WOUND-DRESSING-LARGE,Wound Dressing Large
SBRN1993,Hospital D,AG58754Y,NIM-WOUND-DRESSING-LARGE,Wound Dressing Large
SBRN1994,Hospital D,FA5565HB,NIM-WOUND-DRESSING-LARGE,Wound Dressing Large
SBRN1995,Hospital D,FA5565HB,NIM-WOUND-DRESSING-LARGE,Wound Dressing Large
SBRN1996,Hospital D,IA3884LD,NIM-WOUND-DRESSING-LARGE,Wound Dressing Large
SBRN1997,Hospital D,IA3884LD,NIM-WOUND-DRESSING-LARGE,Wound Dressing Large
SBRN1998,Hospital D,IA3884LD,NIM-WOUND-DRESSING-LARGE,Wound Dressing Large
SBRN1999,Hospital D,IA3884LD,NIM-WOUND-DRESSING-LARGE,Wound Dressing Large
SBRN2000,Hospital D,IA3884LD,NIM-WOUND-DRESSING-LARGE,Wound Dressing Large
SBRN2001,Hospital E,UW1644DT,NIM-ANTISEPTIC-WIPES,Antiseptic Wipes
SBRN2002,Hospital E,UW1644DT,NIM-ANTISEPTIC-WIPES,Antiseptic Wipes
SBRN2003,Hospital E,UW1644DT,NIM-ANTISEPTIC-WIPES,Antiseptic Wipes
SBRN2004,Hospital E,UW1644DT,NIM-ANTISEPTIC-WIPES,Antiseptic Wipes
SBRN2005,Hospital E,FR2962MK,NIM-ANTISEPTIC-WIPES,Antiseptic Wipes
SBRN2006,Hospital E,FR2962MK,NIM-ANTISEPTIC-WIPES,Antiseptic Wipes
SBRN2007,Hospital E,ZD7018VO,NIM-ANTISEPTIC-WIPES,Antiseptic Wipes
SBRN2008,Hospital E,ZD7018VO,NIM-ANTISEPTIC-WIPES,Antiseptic Wipes
SBRN2009,Hospital E,ZD7018VO,NIM-ANTISEPTIC-WIPES,Antiseptic Wipes
SBRN2010,Hospital E,ZD7018VO,NIM-ANTISEPTIC-WIPES,Antiseptic Wipes
SBRN2011,Hospital E,ZD7018VO,NIM-ANTISEPTIC-WIPES,Antiseptic Wipes
SBRN2012,Hospital E,PT3621O9,NIM-ANTISEPTIC-WIPES,Antiseptic Wipes
SBRN2013,Hospital E,PT3621O9,NIM-ANTISEPTIC-WIPES,Antiseptic Wipes
SBRN2014,Hospital E,PT3621O9,NIM-ANTISEPTIC-WIPES,Antiseptic Wipes
SBRN2015,Hospital E,PT3621O9,NIM-ANTISEPTIC-WIPES,Antiseptic Wipes
SBRN2016,Hospital E,ZD7018VO,NIM-ANTISEPTIC-WIPES,Antiseptic Wipes
SBRN2017,Hospital E,ZD7018VO,NIM-ANTISEPTIC-WIPES,Antiseptic Wipes
SBRN2018,Hospital E,EQ22987O,NIM-ANTISEPTIC-WIPES,Antiseptic Wipes
SBRN2019,Hospital E,EQ22987O,NIM-ANTISEPTIC-WIPES,Antiseptic Wipes
SBRN2020,Hospital E,EQ22987O,NIM-ANTISEPTIC-WIPES,Antiseptic Wipes
SBRN2021,Hospital E,EQ22987O,NIM-ANTISEPTIC-WIPES,Antiseptic Wipes
SBRN2022,Hospital E,EQ22987O,NIM-ANTISEPTIC-WIPES,Antiseptic Wipes
SBRN2023,Hospital E,EQ22987O,NIM-ANTISEPTIC-WIPES,Antiseptic Wipes
SBRN2024,Hospital E,ID7581SP,NIM-BLOOD-PRESSURE-CUFF,Blood Pressure Cuff
SBRN2025,Hospital E,ID7581SP,NIM-BLOOD-PRESSURE-CUFF,Blood Pressure Cuff
SBRN2026,Hospital E,ID7581SP,NIM-BLOOD-PRESSURE-CUFF,Blood Pressure Cuff
SBRN2027,Hospital E,ID7581SP,NIM-BLOOD-PRESSURE-CUFF,Blood Pressure Cuff
SBRN2028,Hospital E,ID7581SP,NIM-BLOOD-PRESSURE-CUFF,Blood Pressure Cuff
SBRN2029,Hospital E,LJ8490BS,NIM-BLOOD-PRESSURE-CUFF,Blood Pressure Cuff
SBRN2030,Hospital E,LJ8490BS,NIM-BLOOD-PRESSURE-CUFF,Blood Pressure Cuff
SBRN2031,Hospital E,LJ8490BS,NIM-BLOOD-PRESSURE-CUFF,Blood Pressure Cuff
SBRN2032,Hospital E,LJ8490BS,NIM-BLOOD-PRESSURE-CUFF,Blood Pressure Cuff
SBRN2033,Hospital E,ZH3387XM,NIM-BLOOD-PRESSURE-CUFF,Blood Pressure Cuff
SBRN2034,Hospital E,ZH3387XM,NIM-BLOOD-PRESSURE-CUFF,Blood Pressure Cuff
SBRN2035,Hospital E,NB1565G4,NIM-BLOOD-PRESSURE-CUFF,Blood Pressure Cuff
SBRN2036,Hospital E,NB1565G4,NIM-BLOOD-PRESSURE-CUFF,Blood Pressure Cuff
SBRN2037,Hospital E,TT2608AP,NIM-BLOOD-PRESSURE-CUFF,Blood Pressure Cuff
SBRN2038,Hospital E,TT2608AP,NIM-BLOOD-PRESSURE-CUFF,Blood Pressure Cuff
SBRN2039,Hospital E,TT2608AP,NIM-BLOOD-PRESSURE-CUFF,Blood Pressure Cuff
SBRN2040,Hospital E,TT2608AP,NIM-BLOOD-PRESSURE-CUFF,Blood Pressure Cuff
SBRN2041,Hospital E,TT2608AP,NIM-BLOOD-PRESSURE-CUFF,Blood Pressure Cuff
SBRN2042,Hospital E,TT2608AP,NIM-BLOOD-PRESSURE-CUFF,Blood Pressure Cuff
SBRN2043,Hospital E,BN5332ES,NIM-BLOOD-PRESSURE-CUFF,Blood Pressure Cuff
SBRN2044,Hospital E,BN5332ES,NIM-BLOOD-PRESSURE-CUFF,Blood Pressure Cuff
SBRN2045,Hospital E,BN5332ES,NIM-BLOOD-PRESSURE-CUFF,Blood Pressure Cuff
SBRN2046,Hospital E,BN5332ES,NIM-BLOOD-PRESSURE-CUFF,Blood Pressure Cuff
SBRN2047,Hospital E,BN5332ES,NIM-BLOOD-PRESSURE-CUFF,Blood Pressure Cuff
SBRN2048,Hospital E,GJ46299B,NIM-BLOOD-PRESSURE-CUFF,Blood Pressure Cuff
SBRN2049,Hospital E,GJ46299B,NIM-BLOOD-PRESSURE-CUFF,Blood Pressure Cuff
SBRN2050,Hospital E,PS77674D,NIM-BLOOD-PRESSURE-CUFF,Blood Pressure Cuff
SBRN2051,Hospital E,PS77674D,NIM-BLOOD-PRESSURE-CUFF,Blood Pressure Cuff
SBRN2052,Hospital E,PS77674D,NIM-BLOOD-PRESSURE-CUFF,Blood Pressure Cuff
SBRN2053,Hospital E,PS77674D,NIM-BLOOD-PRESSURE-CUFF,Blood Pressure Cuff
SBRN2054,Hospital E,PS77674D,NIM-BLOOD-PRESSURE-CUFF,Blood Pressure Cuff
SBRN2055,Hospital E,PS77674D,NIM-BLOOD-PRESSURE-CUFF,Blood Pressure Cuff
SBRN2056,Hospital E,PS77674D,NIM-BLOOD-PRESSURE-CUFF,Blood Pressure Cuff
SBRN2057,Hospital E,UF4797PQ,NIM-BLOOD-PRESSURE-CUFF,Blood Pressure Cuff
SBRN2058,Hospital E,UF4797PQ,NIM-BLOOD-PRESSURE-CUFF,Blood Pressure Cuff
SBRN2059,Hospital E,UF4797PQ,NIM-BLOOD-PRESSURE-CUFF,Blood Pressure Cuff
SBRN2060,Hospital E,UW1644DT,NIM-BLOOD-PRESSURE-CUFF,Blood Pressure Cuff
SBRN2061,Hospital E,UW1644DT,NIM-BLOOD-PRESSURE-CUFF,Blood Pressure Cuff
SBRN2062,Hospital E,UW1644DT,NIM-BLOOD-PRESSURE-CUFF,Blood Pressure Cuff
SBRN2063,Hospital E,LJ8490BS,NIM-BLOOD-PRESSURE-CUFF,Blood Pressure Cuff
SBRN2064,Hospital E,LJ8490BS,NIM-BLOOD-PRESSURE-CUFF,Blood Pressure Cuff
SBRN2065,Hospital E,LJ8490BS,NIM-BLOOD-PRESSURE-CUFF,Blood Pressure Cuff
SBRN2066,Hospital E,LJ8490BS,NIM-BLOOD-PRESSURE-CUFF,Blood Pressure Cuff
SBRN2067,Hospital E,PZ786862,NIM-BLOOD-PRESSURE-CUFF,Blood Pressure Cuff
SBRN2068,Hospital E,PZ786862,NIM-BLOOD-PRESSURE-CUFF,Blood Pressure Cuff
SBRN2069,Hospital E,PZ786862,NIM-BLOOD-PRESSURE-CUFF,Blood Pressure Cuff
SBRN2070,Hospital E,PZ786862,NIM-BLOOD-PRESSURE-CUFF,Blood Pressure Cuff
SBRN2071,Hospital E,PZ786862,NIM-BLOOD-PRESSURE-CUFF,Blood Pressure Cuff
SBRN2072,Hospital E,PZ786862,NIM-BLOOD-PRESSURE-CUFF,Blood Pressure Cuff
SBRN2073,Hospital E,PZ786862,NIM-BLOOD-PRESSURE-CUFF,Blood Pressure Cuff
SBRN2074,Hospital E,RP5839A5,NIM-BLOOD-PRESSURE-CUFF,Blood Pressure Cuff
SBRN2075,Hospital E,RP5839A5,NIM-BLOOD-PRESSURE-CUFF,Blood Pressure Cuff
SBRN2076,Hospital E,RP5839A5,NIM-BLOOD-PRESSURE-CUFF,Blood Pressure Cuff
SBRN2077,Hospital E,RP5839A5,NIM-BLOOD-PRESSURE-CUFF,Blood Pressure Cuff
SBRN2078,Hospital E,RP5839A5,NIM-BLOOD-PRESSURE-CUFF,Blood Pressure Cuff
SBRN2079,Hospital E,RP5839A5,NIM-BLOOD-PRESSURE-CUFF,Blood Pressure Cuff
SBRN2080,Hospital E,DI28328O,NIM-BLOOD-PRESSURE-CUFF,Blood Pressure Cuff
SBRN2081,Hospital E,DI28328O,NIM-BLOOD-PRESSURE-CUFF,Blood Pressure Cuff
SBRN2082,Hospital E,DI28328O,NIM-BLOOD-PRESSURE-CUFF,Blood Pressure Cuff
SBRN2083,Hospital E,LJ8490BS,NIM-BLOOD-PRESSURE-CUFF,Blood Pressure Cuff
SBRN2084,Hospital E,LJ8490BS,NIM-BLOOD-PRESSURE-CUFF,Blood Pressure Cuff
SBRN2085,Hospital E,LJ8490BS,NIM-BLOOD-PRESSURE-CUFF,Blood Pressure Cuff
SBRN2086,Hospital E,XY2375I3,NIM-BLOOD-PRESSURE-CUFF,Blood Pressure Cuff
SBRN2087,Hospital E,XY2375I3,NIM-BLOOD-PRESSURE-CUFF,Blood Pressure Cuff
SBRN2088,Hospital E,XY2375I3,NIM-BLOOD-PRESSURE-CUFF,Blood Pressure Cuff
SBRN2089,Hospital E,XY2375I3,NIM-BLOOD-PRESSURE-CUFF,Blood Pressure Cuff
SBRN2090,Hospital E,ZX3929G6,NIM-BLOOD-PRESSURE-CUFF,Blood Pressure Cuff
SBRN2091,Hospital E,ZX3929G6,NIM-BLOOD-PRESSURE-CUFF,Blood Pressure Cuff
SBRN2092,Hospital E,ZX3929G6,NIM-BLOOD-PRESSURE-CUFF,Blood Pressure Cuff
SBRN2093,Hospital E,ZX3929G6,NIM-BLOOD-PRESSURE-CUFF,Blood Pressure Cuff
SBRN2094,Hospital E,ZX3929G6,NIM-BLOOD-PRESSURE-CUFF,Blood Pressure Cuff
SBRN2095,Hospital E,ZX3929G6,NIM-BLOOD-PRESSURE-CUFF,Blood Pressure Cuff
SBRN2096,Hospital E,ZX3929G6,NIM-BLOOD-PRESSURE-CUFF,Blood Pressure Cuff
SBRN2097,Hospital E,ZX3929G6,NIM-BLOOD-PRESSURE-CUFF,Blood Pressure Cuff
SBRN2098,Hospital E,RP5839A5,NIM-CATHETER-FOLEY,Catheter Foley
SBRN2099,Hospital E,RP5839A5,NIM-CATHETER-FOLEY,Catheter Foley
SBRN2100,Hospital E,RP5839A5,NIM-CATHETER-FOLEY,Catheter Foley
SBRN2101,Hospital E,RP5839A5,NIM-CATHETER-FOLEY,Catheter Foley
SBRN2102,Hospital E,RP5839A5,NIM-CATHETER-FOLEY,Catheter Foley
SBRN2103,Hospital E,RP5839A5,NIM-CATHETER-FOLEY,Catheter Foley
SBRN2104,Hospital E,RP5839A5,NIM-CATHETER-FOLEY,Catheter Foley
SBRN2105,Hospital E,TG68586T,NIM-CATHETER-FOLEY,Catheter Foley
SBRN2106,Hospital E,TG68586T,NIM-CATHETER-FOLEY,Catheter Foley
SBRN2107,Hospital E,TG68586T,NIM-CATHETER-FOLEY,Catheter Foley
SBRN2108,Hospital E,TG68586T,NIM-CATHETER-FOLEY,Catheter Foley
SBRN2109,Hospital E,TG68586T,NIM-CATHETER-FOLEY,Catheter Foley
SBRN2110,Hospital E,TG68586T,NIM-CATHETER-FOLEY,Catheter Foley
SBRN2111,Hospital E,TG68586T,NIM-CATHETER-FOLEY,Catheter Foley
SBRN2112,Hospital E,TG68586T,NIM-CATHETER-FOLEY,Catheter Foley
SBRN2113,Hospital E,TG68586T,NIM-CATHETER-FOLEY,Catheter Foley
SBRN2114,Hospital E,CR5139BG,NIM-CATHETER-FOLEY,Catheter Foley
SBRN2115,Hospital E,LJ8490BS,NIM-CATHETER-FOLEY,Catheter Foley
SBRN2116,Hospital E,LJ8490BS,NIM-CATHETER-FOLEY,Catheter Foley
SBRN2117,Hospital E,LJ8490BS,NIM-CATHETER-FOLEY,Catheter Foley
SBRN2118,Hospital E,WB0004MM,NIM-CATHETER-FOLEY,Catheter Foley
SBRN2119,Hospital E,WB0004MM,NIM-CATHETER-FOLEY,Catheter Foley
SBRN2120,Hospital E,WB0004MM,NIM-CATHETER-FOLEY,Catheter Foley
SBRN2121,Hospital E,PT3621O9,NIM-CATHETER-FOLEY,Catheter Foley
SBRN2122,Hospital E,PT3621O9,NIM-CATHETER-FOLEY,Catheter Foley
SBRN2123,Hospital E,QJ11272I,NIM-CATHETER-FOLEY,Catheter Foley
SBRN2124,Hospital E,QJ11272I,NIM-CATHETER-FOLEY,Catheter Foley
SBRN2125,Hospital E,QJ11272I,NIM-CATHETER-FOLEY,Catheter Foley
SBRN2126,Hospital E,QJ11272I,NIM-CATHETER-FOLEY,Catheter Foley
SBRN2127,Hospital E,UO613821,NIM-CATHETER-FOLEY,Catheter Foley
SBRN2128,Hospital E,UO613821,NIM-CATHETER-FOLEY,Catheter Foley
SBRN2129,Hospital E,UO613821,NIM-CATHETER-FOLEY,Catheter Foley
SBRN2130,Hospital E,UO613821,NIM-CATHETER-FOLEY,Catheter Foley
SBRN2131,Hospital E,UO613821,NIM-CATHETER-FOLEY,Catheter Foley
SBRN2132,Hospital E,UW1644DT,NIM-CATHETER-FOLEY,Catheter Foley
SBRN2133,Hospital E,UW1644DT,NIM-CATHETER-FOLEY,Catheter Foley
SBRN2134,Hospital E,PC403558,NIM-CATHETER-FOLEY,Catheter Foley
SBRN2135,Hospital E,PC403558,NIM-CATHETER-FOLEY,Catheter Foley
SBRN2136,Hospital E,PC403558,NIM-CATHETER-FOLEY,Catheter Foley
SBRN2137,Hospital E,PC403558,NIM-CATHETER-FOLEY,Catheter Foley
SBRN2138,Hospital E,LP5396QJ,NIM-CATHETER-FOLEY,Catheter Foley
SBRN2139,Hospital E,LP5396QJ,NIM-CATHETER-FOLEY,Catheter Foley
SBRN2140,Hospital E,LP5396QJ,NIM-CATHETER-FOLEY,Catheter Foley
SBRN2141,Hospital E,QH2815PA,NIM-CATHETER-FOLEY,Catheter Foley
SBRN2142,Hospital E,QH2815PA,NIM-CATHETER-FOLEY,Catheter Foley
SBRN2143,Hospital E,QH2815PA,NIM-CATHETER-FOLEY,Catheter Foley
SBRN2144,Hospital E,GY0493CZ,NIM-CATHETER-FOLEY,Catheter Foley
SBRN2145,Hospital E,IQ4584DK,NIM-CATHETER-FOLEY,Catheter Foley
SBRN2146,Hospital E,IQ4584DK,NIM-CATHETER-FOLEY,Catheter Foley
SBRN2147,Hospital E,IQ4584DK,NIM-CATHETER-FOLEY,Catheter Foley
SBRN2148,Hospital E,NT93196L,NIM-CATHETER-FOLEY,Catheter Foley
SBRN2149,Hospital E,NT93196L,NIM-CATHETER-FOLEY,Catheter Foley
SBRN2150,Hospital E,NT93196L,NIM-CATHETER-FOLEY,Catheter Foley
SBRN2151,Hospital E,NT93196L,NIM-CATHETER-FOLEY,Catheter Foley
SBRN2152,Hospital E,NT93196L,NIM-CATHETER-FOLEY,Catheter Foley
SBRN2153,Hospital E,NT93196L,NIM-CATHETER-FOLEY,Catheter Foley
SBRN2154,Hospital E,UF4797PQ,NIM-CATHETER-FOLEY,Catheter Foley
SBRN2155,Hospital E,UF4797PQ,NIM-CATHETER-FOLEY,Catheter Foley
SBRN2156,Hospital E,UF4797PQ,NIM-CATHETER-FOLEY,Catheter Foley
SBRN2157,Hospital E,UF4797PQ,NIM-CATHETER-FOLEY,Catheter Foley
SBRN2158,Hospital E,UF4797PQ,NIM-CATHETER-FOLEY,Catheter Foley
SBRN2159,Hospital E,UF4797PQ,NIM-CATHETER-FOLEY,Catheter Foley
SBRN2160,Hospital E,WO7122TX,NIM-CATHETER-FOLEY,Catheter Foley
SBRN2161,Hospital E,WO7122TX,NIM-CATHETER-FOLEY,Catheter Foley
SBRN2162,Hospital E,WO7122TX,NIM-CATHETER-FOLEY,Catheter Foley
SBRN2163,Hospital E,PT3621O9,NIM-COMPRESSION-BANDAGE,Compression Bandage
SBRN2164,Hospital E,PT3621O9,NIM-COMPRESSION-BANDAGE,Compression Bandage
SBRN2165,Hospital E,PT3621O9,NIM-COMPRESSION-BANDAGE,Compression Bandage
SBRN2166,Hospital E,PT3621O9,NIM-COMPRESSION-BANDAGE,Compression Bandage
SBRN2167,Hospital E,HA1867SJ,NIM-COMPRESSION-BANDAGE,Compression Bandage
SBRN2168,Hospital E,ZD7018VO,NIM-COMPRESSION-BANDAGE,Compression Bandage
SBRN2169,Hospital E,ZD7018VO,NIM-COMPRESSION-BANDAGE,Compression Bandage
SBRN2170,Hospital E,ZD7018VO,NIM-COMPRESSION-BANDAGE,Compression Bandage
SBRN2171,Hospital E,JI7232GY,NIM-COMPRESSION-BANDAGE,Compression Bandage
SBRN2172,Hospital E,JI7232GY,NIM-COMPRESSION-BANDAGE,Compression Bandage
SBRN2173,Hospital E,PC0358AC,NIM-COMPRESSION-BANDAGE,Compression Bandage
SBRN2174,Hospital E,PC0358AC,NIM-COMPRESSION-BANDAGE,Compression Bandage
SBRN2175,Hospital E,PC0358AC,NIM-COMPRESSION-BANDAGE,Compression Bandage
SBRN2176,Hospital E,PC0358AC,NIM-COMPRESSION-BANDAGE,Compression Bandage
SBRN2177,Hospital E,PC0358AC,NIM-COMPRESSION-BANDAGE,Compression Bandage
SBRN2178,Hospital E,PC0358AC,NIM-COMPRESSION-BANDAGE,Compression Bandage
SBRN2179,Hospital E,RP5839A5,NIM-COMPRESSION-BANDAGE,Compression Bandage
SBRN2180,Hospital E,ZD7018VO,NIM-COMPRESSION-BANDAGE,Compression Bandage
SBRN2181,Hospital E,ZD7018VO,NIM-COMPRESSION-BANDAGE,Compression Bandage
SBRN2182,Hospital E,ZD7018VO,NIM-COMPRESSION-BANDAGE,Compression Bandage
SBRN2183,Hospital E,ZD7018VO,NIM-COMPRESSION-BANDAGE,Compression Bandage
SBRN2184,Hospital E,ZD7018VO,NIM-COMPRESSION-BANDAGE,Compression Bandage
SBRN2185,Hospital E,ZQ9143QB,NIM-COMPRESSION-BANDAGE,Compression Bandage
SBRN2186,Hospital E,ZQ9143QB,NIM-COMPRESSION-BANDAGE,Compression Bandage
SBRN2187,Hospital E,VH37271D,NIM-COMPRESSION-BANDAGE,Compression Bandage
SBRN2188,Hospital E,VH37271D,NIM-COMPRESSION-BANDAGE,Compression Bandage
SBRN2189,Hospital E,VH37271D,NIM-COMPRESSION-BANDAGE,Compression Bandage
SBRN2190,Hospital E,VH37271D,NIM-COMPRESSION-BANDAGE,Compression Bandage
SBRN2191,Hospital E,VH37271D,NIM-COMPRESSION-BANDAGE,Compression Bandage
SBRN2192,Hospital E,VH37271D,NIM-COMPRESSION-BANDAGE,Compression Bandage
SBRN2193,Hospital E,VH37271D,NIM-COMPRESSION-BANDAGE,Compression Bandage
SBRN2194,Hospital E,BR6888EV,NIM-COMPRESSION-BANDAGE,Compression Bandage
SBRN2195,Hospital E,BR6888EV,NIM-COMPRESSION-BANDAGE,Compression Bandage
SBRN2196,Hospital E,BR6888EV,NIM-COMPRESSION-BANDAGE,Compression Bandage
SBRN2197,Hospital E,BR6888EV,NIM-COMPRESSION-BANDAGE,Compression Bandage
SBRN2198,Hospital E,BR6888EV,NIM-COMPRESSION-BANDAGE,Compression Bandage
SBRN2199,Hospital E,BR6888EV,NIM-COMPRESSION-BANDAGE,Compression Bandage
SBRN2200,Hospital E,LJ7299TB,NIM-COMPRESSION-BANDAGE,Compression Bandage
SBRN2201,Hospital E,LJ7299TB,NIM-COMPRESSION-BANDAGE,Compression Bandage
SBRN2202,Hospital E,LJ7299TB,NIM-COMPRESSION-BANDAGE,Compression Bandage
SBRN2203,Hospital E,LJ7299TB,NIM-COMPRESSION-BANDAGE,Compression Bandage
SBRN2204,Hospital E,YN9826XZ,NIM-COMPRESSION-BANDAGE,Compression Bandage
SBRN2205,Hospital E,YN9826XZ,NIM-COMPRESSION-BANDAGE,Compression Bandage
SBRN2206,Hospital E,YN9826XZ,NIM-COMPRESSION-BANDAGE,Compression Bandage
SBRN2207,Hospital E,YN9826XZ,NIM-COMPRESSION-BANDAGE,Compression Bandage
SBRN2208,Hospital E,YN9826XZ,NIM-COMPRESSION-BANDAGE,Compression Bandage
SBRN2209,Hospital E,NB1565G4,NIM-COMPRESSION-BANDAGE,Compression Bandage
SBRN2210,Hospital E,NB1565G4,NIM-COMPRESSION-BANDAGE,Compression Bandage
SBRN2211,Hospital E,NB1565G4,NIM-COMPRESSION-BANDAGE,Compression Bandage
SBRN2212,Hospital E,NB1565G4,NIM-COMPRESSION-BANDAGE,Compression Bandage
SBRN2213,Hospital E,NB1565G4,NIM-COMPRESSION-BANDAGE,Compression Bandage
SBRN2214,Hospital E,IQ1720N2,NIM-IV-BAG-500ML,IV Bag 500ml
SBRN2215,Hospital E,IQ1720N2,NIM-IV-BAG-500ML,IV Bag 500ml
SBRN2216,Hospital E,LJ8490BS,NIM-IV-BAG-500ML,IV Bag 500ml
SBRN2217,Hospital E,LJ8490BS,NIM-IV-BAG-500ML,IV Bag 500ml
SBRN2218,Hospital E,LJ8490BS,NIM-IV-BAG-500ML,IV Bag 500ml
SBRN2219,Hospital E,LJ8490BS,NIM-IV-BAG-500ML,IV Bag 500ml
SBRN2220,Hospital E,LJ8490BS,NIM-IV-BAG-500ML,IV Bag 500ml
SBRN2221,Hospital E,LJ8490BS,NIM-IV-BAG-500ML,IV Bag 500ml
SBRN2222,Hospital E,LJ8490BS,NIM-IV-BAG-500ML,IV Bag 500ml
SBRN2223,Hospital E,LU4108Z6,NIM-IV-BAG-500ML,IV Bag 500ml
SBRN2224,Hospital E,LU4108Z6,NIM-IV-BAG-500ML,IV Bag 500ml
SBRN2225,Hospital E,LU4108Z6,NIM-IV-BAG-500ML,IV Bag 500ml
SBRN2226,Hospital E,LU4108Z6,NIM-IV-BAG-500ML,IV Bag 500ml
SBRN2227,Hospital E,LU4108Z6,NIM-IV-BAG-500ML,IV Bag 500ml
SBRN2228,Hospital E,LU4108Z6,NIM-IV-BAG-500ML,IV Bag 500ml
SBRN2229,Hospital E,LU4108Z6,NIM-IV-BAG-500ML,IV Bag 500ml
SBRN2230,Hospital E,QL2442X8,NIM-IV-BAG-500ML,IV Bag 500ml
SBRN2231,Hospital E,QL2442X8,NIM-IV-BAG-500ML,IV Bag 500ml
SBRN2232,Hospital E,QL2442X8,NIM-IV-BAG-500ML,IV Bag 500ml
SBRN2233,Hospital E,QL2442X8,NIM-IV-BAG-500ML,IV Bag 500ml
SBRN2234,Hospital E,QL2442X8,NIM-IV-BAG-500ML,IV Bag 500ml
SBRN2235,Hospital E,QL2442X8,NIM-IV-BAG-500ML,IV Bag 500ml
SBRN2236,Hospital E,QL2442X8,NIM-IV-BAG-500ML,IV Bag 500ml
SBRN2237,Hospital E,UW1644DT,NIM-IV-BAG-500ML,IV Bag 500ml
SBRN2238,Hospital E,UW1644DT,NIM-IV-BAG-500ML,IV Bag 500ml
SBRN2239,Hospital E,UW1644DT,NIM-IV-BAG-500ML,IV Bag 500ml
SBRN2240,Hospital E,UW1644DT,NIM-IV-BAG-500ML,IV Bag 500ml
SBRN2241,Hospital E,UW1644DT,NIM-IV-BAG-500ML,IV Bag 500ml
SBRN2242,Hospital E,VV29624E,NIM-IV-BAG-500ML,IV Bag 500ml
SBRN2243,Hospital E,VV29624E,NIM-IV-BAG-500ML,IV Bag 500ml
SBRN2244,Hospital E,VV29624E,NIM-IV-BAG-500ML,IV Bag 500ml
SBRN2245,Hospital E,FR2962MK,NIM-IV-BAG-500ML,IV Bag 500ml
SBRN2246,Hospital E,FR2962MK,NIM-IV-BAG-500ML,IV Bag 500ml
SBRN2247,Hospital E,FR2962MK,NIM-IV-BAG-500ML,IV Bag 500ml
SBRN2248,Hospital E,FR2962MK,NIM-IV-BAG-500ML,IV Bag 500ml
SBRN2249,Hospital E,FR2962MK,NIM-IV-BAG-500ML,IV Bag 500ml
SBRN2250,Hospital E,UV53950K,NIM-IV-BAG-500ML,IV Bag 500ml
SBRN2251,Hospital E,UV53950K,NIM-IV-BAG-500ML,IV Bag 500ml
SBRN2252,Hospital E,UV53950K,NIM-IV-BAG-500ML,IV Bag 500ml
SBRN2253,Hospital E,UV53950K,NIM-IV-BAG-500ML,IV Bag 500ml
SBRN2254,Hospital E,UW1644DT,NIM-IV-BAG-500ML,IV Bag 500ml
SBRN2255,Hospital E,UW1644DT,NIM-IV-BAG-500ML,IV Bag 500ml
SBRN2256,Hospital E,UW1644DT,NIM-IV-BAG-500ML,IV Bag 500ml
SBRN2257,Hospital E,UW1644DT,NIM-IV-BAG-500ML,IV Bag 500ml
SBRN2258,Hospital E,GY0493CZ,NIM-CATHETER-FOLEY,Catheter Foley
SBRN2259,Hospital E,XY2375I3,NIM-BLOOD-PRESSURE-CUFF,Blood Pressure Cuff
SBRN2260,Hospital E,ZN7542V6,NIM-SYRINGE-10ML,Syringe 10ml
SBRN2261,Hospital E,AZ2519G1,NIM-SCALPEL-SIZE-10,Scalpel Size 10
SBRN2262,Hospital E,AZ2519G1,NIM-SCALPEL-SIZE-10,Scalpel Size 10
SBRN2263,Hospital E,AZ2519G1,NIM-SCALPEL-SIZE-10,Scalpel Size 10
SBRN2264,Hospital E,AZ2519G1,NIM-SCALPEL-SIZE-10,Scalpel Size 10
SBRN2265,Hospital E,FU2970ZP,NIM-SCALPEL-SIZE-10,Scalpel Size 10
SBRN2266,Hospital E,FU2970ZP,NIM-SCALPEL-SIZE-10,Scalpel Size 10
SBRN2267,Hospital E,FU2970ZP,NIM-SCALPEL-SIZE-10,Scalpel Size 10
SBRN2268,Hospital E,FU2970ZP,NIM-SCALPEL-SIZE-10,Scalpel Size 10
SBRN2269,Hospital E,FU2970ZP,NIM-SCALPEL-SIZE-10,Scalpel Size 10
SBRN2270,Hospital E,FU2970ZP,NIM-SCALPEL-SIZE-10,Scalpel Size 10
SBRN2271,Hospital E,FU2970ZP,NIM-SCALPEL-SIZE-10,Scalpel Size 10
SBRN2272,Hospital E,HS76574M,NIM-SCALPEL-SIZE-10,Scalpel Size 10
SBRN2273,Hospital E,HS76574M,NIM-SCALPEL-SIZE-10,Scalpel Size 10
SBRN2274,Hospital E,HS76574M,NIM-SCALPEL-SIZE-10,Scalpel Size 10
SBRN2275,Hospital E,EM4241YE,NIM-SCALPEL-SIZE-10,Scalpel Size 10
SBRN2276,Hospital E,EM4241YE,NIM-SCALPEL-SIZE-10,Scalpel Size 10
SBRN2277,Hospital E,EM4241YE,NIM-SCALPEL-SIZE-10,Scalpel Size 10
SBRN2278,Hospital E,QJ11272I,NIM-SCALPEL-SIZE-10,Scalpel Size 10
SBRN2279,Hospital E,QJ11272I,NIM-SCALPEL-SIZE-10,Scalpel Size 10
SBRN2280,Hospital E,UF4797PQ,NIM-SCALPEL-SIZE-10,Scalpel Size 10
SBRN2281,Hospital E,UF4797PQ,NIM-SCALPEL-SIZE-10,Scalpel Size 10
SBRN2282,Hospital E,UF4797PQ,NIM-SCALPEL-SIZE-10,Scalpel Size 10
SBRN2283,Hospital E,HN883458,NIM-SCALPEL-SIZE-10,Scalpel Size 10
SBRN2284,Hospital E,PT3621O9,NIM-SCALPEL-SIZE-10,Scalpel Size 10
SBRN2285,Hospital E,PT3621O9,NIM-SCALPEL-SIZE-10,Scalpel Size 10
SBRN2286,Hospital E,PT3621O9,NIM-SCALPEL-SIZE-10,Scalpel Size 10
SBRN2287,Hospital E,TG68586T,NIM-SCALPEL-SIZE-10,Scalpel Size 10
SBRN2288,Hospital E,TG68586T,NIM-SCALPEL-SIZE-10,Scalpel Size 10
SBRN2289,Hospital E,JX2812BZ,NIM-SCALPEL-SIZE-10,Scalpel Size 10
SBRN2290,Hospital E,JX2812BZ,NIM-SCALPEL-SIZE-10,Scalpel Size 10
SBRN2291,Hospital E,DW6579GD,NIM-SCALPEL-SIZE-10,Scalpel Size 10
SBRN2292,Hospital E,DW6579GD,NIM-SCALPEL-SIZE-10,Scalpel Size 10
SBRN2293,Hospital E,DW6579GD,NIM-SCALPEL-SIZE-10,Scalpel Size 10
SBRN2294,Hospital E,DW6579GD,NIM-SCALPEL-SIZE-10,Scalpel Size 10
SBRN2295,Hospital E,DW6579GD,NIM-SCALPEL-SIZE-10,Scalpel Size 10
SBRN2296,Hospital E,DW6579GD,NIM-SCALPEL-SIZE-10,Scalpel Size 10
SBRN2297,Hospital E,WZ0721YI,NIM-SCALPEL-SIZE-10,Scalpel Size 10
SBRN2298,Hospital E,WZ0721YI,NIM-SCALPEL-SIZE-10,Scalpel Size 10
SBRN2299,Hospital E,WZ0721YI,NIM-SCALPEL-SIZE-10,Scalpel Size 10
SBRN2300,Hospital E,WZ0721YI,NIM-SCALPEL-SIZE-10,Scalpel Size 10
SBRN2301,Hospital E,WZ0721YI,NIM-SCALPEL-SIZE-10,Scalpel Size 10
SBRN2302,Hospital E,DJ2436HU,NIM-SCALPEL-SIZE-10,Scalpel Size 10
SBRN2303,Hospital E,DJ2436HU,NIM-SCALPEL-SIZE-10,Scalpel Size 10
SBRN2304,Hospital E,DJ2436HU,NIM-SCALPEL-SIZE-10,Scalpel Size 10
SBRN2305,Hospital E,NB1565G4,NIM-SURGICAL-GLOVES,Surgical Gloves
SBRN2306,Hospital E,NB1565G4,NIM-SURGICAL-GLOVES,Surgical Gloves
SBRN2307,Hospital E,NB1565G4,NIM-SURGICAL-GLOVES,Surgical Gloves
SBRN2308,Hospital E,NB1565G4,NIM-SURGICAL-GLOVES,Surgical Gloves
SBRN2309,Hospital E,NB1565G4,NIM-SURGICAL-GLOVES,Surgical Gloves
SBRN2310,Hospital E,AM7780BJ,NIM-SURGICAL-GLOVES,Surgical Gloves
SBRN2311,Hospital E,AM7780BJ,NIM-SURGICAL-GLOVES,Surgical Gloves
SBRN2312,Hospital E,AM7780BJ,NIM-SURGICAL-GLOVES,Surgical Gloves
SBRN2313,Hospital E,QJ11272I,NIM-SURGICAL-GLOVES,Surgical Gloves
SBRN2314,Hospital E,QJ11272I,NIM-SURGICAL-GLOVES,Surgical Gloves
SBRN2315,Hospital E,QJ11272I,NIM-SURGICAL-GLOVES,Surgical Gloves
SBRN2316,Hospital E,TG68586T,NIM-SURGICAL-GLOVES,Surgical Gloves
SBRN2317,Hospital E,TG68586T,NIM-SURGICAL-GLOVES,Surgical Gloves
SBRN2318,Hospital E,TG68586T,NIM-SURGICAL-GLOVES,Surgical Gloves
SBRN2319,Hospital E,TG68586T,NIM-SURGICAL-GLOVES,Surgical Gloves
SBRN2320,Hospital E,ZA1778MJ,NIM-SURGICAL-GLOVES,Surgical Gloves
SBRN2321,Hospital E,ZA1778MJ,NIM-SURGICAL-GLOVES,Surgical Gloves
SBRN2322,Hospital E,KH5869TV,NIM-SURGICAL-GLOVES,Surgical Gloves
SBRN2323,Hospital E,KH5869TV,NIM-SURGICAL-GLOVES,Surgical Gloves
SBRN2324,Hospital E,KH5869TV,NIM-SURGICAL-GLOVES,Surgical Gloves
SBRN2325,Hospital E,KH5869TV,NIM-SURGICAL-GLOVES,Surgical Gloves
SBRN2326,Hospital E,UF4797PQ,NIM-SURGICAL-GLOVES,Surgical Gloves
SBRN2327,Hospital E,UF4797PQ,NIM-SURGICAL-GLOVES,Surgical Gloves
SBRN2328,Hospital E,UF4797PQ,NIM-SURGICAL-GLOVES,Surgical Gloves
SBRN2329,Hospital E,BU8415WB,NIM-SURGICAL-GLOVES,Surgical Gloves
SBRN2330,Hospital E,BU8415WB,NIM-SURGICAL-GLOVES,Surgical Gloves
SBRN2331,Hospital E,BU8415WB,NIM-SURGICAL-GLOVES,Surgical Gloves
SBRN2332,Hospital E,BU8415WB,NIM-SURGICAL-GLOVES,Surgical Gloves
SBRN2333,Hospital E,RP5839A5,NIM-SURGICAL-GLOVES,Surgical Gloves
SBRN2334,Hospital E,RP5839A5,NIM-SURGICAL-GLOVES,Surgical Gloves
SBRN2335,Hospital E,RP5839A5,NIM-SURGICAL-GLOVES,Surgical Gloves
SBRN2336,Hospital E,RP5839A5,NIM-SURGICAL-GLOVES,Surgical Gloves
SBRN2337,Hospital E,RP5839A5,NIM-SURGICAL-GLOVES,Surgical Gloves
SBRN2338,Hospital E,RP5839A5,NIM-SURGICAL-GLOVES,Surgical Gloves
SBRN2339,Hospital E,YK14511J,NIM-SURGICAL-GLOVES,Surgical Gloves
SBRN2340,Hospital E,YK14511J,NIM-SURGICAL-GLOVES,Surgical Gloves
SBRN2341,Hospital E,YK14511J,NIM-SURGICAL-GLOVES,Surgical Gloves
SBRN2342,Hospital E,YK14511J,NIM-SURGICAL-GLOVES,Surgical Gloves
SBRN2343,Hospital E,DC8155X0,NIM-SYRINGE-10ML,Syringe 10ml
SBRN2344,Hospital E,DC8155X0,NIM-SYRINGE-10ML,Syringe 10ml
SBRN2345,Hospital E,DC8155X0,NIM-SYRINGE-10ML,Syringe 10ml
SBRN2346,Hospital E,DC8155X0,NIM-SYRINGE-10ML,Syringe 10ml
SBRN2347,Hospital E,DC8155X0,NIM-SYRINGE-10ML,Syringe 10ml
SBRN2348,Hospital E,DC8155X0,NIM-SYRINGE-10ML,Syringe 10ml
SBRN2349,Hospital E,DC8155X0,NIM-SYRINGE-10ML,Syringe 10ml
SBRN2350,Hospital E,DC8155X0,NIM-SYRINGE-10ML,Syringe 10ml
SBRN2351,Hospital E,YB9050S3,NIM-SYRINGE-10ML,Syringe 10ml
SBRN2352,Hospital E,YB9050S3,NIM-SYRINGE-10ML,Syringe 10ml
SBRN2353,Hospital E,YB9050S3,NIM-SYRINGE-10ML,Syringe 10ml
SBRN2354,Hospital E,YB9050S3,NIM-SYRINGE-10ML,Syringe 10ml
SBRN2355,Hospital E,YB9050S3,NIM-SYRINGE-10ML,Syringe 10ml
SBRN2356,Hospital E,YB9050S3,NIM-SYRINGE-10ML,Syringe 10ml
SBRN2357,Hospital E,CR1507VJ,NIM-SYRINGE-10ML,Syringe 10ml
SBRN2358,Hospital E,CR1507VJ,NIM-SYRINGE-10ML,Syringe 10ml
SBRN2359,Hospital E,CR1507VJ,NIM-SYRINGE-10ML,Syringe 10ml
SBRN2360,Hospital E,FR2962MK,NIM-SYRINGE-10ML,Syringe 10ml
SBRN2361,Hospital E,FR2962MK,NIM-SYRINGE-10ML,Syringe 10ml
SBRN2362,Hospital E,FR2962MK,NIM-SYRINGE-10ML,Syringe 10ml
SBRN2363,Hospital E,FR2962MK,NIM-SYRINGE-10ML,Syringe 10ml
SBRN2364,Hospital E,FR2962MK,NIM-SYRINGE-10ML,Syringe 10ml
SBRN2365,Hospital E,FR2962MK,NIM-SYRINGE-10ML,Syringe 10ml
SBRN2366,Hospital E,FR2962MK,NIM-SYRINGE-10ML,Syringe 10ml
SBRN2367,Hospital E,FR2962MK,NIM-SYRINGE-10ML,Syringe 10ml
SBRN2368,Hospital E,LJ8490BS,NIM-SYRINGE-10ML,Syringe 10ml
SBRN2369,Hospital E,LJ8490BS,NIM-SYRINGE-10ML,Syringe 10ml
SBRN2370,Hospital E,LJ8490BS,NIM-SYRINGE-10ML,Syringe 10ml
SBRN2371,Hospital E,LJ8490BS,NIM-SYRINGE-10ML,Syringe 10ml
SBRN2372,Hospital E,LJ8490BS,NIM-SYRINGE-10ML,Syringe 10ml
SBRN2373,Hospital E,LJ8490BS,NIM-SYRINGE-10ML,Syringe 10ml
SBRN2374,Hospital E,LJ8490BS,NIM-SYRINGE-10ML,Syringe 10ml
SBRN2375,Hospital E,RP5839A5,NIM-SYRINGE-10ML,Syringe 10ml
SBRN2376,Hospital E,RP5839A5,NIM-SYRINGE-10ML,Syringe 10ml
SBRN2377,Hospital E,RP5839A5,NIM-SYRINGE-10ML,Syringe 10ml
SBRN2378,Hospital E,TG68586T,NIM-SYRINGE-10ML,Syringe 10ml
SBRN2379,Hospital E,TG68586T,NIM-SYRINGE-10ML,Syringe 10ml
SBRN2380,Hospital E,TG68586T,NIM-SYRINGE-10ML,Syringe 10ml
SBRN2381,Hospital E,FR2962MK,NIM-SYRINGE-10ML,Syringe 10ml
SBRN2382,Hospital E,FR2962MK,NIM-SYRINGE-10ML,Syringe 10ml
SBRN2383,Hospital E,FR2962MK,NIM-SYRINGE-10ML,Syringe 10ml
SBRN2384,Hospital E,FR2962MK,NIM-SYRINGE-10ML,Syringe 10ml
SBRN2385,Hospital E,QJ11272I,NIM-SYRINGE-10ML,Syringe 10ml
SBRN2386,Hospital E,QJ11272I,NIM-SYRINGE-10ML,Syringe 10ml
SBRN2387,Hospital E,ZN7542V6,NIM-SYRINGE-10ML,Syringe 10ml
SBRN2388,Hospital E,ZN7542V6,NIM-SYRINGE-10ML,Syringe 10ml
SBRN2389,Hospital E,ZN7542V6,NIM-SYRINGE-10ML,Syringe 10ml
SBRN2390,Hospital E,ZN7542V6,NIM-SYRINGE-10ML,Syringe 10ml
SBRN2391,Hospital E,ZN7542V6,NIM-SYRINGE-10ML,Syringe 10ml
SBRN2392,Hospital E,ZN7542V6,NIM-SYRINGE-10ML,Syringe 10ml
SBRN2393,Hospital E,ZN7542V6,NIM-SYRINGE-10ML,Syringe 10ml
SBRN2394,Hospital E,ZN7542V6,NIM-SYRINGE-10ML,Syringe 10ml
SBRN2395,Hospital E,ZN7542V6,NIM-SYRINGE-10ML,Syringe 10ml
SBRN2396,Hospital E,NB1565G4,NIM-THERMOMETER-DIGITAL,Thermometer Digital
SBRN2397,Hospital E,NB1565G4,NIM-THERMOMETER-DIGITAL,Thermometer Digital
SBRN2398,Hospital E,NB1565G4,NIM-THERMOMETER-DIGITAL,Thermometer Digital
SBRN2399,Hospital E,NB1565G4,NIM-THERMOMETER-DIGITAL,Thermometer Digital
SBRN2400,Hospital E,NB1565G4,NIM-THERMOMETER-DIGITAL,Thermometer Digital
SBRN2401,Hospital E,NB1565G4,NIM-THERMOMETER-DIGITAL,Thermometer Digital
SBRN2402,Hospital E,NB1565G4,NIM-THERMOMETER-DIGITAL,Thermometer Digital
SBRN2403,Hospital E,HL5079UK,NIM-THERMOMETER-DIGITAL,Thermometer Digital
SBRN2404,Hospital E,HL5079UK,NIM-THERMOMETER-DIGITAL,Thermometer Digital
SBRN2405,Hospital E,HL5079UK,NIM-THERMOMETER-DIGITAL,Thermometer Digital
SBRN2406,Hospital E,HL5079UK,NIM-THERMOMETER-DIGITAL,Thermometer Digital
SBRN2407,Hospital E,HL5079UK,NIM-THERMOMETER-DIGITAL,Thermometer Digital
SBRN2408,Hospital E,HL5079UK,NIM-THERMOMETER-DIGITAL,Thermometer Digital
SBRN2409,Hospital E,HL5079UK,NIM-THERMOMETER-DIGITAL,Thermometer Digital
SBRN2410,Hospital E,HL5079UK,NIM-THERMOMETER-DIGITAL,Thermometer Digital
SBRN2411,Hospital E,LY1769HU,NIM-THERMOMETER-DIGITAL,Thermometer Digital
SBRN2412,Hospital E,LY1769HU,NIM-THERMOMETER-DIGITAL,Thermometer Digital
SBRN2413,Hospital E,LY1769HU,NIM-THERMOMETER-DIGITAL,Thermometer Digital
SBRN2414,Hospital E,PT3621O9,NIM-THERMOMETER-DIGITAL,Thermometer Digital
SBRN2415,Hospital E,PT3621O9,NIM-THERMOMETER-DIGITAL,Thermometer Digital
SBRN2416,Hospital E,PT3621O9,NIM-THERMOMETER-DIGITAL,Thermometer Digital
SBRN2417,Hospital E,QJ11272I,NIM-THERMOMETER-DIGITAL,Thermometer Digital
SBRN2418,Hospital E,QJ11272I,NIM-THERMOMETER-DIGITAL,Thermometer Digital
SBRN2419,Hospital E,QJ11272I,NIM-THERMOMETER-DIGITAL,Thermometer Digital
SBRN2420,Hospital E,QJ11272I,NIM-THERMOMETER-DIGITAL,Thermometer Digital
SBRN2421,Hospital E,QJ11272I,NIM-THERMOMETER-DIGITAL,Thermometer Digital
SBRN2422,Hospital E,AW83643T,NIM-THERMOMETER-DIGITAL,Thermometer Digital
SBRN2423,Hospital E,AW83643T,NIM-THERMOMETER-DIGITAL,Thermometer Digital
SBRN2424,Hospital E,AW83643T,NIM-THERMOMETER-DIGITAL,Thermometer Digital
SBRN2425,Hospital E,AW83643T,NIM-THERMOMETER-DIGITAL,Thermometer Digital
SBRN2426,Hospital E,AW83643T,NIM-THERMOMETER-DIGITAL,Thermometer Digital
SBRN2427,Hospital E,AW83643T,NIM-THERMOMETER-DIGITAL,Thermometer Digital
SBRN2428,Hospital E,IP8710L1,NIM-THERMOMETER-DIGITAL,Thermometer Digital
SBRN2429,Hospital E,IP8710L1,NIM-THERMOMETER-DIGITAL,Thermometer Digital
SBRN2430,Hospital E,NY8048XZ,NIM-THERMOMETER-DIGITAL,Thermometer Digital
SBRN2431,Hospital E,NY8048XZ,NIM-THERMOMETER-DIGITAL,Thermometer Digital
SBRN2432,Hospital E,NY8048XZ,NIM-THERMOMETER-DIGITAL,Thermometer Digital
SBRN2433,Hospital E,NY8048XZ,NIM-THERMOMETER-DIGITAL,Thermometer Digital
SBRN2434,Hospital E,NY8048XZ,NIM-THERMOMETER-DIGITAL,Thermometer Digital
SBRN2435,Hospital E,XE0510RM,NIM-THERMOMETER-DIGITAL,Thermometer Digital
SBRN2436,Hospital E,XE0510RM,NIM-THERMOMETER-DIGITAL,Thermometer Digital
SBRN2437,Hospital E,XE0510RM,NIM-THERMOMETER-DIGITAL,Thermometer Digital
SBRN2438,Hospital E,XE0510RM,NIM-THERMOMETER-DIGITAL,Thermometer Digital
SBRN2439,Hospital E,XE0510RM,NIM-THERMOMETER-DIGITAL,Thermometer Digital
SBRN2440,Hospital E,ZD7018VO,NIM-THERMOMETER-DIGITAL,Thermometer Digital
SBRN2441,Hospital E,ZD7018VO,NIM-THERMOMETER-DIGITAL,Thermometer Digital
SBRN2442,Hospital E,ZD7018VO,NIM-THERMOMETER-DIGITAL,Thermometer Digital
SBRN2443,Hospital E,MI4724L2,NIM-WOUND-DRESSING-LARGE,Wound Dressing Large
SBRN2444,Hospital E,MI4724L2,NIM-WOUND-DRESSING-LARGE,Wound Dressing Large
SBRN2445,Hospital E,MI4724L2,NIM-WOUND-DRESSING-LARGE,Wound Dressing Large
SBRN2446,Hospital E,QJ11272I,NIM-WOUND-DRESSING-LARGE,Wound Dressing Large
SBRN2447,Hospital E,QJ11272I,NIM-WOUND-DRESSING-LARGE,Wound Dressing Large
SBRN2448,Hospital E,QJ11272I,NIM-WOUND-DRESSING-LARGE,Wound Dressing Large
SBRN2449,Hospital E,QJ11272I,NIM-WOUND-DRESSING-LARGE,Wound Dressing Large
SBRN2450,Hospital E,FR2962MK,NIM-WOUND-DRESSING-LARGE,Wound Dressing Large
SBRN2451,Hospital E,FR2962MK,NIM-WOUND-DRESSING-LARGE,Wound Dressing Large
SBRN2452,Hospital E,FR2962MK,NIM-WOUND-DRESSING-LARGE,Wound Dressing Large
SBRN2453,Hospital E,SJ5095UI,NIM-WOUND-DRESSING-LARGE,Wound Dressing Large
SBRN2454,Hospital E,SJ5095UI,NIM-WOUND-DRESSING-LARGE,Wound Dressing Large
SBRN2455,Hospital E,SJ5095UI,NIM-WOUND-DRESSING-LARGE,Wound Dressing Large
SBRN2456,Hospital E,SJ5095UI,NIM-WOUND-DRESSING-LARGE,Wound Dressing Large
SBRN2457,Hospital E,SJ5095UI,NIM-WOUND-DRESSING-LARGE,Wound Dressing Large
SBRN2458,Hospital E,SJ5095UI,NIM-WOUND-DRESSING-LARGE,Wound Dressing Large
SBRN2459,Hospital E,TI95782C,NIM-WOUND-DRESSING-LARGE,Wound Dressing Large
SBRN2460,Hospital E,TI95782C,NIM-WOUND-DRESSING-LARGE,Wound Dressing Large
SBRN2461,Hospital E,TI95782C,NIM-WOUND-DRESSING-LARGE,Wound Dressing Large
SBRN2462,Hospital E,TI95782C,NIM-WOUND-DRESSING-LARGE,Wound Dressing Large
SBRN2463,Hospital E,TI95782C,NIM-WOUND-DRESSING-LARGE,Wound Dressing Large
SBRN2464,Hospital E,ZV1324PS,NIM-WOUND-DRESSING-LARGE,Wound Dressing Large
SBRN2465,Hospital E,ZV1324PS,NIM-WOUND-DRESSING-LARGE,Wound Dressing Large
SBRN2466,Hospital E,ZV1324PS,NIM-WOUND-DRESSING-LARGE,Wound Dressing Large
SBRN2467,Hospital E,ZV1324PS,NIM-WOUND-DRESSING-LARGE,Wound Dressing Large
SBRN2468,Hospital E,ZV1324PS,NIM-WOUND-DRESSING-LARGE,Wound Dressing Large
SBRN2469,Hospital E,IH75317G,NIM-WOUND-DRESSING-LARGE,Wound Dressing Large
SBRN2470,Hospital E,TG68586T,NIM-WOUND-DRESSING-LARGE,Wound Dressing Large
SBRN2471,Hospital E,TG68586T,NIM-WOUND-DRESSING-LARGE,Wound Dressing Large
SBRN2472,Hospital E,TG68586T,NIM-WOUND-DRESSING-LARGE,Wound Dressing Large
SBRN2473,Hospital E,TG68586T,NIM-WOUND-DRESSING-LARGE,Wound Dressing Large
SBRN2474,Hospital E,TG68586T,NIM-WOUND-DRESSING-LARGE,Wound Dressing Large
SBRN2475,Hospital E,TG68586T,NIM-WOUND-DRESSING-LARGE,Wound Dressing Large
SBRN2476,Hospital E,TG68586T,NIM-WOUND-DRESSING-LARGE,Wound Dressing Large
SBRN2477,Hospital E,TG68586T,NIM-WOUND-DRESSING-LARGE,Wound Dressing Large
SBRN2478,Hospital E,NR4939MF,NIM-WOUND-DRESSING-LARGE,Wound Dressing Large
SBRN2479,Hospital E,NR4939MF,NIM-WOUND-DRESSING-LARGE,Wound Dressing Large
SBRN2480,Hospital E,NR4939MF,NIM-WOUND-DRESSING-LARGE,Wound Dressing Large
SBRN2481,Hospital E,NR4939MF,NIM-WOUND-DRESSING-LARGE,Wound Dressing Large
SBRN2482,Hospital E,NR4939MF,NIM-WOUND-DRESSING-LARGE,Wound Dressing Large
SBRN2483,Hospital E,TG68586T,NIM-WOUND-DRESSING-LARGE,Wound Dressing Large
SBRN2484,Hospital E,UF4797PQ,NIM-WOUND-DRESSING-LARGE,Wound Dressing Large
SBRN2485,Hospital E,UF4797PQ,NIM-WOUND-DRESSING-LARGE,Wound Dressing Large
SBRN2486,Hospital E,UF4797PQ,NIM-WOUND-DRESSING-LARGE,Wound Dressing Large
SBRN2487,Hospital E,UF4797PQ,NIM-WOUND-DRESSING-LARGE,Wound Dressing Large
SBRN2488,Hospital E,JX11325X,NIM-WOUND-DRESSING-LARGE,Wound Dressing Large
SBRN2489,Hospital E,JX11325X,NIM-WOUND-DRESSING-LARGE,Wound Dressing Large
SBRN2490,Hospital E,JX11325X,NIM-WOUND-DRESSING-LARGE,Wound Dressing Large
SBRN2491,Hospital E,JX11325X,NIM-WOUND-DRESSING-LARGE,Wound Dressing Large
SBRN2492,Hospital E,JX11325X,NIM-WOUND-DRESSING-LARGE,Wound Dressing Large
SBRN2493,Hospital E,JX11325X,NIM-WOUND-DRESSING-LARGE,Wound Dressing Large
SBRN2494,Hospital E,NB1565G4,NIM-WOUND-DRESSING-LARGE,Wound Dressing Large
SBRN2495,Hospital E,NB1565G4,NIM-WOUND-DRESSING-LARGE,Wound Dressing Large
SBRN2496,Hospital E,ZD7018VO,NIM-WOUND-DRESSING-LARGE,Wound Dressing Large
SBRN2497,Hospital E,ZD7018VO,NIM-WOUND-DRESSING-LARGE,Wound Dressing Large
SBRN2498,Hospital E,ZD7018VO,NIM-WOUND-DRESSING-LARGE,Wound Dressing Large
SBRN2499,Hospital E,ZD7018VO,NIM-WOUND-DRESSING-LARGE,Wound Dressing Large
SBRN2500,Hospital E,ZD7018VO,NIM-WOUND-DRESSING-LARGE,Wound Dressing Large
SBRN2501,Hospital F,BR6888EV,NIM-ANTISEPTIC-WIPES,Antiseptic Wipes
SBRN2502,Hospital F,QN6385TO,NIM-ANTISEPTIC-WIPES,Antiseptic Wipes
SBRN2503,Hospital F,TG68586T,NIM-ANTISEPTIC-WIPES,Antiseptic Wipes
SBRN2504,Hospital F,YN9826XZ,NIM-ANTISEPTIC-WIPES,Antiseptic Wipes
SBRN2505,Hospital F,FR2962MK,NIM-ANTISEPTIC-WIPES,Antiseptic Wipes
SBRN2506,Hospital F,IH75317G,NIM-ANTISEPTIC-WIPES,Antiseptic Wipes
SBRN2507,Hospital F,OX9440QU,NIM-ANTISEPTIC-WIPES,Antiseptic Wipes
SBRN2508,Hospital F,PT3621O9,NIM-ANTISEPTIC-WIPES,Antiseptic Wipes
SBRN2509,Hospital F,TG68586T,NIM-ANTISEPTIC-WIPES,Antiseptic Wipes
SBRN2510,Hospital F,VT0903J0,NIM-ANTISEPTIC-WIPES,Antiseptic Wipes
SBRN2511,Hospital F,ZX3929G6,NIM-ANTISEPTIC-WIPES,Antiseptic Wipes
SBRN2512,Hospital F,DI28328O,NIM-ANTISEPTIC-WIPES,Antiseptic Wipes
SBRN2513,Hospital F,DW539786,NIM-ANTISEPTIC-WIPES,Antiseptic Wipes
SBRN2514,Hospital F,SQ0518R7,NIM-ANTISEPTIC-WIPES,Antiseptic Wipes
SBRN2515,Hospital F,AZ8246KO,NIM-ANTISEPTIC-WIPES,Antiseptic Wipes
SBRN2516,Hospital F,UF4797PQ,NIM-ANTISEPTIC-WIPES,Antiseptic Wipes
SBRN2517,Hospital F,YI5164SY,NIM-ANTISEPTIC-WIPES,Antiseptic Wipes
SBRN2518,Hospital F,DI63161W,NIM-ANTISEPTIC-WIPES,Antiseptic Wipes
SBRN2519,Hospital F,HP95324S,NIM-ANTISEPTIC-WIPES,Antiseptic Wipes
SBRN2520,Hospital F,NB1565G4,NIM-ANTISEPTIC-WIPES,Antiseptic Wipes
SBRN2521,Hospital F,TI2636D7,NIM-ANTISEPTIC-WIPES,Antiseptic Wipes
SBRN2522,Hospital F,XN4349DV,NIM-ANTISEPTIC-WIPES,Antiseptic Wipes
SBRN2523,Hospital F,NR4939MF,NIM-ANTISEPTIC-WIPES,Antiseptic Wipes
SBRN2524,Hospital F,CB9363EO,NIM-ANTISEPTIC-WIPES,Antiseptic Wipes
SBRN2525,Hospital F,EK2550T2,NIM-ANTISEPTIC-WIPES,Antiseptic Wipes
SBRN2526,Hospital F,MZ0765K7,NIM-ANTISEPTIC-WIPES,Antiseptic Wipes
SBRN2527,Hospital F,VN5034QW,NIM-ANTISEPTIC-WIPES,Antiseptic Wipes
SBRN2528,Hospital F,XR6968LB,NIM-ANTISEPTIC-WIPES,Antiseptic Wipes
SBRN2529,Hospital F,HA1867SJ,NIM-ANTISEPTIC-WIPES,Antiseptic Wipes
SBRN2530,Hospital F,DU70918F,NIM-BLOOD-PRESSURE-CUFF,Blood Pressure Cuff
SBRN2531,Hospital F,JZ1972LG,NIM-BLOOD-PRESSURE-CUFF,Blood Pressure Cuff
SBRN2532,Hospital F,LJ7299TB,NIM-BLOOD-PRESSURE-CUFF,Blood Pressure Cuff
SBRN2533,Hospital F,LJ8490BS,NIM-BLOOD-PRESSURE-CUFF,Blood Pressure Cuff
SBRN2534,Hospital F,NG19643Z,NIM-BLOOD-PRESSURE-CUFF,Blood Pressure Cuff
SBRN2535,Hospital F,NU7524DW,NIM-BLOOD-PRESSURE-CUFF,Blood Pressure Cuff
SBRN2536,Hospital F,OL357640,NIM-BLOOD-PRESSURE-CUFF,Blood Pressure Cuff
SBRN2537,Hospital F,OX9440QU,NIM-BLOOD-PRESSURE-CUFF,Blood Pressure Cuff
SBRN2538,Hospital F,UF4797PQ,NIM-BLOOD-PRESSURE-CUFF,Blood Pressure Cuff
SBRN2539,Hospital F,UF4797PQ,NIM-BLOOD-PRESSURE-CUFF,Blood Pressure Cuff
SBRN2540,Hospital F,UF4797PQ,NIM-BLOOD-PRESSURE-CUFF,Blood Pressure Cuff
SBRN2541,Hospital F,UW1644DT,NIM-BLOOD-PRESSURE-CUFF,Blood Pressure Cuff
SBRN2542,Hospital F,WO7122TX,NIM-BLOOD-PRESSURE-CUFF,Blood Pressure Cuff
SBRN2543,Hospital F,XR6968LB,NIM-BLOOD-PRESSURE-CUFF,Blood Pressure Cuff
SBRN2544,Hospital F,YI5164SY,NIM-BLOOD-PRESSURE-CUFF,Blood Pressure Cuff
SBRN2545,Hospital F,ZD7018VO,NIM-BLOOD-PRESSURE-CUFF,Blood Pressure Cuff
SBRN2546,Hospital F,BC3427O7,NIM-BLOOD-PRESSURE-CUFF,Blood Pressure Cuff
SBRN2547,Hospital F,DC8155X0,NIM-BLOOD-PRESSURE-CUFF,Blood Pressure Cuff
SBRN2548,Hospital F,EB92305N,NIM-BLOOD-PRESSURE-CUFF,Blood Pressure Cuff
SBRN2549,Hospital F,FR2962MK,NIM-BLOOD-PRESSURE-CUFF,Blood Pressure Cuff
SBRN2550,Hospital F,HO7059JQ,NIM-BLOOD-PRESSURE-CUFF,Blood Pressure Cuff
SBRN2551,Hospital F,IP8710L1,NIM-BLOOD-PRESSURE-CUFF,Blood Pressure Cuff
SBRN2552,Hospital F,JJ0396I3,NIM-BLOOD-PRESSURE-CUFF,Blood Pressure Cuff
SBRN2553,Hospital F,TT2592G6,NIM-BLOOD-PRESSURE-CUFF,Blood Pressure Cuff
SBRN2554,Hospital F,VT0903J0,NIM-BLOOD-PRESSURE-CUFF,Blood Pressure Cuff
SBRN2555,Hospital F,WB0004MM,NIM-BLOOD-PRESSURE-CUFF,Blood Pressure Cuff
SBRN2556,Hospital F,BF5161LH,NIM-BLOOD-PRESSURE-CUFF,Blood Pressure Cuff
SBRN2557,Hospital F,BN5332ES,NIM-BLOOD-PRESSURE-CUFF,Blood Pressure Cuff
SBRN2558,Hospital F,VN5034QW,NIM-BLOOD-PRESSURE-CUFF,Blood Pressure Cuff
SBRN2559,Hospital F,XY2375I3,NIM-BLOOD-PRESSURE-CUFF,Blood Pressure Cuff
SBRN2560,Hospital F,BN5332ES,NIM-BLOOD-PRESSURE-CUFF,Blood Pressure Cuff
SBRN2561,Hospital F,EW5649MR,NIM-BLOOD-PRESSURE-CUFF,Blood Pressure Cuff
SBRN2562,Hospital F,IA3884LD,NIM-BLOOD-PRESSURE-CUFF,Blood Pressure Cuff
SBRN2563,Hospital F,LJ8490BS,NIM-BLOOD-PRESSURE-CUFF,Blood Pressure Cuff
SBRN2564,Hospital F,PS77674D,NIM-BLOOD-PRESSURE-CUFF,Blood Pressure Cuff
SBRN2565,Hospital F,QZ0210S5,NIM-BLOOD-PRESSURE-CUFF,Blood Pressure Cuff
SBRN2566,Hospital F,SU987315,NIM-BLOOD-PRESSURE-CUFF,Blood Pressure Cuff
SBRN2567,Hospital F,UF4797PQ,NIM-BLOOD-PRESSURE-CUFF,Blood Pressure Cuff
SBRN2568,Hospital F,YJ1366WW,NIM-BLOOD-PRESSURE-CUFF,Blood Pressure Cuff
SBRN2569,Hospital F,ZA1778MJ,NIM-BLOOD-PRESSURE-CUFF,Blood Pressure Cuff
SBRN2570,Hospital F,ZD7018VO,NIM-BLOOD-PRESSURE-CUFF,Blood Pressure Cuff
SBRN2571,Hospital F,ZJ9907ER,NIM-BLOOD-PRESSURE-CUFF,Blood Pressure Cuff
SBRN2572,Hospital F,BF5161LH,NIM-BLOOD-PRESSURE-CUFF,Blood Pressure Cuff
SBRN2573,Hospital F,BH3107WJ,NIM-BLOOD-PRESSURE-CUFF,Blood Pressure Cuff
SBRN2574,Hospital F,DU70918F,NIM-BLOOD-PRESSURE-CUFF,Blood Pressure Cuff
SBRN2575,Hospital F,GN73958G,NIM-BLOOD-PRESSURE-CUFF,Blood Pressure Cuff
SBRN2576,Hospital F,JE4634TC,NIM-BLOOD-PRESSURE-CUFF,Blood Pressure Cuff
SBRN2577,Hospital F,LU4108Z6,NIM-BLOOD-PRESSURE-CUFF,Blood Pressure Cuff
SBRN2578,Hospital F,OW9422IO,NIM-BLOOD-PRESSURE-CUFF,Blood Pressure Cuff
SBRN2579,Hospital F,OX9440QU,NIM-BLOOD-PRESSURE-CUFF,Blood Pressure Cuff
SBRN2580,Hospital F,QJ11272I,NIM-BLOOD-PRESSURE-CUFF,Blood Pressure Cuff
SBRN2581,Hospital F,XV6016BS,NIM-BLOOD-PRESSURE-CUFF,Blood Pressure Cuff
SBRN2582,Hospital F,IA3884LD,NIM-BLOOD-PRESSURE-CUFF,Blood Pressure Cuff
SBRN2583,Hospital F,IQ4031ER,NIM-BLOOD-PRESSURE-CUFF,Blood Pressure Cuff
SBRN2584,Hospital F,OL357640,NIM-BLOOD-PRESSURE-CUFF,Blood Pressure Cuff
SBRN2585,Hospital F,PL8060FU,NIM-BLOOD-PRESSURE-CUFF,Blood Pressure Cuff
SBRN2586,Hospital F,TL5792DS,NIM-BLOOD-PRESSURE-CUFF,Blood Pressure Cuff
SBRN2587,Hospital F,ZD7018VO,NIM-BLOOD-PRESSURE-CUFF,Blood Pressure Cuff
SBRN2588,Hospital F,GY0493CZ,NIM-BLOOD-PRESSURE-CUFF,Blood Pressure Cuff
SBRN2589,Hospital F,IP8710L1,NIM-BLOOD-PRESSURE-CUFF,Blood Pressure Cuff
SBRN2590,Hospital F,NR4939MF,NIM-BLOOD-PRESSURE-CUFF,Blood Pressure Cuff
SBRN2591,Hospital F,QL59662R,NIM-BLOOD-PRESSURE-CUFF,Blood Pressure Cuff
SBRN2592,Hospital F,TP3864B4,NIM-BLOOD-PRESSURE-CUFF,Blood Pressure Cuff
SBRN2593,Hospital F,XR6968LB,NIM-BLOOD-PRESSURE-CUFF,Blood Pressure Cuff
SBRN2594,Hospital F,ZD7018VO,NIM-BLOOD-PRESSURE-CUFF,Blood Pressure Cuff
SBRN2595,Hospital F,CR1507VJ,NIM-BLOOD-PRESSURE-CUFF,Blood Pressure Cuff
SBRN2596,Hospital F,DJ2436HU,NIM-BLOOD-PRESSURE-CUFF,Blood Pressure Cuff
SBRN2597,Hospital F,GQ91238Z,NIM-BLOOD-PRESSURE-CUFF,Blood Pressure Cuff
SBRN2598,Hospital F,JU3345JD,NIM-BLOOD-PRESSURE-CUFF,Blood Pressure Cuff
SBRN2599,Hospital F,LJ8490BS,NIM-BLOOD-PRESSURE-CUFF,Blood Pressure Cuff
SBRN2600,Hospital F,LU4108Z6,NIM-BLOOD-PRESSURE-CUFF,Blood Pressure Cuff
SBRN2601,Hospital F,QS284165,NIM-BLOOD-PRESSURE-CUFF,Blood Pressure Cuff
SBRN2602,Hospital F,RO29429S,NIM-BLOOD-PRESSURE-CUFF,Blood Pressure Cuff
SBRN2603,Hospital F,SU987315,NIM-BLOOD-PRESSURE-CUFF,Blood Pressure Cuff
SBRN2604,Hospital F,UF4797PQ,NIM-BLOOD-PRESSURE-CUFF,Blood Pressure Cuff
SBRN2605,Hospital F,AZ8246KO,NIM-CATHETER-FOLEY,Catheter Foley
SBRN2606,Hospital F,FU2970ZP,NIM-CATHETER-FOLEY,Catheter Foley
SBRN2607,Hospital F,NU7524DW,NIM-CATHETER-FOLEY,Catheter Foley
SBRN2608,Hospital F,OX9440QU,NIM-CATHETER-FOLEY,Catheter Foley
SBRN2609,Hospital F,PA1550R1,NIM-CATHETER-FOLEY,Catheter Foley
SBRN2610,Hospital F,VN5034QW,NIM-CATHETER-FOLEY,Catheter Foley
SBRN2611,Hospital F,XK12913V,NIM-CATHETER-FOLEY,Catheter Foley
SBRN2612,Hospital F,ZD7018VO,NIM-CATHETER-FOLEY,Catheter Foley
SBRN2613,Hospital F,BU8415WB,NIM-CATHETER-FOLEY,Catheter Foley
SBRN2614,Hospital F,BU8415WB,NIM-CATHETER-FOLEY,Catheter Foley
SBRN2615,Hospital F,GO9949WB,NIM-CATHETER-FOLEY,Catheter Foley
SBRN2616,Hospital F,HG28154J,NIM-CATHETER-FOLEY,Catheter Foley
SBRN2617,Hospital F,KD3594F4,NIM-CATHETER-FOLEY,Catheter Foley
SBRN2618,Hospital F,NI4913HC,NIM-CATHETER-FOLEY,Catheter Foley
SBRN2619,Hospital F,QL59662R,NIM-CATHETER-FOLEY,Catheter Foley
SBRN2620,Hospital F,VN5034QW,NIM-CATHETER-FOLEY,Catheter Foley
SBRN2621,Hospital F,ZD7018VO,NIM-CATHETER-FOLEY,Catheter Foley
SBRN2622,Hospital F,EQ22987O,NIM-CATHETER-FOLEY,Catheter Foley
SBRN2623,Hospital F,OL357640,NIM-CATHETER-FOLEY,Catheter Foley
SBRN2624,Hospital F,PS77674D,NIM-CATHETER-FOLEY,Catheter Foley
SBRN2625,Hospital F,YI5164SY,NIM-CATHETER-FOLEY,Catheter Foley
SBRN2626,Hospital F,AZ2519G1,NIM-CATHETER-FOLEY,Catheter Foley
SBRN2627,Hospital F,IG7081C4,NIM-CATHETER-FOLEY,Catheter Foley
SBRN2628,Hospital F,PT3621O9,NIM-CATHETER-FOLEY,Catheter Foley
SBRN2629,Hospital F,SQ0518R7,NIM-CATHETER-FOLEY,Catheter Foley
SBRN2630,Hospital F,TT2608AP,NIM-CATHETER-FOLEY,Catheter Foley
SBRN2631,Hospital F,WV5304RM,NIM-CATHETER-FOLEY,Catheter Foley
SBRN2632,Hospital F,FR2962MK,NIM-CATHETER-FOLEY,Catheter Foley
SBRN2633,Hospital F,IA3884LD,NIM-CATHETER-FOLEY,Catheter Foley
SBRN2634,Hospital F,IA3884LD,NIM-CATHETER-FOLEY,Catheter Foley
SBRN2635,Hospital F,JJ0396I3,NIM-CATHETER-FOLEY,Catheter Foley
SBRN2636,Hospital F,LU4108Z6,NIM-CATHETER-FOLEY,Catheter Foley
SBRN2637,Hospital F,PC403558,NIM-CATHETER-FOLEY,Catheter Foley
SBRN2638,Hospital F,QX990624,NIM-CATHETER-FOLEY,Catheter Foley
SBRN2639,Hospital F,VT0903J0,NIM-CATHETER-FOLEY,Catheter Foley
SBRN2640,Hospital F,ZD7018VO,NIM-CATHETER-FOLEY,Catheter Foley
SBRN2641,Hospital F,FR8055GA,NIM-CATHETER-FOLEY,Catheter Foley
SBRN2642,Hospital F,JZ1972LG,NIM-CATHETER-FOLEY,Catheter Foley
SBRN2643,Hospital F,SH0125CE,NIM-CATHETER-FOLEY,Catheter Foley
SBRN2644,Hospital F,BF5161LH,NIM-CATHETER-FOLEY,Catheter Foley
SBRN2645,Hospital F,EC71280B,NIM-CATHETER-FOLEY,Catheter Foley
SBRN2646,Hospital F,NB1565G4,NIM-CATHETER-FOLEY,Catheter Foley
SBRN2647,Hospital F,PT3621O9,NIM-CATHETER-FOLEY,Catheter Foley
SBRN2648,Hospital F,QJ11272I,NIM-CATHETER-FOLEY,Catheter Foley
SBRN2649,Hospital F,QL2442X8,NIM-CATHETER-FOLEY,Catheter Foley
SBRN2650,Hospital F,VD243919,NIM-CATHETER-FOLEY,Catheter Foley
SBRN2651,Hospital F,EK2550T2,NIM-CATHETER-FOLEY,Catheter Foley
SBRN2652,Hospital F,FK2380US,NIM-CATHETER-FOLEY,Catheter Foley
SBRN2653,Hospital F,QL59662R,NIM-CATHETER-FOLEY,Catheter Foley
SBRN2654,Hospital F,EQ22987O,NIM-COMPRESSION-BANDAGE,Compression Bandage
SBRN2655,Hospital F,FR2962MK,NIM-COMPRESSION-BANDAGE,Compression Bandage
SBRN2656,Hospital F,FR2962MK,NIM-COMPRESSION-BANDAGE,Compression Bandage
SBRN2657,Hospital F,YT9331NO,NIM-COMPRESSION-BANDAGE,Compression Bandage
SBRN2658,Hospital F,ZV1324PS,NIM-COMPRESSION-BANDAGE,Compression Bandage
SBRN2659,Hospital F,GM3690GN,NIM-COMPRESSION-BANDAGE,Compression Bandage
SBRN2660,Hospital F,OL357640,NIM-COMPRESSION-BANDAGE,Compression Bandage
SBRN2661,Hospital F,QJ11272I,NIM-COMPRESSION-BANDAGE,Compression Bandage
SBRN2662,Hospital F,TG68586T,NIM-COMPRESSION-BANDAGE,Compression Bandage
SBRN2663,Hospital F,TG68586T,NIM-COMPRESSION-BANDAGE,Compression Bandage
SBRN2664,Hospital F,WO7122TX,NIM-COMPRESSION-BANDAGE,Compression Bandage
SBRN2665,Hospital F,XE45310N,NIM-COMPRESSION-BANDAGE,Compression Bandage
SBRN2666,Hospital F,YN9826XZ,NIM-COMPRESSION-BANDAGE,Compression Bandage
SBRN2667,Hospital F,EX44466Z,NIM-COMPRESSION-BANDAGE,Compression Bandage
SBRN2668,Hospital F,AV2968BA,NIM-COMPRESSION-BANDAGE,Compression Bandage
SBRN2669,Hospital F,FT7583VN,NIM-COMPRESSION-BANDAGE,Compression Bandage
SBRN2670,Hospital F,HL5079UK,NIM-COMPRESSION-BANDAGE,Compression Bandage
SBRN2671,Hospital F,HS76574M,NIM-COMPRESSION-BANDAGE,Compression Bandage
SBRN2672,Hospital F,JZ1972LG,NIM-COMPRESSION-BANDAGE,Compression Bandage
SBRN2673,Hospital F,KD3594F4,NIM-COMPRESSION-BANDAGE,Compression Bandage
SBRN2674,Hospital F,QP9942M7,NIM-COMPRESSION-BANDAGE,Compression Bandage
SBRN2675,Hospital F,SJ5095UI,NIM-COMPRESSION-BANDAGE,Compression Bandage
SBRN2676,Hospital F,UF4797PQ,NIM-COMPRESSION-BANDAGE,Compression Bandage
SBRN2677,Hospital F,UF4797PQ,NIM-COMPRESSION-BANDAGE,Compression Bandage
SBRN2678,Hospital F,ZV1324PS,NIM-COMPRESSION-BANDAGE,Compression Bandage
SBRN2679,Hospital F,BF2061R0,NIM-COMPRESSION-BANDAGE,Compression Bandage
SBRN2680,Hospital F,EC71280B,NIM-COMPRESSION-BANDAGE,Compression Bandage
SBRN2681,Hospital F,FJ80434A,NIM-COMPRESSION-BANDAGE,Compression Bandage
SBRN2682,Hospital F,ID7581SP,NIM-COMPRESSION-BANDAGE,Compression Bandage
SBRN2683,Hospital F,JZ1972LG,NIM-COMPRESSION-BANDAGE,Compression Bandage
SBRN2684,Hospital F,KH5869TV,NIM-COMPRESSION-BANDAGE,Compression Bandage
SBRN2685,Hospital F,NB1565G4,NIM-COMPRESSION-BANDAGE,Compression Bandage
SBRN2686,Hospital F,QL59662R,NIM-COMPRESSION-BANDAGE,Compression Bandage
SBRN2687,Hospital F,TV5792YY,NIM-COMPRESSION-BANDAGE,Compression Bandage
SBRN2688,Hospital F,UF4797PQ,NIM-COMPRESSION-BANDAGE,Compression Bandage
SBRN2689,Hospital F,HO7059JQ,NIM-COMPRESSION-BANDAGE,Compression Bandage
SBRN2690,Hospital F,RP5839A5,NIM-COMPRESSION-BANDAGE,Compression Bandage
SBRN2691,Hospital F,WD48388H,NIM-COMPRESSION-BANDAGE,Compression Bandage
SBRN2692,Hospital F,ZT888420,NIM-COMPRESSION-BANDAGE,Compression Bandage
SBRN2693,Hospital F,DU70918F,NIM-COMPRESSION-BANDAGE,Compression Bandage
SBRN2694,Hospital F,DU70918F,NIM-COMPRESSION-BANDAGE,Compression Bandage
SBRN2695,Hospital F,GA65998T,NIM-COMPRESSION-BANDAGE,Compression Bandage
SBRN2696,Hospital F,IE0618UI,NIM-COMPRESSION-BANDAGE,Compression Bandage
SBRN2697,Hospital F,JJ0396I3,NIM-COMPRESSION-BANDAGE,Compression Bandage
SBRN2698,Hospital F,JZ1972LG,NIM-COMPRESSION-BANDAGE,Compression Bandage
SBRN2699,Hospital F,KH5869TV,NIM-COMPRESSION-BANDAGE,Compression Bandage
SBRN2700,Hospital F,KZ6964QC,NIM-COMPRESSION-BANDAGE,Compression Bandage
SBRN2701,Hospital F,PD1320T7,NIM-COMPRESSION-BANDAGE,Compression Bandage
SBRN2702,Hospital F,QA5527LA,NIM-COMPRESSION-BANDAGE,Compression Bandage
SBRN2703,Hospital F,UR9276EX,NIM-COMPRESSION-BANDAGE,Compression Bandage
SBRN2704,Hospital F,VA21882Z,NIM-COMPRESSION-BANDAGE,Compression Bandage
SBRN2705,Hospital F,JZ1972LG,NIM-COMPRESSION-BANDAGE,Compression Bandage
SBRN2706,Hospital F,ML36024D,NIM-COMPRESSION-BANDAGE,Compression Bandage
SBRN2707,Hospital F,PS77674D,NIM-COMPRESSION-BANDAGE,Compression Bandage
SBRN2708,Hospital F,RP5839A5,NIM-COMPRESSION-BANDAGE,Compression Bandage
SBRN2709,Hospital F,SJ5095UI,NIM-COMPRESSION-BANDAGE,Compression Bandage
SBRN2710,Hospital F,FU2970ZP,NIM-IV-BAG-500ML,IV Bag 500ml
SBRN2711,Hospital F,JJ0396I3,NIM-IV-BAG-500ML,IV Bag 500ml
SBRN2712,Hospital F,OA9917NG,NIM-IV-BAG-500ML,IV Bag 500ml
SBRN2713,Hospital F,QJ11272I,NIM-IV-BAG-500ML,IV Bag 500ml
SBRN2714,Hospital F,TI95782C,NIM-IV-BAG-500ML,IV Bag 500ml
SBRN2715,Hospital F,XE9124H9,NIM-IV-BAG-500ML,IV Bag 500ml
SBRN2716,Hospital F,DZ0163LH,NIM-IV-BAG-500ML,IV Bag 500ml
SBRN2717,Hospital F,FR2962MK,NIM-IV-BAG-500ML,IV Bag 500ml
SBRN2718,Hospital F,GK7546UA,NIM-IV-BAG-500ML,IV Bag 500ml
SBRN2719,Hospital F,IP8710L1,NIM-IV-BAG-500ML,IV Bag 500ml
SBRN2720,Hospital F,OI6305JV,NIM-IV-BAG-500ML,IV Bag 500ml
SBRN2721,Hospital F,QJ11272I,NIM-IV-BAG-500ML,IV Bag 500ml
SBRN2722,Hospital F,QX0020EJ,NIM-IV-BAG-500ML,IV Bag 500ml
SBRN2723,Hospital F,TV5792YY,NIM-IV-BAG-500ML,IV Bag 500ml
SBRN2724,Hospital F,VL25854C,NIM-IV-BAG-500ML,IV Bag 500ml
SBRN2725,Hospital F,DI63161W,NIM-IV-BAG-500ML,IV Bag 500ml
SBRN2726,Hospital F,JY14542C,NIM-IV-BAG-500ML,IV Bag 500ml
SBRN2727,Hospital F,OX9440QU,NIM-IV-BAG-500ML,IV Bag 500ml
SBRN2728,Hospital F,UO613821,NIM-IV-BAG-500ML,IV Bag 500ml
SBRN2729,Hospital F,AZ8246KO,NIM-IV-BAG-500ML,IV Bag 500ml
SBRN2730,Hospital F,AZ8246KO,NIM-IV-BAG-500ML,IV Bag 500ml
SBRN2731,Hospital F,DW6579GD,NIM-IV-BAG-500ML,IV Bag 500ml
SBRN2732,Hospital F,EJ4395OX,NIM-IV-BAG-500ML,IV Bag 500ml
SBRN2733,Hospital F,EK2550T2,NIM-IV-BAG-500ML,IV Bag 500ml
SBRN2734,Hospital F,FR2962MK,NIM-IV-BAG-500ML,IV Bag 500ml
SBRN2735,Hospital F,QB7777QV,NIM-IV-BAG-500ML,IV Bag 500ml
SBRN2736,Hospital F,SC9979NV,NIM-IV-BAG-500ML,IV Bag 500ml
SBRN2737,Hospital F,YI5164SY,NIM-IV-BAG-500ML,IV Bag 500ml
SBRN2738,Hospital F,LJ8490BS,NIM-IV-BAG-500ML,IV Bag 500ml
SBRN2739,Hospital F,NI714614,NIM-IV-BAG-500ML,IV Bag 500ml
SBRN2740,Hospital F,QJ11272I,NIM-IV-BAG-500ML,IV Bag 500ml
SBRN2741,Hospital F,RK0503X9,NIM-IV-BAG-500ML,IV Bag 500ml
SBRN2742,Hospital F,RQ90248J,NIM-IV-BAG-500ML,IV Bag 500ml
SBRN2743,Hospital F,VV29624E,NIM-IV-BAG-500ML,IV Bag 500ml
SBRN2744,Hospital F,XN4349DV,NIM-IV-BAG-500ML,IV Bag 500ml
SBRN2745,Hospital F,XY2375I3,NIM-IV-BAG-500ML,IV Bag 500ml
SBRN2746,Hospital F,YQ51103W,NIM-IV-BAG-500ML,IV Bag 500ml
SBRN2747,Hospital F,SC9979NV,NIM-IV-BAG-500ML,IV Bag 500ml
SBRN2748,Hospital F,XY2375I3,NIM-IV-BAG-500ML,IV Bag 500ml
SBRN2749,Hospital F,DA8233OU,NIM-IV-BAG-500ML,IV Bag 500ml
SBRN2750,Hospital F,HP95324S,NIM-IV-BAG-500ML,IV Bag 500ml
SBRN2751,Hospital F,QJ11272I,NIM-IV-BAG-500ML,IV Bag 500ml
SBRN2752,Hospital F,RP5839A5,NIM-IV-BAG-500ML,IV Bag 500ml
SBRN2753,Hospital F,RP5839A5,NIM-IV-BAG-500ML,IV Bag 500ml
SBRN2754,Hospital F,TU6025MG,NIM-IV-BAG-500ML,IV Bag 500ml
SBRN2755,Hospital F,AA6714HH,NIM-IV-BAG-500ML,IV Bag 500ml
SBRN2756,Hospital F,AV2968BA,NIM-IV-BAG-500ML,IV Bag 500ml
SBRN2757,Hospital F,BH2557R3,NIM-IV-BAG-500ML,IV Bag 500ml
SBRN2758,Hospital F,HC144029,NIM-IV-BAG-500ML,IV Bag 500ml
SBRN2759,Hospital F,NB1565G4,NIM-IV-BAG-500ML,IV Bag 500ml
SBRN2760,Hospital F,RH8174S6,NIM-IV-BAG-500ML,IV Bag 500ml
SBRN2761,Hospital F,EZ1945A2,NIM-SCALPEL-SIZE-10,Scalpel Size 10
SBRN2762,Hospital F,GH172268,NIM-SCALPEL-SIZE-10,Scalpel Size 10
SBRN2763,Hospital F,PU3657AI,NIM-SCALPEL-SIZE-10,Scalpel Size 10
SBRN2764,Hospital F,TT2608AP,NIM-SCALPEL-SIZE-10,Scalpel Size 10
SBRN2765,Hospital F,XF37209R,NIM-SCALPEL-SIZE-10,Scalpel Size 10
SBRN2766,Hospital F,AZ8246KO,NIM-SCALPEL-SIZE-10,Scalpel Size 10
SBRN2767,Hospital F,BH2557R3,NIM-SCALPEL-SIZE-10,Scalpel Size 10
SBRN2768,Hospital F,BT5487JU,NIM-SCALPEL-SIZE-10,Scalpel Size 10
SBRN2769,Hospital F,EC71280B,NIM-SCALPEL-SIZE-10,Scalpel Size 10
SBRN2770,Hospital F,FR2962MK,NIM-SCALPEL-SIZE-10,Scalpel Size 10
SBRN2771,Hospital F,IH778725,NIM-SCALPEL-SIZE-10,Scalpel Size 10
SBRN2772,Hospital F,IH778725,NIM-SCALPEL-SIZE-10,Scalpel Size 10
SBRN2773,Hospital F,VT0903J0,NIM-SCALPEL-SIZE-10,Scalpel Size 10
SBRN2774,Hospital F,FF5222GO,NIM-SCALPEL-SIZE-10,Scalpel Size 10
SBRN2775,Hospital F,FU2970ZP,NIM-SCALPEL-SIZE-10,Scalpel Size 10
SBRN2776,Hospital F,ID7581SP,NIM-SCALPEL-SIZE-10,Scalpel Size 10
SBRN2777,Hospital F,LN0338BA,NIM-SCALPEL-SIZE-10,Scalpel Size 10
SBRN2778,Hospital F,PT3621O9,NIM-SCALPEL-SIZE-10,Scalpel Size 10
SBRN2779,Hospital F,ZN7542V6,NIM-SCALPEL-SIZE-10,Scalpel Size 10
SBRN2780,Hospital F,ZR25178Y,NIM-SCALPEL-SIZE-10,Scalpel Size 10
SBRN2781,Hospital F,DC8155X0,NIM-SCALPEL-SIZE-10,Scalpel Size 10
SBRN2782,Hospital F,DP1682T7,NIM-SCALPEL-SIZE-10,Scalpel Size 10
SBRN2783,Hospital F,DW6579GD,NIM-SCALPEL-SIZE-10,Scalpel Size 10
SBRN2784,Hospital F,EC71280B,NIM-SCALPEL-SIZE-10,Scalpel Size 10
SBRN2785,Hospital F,JJ0396I3,NIM-SCALPEL-SIZE-10,Scalpel Size 10
SBRN2786,Hospital F,NB1565G4,NIM-SCALPEL-SIZE-10,Scalpel Size 10
SBRN2787,Hospital F,NL55388Q,NIM-SCALPEL-SIZE-10,Scalpel Size 10
SBRN2788,Hospital F,QJ11272I,NIM-SCALPEL-SIZE-10,Scalpel Size 10
SBRN2789,Hospital F,QL59662R,NIM-SCALPEL-SIZE-10,Scalpel Size 10
SBRN2790,Hospital F,SJ5095UI,NIM-SCALPEL-SIZE-10,Scalpel Size 10
SBRN2791,Hospital F,US6697SO,NIM-SCALPEL-SIZE-10,Scalpel Size 10
SBRN2792,Hospital F,UW1644DT,NIM-SCALPEL-SIZE-10,Scalpel Size 10
SBRN2793,Hospital F,EK2550T2,NIM-SCALPEL-SIZE-10,Scalpel Size 10
SBRN2794,Hospital F,QZ0210S5,NIM-SCALPEL-SIZE-10,Scalpel Size 10
SBRN2795,Hospital F,EL13636Z,NIM-SCALPEL-SIZE-10,Scalpel Size 10
SBRN2796,Hospital F,KR55367X,NIM-SCALPEL-SIZE-10,Scalpel Size 10
SBRN2797,Hospital F,RP5839A5,NIM-SCALPEL-SIZE-10,Scalpel Size 10
SBRN2798,Hospital F,GN4000ZL,NIM-SCALPEL-SIZE-10,Scalpel Size 10
SBRN2799,Hospital F,MO1188HT,NIM-SCALPEL-SIZE-10,Scalpel Size 10
SBRN2800,Hospital F,NG9767M9,NIM-SCALPEL-SIZE-10,Scalpel Size 10
SBRN2801,Hospital F,NI4913HC,NIM-SCALPEL-SIZE-10,Scalpel Size 10
SBRN2802,Hospital F,NU7524DW,NIM-SCALPEL-SIZE-10,Scalpel Size 10
SBRN2803,Hospital F,PS77674D,NIM-SCALPEL-SIZE-10,Scalpel Size 10
SBRN2804,Hospital F,QL59662R,NIM-SCALPEL-SIZE-10,Scalpel Size 10
SBRN2805,Hospital F,SK07447E,NIM-SCALPEL-SIZE-10,Scalpel Size 10
SBRN2806,Hospital F,UW1644DT,NIM-SCALPEL-SIZE-10,Scalpel Size 10
SBRN2807,Hospital F,ZJ9907ER,NIM-SCALPEL-SIZE-10,Scalpel Size 10
SBRN2808,Hospital F,ZN7542V6,NIM-SCALPEL-SIZE-10,Scalpel Size 10
SBRN2809,Hospital F,CB9363EO,NIM-SURGICAL-GLOVES,Surgical Gloves
SBRN2810,Hospital F,DU70918F,NIM-SURGICAL-GLOVES,Surgical Gloves
SBRN2811,Hospital F,JX11325X,NIM-SURGICAL-GLOVES,Surgical Gloves
SBRN2812,Hospital F,QA5527LA,NIM-SURGICAL-GLOVES,Surgical Gloves
SBRN2813,Hospital F,YK9467I5,NIM-SURGICAL-GLOVES,Surgical Gloves
SBRN2814,Hospital F,ZD7018VO,NIM-SURGICAL-GLOVES,Surgical Gloves
SBRN2815,Hospital F,ZD7018VO,NIM-SURGICAL-GLOVES,Surgical Gloves
SBRN2816,Hospital F,UF4797PQ,NIM-SURGICAL-GLOVES,Surgical Gloves
SBRN2817,Hospital F,BU8415WB,NIM-SURGICAL-GLOVES,Surgical Gloves
SBRN2818,Hospital F,HN883458,NIM-SURGICAL-GLOVES,Surgical Gloves
SBRN2819,Hospital F,IQ4584DK,NIM-SURGICAL-GLOVES,Surgical Gloves
SBRN2820,Hospital F,KE33095S,NIM-SURGICAL-GLOVES,Surgical Gloves
SBRN2821,Hospital F,OX9440QU,NIM-SURGICAL-GLOVES,Surgical Gloves
SBRN2822,Hospital F,PZ786862,NIM-SURGICAL-GLOVES,Surgical Gloves
SBRN2823,Hospital F,GK7546UA,NIM-SURGICAL-GLOVES,Surgical Gloves
SBRN2824,Hospital F,JX11325X,NIM-SURGICAL-GLOVES,Surgical Gloves
SBRN2825,Hospital F,SH0125CE,NIM-SURGICAL-GLOVES,Surgical Gloves
SBRN2826,Hospital F,UF4797PQ,NIM-SURGICAL-GLOVES,Surgical Gloves
SBRN2827,Hospital F,AZ8246KO,NIM-SURGICAL-GLOVES,Surgical Gloves
SBRN2828,Hospital F,CB9363EO,NIM-SURGICAL-GLOVES,Surgical Gloves
SBRN2829,Hospital F,KZ6964QC,NIM-SURGICAL-GLOVES,Surgical Gloves
SBRN2830,Hospital F,TG68586T,NIM-SURGICAL-GLOVES,Surgical Gloves
SBRN2831,Hospital F,TV5792YY,NIM-SURGICAL-GLOVES,Surgical Gloves
SBRN2832,Hospital F,UF4797PQ,NIM-SURGICAL-GLOVES,Surgical Gloves
SBRN2833,Hospital F,UF4797PQ,NIM-SURGICAL-GLOVES,Surgical Gloves
SBRN2834,Hospital F,ZO86532P,NIM-SURGICAL-GLOVES,Surgical Gloves
SBRN2835,Hospital F,AW83643T,NIM-SURGICAL-GLOVES,Surgical Gloves
SBRN2836,Hospital F,AW83643T,NIM-SURGICAL-GLOVES,Surgical Gloves
SBRN2837,Hospital F,BF5161LH,NIM-SURGICAL-GLOVES,Surgical Gloves
SBRN2838,Hospital F,DW6579GD,NIM-SURGICAL-GLOVES,Surgical Gloves
SBRN2839,Hospital F,FR2962MK,NIM-SURGICAL-GLOVES,Surgical Gloves
SBRN2840,Hospital F,LT48985Z,NIM-SURGICAL-GLOVES,Surgical Gloves
SBRN2841,Hospital F,PU3657AI,NIM-SURGICAL-GLOVES,Surgical Gloves
SBRN2842,Hospital F,TG68586T,NIM-SURGICAL-GLOVES,Surgical Gloves
SBRN2843,Hospital F,WD48388H,NIM-SURGICAL-GLOVES,Surgical Gloves
SBRN2844,Hospital F,WP9202ZO,NIM-SURGICAL-GLOVES,Surgical Gloves
SBRN2845,Hospital F,WV5304RM,NIM-SURGICAL-GLOVES,Surgical Gloves
SBRN2846,Hospital F,YB9050S3,NIM-SURGICAL-GLOVES,Surgical Gloves
SBRN2847,Hospital F,YN9826XZ,NIM-SURGICAL-GLOVES,Surgical Gloves
SBRN2848,Hospital F,ZN7542V6,NIM-SURGICAL-GLOVES,Surgical Gloves
SBRN2849,Hospital F,WO6025C5,NIM-SURGICAL-GLOVES,Surgical Gloves
SBRN2850,Hospital F,IA3884LD,NIM-SURGICAL-GLOVES,Surgical Gloves
SBRN2851,Hospital F,OF98185V,NIM-SURGICAL-GLOVES,Surgical Gloves
SBRN2852,Hospital F,RP5839A5,NIM-SURGICAL-GLOVES,Surgical Gloves
SBRN2853,Hospital F,TI95782C,NIM-SURGICAL-GLOVES,Surgical Gloves
SBRN2854,Hospital F,GN4000ZL,NIM-SURGICAL-GLOVES,Surgical Gloves
SBRN2855,Hospital F,HG7853KW,NIM-SURGICAL-GLOVES,Surgical Gloves
SBRN2856,Hospital F,IE0618UI,NIM-SURGICAL-GLOVES,Surgical Gloves
SBRN2857,Hospital F,LJ8490BS,NIM-SURGICAL-GLOVES,Surgical Gloves
SBRN2858,Hospital F,PT3621O9,NIM-SURGICAL-GLOVES,Surgical Gloves
SBRN2859,Hospital F,WV5304RM,NIM-SURGICAL-GLOVES,Surgical Gloves
SBRN2860,Hospital F,ZR25178Y,NIM-SURGICAL-GLOVES,Surgical Gloves
SBRN2861,Hospital F,FF5222GO,NIM-SYRINGE-10ML,Syringe 10ml
SBRN2862,Hospital F,LY1769HU,NIM-SYRINGE-10ML,Syringe 10ml
SBRN2863,Hospital F,TG68586T,NIM-SYRINGE-10ML,Syringe 10ml
SBRN2864,Hospital F,DU70918F,NIM-SYRINGE-10ML,Syringe 10ml
SBRN2865,Hospital F,FR2962MK,NIM-SYRINGE-10ML,Syringe 10ml
SBRN2866,Hospital F,NU7524DW,NIM-SYRINGE-10ML,Syringe 10ml
SBRN2867,Hospital F,OL357640,NIM-SYRINGE-10ML,Syringe 10ml
SBRN2868,Hospital F,OW9422IO,NIM-SYRINGE-10ML,Syringe 10ml
SBRN2869,Hospital F,QB7777QV,NIM-SYRINGE-10ML,Syringe 10ml
SBRN2870,Hospital F,QX990624,NIM-SYRINGE-10ML,Syringe 10ml
SBRN2871,Hospital F,TG68586T,NIM-SYRINGE-10ML,Syringe 10ml
SBRN2872,Hospital F,TI2636D7,NIM-SYRINGE-10ML,Syringe 10ml
SBRN2873,Hospital F,VV29624E,NIM-SYRINGE-10ML,Syringe 10ml
SBRN2874,Hospital F,WO7122TX,NIM-SYRINGE-10ML,Syringe 10ml
SBRN2875,Hospital F,ZD7018VO,NIM-SYRINGE-10ML,Syringe 10ml
SBRN2876,Hospital F,ZD7018VO,NIM-SYRINGE-10ML,Syringe 10ml
SBRN2877,Hospital F,EK2550T2,NIM-SYRINGE-10ML,Syringe 10ml
SBRN2878,Hospital F,GY0493CZ,NIM-SYRINGE-10ML,Syringe 10ml
SBRN2879,Hospital F,KZ6964QC,NIM-SYRINGE-10ML,Syringe 10ml
SBRN2880,Hospital F,WB0004MM,NIM-SYRINGE-10ML,Syringe 10ml
SBRN2881,Hospital F,XE9124H9,NIM-SYRINGE-10ML,Syringe 10ml
SBRN2882,Hospital F,ZD7018VO,NIM-SYRINGE-10ML,Syringe 10ml
SBRN2883,Hospital F,AZ8246KO,NIM-SYRINGE-10ML,Syringe 10ml
SBRN2884,Hospital F,LF7143NR,NIM-SYRINGE-10ML,Syringe 10ml
SBRN2885,Hospital F,LJ7299TB,NIM-SYRINGE-10ML,Syringe 10ml
SBRN2886,Hospital F,LJ8490BS,NIM-SYRINGE-10ML,Syringe 10ml
SBRN2887,Hospital F,LJ8490BS,NIM-SYRINGE-10ML,Syringe 10ml
SBRN2888,Hospital F,RP5839A5,NIM-SYRINGE-10ML,Syringe 10ml
SBRN2889,Hospital F,RP5839A5,NIM-SYRINGE-10ML,Syringe 10ml
SBRN2890,Hospital F,TT2608AP,NIM-SYRINGE-10ML,Syringe 10ml
SBRN2891,Hospital F,WP9202ZO,NIM-SYRINGE-10ML,Syringe 10ml
SBRN2892,Hospital F,XG1284UX,NIM-SYRINGE-10ML,Syringe 10ml
SBRN2893,Hospital F,XR6968LB,NIM-SYRINGE-10ML,Syringe 10ml
SBRN2894,Hospital F,ZA9897Q0,NIM-SYRINGE-10ML,Syringe 10ml
SBRN2895,Hospital F,AZ8246KO,NIM-SYRINGE-10ML,Syringe 10ml
SBRN2896,Hospital F,EC71280B,NIM-SYRINGE-10ML,Syringe 10ml
SBRN2897,Hospital F,QX0020EJ,NIM-SYRINGE-10ML,Syringe 10ml
SBRN2898,Hospital F,RP5839A5,NIM-SYRINGE-10ML,Syringe 10ml
SBRN2899,Hospital F,XN4349DV,NIM-SYRINGE-10ML,Syringe 10ml
SBRN2900,Hospital F,HA1867SJ,NIM-SYRINGE-10ML,Syringe 10ml
SBRN2901,Hospital F,ZJ5745XO,NIM-SYRINGE-10ML,Syringe 10ml
SBRN2902,Hospital F,EC71280B,NIM-SYRINGE-10ML,Syringe 10ml
SBRN2903,Hospital F,FR2962MK,NIM-SYRINGE-10ML,Syringe 10ml
SBRN2904,Hospital F,IH778725,NIM-SYRINGE-10ML,Syringe 10ml
SBRN2905,Hospital F,JA0610CR,NIM-SYRINGE-10ML,Syringe 10ml
SBRN2906,Hospital F,TT2592G6,NIM-SYRINGE-10ML,Syringe 10ml
SBRN2907,Hospital F,UW1644DT,NIM-SYRINGE-10ML,Syringe 10ml
SBRN2908,Hospital F,WO7122TX,NIM-SYRINGE-10ML,Syringe 10ml
SBRN2909,Hospital F,HR0311MW,NIM-THERMOMETER-DIGITAL,Thermometer Digital
SBRN2910,Hospital F,HS76574M,NIM-THERMOMETER-DIGITAL,Thermometer Digital
SBRN2911,Hospital F,LJ7299TB,NIM-THERMOMETER-DIGITAL,Thermometer Digital
SBRN2912,Hospital F,QJ11272I,NIM-THERMOMETER-DIGITAL,Thermometer Digital
SBRN2913,Hospital F,RP5839A5,NIM-THERMOMETER-DIGITAL,Thermometer Digital
SBRN2914,Hospital F,SM45388F,NIM-THERMOMETER-DIGITAL,Thermometer Digital
SBRN2915,Hospital F,SQ0518R7,NIM-THERMOMETER-DIGITAL,Thermometer Digital
SBRN2916,Hospital F,AZ8246KO,NIM-THERMOMETER-DIGITAL,Thermometer Digital
SBRN2917,Hospital F,BF5161LH,NIM-THERMOMETER-DIGITAL,Thermometer Digital
SBRN2918,Hospital F,DU70918F,NIM-THERMOMETER-DIGITAL,Thermometer Digital
SBRN2919,Hospital F,EX44466Z,NIM-THERMOMETER-DIGITAL,Thermometer Digital
SBRN2920,Hospital F,RO29429S,NIM-THERMOMETER-DIGITAL,Thermometer Digital
SBRN2921,Hospital F,TG68586T,NIM-THERMOMETER-DIGITAL,Thermometer Digital
SBRN2922,Hospital F,UF4797PQ,NIM-THERMOMETER-DIGITAL,Thermometer Digital
SBRN2923,Hospital F,ZA9897Q0,NIM-THERMOMETER-DIGITAL,Thermometer Digital
SBRN2924,Hospital F,ZQ9143QB,NIM-THERMOMETER-DIGITAL,Thermometer Digital
SBRN2925,Hospital F,PC0358AC,NIM-THERMOMETER-DIGITAL,Thermometer Digital
SBRN2926,Hospital F,LF7143NR,NIM-THERMOMETER-DIGITAL,Thermometer Digital
SBRN2927,Hospital F,QL2442X8,NIM-THERMOMETER-DIGITAL,Thermometer Digital
SBRN2928,Hospital F,RP5839A5,NIM-THERMOMETER-DIGITAL,Thermometer Digital
SBRN2929,Hospital F,VG3550BI,NIM-THERMOMETER-DIGITAL,Thermometer Digital
SBRN2930,Hospital F,YI5164SY,NIM-THERMOMETER-DIGITAL,Thermometer Digital
SBRN2931,Hospital F,DI63161W,NIM-THERMOMETER-DIGITAL,Thermometer Digital
SBRN2932,Hospital F,EC71280B,NIM-THERMOMETER-DIGITAL,Thermometer Digital
SBRN2933,Hospital F,FJ80434A,NIM-THERMOMETER-DIGITAL,Thermometer Digital
SBRN2934,Hospital F,JX11325X,NIM-THERMOMETER-DIGITAL,Thermometer Digital
SBRN2935,Hospital F,LJ8490BS,NIM-THERMOMETER-DIGITAL,Thermometer Digital
SBRN2936,Hospital F,QB7777QV,NIM-THERMOMETER-DIGITAL,Thermometer Digital
SBRN2937,Hospital F,QJ11272I,NIM-THERMOMETER-DIGITAL,Thermometer Digital
SBRN2938,Hospital F,SM45388F,NIM-THERMOMETER-DIGITAL,Thermometer Digital
SBRN2939,Hospital F,SM45388F,NIM-THERMOMETER-DIGITAL,Thermometer Digital
SBRN2940,Hospital F,TC5775C2,NIM-THERMOMETER-DIGITAL,Thermometer Digital
SBRN2941,Hospital F,TG68586T,NIM-THERMOMETER-DIGITAL,Thermometer Digital
SBRN2942,Hospital F,UW1644DT,NIM-THERMOMETER-DIGITAL,Thermometer Digital
SBRN2943,Hospital F,OL357640,NIM-THERMOMETER-DIGITAL,Thermometer Digital
SBRN2944,Hospital F,ZQ9143QB,NIM-THERMOMETER-DIGITAL,Thermometer Digital
SBRN2945,Hospital F,DI63161W,NIM-THERMOMETER-DIGITAL,Thermometer Digital
SBRN2946,Hospital F,EW9481ON,NIM-THERMOMETER-DIGITAL,Thermometer Digital
SBRN2947,Hospital F,FH3403RT,NIM-THERMOMETER-DIGITAL,Thermometer Digital
SBRN2948,Hospital F,JJ0396I3,NIM-THERMOMETER-DIGITAL,Thermometer Digital
SBRN2949,Hospital F,JZ1972LG,NIM-THERMOMETER-DIGITAL,Thermometer Digital
SBRN2950,Hospital F,LJ7299TB,NIM-THERMOMETER-DIGITAL,Thermometer Digital
SBRN2951,Hospital F,MZ0765K7,NIM-THERMOMETER-DIGITAL,Thermometer Digital
SBRN2952,Hospital F,PT3621O9,NIM-THERMOMETER-DIGITAL,Thermometer Digital
SBRN2953,Hospital F,AZ8246KO,NIM-THERMOMETER-DIGITAL,Thermometer Digital
SBRN2954,Hospital F,EC71280B,NIM-THERMOMETER-DIGITAL,Thermometer Digital
SBRN2955,Hospital F,LJ8490BS,NIM-THERMOMETER-DIGITAL,Thermometer Digital
SBRN2956,Hospital F,OW9422IO,NIM-THERMOMETER-DIGITAL,Thermometer Digital
SBRN2957,Hospital F,QA5527LA,NIM-THERMOMETER-DIGITAL,Thermometer Digital
SBRN2958,Hospital F,QJ11272I,NIM-THERMOMETER-DIGITAL,Thermometer Digital
SBRN2959,Hospital F,TG68586T,NIM-THERMOMETER-DIGITAL,Thermometer Digital
SBRN2960,Hospital F,VL25854C,NIM-THERMOMETER-DIGITAL,Thermometer Digital
SBRN2961,Hospital F,FU2970ZP,NIM-WOUND-DRESSING-LARGE,Wound Dressing Large
SBRN2962,Hospital F,YI5164SY,NIM-WOUND-DRESSING-LARGE,Wound Dressing Large
SBRN2963,Hospital F,ZQ9143QB,NIM-WOUND-DRESSING-LARGE,Wound Dressing Large
SBRN2964,Hospital F,TP3864B4,NIM-WOUND-DRESSING-LARGE,Wound Dressing Large
SBRN2965,Hospital F,EC71280B,NIM-WOUND-DRESSING-LARGE,Wound Dressing Large
SBRN2966,Hospital F,GA65998T,NIM-WOUND-DRESSING-LARGE,Wound Dressing Large
SBRN2967,Hospital F,LJ8490BS,NIM-WOUND-DRESSING-LARGE,Wound Dressing Large
SBRN2968,Hospital F,LJ8490BS,NIM-WOUND-DRESSING-LARGE,Wound Dressing Large
SBRN2969,Hospital F,QL59662R,NIM-WOUND-DRESSING-LARGE,Wound Dressing Large
SBRN2970,Hospital F,UW1644DT,NIM-WOUND-DRESSING-LARGE,Wound Dressing Large
SBRN2971,Hospital F,XT4082V2,NIM-WOUND-DRESSING-LARGE,Wound Dressing Large
SBRN2972,Hospital F,ZD7018VO,NIM-WOUND-DRESSING-LARGE,Wound Dressing Large
SBRN2973,Hospital F,MK4939WH,NIM-WOUND-DRESSING-LARGE,Wound Dressing Large
SBRN2974,Hospital F,NY8048XZ,NIM-WOUND-DRESSING-LARGE,Wound Dressing Large
SBRN2975,Hospital F,OH5436AO,NIM-WOUND-DRESSING-LARGE,Wound Dressing Large
SBRN2976,Hospital F,WZ0721YI,NIM-WOUND-DRESSING-LARGE,Wound Dressing Large
SBRN2977,Hospital F,YI5164SY,NIM-WOUND-DRESSING-LARGE,Wound Dressing Large
SBRN2978,Hospital F,ZD7018VO,NIM-WOUND-DRESSING-LARGE,Wound Dressing Large
SBRN2979,Hospital F,EJ4395OX,NIM-WOUND-DRESSING-LARGE,Wound Dressing Large
SBRN2980,Hospital F,EW9481ON,NIM-WOUND-DRESSING-LARGE,Wound Dressing Large
SBRN2981,Hospital F,GA65998T,NIM-WOUND-DRESSING-LARGE,Wound Dressing Large
SBRN2982,Hospital F,TM1604CK,NIM-WOUND-DRESSING-LARGE,Wound Dressing Large
SBRN2983,Hospital F,XY2375I3,NIM-WOUND-DRESSING-LARGE,Wound Dressing Large
SBRN2984,Hospital F,BF5161LH,NIM-WOUND-DRESSING-LARGE,Wound Dressing Large
SBRN2985,Hospital F,RP5839A5,NIM-WOUND-DRESSING-LARGE,Wound Dressing Large
SBRN2986,Hospital F,UV53950K,NIM-WOUND-DRESSING-LARGE,Wound Dressing Large
SBRN2987,Hospital F,XE0510RM,NIM-WOUND-DRESSING-LARGE,Wound Dressing Large
SBRN2988,Hospital F,DU70918F,NIM-WOUND-DRESSING-LARGE,Wound Dressing Large
SBRN2989,Hospital F,DU70918F,NIM-WOUND-DRESSING-LARGE,Wound Dressing Large
SBRN2990,Hospital F,FO8459D7,NIM-WOUND-DRESSING-LARGE,Wound Dressing Large
SBRN2991,Hospital F,TG68586T,NIM-WOUND-DRESSING-LARGE,Wound Dressing Large
SBRN2992,Hospital F,TP3864B4,NIM-WOUND-DRESSING-LARGE,Wound Dressing Large
SBRN2993,Hospital F,WC0164QD,NIM-WOUND-DRESSING-LARGE,Wound Dressing Large
SBRN2994,Hospital F,BZ1834LW,NIM-WOUND-DRESSING-LARGE,Wound Dressing Large
SBRN2995,Hospital F,JY14542C,NIM-WOUND-DRESSING-LARGE,Wound Dressing Large
SBRN2996,Hospital F,KZ6964QC,NIM-WOUND-DRESSING-LARGE,Wound Dressing Large
SBRN2997,Hospital F,PS77674D,NIM-WOUND-DRESSING-LARGE,Wound Dressing Large
SBRN2998,Hospital F,SU987315,NIM-WOUND-DRESSING-LARGE,Wound Dressing Large
SBRN2999,Hospital F,TT2592G6,NIM-WOUND-DRESSING-LARGE,Wound Dressing Large
SBRN3000,Hospital F,ZJ5745XO,NIM-WOUND-DRESSING-LARGE,Wound Dressing Large
SBRN3001,Hospital G,AM7780BJ,NIM-ANTISEPTIC-WIPES,Antiseptic Wipes
SBRN3002,Hospital G,FR2962MK,NIM-ANTISEPTIC-WIPES,Antiseptic Wipes
SBRN3003,Hospital G,FR2962MK,NIM-ANTISEPTIC-WIPES,Antiseptic Wipes
SBRN3004,Hospital G,KZ0371ET,NIM-ANTISEPTIC-WIPES,Antiseptic Wipes
SBRN3005,Hospital G,OI6305JV,NIM-ANTISEPTIC-WIPES,Antiseptic Wipes
SBRN3006,Hospital G,OW9422IO,NIM-ANTISEPTIC-WIPES,Antiseptic Wipes
SBRN3007,Hospital G,TT2608AP,NIM-ANTISEPTIC-WIPES,Antiseptic Wipes
SBRN3008,Hospital G,WG3173SP,NIM-ANTISEPTIC-WIPES,Antiseptic Wipes
SBRN3009,Hospital G,WZ0721YI,NIM-ANTISEPTIC-WIPES,Antiseptic Wipes
SBRN3010,Hospital G,BN5332ES,NIM-ANTISEPTIC-WIPES,Antiseptic Wipes
SBRN3011,Hospital G,EB92305N,NIM-ANTISEPTIC-WIPES,Antiseptic Wipes
SBRN3012,Hospital G,FR2962MK,NIM-ANTISEPTIC-WIPES,Antiseptic Wipes
SBRN3013,Hospital G,ID7581SP,NIM-ANTISEPTIC-WIPES,Antiseptic Wipes
SBRN3014,Hospital G,MK1023EE,NIM-ANTISEPTIC-WIPES,Antiseptic Wipes
SBRN3015,Hospital G,NB1565G4,NIM-ANTISEPTIC-WIPES,Antiseptic Wipes
SBRN3016,Hospital G,PZ786862,NIM-ANTISEPTIC-WIPES,Antiseptic Wipes
SBRN3017,Hospital G,UW1644DT,NIM-ANTISEPTIC-WIPES,Antiseptic Wipes
SBRN3018,Hospital G,PT3621O9,NIM-ANTISEPTIC-WIPES,Antiseptic Wipes
SBRN3019,Hospital G,UF4797PQ,NIM-ANTISEPTIC-WIPES,Antiseptic Wipes
SBRN3020,Hospital G,LP5396QJ,NIM-ANTISEPTIC-WIPES,Antiseptic Wipes
SBRN3021,Hospital G,QJ11272I,NIM-ANTISEPTIC-WIPES,Antiseptic Wipes
SBRN3022,Hospital G,TL5792DS,NIM-ANTISEPTIC-WIPES,Antiseptic Wipes
SBRN3023,Hospital G,LT48985Z,NIM-ANTISEPTIC-WIPES,Antiseptic Wipes
SBRN3024,Hospital G,TT2608AP,NIM-ANTISEPTIC-WIPES,Antiseptic Wipes
SBRN3025,Hospital G,UF4797PQ,NIM-ANTISEPTIC-WIPES,Antiseptic Wipes
SBRN3026,Hospital G,WP9202ZO,NIM-ANTISEPTIC-WIPES,Antiseptic Wipes
SBRN3027,Hospital G,AV2968BA,NIM-BLOOD-PRESSURE-CUFF,Blood Pressure Cuff
SBRN3028,Hospital G,FR2962MK,NIM-BLOOD-PRESSURE-CUFF,Blood Pressure Cuff
SBRN3029,Hospital G,FR2962MK,NIM-BLOOD-PRESSURE-CUFF,Blood Pressure Cuff
SBRN3030,Hospital G,IA3884LD,NIM-BLOOD-PRESSURE-CUFF,Blood Pressure Cuff
SBRN3031,Hospital G,IP8710L1,NIM-BLOOD-PRESSURE-CUFF,Blood Pressure Cuff
SBRN3032,Hospital G,OA9917NG,NIM-BLOOD-PRESSURE-CUFF,Blood Pressure Cuff
SBRN3033,Hospital G,OJ83977D,NIM-BLOOD-PRESSURE-CUFF,Blood Pressure Cuff
SBRN3034,Hospital G,TI95782C,NIM-BLOOD-PRESSURE-CUFF,Blood Pressure Cuff
SBRN3035,Hospital G,UW1644DT,NIM-BLOOD-PRESSURE-CUFF,Blood Pressure Cuff
SBRN3036,Hospital G,VN5034QW,NIM-BLOOD-PRESSURE-CUFF,Blood Pressure Cuff
SBRN3037,Hospital G,XT4082V2,NIM-BLOOD-PRESSURE-CUFF,Blood Pressure Cuff
SBRN3038,Hospital G,BF5161LH,NIM-BLOOD-PRESSURE-CUFF,Blood Pressure Cuff
SBRN3039,Hospital G,CM586454,NIM-BLOOD-PRESSURE-CUFF,Blood Pressure Cuff
SBRN3040,Hospital G,DU70918F,NIM-BLOOD-PRESSURE-CUFF,Blood Pressure Cuff
SBRN3041,Hospital G,EC71280B,NIM-BLOOD-PRESSURE-CUFF,Blood Pressure Cuff
SBRN3042,Hospital G,FU2970ZP,NIM-BLOOD-PRESSURE-CUFF,Blood Pressure Cuff
SBRN3043,Hospital G,GJ46299B,NIM-BLOOD-PRESSURE-CUFF,Blood Pressure Cuff
SBRN3044,Hospital G,IC2357ZF,NIM-BLOOD-PRESSURE-CUFF,Blood Pressure Cuff
SBRN3045,Hospital G,ID7581SP,NIM-BLOOD-PRESSURE-CUFF,Blood Pressure Cuff
SBRN3046,Hospital G,JZ1972LG,NIM-BLOOD-PRESSURE-CUFF,Blood Pressure Cuff
SBRN3047,Hospital G,JZ1972LG,NIM-BLOOD-PRESSURE-CUFF,Blood Pressure Cuff
SBRN3048,Hospital G,RP5839A5,NIM-BLOOD-PRESSURE-CUFF,Blood Pressure Cuff
SBRN3049,Hospital G,XF37209R,NIM-BLOOD-PRESSURE-CUFF,Blood Pressure Cuff
SBRN3050,Hospital G,XO4888OL,NIM-BLOOD-PRESSURE-CUFF,Blood Pressure Cuff
SBRN3051,Hospital G,XV6016BS,NIM-BLOOD-PRESSURE-CUFF,Blood Pressure Cuff
SBRN3052,Hospital G,ZH3387XM,NIM-BLOOD-PRESSURE-CUFF,Blood Pressure Cuff
SBRN3053,Hospital G,GN73958G,NIM-BLOOD-PRESSURE-CUFF,Blood Pressure Cuff
SBRN3054,Hospital G,OL357640,NIM-BLOOD-PRESSURE-CUFF,Blood Pressure Cuff
SBRN3055,Hospital G,SK07447E,NIM-BLOOD-PRESSURE-CUFF,Blood Pressure Cuff
SBRN3056,Hospital G,UW1644DT,NIM-BLOOD-PRESSURE-CUFF,Blood Pressure Cuff
SBRN3057,Hospital G,WO7122TX,NIM-BLOOD-PRESSURE-CUFF,Blood Pressure Cuff
SBRN3058,Hospital G,BU8415WB,NIM-BLOOD-PRESSURE-CUFF,Blood Pressure Cuff
SBRN3059,Hospital G,CY5920RJ,NIM-BLOOD-PRESSURE-CUFF,Blood Pressure Cuff
SBRN3060,Hospital G,DI28328O,NIM-BLOOD-PRESSURE-CUFF,Blood Pressure Cuff
SBRN3061,Hospital G,DU70918F,NIM-BLOOD-PRESSURE-CUFF,Blood Pressure Cuff
SBRN3062,Hospital G,EM4241YE,NIM-BLOOD-PRESSURE-CUFF,Blood Pressure Cuff
SBRN3063,Hospital G,GJ46299B,NIM-BLOOD-PRESSURE-CUFF,Blood Pressure Cuff
SBRN3064,Hospital G,GK7546UA,NIM-BLOOD-PRESSURE-CUFF,Blood Pressure Cuff
SBRN3065,Hospital G,LU4108Z6,NIM-BLOOD-PRESSURE-CUFF,Blood Pressure Cuff
SBRN3066,Hospital G,NT93196L,NIM-BLOOD-PRESSURE-CUFF,Blood Pressure Cuff
SBRN3067,Hospital G,QJ11272I,NIM-BLOOD-PRESSURE-CUFF,Blood Pressure Cuff
SBRN3068,Hospital G,TG68586T,NIM-BLOOD-PRESSURE-CUFF,Blood Pressure Cuff
SBRN3069,Hospital G,TQ5203KG,NIM-BLOOD-PRESSURE-CUFF,Blood Pressure Cuff
SBRN3070,Hospital G,VW0591HK,NIM-BLOOD-PRESSURE-CUFF,Blood Pressure Cuff
SBRN3071,Hospital G,WB0004MM,NIM-BLOOD-PRESSURE-CUFF,Blood Pressure Cuff
SBRN3072,Hospital G,WO7122TX,NIM-BLOOD-PRESSURE-CUFF,Blood Pressure Cuff
SBRN3073,Hospital G,XU5084IK,NIM-BLOOD-PRESSURE-CUFF,Blood Pressure Cuff
SBRN3074,Hospital G,YQ51103W,NIM-BLOOD-PRESSURE-CUFF,Blood Pressure Cuff
SBRN3075,Hospital G,AZ8246KO,NIM-BLOOD-PRESSURE-CUFF,Blood Pressure Cuff
SBRN3076,Hospital G,BU8415WB,NIM-BLOOD-PRESSURE-CUFF,Blood Pressure Cuff
SBRN3077,Hospital G,FY4110F4,NIM-BLOOD-PRESSURE-CUFF,Blood Pressure Cuff
SBRN3078,Hospital G,HN916108,NIM-BLOOD-PRESSURE-CUFF,Blood Pressure Cuff
SBRN3079,Hospital G,LJ8490BS,NIM-BLOOD-PRESSURE-CUFF,Blood Pressure Cuff
SBRN3080,Hospital G,MK4939WH,NIM-BLOOD-PRESSURE-CUFF,Blood Pressure Cuff
SBRN3081,Hospital G,MO07319X,NIM-BLOOD-PRESSURE-CUFF,Blood Pressure Cuff
SBRN3082,Hospital G,NB1565G4,NIM-BLOOD-PRESSURE-CUFF,Blood Pressure Cuff
SBRN3083,Hospital G,OI6305JV,NIM-BLOOD-PRESSURE-CUFF,Blood Pressure Cuff
SBRN3084,Hospital G,TQ5203KG,NIM-BLOOD-PRESSURE-CUFF,Blood Pressure Cuff
SBRN3085,Hospital G,UD7372PH,NIM-BLOOD-PRESSURE-CUFF,Blood Pressure Cuff
SBRN3086,Hospital G,UD7372PH,NIM-BLOOD-PRESSURE-CUFF,Blood Pressure Cuff
SBRN3087,Hospital G,UF4797PQ,NIM-BLOOD-PRESSURE-CUFF,Blood Pressure Cuff
SBRN3088,Hospital G,VN5034QW,NIM-BLOOD-PRESSURE-CUFF,Blood Pressure Cuff
SBRN3089,Hospital G,WV5304RM,NIM-BLOOD-PRESSURE-CUFF,Blood Pressure Cuff
SBRN3090,Hospital G,ZD7018VO,NIM-BLOOD-PRESSURE-CUFF,Blood Pressure Cuff
SBRN3091,Hospital G,ZM92024Y,NIM-BLOOD-PRESSURE-CUFF,Blood Pressure Cuff
SBRN3092,Hospital G,BU8415WB,NIM-BLOOD-PRESSURE-CUFF,Blood Pressure Cuff
SBRN3093,Hospital G,RP5839A5,NIM-BLOOD-PRESSURE-CUFF,Blood Pressure Cuff
SBRN3094,Hospital G,YN9826XZ,NIM-BLOOD-PRESSURE-CUFF,Blood Pressure Cuff
SBRN3095,Hospital G,IP8710L1,NIM-BLOOD-PRESSURE-CUFF,Blood Pressure Cuff
SBRN3096,Hospital G,LJ8490BS,NIM-BLOOD-PRESSURE-CUFF,Blood Pressure Cuff
SBRN3097,Hospital G,LT48985Z,NIM-BLOOD-PRESSURE-CUFF,Blood Pressure Cuff
SBRN3098,Hospital G,MO07319X,NIM-BLOOD-PRESSURE-CUFF,Blood Pressure Cuff
SBRN3099,Hospital G,PT3621O9,NIM-BLOOD-PRESSURE-CUFF,Blood Pressure Cuff
SBRN3100,Hospital G,PT3621O9,NIM-BLOOD-PRESSURE-CUFF,Blood Pressure Cuff
SBRN3101,Hospital G,SU987315,NIM-BLOOD-PRESSURE-CUFF,Blood Pressure Cuff
SBRN3102,Hospital G,TT2592G6,NIM-BLOOD-PRESSURE-CUFF,Blood Pressure Cuff
SBRN3103,Hospital G,UD7372PH,NIM-BLOOD-PRESSURE-CUFF,Blood Pressure Cuff
SBRN3104,Hospital G,YI5164SY,NIM-BLOOD-PRESSURE-CUFF,Blood Pressure Cuff
SBRN3105,Hospital G,ZD7018VO,NIM-BLOOD-PRESSURE-CUFF,Blood Pressure Cuff
SBRN3106,Hospital G,ZJ5745XO,NIM-BLOOD-PRESSURE-CUFF,Blood Pressure Cuff
SBRN3107,Hospital G,ZJ9907ER,NIM-BLOOD-PRESSURE-CUFF,Blood Pressure Cuff
SBRN3108,Hospital G,BN5332ES,NIM-BLOOD-PRESSURE-CUFF,Blood Pressure Cuff
SBRN3109,Hospital G,DU70918F,NIM-BLOOD-PRESSURE-CUFF,Blood Pressure Cuff
SBRN3110,Hospital G,FR2962MK,NIM-BLOOD-PRESSURE-CUFF,Blood Pressure Cuff
SBRN3111,Hospital G,FR2962MK,NIM-BLOOD-PRESSURE-CUFF,Blood Pressure Cuff
SBRN3112,Hospital G,HP95324S,NIM-BLOOD-PRESSURE-CUFF,Blood Pressure Cuff
SBRN3113,Hospital G,IA3884LD,NIM-BLOOD-PRESSURE-CUFF,Blood Pressure Cuff
SBRN3114,Hospital G,JX11325X,NIM-BLOOD-PRESSURE-CUFF,Blood Pressure Cuff
SBRN3115,Hospital G,LJ8490BS,NIM-BLOOD-PRESSURE-CUFF,Blood Pressure Cuff
SBRN3116,Hospital G,OL357640,NIM-BLOOD-PRESSURE-CUFF,Blood Pressure Cuff
SBRN3117,Hospital G,QL59662R,NIM-BLOOD-PRESSURE-CUFF,Blood Pressure Cuff
SBRN3118,Hospital G,SC9979NV,NIM-BLOOD-PRESSURE-CUFF,Blood Pressure Cuff
SBRN3119,Hospital G,SU987315,NIM-BLOOD-PRESSURE-CUFF,Blood Pressure Cuff
SBRN3120,Hospital G,US6697SO,NIM-BLOOD-PRESSURE-CUFF,Blood Pressure Cuff
SBRN3121,Hospital G,WZ0721YI,NIM-BLOOD-PRESSURE-CUFF,Blood Pressure Cuff
SBRN3122,Hospital G,YI5164SY,NIM-BLOOD-PRESSURE-CUFF,Blood Pressure Cuff
SBRN3123,Hospital G,YI5164SY,NIM-BLOOD-PRESSURE-CUFF,Blood Pressure Cuff
SBRN3124,Hospital G,YQ51103W,NIM-BLOOD-PRESSURE-CUFF,Blood Pressure Cuff
SBRN3125,Hospital G,YT9331NO,NIM-BLOOD-PRESSURE-CUFF,Blood Pressure Cuff
SBRN3126,Hospital G,DJ2436HU,NIM-CATHETER-FOLEY,Catheter Foley
SBRN3127,Hospital G,HS76574M,NIM-CATHETER-FOLEY,Catheter Foley
SBRN3128,Hospital G,LT25050L,NIM-CATHETER-FOLEY,Catheter Foley
SBRN3129,Hospital G,SJ1818B8,NIM-CATHETER-FOLEY,Catheter Foley
SBRN3130,Hospital G,XE0510RM,NIM-CATHETER-FOLEY,Catheter Foley
SBRN3131,Hospital G,YI5164SY,NIM-CATHETER-FOLEY,Catheter Foley
SBRN3132,Hospital G,ZN7542V6,NIM-CATHETER-FOLEY,Catheter Foley
SBRN3133,Hospital G,BF5161LH,NIM-CATHETER-FOLEY,Catheter Foley
SBRN3134,Hospital G,DI28328O,NIM-CATHETER-FOLEY,Catheter Foley
SBRN3135,Hospital G,IH778725,NIM-CATHETER-FOLEY,Catheter Foley
SBRN3136,Hospital G,LJ8490BS,NIM-CATHETER-FOLEY,Catheter Foley
SBRN3137,Hospital G,NU7524DW,NIM-CATHETER-FOLEY,Catheter Foley
SBRN3138,Hospital G,OL357640,NIM-CATHETER-FOLEY,Catheter Foley
SBRN3139,Hospital G,OO8242W9,NIM-CATHETER-FOLEY,Catheter Foley
SBRN3140,Hospital G,QJ11272I,NIM-CATHETER-FOLEY,Catheter Foley
SBRN3141,Hospital G,XF37209R,NIM-CATHETER-FOLEY,Catheter Foley
SBRN3142,Hospital G,DU70918F,NIM-CATHETER-FOLEY,Catheter Foley
SBRN3143,Hospital G,ZV1324PS,NIM-CATHETER-FOLEY,Catheter Foley
SBRN3144,Hospital G,DC2630NN,NIM-CATHETER-FOLEY,Catheter Foley
SBRN3145,Hospital G,EW9481ON,NIM-CATHETER-FOLEY,Catheter Foley
SBRN3146,Hospital G,FR2962MK,NIM-CATHETER-FOLEY,Catheter Foley
SBRN3147,Hospital G,JZ1972LG,NIM-CATHETER-FOLEY,Catheter Foley
SBRN3148,Hospital G,UO613821,NIM-CATHETER-FOLEY,Catheter Foley
SBRN3149,Hospital G,ZA9897Q0,NIM-CATHETER-FOLEY,Catheter Foley
SBRN3150,Hospital G,GY0493CZ,NIM-CATHETER-FOLEY,Catheter Foley
SBRN3151,Hospital G,HN916108,NIM-CATHETER-FOLEY,Catheter Foley
SBRN3152,Hospital G,JG8873EP,NIM-CATHETER-FOLEY,Catheter Foley
SBRN3153,Hospital G,KH5869TV,NIM-CATHETER-FOLEY,Catheter Foley
SBRN3154,Hospital G,NI4913HC,NIM-CATHETER-FOLEY,Catheter Foley
SBRN3155,Hospital G,OW9422IO,NIM-CATHETER-FOLEY,Catheter Foley
SBRN3156,Hospital G,PS77674D,NIM-CATHETER-FOLEY,Catheter Foley
SBRN3157,Hospital G,PT3621O9,NIM-CATHETER-FOLEY,Catheter Foley
SBRN3158,Hospital G,VV29624E,NIM-CATHETER-FOLEY,Catheter Foley
SBRN3159,Hospital G,ZA1778MJ,NIM-CATHETER-FOLEY,Catheter Foley
SBRN3160,Hospital G,ZD7018VO,NIM-CATHETER-FOLEY,Catheter Foley
SBRN3161,Hospital G,ZD7018VO,NIM-CATHETER-FOLEY,Catheter Foley
SBRN3162,Hospital G,ZH3387XM,NIM-CATHETER-FOLEY,Catheter Foley
SBRN3163,Hospital G,DW6579GD,NIM-CATHETER-FOLEY,Catheter Foley
SBRN3164,Hospital G,QJ11272I,NIM-CATHETER-FOLEY,Catheter Foley
SBRN3165,Hospital G,TG68586T,NIM-CATHETER-FOLEY,Catheter Foley
SBRN3166,Hospital G,CR1507VJ,NIM-CATHETER-FOLEY,Catheter Foley
SBRN3167,Hospital G,SE4328A9,NIM-CATHETER-FOLEY,Catheter Foley
SBRN3168,Hospital G,TV5792YY,NIM-CATHETER-FOLEY,Catheter Foley
SBRN3169,Hospital G,UF4797PQ,NIM-CATHETER-FOLEY,Catheter Foley
SBRN3170,Hospital G,UW1644DT,NIM-CATHETER-FOLEY,Catheter Foley
SBRN3171,Hospital G,WZ0721YI,NIM-CATHETER-FOLEY,Catheter Foley
SBRN3172,Hospital G,IP8710L1,NIM-CATHETER-FOLEY,Catheter Foley
SBRN3173,Hospital G,JZ1972LG,NIM-CATHETER-FOLEY,Catheter Foley
SBRN3174,Hospital G,LJ7299TB,NIM-CATHETER-FOLEY,Catheter Foley
SBRN3175,Hospital G,PA1550R1,NIM-CATHETER-FOLEY,Catheter Foley
SBRN3176,Hospital G,VD243919,NIM-CATHETER-FOLEY,Catheter Foley
SBRN3177,Hospital G,XT164415,NIM-CATHETER-FOLEY,Catheter Foley
SBRN3178,Hospital G,EW9481ON,NIM-COMPRESSION-BANDAGE,Compression Bandage
SBRN3179,Hospital G,IE0618UI,NIM-COMPRESSION-BANDAGE,Compression Bandage
SBRN3180,Hospital G,LY737885,NIM-COMPRESSION-BANDAGE,Compression Bandage
SBRN3181,Hospital G,QL59662R,NIM-COMPRESSION-BANDAGE,Compression Bandage
SBRN3182,Hospital G,XF37209R,NIM-COMPRESSION-BANDAGE,Compression Bandage
SBRN3183,Hospital G,YE2085BO,NIM-COMPRESSION-BANDAGE,Compression Bandage
SBRN3184,Hospital G,ZH3387XM,NIM-COMPRESSION-BANDAGE,Compression Bandage
SBRN3185,Hospital G,EZ1945A2,NIM-COMPRESSION-BANDAGE,Compression Bandage
SBRN3186,Hospital G,GQ91238Z,NIM-COMPRESSION-BANDAGE,Compression Bandage
SBRN3187,Hospital G,JX11325X,NIM-COMPRESSION-BANDAGE,Compression Bandage
SBRN3188,Hospital G,WB0004MM,NIM-COMPRESSION-BANDAGE,Compression Bandage
SBRN3189,Hospital G,YB9050S3,NIM-COMPRESSION-BANDAGE,Compression Bandage
SBRN3190,Hospital G,YT9331NO,NIM-COMPRESSION-BANDAGE,Compression Bandage
SBRN3191,Hospital G,ZD7018VO,NIM-COMPRESSION-BANDAGE,Compression Bandage
SBRN3192,Hospital G,ZH68465Z,NIM-COMPRESSION-BANDAGE,Compression Bandage
SBRN3193,Hospital G,KZ6964QC,NIM-COMPRESSION-BANDAGE,Compression Bandage
SBRN3194,Hospital G,QJ11272I,NIM-COMPRESSION-BANDAGE,Compression Bandage
SBRN3195,Hospital G,UW1644DT,NIM-COMPRESSION-BANDAGE,Compression Bandage
SBRN3196,Hospital G,DU70918F,NIM-COMPRESSION-BANDAGE,Compression Bandage
SBRN3197,Hospital G,EI3361D8,NIM-COMPRESSION-BANDAGE,Compression Bandage
SBRN3198,Hospital G,IQ1720N2,NIM-COMPRESSION-BANDAGE,Compression Bandage
SBRN3199,Hospital G,TT2608AP,NIM-COMPRESSION-BANDAGE,Compression Bandage
SBRN3200,Hospital G,UO613821,NIM-COMPRESSION-BANDAGE,Compression Bandage
SBRN3201,Hospital G,YJ1366WW,NIM-COMPRESSION-BANDAGE,Compression Bandage
SBRN3202,Hospital G,DU70918F,NIM-COMPRESSION-BANDAGE,Compression Bandage
SBRN3203,Hospital G,HN916108,NIM-COMPRESSION-BANDAGE,Compression Bandage
SBRN3204,Hospital G,JJ0396I3,NIM-COMPRESSION-BANDAGE,Compression Bandage
SBRN3205,Hospital G,LJ8490BS,NIM-COMPRESSION-BANDAGE,Compression Bandage
SBRN3206,Hospital G,LJ8490BS,NIM-COMPRESSION-BANDAGE,Compression Bandage
SBRN3207,Hospital G,WV5304RM,NIM-COMPRESSION-BANDAGE,Compression Bandage
SBRN3208,Hospital G,YB9050S3,NIM-COMPRESSION-BANDAGE,Compression Bandage
SBRN3209,Hospital G,FR2962MK,NIM-COMPRESSION-BANDAGE,Compression Bandage
SBRN3210,Hospital G,QE57195V,NIM-COMPRESSION-BANDAGE,Compression Bandage
SBRN3211,Hospital G,TG68586T,NIM-COMPRESSION-BANDAGE,Compression Bandage
SBRN3212,Hospital G,GH172268,NIM-COMPRESSION-BANDAGE,Compression Bandage
SBRN3213,Hospital G,IA3884LD,NIM-COMPRESSION-BANDAGE,Compression Bandage
SBRN3214,Hospital G,JX11325X,NIM-COMPRESSION-BANDAGE,Compression Bandage
SBRN3215,Hospital G,MZ0765K7,NIM-COMPRESSION-BANDAGE,Compression Bandage
SBRN3216,Hospital G,OL357640,NIM-COMPRESSION-BANDAGE,Compression Bandage
SBRN3217,Hospital G,TG68586T,NIM-COMPRESSION-BANDAGE,Compression Bandage
SBRN3218,Hospital G,TT2608AP,NIM-COMPRESSION-BANDAGE,Compression Bandage
SBRN3219,Hospital G,VH37271D,NIM-COMPRESSION-BANDAGE,Compression Bandage
SBRN3220,Hospital G,BR6888EV,NIM-COMPRESSION-BANDAGE,Compression Bandage
SBRN3221,Hospital G,EX44466Z,NIM-COMPRESSION-BANDAGE,Compression Bandage
SBRN3222,Hospital G,IC2357ZF,NIM-COMPRESSION-BANDAGE,Compression Bandage
SBRN3223,Hospital G,QJ11272I,NIM-COMPRESSION-BANDAGE,Compression Bandage
SBRN3224,Hospital G,WZ0721YI,NIM-COMPRESSION-BANDAGE,Compression Bandage
SBRN3225,Hospital G,YK9111ND,NIM-COMPRESSION-BANDAGE,Compression Bandage
SBRN3226,Hospital G,GN4000ZL,NIM-IV-BAG-500ML,IV Bag 500ml
SBRN3227,Hospital G,PC403558,NIM-IV-BAG-500ML,IV Bag 500ml
SBRN3228,Hospital G,PT3621O9,NIM-IV-BAG-500ML,IV Bag 500ml
SBRN3229,Hospital G,UF4797PQ,NIM-IV-BAG-500ML,IV Bag 500ml
SBRN3230,Hospital G,UW1644DT,NIM-IV-BAG-500ML,IV Bag 500ml
SBRN3231,Hospital G,VN5034QW,NIM-IV-BAG-500ML,IV Bag 500ml
SBRN3232,Hospital G,ZH68465Z,NIM-IV-BAG-500ML,IV Bag 500ml
SBRN3233,Hospital G,BF5161LH,NIM-IV-BAG-500ML,IV Bag 500ml
SBRN3234,Hospital G,MK1023EE,NIM-IV-BAG-500ML,IV Bag 500ml
SBRN3235,Hospital G,MO07319X,NIM-IV-BAG-500ML,IV Bag 500ml
SBRN3236,Hospital G,QX0020EJ,NIM-IV-BAG-500ML,IV Bag 500ml
SBRN3237,Hospital G,UF4797PQ,NIM-IV-BAG-500ML,IV Bag 500ml
SBRN3238,Hospital G,YK14511J,NIM-IV-BAG-500ML,IV Bag 500ml
SBRN3239,Hospital G,ID7581SP,NIM-IV-BAG-500ML,IV Bag 500ml
SBRN3240,Hospital G,JA0610CR,NIM-IV-BAG-500ML,IV Bag 500ml
SBRN3241,Hospital G,HS76574M,NIM-IV-BAG-500ML,IV Bag 500ml
SBRN3242,Hospital G,IQ1720N2,NIM-IV-BAG-500ML,IV Bag 500ml
SBRN3243,Hospital G,CB9363EO,NIM-IV-BAG-500ML,IV Bag 500ml
SBRN3244,Hospital G,DU70918F,NIM-IV-BAG-500ML,IV Bag 500ml
SBRN3245,Hospital G,EW5649MR,NIM-IV-BAG-500ML,IV Bag 500ml
SBRN3246,Hospital G,HL5079UK,NIM-IV-BAG-500ML,IV Bag 500ml
SBRN3247,Hospital G,NG19643Z,NIM-IV-BAG-500ML,IV Bag 500ml
SBRN3248,Hospital G,SU987315,NIM-IV-BAG-500ML,IV Bag 500ml
SBRN3249,Hospital G,TP3864B4,NIM-IV-BAG-500ML,IV Bag 500ml
SBRN3250,Hospital G,ID7581SP,NIM-IV-BAG-500ML,IV Bag 500ml
SBRN3251,Hospital G,OL357640,NIM-IV-BAG-500ML,IV Bag 500ml
SBRN3252,Hospital G,IA3884LD,NIM-IV-BAG-500ML,IV Bag 500ml
SBRN3253,Hospital G,LJ8490BS,NIM-IV-BAG-500ML,IV Bag 500ml
SBRN3254,Hospital G,PA1550R1,NIM-IV-BAG-500ML,IV Bag 500ml
SBRN3255,Hospital G,PA1550R1,NIM-IV-BAG-500ML,IV Bag 500ml
SBRN3256,Hospital G,ZD7018VO,NIM-IV-BAG-500ML,IV Bag 500ml
SBRN3257,Hospital G,NT93196L,NIM-IV-BAG-500ML,IV Bag 500ml
SBRN3258,Hospital G,OL357640,NIM-IV-BAG-500ML,IV Bag 500ml
SBRN3259,Hospital G,PS77674D,NIM-IV-BAG-500ML,IV Bag 500ml
SBRN3260,Hospital G,UF4797PQ,NIM-IV-BAG-500ML,IV Bag 500ml
SBRN3261,Hospital G,UF4797PQ,NIM-IV-BAG-500ML,IV Bag 500ml
SBRN3262,Hospital G,FO8459D7,NIM-SCALPEL-SIZE-10,Scalpel Size 10
SBRN3263,Hospital G,KQ3208HR,NIM-SCALPEL-SIZE-10,Scalpel Size 10
SBRN3264,Hospital G,LY1769HU,NIM-SCALPEL-SIZE-10,Scalpel Size 10
SBRN3265,Hospital G,NG19643Z,NIM-SCALPEL-SIZE-10,Scalpel Size 10
SBRN3266,Hospital G,OX9440QU,NIM-SCALPEL-SIZE-10,Scalpel Size 10
SBRN3267,Hospital G,PU3657AI,NIM-SCALPEL-SIZE-10,Scalpel Size 10
SBRN3268,Hospital G,YV9963S8,NIM-SCALPEL-SIZE-10,Scalpel Size 10
SBRN3269,Hospital G,ZJ9907ER,NIM-SCALPEL-SIZE-10,Scalpel Size 10
SBRN3270,Hospital G,CC8630QU,NIM-SCALPEL-SIZE-10,Scalpel Size 10
SBRN3271,Hospital G,CN6247BX,NIM-SCALPEL-SIZE-10,Scalpel Size 10
SBRN3272,Hospital G,TG68586T,NIM-SCALPEL-SIZE-10,Scalpel Size 10
SBRN3273,Hospital G,TI95782C,NIM-SCALPEL-SIZE-10,Scalpel Size 10
SBRN3274,Hospital G,UO613821,NIM-SCALPEL-SIZE-10,Scalpel Size 10
SBRN3275,Hospital G,MO07319X,NIM-SCALPEL-SIZE-10,Scalpel Size 10
SBRN3276,Hospital G,PC0358AC,NIM-SCALPEL-SIZE-10,Scalpel Size 10
SBRN3277,Hospital G,QL2442X8,NIM-SCALPEL-SIZE-10,Scalpel Size 10
SBRN3278,Hospital G,AG58754Y,NIM-SCALPEL-SIZE-10,Scalpel Size 10
SBRN3279,Hospital G,MI4724L2,NIM-SCALPEL-SIZE-10,Scalpel Size 10
SBRN3280,Hospital G,QJ11272I,NIM-SCALPEL-SIZE-10,Scalpel Size 10
SBRN3281,Hospital G,LU4108Z6,NIM-SCALPEL-SIZE-10,Scalpel Size 10
SBRN3282,Hospital G,OL357640,NIM-SCALPEL-SIZE-10,Scalpel Size 10
SBRN3283,Hospital G,PS77674D,NIM-SCALPEL-SIZE-10,Scalpel Size 10
SBRN3284,Hospital G,QJ11272I,NIM-SCALPEL-SIZE-10,Scalpel Size 10
SBRN3285,Hospital G,QL59662R,NIM-SCALPEL-SIZE-10,Scalpel Size 10
SBRN3286,Hospital G,RP5839A5,NIM-SCALPEL-SIZE-10,Scalpel Size 10
SBRN3287,Hospital G,TV5792YY,NIM-SCALPEL-SIZE-10,Scalpel Size 10
SBRN3288,Hospital G,GQ91238Z,NIM-SCALPEL-SIZE-10,Scalpel Size 10
SBRN3289,Hospital G,HN916108,NIM-SCALPEL-SIZE-10,Scalpel Size 10
SBRN3290,Hospital G,XF37209R,NIM-SCALPEL-SIZE-10,Scalpel Size 10
SBRN3291,Hospital G,BH3107WJ,NIM-SCALPEL-SIZE-10,Scalpel Size 10
SBRN3292,Hospital G,DC4965FU,NIM-SCALPEL-SIZE-10,Scalpel Size 10
SBRN3293,Hospital G,IE0618UI,NIM-SCALPEL-SIZE-10,Scalpel Size 10
SBRN3294,Hospital G,JA0610CR,NIM-SCALPEL-SIZE-10,Scalpel Size 10
SBRN3295,Hospital G,KM7322VV,NIM-SCALPEL-SIZE-10,Scalpel Size 10
SBRN3296,Hospital G,RO29429S,NIM-SCALPEL-SIZE-10,Scalpel Size 10
SBRN3297,Hospital G,XO4888OL,NIM-SCALPEL-SIZE-10,Scalpel Size 10
SBRN3298,Hospital G,LJ8490BS,NIM-SCALPEL-SIZE-10,Scalpel Size 10
SBRN3299,Hospital G,MK4939WH,NIM-SCALPEL-SIZE-10,Scalpel Size 10
SBRN3300,Hospital G,NL55388Q,NIM-SCALPEL-SIZE-10,Scalpel Size 10
SBRN3301,Hospital G,QA5527LA,NIM-SCALPEL-SIZE-10,Scalpel Size 10
SBRN3302,Hospital G,QL59662R,NIM-SCALPEL-SIZE-10,Scalpel Size 10
SBRN3303,Hospital G,UF4797PQ,NIM-SCALPEL-SIZE-10,Scalpel Size 10
SBRN3304,Hospital G,ZN7542V6,NIM-SCALPEL-SIZE-10,Scalpel Size 10
SBRN3305,Hospital G,ZR25178Y,NIM-SCALPEL-SIZE-10,Scalpel Size 10
SBRN3306,Hospital G,CX92116V,NIM-SURGICAL-GLOVES,Surgical Gloves
SBRN3307,Hospital G,NC032258,NIM-SURGICAL-GLOVES,Surgical Gloves
SBRN3308,Hospital G,OL357640,NIM-SURGICAL-GLOVES,Surgical Gloves
SBRN3309,Hospital G,XN4349DV,NIM-SURGICAL-GLOVES,Surgical Gloves
SBRN3310,Hospital G,ZD7018VO,NIM-SURGICAL-GLOVES,Surgical Gloves
SBRN3311,Hospital G,AZ8246KO,NIM-SURGICAL-GLOVES,Surgical Gloves
SBRN3312,Hospital G,DC8155X0,NIM-SURGICAL-GLOVES,Surgical Gloves
SBRN3313,Hospital G,EB92305N,NIM-SURGICAL-GLOVES,Surgical Gloves
SBRN3314,Hospital G,LJ8490BS,NIM-SURGICAL-GLOVES,Surgical Gloves
SBRN3315,Hospital G,LT48985Z,NIM-SURGICAL-GLOVES,Surgical Gloves
SBRN3316,Hospital G,PU3657AI,NIM-SURGICAL-GLOVES,Surgical Gloves
SBRN3317,Hospital G,QC24521B,NIM-SURGICAL-GLOVES,Surgical Gloves
SBRN3318,Hospital G,SC9979NV,NIM-SURGICAL-GLOVES,Surgical Gloves
SBRN3319,Hospital G,WG7172RX,NIM-SURGICAL-GLOVES,Surgical Gloves
SBRN3320,Hospital G,NB1565G4,NIM-SURGICAL-GLOVES,Surgical Gloves
SBRN3321,Hospital G,NR4939MF,NIM-SURGICAL-GLOVES,Surgical Gloves
SBRN3322,Hospital G,CB9363EO,NIM-SURGICAL-GLOVES,Surgical Gloves
SBRN3323,Hospital G,CC8630QU,NIM-SURGICAL-GLOVES,Surgical Gloves
SBRN3324,Hospital G,EC71280B,NIM-SURGICAL-GLOVES,Surgical Gloves
SBRN3325,Hospital G,EL13636Z,NIM-SURGICAL-GLOVES,Surgical Gloves
SBRN3326,Hospital G,FR2962MK,NIM-SURGICAL-GLOVES,Surgical Gloves
SBRN3327,Hospital G,HP95324S,NIM-SURGICAL-GLOVES,Surgical Gloves
SBRN3328,Hospital G,MO1188HT,NIM-SURGICAL-GLOVES,Surgical Gloves
SBRN3329,Hospital G,UV53950K,NIM-SURGICAL-GLOVES,Surgical Gloves
SBRN3330,Hospital G,ZR25178Y,NIM-SURGICAL-GLOVES,Surgical Gloves
SBRN3331,Hospital G,BR6888EV,NIM-SURGICAL-GLOVES,Surgical Gloves
SBRN3332,Hospital G,DI63161W,NIM-SURGICAL-GLOVES,Surgical Gloves
SBRN3333,Hospital G,IP8710L1,NIM-SURGICAL-GLOVES,Surgical Gloves
SBRN3334,Hospital G,JI7232GY,NIM-SURGICAL-GLOVES,Surgical Gloves
SBRN3335,Hospital G,UO613821,NIM-SURGICAL-GLOVES,Surgical Gloves
SBRN3336,Hospital G,PC403558,NIM-SURGICAL-GLOVES,Surgical Gloves
SBRN3337,Hospital G,QA5527LA,NIM-SURGICAL-GLOVES,Surgical Gloves
SBRN3338,Hospital G,TT2592G6,NIM-SURGICAL-GLOVES,Surgical Gloves
SBRN3339,Hospital G,AZ2519G1,NIM-SURGICAL-GLOVES,Surgical Gloves
SBRN3340,Hospital G,BU8415WB,NIM-SURGICAL-GLOVES,Surgical Gloves
SBRN3341,Hospital G,GH172268,NIM-SURGICAL-GLOVES,Surgical Gloves
SBRN3342,Hospital G,JA0610CR,NIM-SURGICAL-GLOVES,Surgical Gloves
SBRN3343,Hospital G,VT0903J0,NIM-SURGICAL-GLOVES,Surgical Gloves
SBRN3344,Hospital G,XY2375I3,NIM-SURGICAL-GLOVES,Surgical Gloves
SBRN3345,Hospital G,YI5164SY,NIM-SURGICAL-GLOVES,Surgical Gloves
SBRN3346,Hospital G,HS76574M,NIM-SURGICAL-GLOVES,Surgical Gloves
SBRN3347,Hospital G,LJ8490BS,NIM-SURGICAL-GLOVES,Surgical Gloves
SBRN3348,Hospital G,LN0338BA,NIM-SURGICAL-GLOVES,Surgical Gloves
SBRN3349,Hospital G,NB1565G4,NIM-SURGICAL-GLOVES,Surgical Gloves
SBRN3350,Hospital G,OH5436AO,NIM-SURGICAL-GLOVES,Surgical Gloves
SBRN3351,Hospital G,PT3621O9,NIM-SURGICAL-GLOVES,Surgical Gloves
SBRN3352,Hospital G,QJ11272I,NIM-SURGICAL-GLOVES,Surgical Gloves
SBRN3353,Hospital G,TI95782C,NIM-SURGICAL-GLOVES,Surgical Gloves
SBRN3354,Hospital G,TP3864B4,NIM-SURGICAL-GLOVES,Surgical Gloves
SBRN3355,Hospital G,WD48388H,NIM-SURGICAL-GLOVES,Surgical Gloves
SBRN3356,Hospital G,YQ51103W,NIM-SURGICAL-GLOVES,Surgical Gloves
SBRN3357,Hospital G,ZN7542V6,NIM-SURGICAL-GLOVES,Surgical Gloves
SBRN3358,Hospital G,DQ5513ZJ,NIM-SYRINGE-10ML,Syringe 10ml
SBRN3359,Hospital G,EK2550T2,NIM-SYRINGE-10ML,Syringe 10ml
SBRN3360,Hospital G,UD7372PH,NIM-SYRINGE-10ML,Syringe 10ml
SBRN3361,Hospital G,UF4797PQ,NIM-SYRINGE-10ML,Syringe 10ml
SBRN3362,Hospital G,VN5034QW,NIM-SYRINGE-10ML,Syringe 10ml
SBRN3363,Hospital G,ZJ5745XO,NIM-SYRINGE-10ML,Syringe 10ml
SBRN3364,Hospital G,ZX3929G6,NIM-SYRINGE-10ML,Syringe 10ml
SBRN3365,Hospital G,GJ46299B,NIM-SYRINGE-10ML,Syringe 10ml
SBRN3366,Hospital G,HN916108,NIM-SYRINGE-10ML,Syringe 10ml
SBRN3367,Hospital G,OX9440QU,NIM-SYRINGE-10ML,Syringe 10ml
SBRN3368,Hospital G,SJ5095UI,NIM-SYRINGE-10ML,Syringe 10ml
SBRN3369,Hospital G,FT7583VN,NIM-SYRINGE-10ML,Syringe 10ml
SBRN3370,Hospital G,LJ7299TB,NIM-SYRINGE-10ML,Syringe 10ml
SBRN3371,Hospital G,VH37271D,NIM-SYRINGE-10ML,Syringe 10ml
SBRN3372,Hospital G,BF5161LH,NIM-SYRINGE-10ML,Syringe 10ml
SBRN3373,Hospital G,DW6579GD,NIM-SYRINGE-10ML,Syringe 10ml
SBRN3374,Hospital G,EK2550T2,NIM-SYRINGE-10ML,Syringe 10ml
SBRN3375,Hospital G,FY4110F4,NIM-SYRINGE-10ML,Syringe 10ml
SBRN3376,Hospital G,HL5079UK,NIM-SYRINGE-10ML,Syringe 10ml
SBRN3377,Hospital G,LY737885,NIM-SYRINGE-10ML,Syringe 10ml
SBRN3378,Hospital G,OI6305JV,NIM-SYRINGE-10ML,Syringe 10ml
SBRN3379,Hospital G,SU987315,NIM-SYRINGE-10ML,Syringe 10ml
SBRN3380,Hospital G,WD48388H,NIM-SYRINGE-10ML,Syringe 10ml
SBRN3381,Hospital G,ZA1778MJ,NIM-SYRINGE-10ML,Syringe 10ml
SBRN3382,Hospital G,CB9363EO,NIM-SYRINGE-10ML,Syringe 10ml
SBRN3383,Hospital G,EQ22987O,NIM-SYRINGE-10ML,Syringe 10ml
SBRN3384,Hospital G,HO7059JQ,NIM-SYRINGE-10ML,Syringe 10ml
SBRN3385,Hospital G,KH5869TV,NIM-SYRINGE-10ML,Syringe 10ml
SBRN3386,Hospital G,BF5161LH,NIM-SYRINGE-10ML,Syringe 10ml
SBRN3387,Hospital G,DQ5513ZJ,NIM-SYRINGE-10ML,Syringe 10ml
SBRN3388,Hospital G,DU70918F,NIM-SYRINGE-10ML,Syringe 10ml
SBRN3389,Hospital G,IQ4584DK,NIM-SYRINGE-10ML,Syringe 10ml
SBRN3390,Hospital G,PT3621O9,NIM-SYRINGE-10ML,Syringe 10ml
SBRN3391,Hospital G,DU70918F,NIM-SYRINGE-10ML,Syringe 10ml
SBRN3392,Hospital G,IA3884LD,NIM-SYRINGE-10ML,Syringe 10ml
SBRN3393,Hospital G,NU7524DW,NIM-SYRINGE-10ML,Syringe 10ml
SBRN3394,Hospital G,QJ11272I,NIM-SYRINGE-10ML,Syringe 10ml
SBRN3395,Hospital G,VV29624E,NIM-SYRINGE-10ML,Syringe 10ml
SBRN3396,Hospital G,EJ4395OX,NIM-THERMOMETER-DIGITAL,Thermometer Digital
SBRN3397,Hospital G,OL357640,NIM-THERMOMETER-DIGITAL,Thermometer Digital
SBRN3398,Hospital G,OO8242W9,NIM-THERMOMETER-DIGITAL,Thermometer Digital
SBRN3399,Hospital G,OX9440QU,NIM-THERMOMETER-DIGITAL,Thermometer Digital
SBRN3400,Hospital G,OX9440QU,NIM-THERMOMETER-DIGITAL,Thermometer Digital
SBRN3401,Hospital G,PZ786862,NIM-THERMOMETER-DIGITAL,Thermometer Digital
SBRN3402,Hospital G,UF4797PQ,NIM-THERMOMETER-DIGITAL,Thermometer Digital
SBRN3403,Hospital G,VH37271D,NIM-THERMOMETER-DIGITAL,Thermometer Digital
SBRN3404,Hospital G,KZ0371ET,NIM-THERMOMETER-DIGITAL,Thermometer Digital
SBRN3405,Hospital G,OW9422IO,NIM-THERMOMETER-DIGITAL,Thermometer Digital
SBRN3406,Hospital G,WG7172RX,NIM-THERMOMETER-DIGITAL,Thermometer Digital
SBRN3407,Hospital G,DU70918F,NIM-THERMOMETER-DIGITAL,Thermometer Digital
SBRN3408,Hospital G,MK1023EE,NIM-THERMOMETER-DIGITAL,Thermometer Digital
SBRN3409,Hospital G,OA9917NG,NIM-THERMOMETER-DIGITAL,Thermometer Digital
SBRN3410,Hospital G,UF4797PQ,NIM-THERMOMETER-DIGITAL,Thermometer Digital
SBRN3411,Hospital G,VH37271D,NIM-THERMOMETER-DIGITAL,Thermometer Digital
SBRN3412,Hospital G,WD48388H,NIM-THERMOMETER-DIGITAL,Thermometer Digital
SBRN3413,Hospital G,ZH3387XM,NIM-THERMOMETER-DIGITAL,Thermometer Digital
SBRN3414,Hospital G,BF2061R0,NIM-THERMOMETER-DIGITAL,Thermometer Digital
SBRN3415,Hospital G,CX92116V,NIM-THERMOMETER-DIGITAL,Thermometer Digital
SBRN3416,Hospital G,FU2970ZP,NIM-THERMOMETER-DIGITAL,Thermometer Digital
SBRN3417,Hospital G,JJ0396I3,NIM-THERMOMETER-DIGITAL,Thermometer Digital
SBRN3418,Hospital G,LY737885,NIM-THERMOMETER-DIGITAL,Thermometer Digital
SBRN3419,Hospital G,PC403558,NIM-THERMOMETER-DIGITAL,Thermometer Digital
SBRN3420,Hospital G,UO613821,NIM-THERMOMETER-DIGITAL,Thermometer Digital
SBRN3421,Hospital G,IE0618UI,NIM-THERMOMETER-DIGITAL,Thermometer Digital
SBRN3422,Hospital G,HP95324S,NIM-THERMOMETER-DIGITAL,Thermometer Digital
SBRN3423,Hospital G,LY1769HU,NIM-THERMOMETER-DIGITAL,Thermometer Digital
SBRN3424,Hospital G,MI4724L2,NIM-THERMOMETER-DIGITAL,Thermometer Digital
SBRN3425,Hospital G,QZ0210S5,NIM-THERMOMETER-DIGITAL,Thermometer Digital
SBRN3426,Hospital G,TC5775C2,NIM-THERMOMETER-DIGITAL,Thermometer Digital
SBRN3427,Hospital G,WD48388H,NIM-THERMOMETER-DIGITAL,Thermometer Digital
SBRN3428,Hospital G,EZ1945A2,NIM-THERMOMETER-DIGITAL,Thermometer Digital
SBRN3429,Hospital G,HC97865G,NIM-THERMOMETER-DIGITAL,Thermometer Digital
SBRN3430,Hospital G,HS76574M,NIM-THERMOMETER-DIGITAL,Thermometer Digital
SBRN3431,Hospital G,IQ1720N2,NIM-THERMOMETER-DIGITAL,Thermometer Digital
SBRN3432,Hospital G,OO8242W9,NIM-THERMOMETER-DIGITAL,Thermometer Digital
SBRN3433,Hospital G,PT3621O9,NIM-THERMOMETER-DIGITAL,Thermometer Digital
SBRN3434,Hospital G,QL59662R,NIM-THERMOMETER-DIGITAL,Thermometer Digital
SBRN3435,Hospital G,VL25854C,NIM-THERMOMETER-DIGITAL,Thermometer Digital
SBRN3436,Hospital G,XE45310N,NIM-THERMOMETER-DIGITAL,Thermometer Digital
SBRN3437,Hospital G,ZD7018VO,NIM-THERMOMETER-DIGITAL,Thermometer Digital
SBRN3438,Hospital G,ZN7542V6,NIM-THERMOMETER-DIGITAL,Thermometer Digital
SBRN3439,Hospital G,DJ2436HU,NIM-WOUND-DRESSING-LARGE,Wound Dressing Large
SBRN3440,Hospital G,IE0618UI,NIM-WOUND-DRESSING-LARGE,Wound Dressing Large
SBRN3441,Hospital G,PC403558,NIM-WOUND-DRESSING-LARGE,Wound Dressing Large
SBRN3442,Hospital G,PU3657AI,NIM-WOUND-DRESSING-LARGE,Wound Dressing Large
SBRN3443,Hospital G,QJ11272I,NIM-WOUND-DRESSING-LARGE,Wound Dressing Large
SBRN3444,Hospital G,RP5839A5,NIM-WOUND-DRESSING-LARGE,Wound Dressing Large
SBRN3445,Hospital G,SZ0000LK,NIM-WOUND-DRESSING-LARGE,Wound Dressing Large
SBRN3446,Hospital G,TQ5203KG,NIM-WOUND-DRESSING-LARGE,Wound Dressing Large
SBRN3447,Hospital G,VN5034QW,NIM-WOUND-DRESSING-LARGE,Wound Dressing Large
SBRN3448,Hospital G,DU70918F,NIM-WOUND-DRESSING-LARGE,Wound Dressing Large
SBRN3449,Hospital G,HC97865G,NIM-WOUND-DRESSING-LARGE,Wound Dressing Large
SBRN3450,Hospital G,JJ0396I3,NIM-WOUND-DRESSING-LARGE,Wound Dressing Large
SBRN3451,Hospital G,PC0358AC,NIM-WOUND-DRESSING-LARGE,Wound Dressing Large
SBRN3452,Hospital G,QE57195V,NIM-WOUND-DRESSING-LARGE,Wound Dressing Large
SBRN3453,Hospital G,QQ95784F,NIM-WOUND-DRESSING-LARGE,Wound Dressing Large
SBRN3454,Hospital G,UF4797PQ,NIM-WOUND-DRESSING-LARGE,Wound Dressing Large
SBRN3455,Hospital G,ZD7018VO,NIM-WOUND-DRESSING-LARGE,Wound Dressing Large
SBRN3456,Hospital G,LJ7299TB,NIM-WOUND-DRESSING-LARGE,Wound Dressing Large
SBRN3457,Hospital G,BH2557R3,NIM-WOUND-DRESSING-LARGE,Wound Dressing Large
SBRN3458,Hospital G,EW5649MR,NIM-WOUND-DRESSING-LARGE,Wound Dressing Large
SBRN3459,Hospital G,JJ0396I3,NIM-WOUND-DRESSING-LARGE,Wound Dressing Large
SBRN3460,Hospital G,NB1565G4,NIM-WOUND-DRESSING-LARGE,Wound Dressing Large
SBRN3461,Hospital G,NU7524DW,NIM-WOUND-DRESSING-LARGE,Wound Dressing Large
SBRN3462,Hospital G,PC0358AC,NIM-WOUND-DRESSING-LARGE,Wound Dressing Large
SBRN3463,Hospital G,PC0358AC,NIM-WOUND-DRESSING-LARGE,Wound Dressing Large
SBRN3464,Hospital G,QJ11272I,NIM-WOUND-DRESSING-LARGE,Wound Dressing Large
SBRN3465,Hospital G,UF4797PQ,NIM-WOUND-DRESSING-LARGE,Wound Dressing Large
SBRN3466,Hospital G,UF4797PQ,NIM-WOUND-DRESSING-LARGE,Wound Dressing Large
SBRN3467,Hospital G,VL25854C,NIM-WOUND-DRESSING-LARGE,Wound Dressing Large
SBRN3468,Hospital G,ZL87938L,NIM-WOUND-DRESSING-LARGE,Wound Dressing Large
SBRN3469,Hospital G,CJ8598XZ,NIM-WOUND-DRESSING-LARGE,Wound Dressing Large
SBRN3470,Hospital G,FF5222GO,NIM-WOUND-DRESSING-LARGE,Wound Dressing Large
SBRN3471,Hospital G,HN883458,NIM-WOUND-DRESSING-LARGE,Wound Dressing Large
SBRN3472,Hospital G,KZ6964QC,NIM-WOUND-DRESSING-LARGE,Wound Dressing Large
SBRN3473,Hospital G,SM45388F,NIM-WOUND-DRESSING-LARGE,Wound Dressing Large
SBRN3474,Hospital G,VT0903J0,NIM-WOUND-DRESSING-LARGE,Wound Dressing Large
SBRN3475,Hospital G,XR6968LB,NIM-WOUND-DRESSING-LARGE,Wound Dressing Large
SBRN3476,Hospital G,YB9050S3,NIM-WOUND-DRESSING-LARGE,Wound Dressing Large
SBRN3477,Hospital G,YE2085BO,NIM-WOUND-DRESSING-LARGE,Wound Dressing Large
SBRN3478,Hospital G,MO07319X,NIM-WOUND-DRESSING-LARGE,Wound Dressing Large
SBRN3479,Hospital G,OA9917NG,NIM-WOUND-DRESSING-LARGE,Wound Dressing Large
SBRN3480,Hospital G,ZA1778MJ,NIM-WOUND-DRESSING-LARGE,Wound Dressing Large
SBRN3481,Hospital G,BN5332ES,NIM-WOUND-DRESSING-LARGE,Wound Dressing Large
SBRN3482,Hospital G,IA3884LD,NIM-WOUND-DRESSING-LARGE,Wound Dressing Large
SBRN3483,Hospital G,IQ4031ER,NIM-WOUND-DRESSING-LARGE,Wound Dressing Large
SBRN3484,Hospital G,LJ8490BS,NIM-WOUND-DRESSING-LARGE,Wound Dressing Large
SBRN3485,Hospital G,MO1188HT,NIM-WOUND-DRESSING-LARGE,Wound Dressing Large
SBRN3486,Hospital G,OL357640,NIM-WOUND-DRESSING-LARGE,Wound Dressing Large
SBRN3487,Hospital G,RX49877M,NIM-WOUND-DRESSING-LARGE,Wound Dressing Large
SBRN3488,Hospital G,ZN7542V6,NIM-WOUND-DRESSING-LARGE,Wound Dressing Large
SBRN3489,Hospital G,BF5161LH,NIM-WOUND-DRESSING-LARGE,Wound Dressing Large
SBRN3490,Hospital G,DC8155X0,NIM-WOUND-DRESSING-LARGE,Wound Dressing Large
SBRN3491,Hospital G,EZ1945A2,NIM-WOUND-DRESSING-LARGE,Wound Dressing Large
SBRN3492,Hospital G,FA5565HB,NIM-WOUND-DRESSING-LARGE,Wound Dressing Large
SBRN3493,Hospital G,FR2962MK,NIM-WOUND-DRESSING-LARGE,Wound Dressing Large
SBRN3494,Hospital G,HP95324S,NIM-WOUND-DRESSING-LARGE,Wound Dressing Large
SBRN3495,Hospital G,IH75317G,NIM-WOUND-DRESSING-LARGE,Wound Dressing Large
SBRN3496,Hospital G,OW9422IO,NIM-WOUND-DRESSING-LARGE,Wound Dressing Large
SBRN3497,Hospital G,RT11277C,NIM-WOUND-DRESSING-LARGE,Wound Dressing Large
SBRN3498,Hospital G,UW1644DT,NIM-WOUND-DRESSING-LARGE,Wound Dressing Large
SBRN3499,Hospital G,VN5034QW,NIM-WOUND-DRESSING-LARGE,Wound Dressing Large
SBRN3500,Hospital G,XR6968LB,NIM-WOUND-DRESSING-LARGE,Wound Dressing Large
SBRN3501,Hospital H,LJ8490BS,NIM-ANTISEPTIC-WIPES,Antiseptic Wipes
SBRN3502,Hospital H,UO613821,NIM-ANTISEPTIC-WIPES,Antiseptic Wipes
SBRN3503,Hospital H,VG3550BI,NIM-ANTISEPTIC-WIPES,Antiseptic Wipes
SBRN3504,Hospital H,AZ8246KO,NIM-ANTISEPTIC-WIPES,Antiseptic Wipes
SBRN3505,Hospital H,DC8155X0,NIM-ANTISEPTIC-WIPES,Antiseptic Wipes
SBRN3506,Hospital H,FK2380US,NIM-ANTISEPTIC-WIPES,Antiseptic Wipes
SBRN3507,Hospital H,QL2442X8,NIM-ANTISEPTIC-WIPES,Antiseptic Wipes
SBRN3508,Hospital H,QL2442X8,NIM-ANTISEPTIC-WIPES,Antiseptic Wipes
SBRN3509,Hospital H,UD7372PH,NIM-ANTISEPTIC-WIPES,Antiseptic Wipes
SBRN3510,Hospital H,WV5304RM,NIM-ANTISEPTIC-WIPES,Antiseptic Wipes
SBRN3511,Hospital H,HN883458,NIM-ANTISEPTIC-WIPES,Antiseptic Wipes
SBRN3512,Hospital H,AA6714HH,NIM-ANTISEPTIC-WIPES,Antiseptic Wipes
SBRN3513,Hospital H,DU70918F,NIM-ANTISEPTIC-WIPES,Antiseptic Wipes
SBRN3514,Hospital H,DZ0163LH,NIM-ANTISEPTIC-WIPES,Antiseptic Wipes
SBRN3515,Hospital H,HG28154J,NIM-ANTISEPTIC-WIPES,Antiseptic Wipes
SBRN3516,Hospital H,UJ26605A,NIM-ANTISEPTIC-WIPES,Antiseptic Wipes
SBRN3517,Hospital H,XO4888OL,NIM-ANTISEPTIC-WIPES,Antiseptic Wipes
SBRN3518,Hospital H,ZX3929G6,NIM-ANTISEPTIC-WIPES,Antiseptic Wipes
SBRN3519,Hospital H,BH2557R3,NIM-ANTISEPTIC-WIPES,Antiseptic Wipes
SBRN3520,Hospital H,DQ5513ZJ,NIM-ANTISEPTIC-WIPES,Antiseptic Wipes
SBRN3521,Hospital H,EL13636Z,NIM-ANTISEPTIC-WIPES,Antiseptic Wipes
SBRN3522,Hospital H,JX11325X,NIM-ANTISEPTIC-WIPES,Antiseptic Wipes
SBRN3523,Hospital H,QJ11272I,NIM-ANTISEPTIC-WIPES,Antiseptic Wipes
SBRN3524,Hospital H,TV5792YY,NIM-ANTISEPTIC-WIPES,Antiseptic Wipes
SBRN3525,Hospital H,JX11325X,NIM-ANTISEPTIC-WIPES,Antiseptic Wipes
SBRN3526,Hospital H,WZ0721YI,NIM-ANTISEPTIC-WIPES,Antiseptic Wipes
SBRN3527,Hospital H,AW25764V,NIM-ANTISEPTIC-WIPES,Antiseptic Wipes
SBRN3528,Hospital H,IG7081C4,NIM-ANTISEPTIC-WIPES,Antiseptic Wipes
SBRN3529,Hospital H,PU3657AI,NIM-ANTISEPTIC-WIPES,Antiseptic Wipes
SBRN3530,Hospital H,TT2592G6,NIM-ANTISEPTIC-WIPES,Antiseptic Wipes
SBRN3531,Hospital H,VH37271D,NIM-ANTISEPTIC-WIPES,Antiseptic Wipes
SBRN3532,Hospital H,VT0903J0,NIM-ANTISEPTIC-WIPES,Antiseptic Wipes
SBRN3533,Hospital H,ZD7018VO,NIM-ANTISEPTIC-WIPES,Antiseptic Wipes
SBRN3534,Hospital H,EC71280B,NIM-BLOOD-PRESSURE-CUFF,Blood Pressure Cuff
SBRN3535,Hospital H,MI4724L2,NIM-BLOOD-PRESSURE-CUFF,Blood Pressure Cuff
SBRN3536,Hospital H,NY8048XZ,NIM-BLOOD-PRESSURE-CUFF,Blood Pressure Cuff
SBRN3537,Hospital H,PS77674D,NIM-BLOOD-PRESSURE-CUFF,Blood Pressure Cuff
SBRN3538,Hospital H,QC24521B,NIM-BLOOD-PRESSURE-CUFF,Blood Pressure Cuff
SBRN3539,Hospital H,QJ11272I,NIM-BLOOD-PRESSURE-CUFF,Blood Pressure Cuff
SBRN3540,Hospital H,QJ11272I,NIM-BLOOD-PRESSURE-CUFF,Blood Pressure Cuff
SBRN3541,Hospital H,TT2608AP,NIM-BLOOD-PRESSURE-CUFF,Blood Pressure Cuff
SBRN3542,Hospital H,UF4797PQ,NIM-BLOOD-PRESSURE-CUFF,Blood Pressure Cuff
SBRN3543,Hospital H,UW1644DT,NIM-BLOOD-PRESSURE-CUFF,Blood Pressure Cuff
SBRN3544,Hospital H,WO6025C5,NIM-BLOOD-PRESSURE-CUFF,Blood Pressure Cuff
SBRN3545,Hospital H,YB9050S3,NIM-BLOOD-PRESSURE-CUFF,Blood Pressure Cuff
SBRN3546,Hospital H,ZD7018VO,NIM-BLOOD-PRESSURE-CUFF,Blood Pressure Cuff
SBRN3547,Hospital H,BU8415WB,NIM-BLOOD-PRESSURE-CUFF,Blood Pressure Cuff
SBRN3548,Hospital H,EB92305N,NIM-BLOOD-PRESSURE-CUFF,Blood Pressure Cuff
SBRN3549,Hospital H,HS76574M,NIM-BLOOD-PRESSURE-CUFF,Blood Pressure Cuff
SBRN3550,Hospital H,JZ1972LG,NIM-BLOOD-PRESSURE-CUFF,Blood Pressure Cuff
SBRN3551,Hospital H,LJ8490BS,NIM-BLOOD-PRESSURE-CUFF,Blood Pressure Cuff
SBRN3552,Hospital H,LJ8490BS,NIM-BLOOD-PRESSURE-CUFF,Blood Pressure Cuff
SBRN3553,Hospital H,LY737885,NIM-BLOOD-PRESSURE-CUFF,Blood Pressure Cuff
SBRN3554,Hospital H,QJ11272I,NIM-BLOOD-PRESSURE-CUFF,Blood Pressure Cuff
SBRN3555,Hospital H,TV5792YY,NIM-BLOOD-PRESSURE-CUFF,Blood Pressure Cuff
SBRN3556,Hospital H,XR6968LB,NIM-BLOOD-PRESSURE-CUFF,Blood Pressure Cuff
SBRN3557,Hospital H,XT164415,NIM-BLOOD-PRESSURE-CUFF,Blood Pressure Cuff
SBRN3558,Hospital H,ZH3387XM,NIM-BLOOD-PRESSURE-CUFF,Blood Pressure Cuff
SBRN3559,Hospital H,LJ8490BS,NIM-BLOOD-PRESSURE-CUFF,Blood Pressure Cuff
SBRN3560,Hospital H,NU7524DW,NIM-BLOOD-PRESSURE-CUFF,Blood Pressure Cuff
SBRN3561,Hospital H,OA9917NG,NIM-BLOOD-PRESSURE-CUFF,Blood Pressure Cuff
SBRN3562,Hospital H,PS77674D,NIM-BLOOD-PRESSURE-CUFF,Blood Pressure Cuff
SBRN3563,Hospital H,QJ11272I,NIM-BLOOD-PRESSURE-CUFF,Blood Pressure Cuff
SBRN3564,Hospital H,AW83643T,NIM-BLOOD-PRESSURE-CUFF,Blood Pressure Cuff
SBRN3565,Hospital H,LJ8490BS,NIM-BLOOD-PRESSURE-CUFF,Blood Pressure Cuff
SBRN3566,Hospital H,LP5396QJ,NIM-BLOOD-PRESSURE-CUFF,Blood Pressure Cuff
SBRN3567,Hospital H,MO07319X,NIM-BLOOD-PRESSURE-CUFF,Blood Pressure Cuff
SBRN3568,Hospital H,NC5316UA,NIM-BLOOD-PRESSURE-CUFF,Blood Pressure Cuff
SBRN3569,Hospital H,NR4939MF,NIM-BLOOD-PRESSURE-CUFF,Blood Pressure Cuff
SBRN3570,Hospital H,OL357640,NIM-BLOOD-PRESSURE-CUFF,Blood Pressure Cuff
SBRN3571,Hospital H,PZ786862,NIM-BLOOD-PRESSURE-CUFF,Blood Pressure Cuff
SBRN3572,Hospital H,QL59662R,NIM-BLOOD-PRESSURE-CUFF,Blood Pressure Cuff
SBRN3573,Hospital H,SJ5095UI,NIM-BLOOD-PRESSURE-CUFF,Blood Pressure Cuff
SBRN3574,Hospital H,TV5792YY,NIM-BLOOD-PRESSURE-CUFF,Blood Pressure Cuff
SBRN3575,Hospital H,UV53950K,NIM-BLOOD-PRESSURE-CUFF,Blood Pressure Cuff
SBRN3576,Hospital H,XG1284UX,NIM-BLOOD-PRESSURE-CUFF,Blood Pressure Cuff
SBRN3577,Hospital H,YI5164SY,NIM-BLOOD-PRESSURE-CUFF,Blood Pressure Cuff
SBRN3578,Hospital H,ZA1778MJ,NIM-BLOOD-PRESSURE-CUFF,Blood Pressure Cuff
SBRN3579,Hospital H,ZJ9907ER,NIM-BLOOD-PRESSURE-CUFF,Blood Pressure Cuff
SBRN3580,Hospital H,ZO86532P,NIM-BLOOD-PRESSURE-CUFF,Blood Pressure Cuff
SBRN3581,Hospital H,ZQ9143QB,NIM-BLOOD-PRESSURE-CUFF,Blood Pressure Cuff
SBRN3582,Hospital H,JZ1972LG,NIM-BLOOD-PRESSURE-CUFF,Blood Pressure Cuff
SBRN3583,Hospital H,NU7524DW,NIM-BLOOD-PRESSURE-CUFF,Blood Pressure Cuff
SBRN3584,Hospital H,RP5839A5,NIM-BLOOD-PRESSURE-CUFF,Blood Pressure Cuff
SBRN3585,Hospital H,VV29624E,NIM-BLOOD-PRESSURE-CUFF,Blood Pressure Cuff
SBRN3586,Hospital H,WZ0721YI,NIM-BLOOD-PRESSURE-CUFF,Blood Pressure Cuff
SBRN3587,Hospital H,YI5164SY,NIM-BLOOD-PRESSURE-CUFF,Blood Pressure Cuff
SBRN3588,Hospital H,MO1188HT,NIM-BLOOD-PRESSURE-CUFF,Blood Pressure Cuff
SBRN3589,Hospital H,QJ11272I,NIM-BLOOD-PRESSURE-CUFF,Blood Pressure Cuff
SBRN3590,Hospital H,KZ6964QC,NIM-BLOOD-PRESSURE-CUFF,Blood Pressure Cuff
SBRN3591,Hospital H,AZ2519G1,NIM-BLOOD-PRESSURE-CUFF,Blood Pressure Cuff
SBRN3592,Hospital H,AZ8246KO,NIM-BLOOD-PRESSURE-CUFF,Blood Pressure Cuff
SBRN3593,Hospital H,GH172268,NIM-BLOOD-PRESSURE-CUFF,Blood Pressure Cuff
SBRN3594,Hospital H,TG68586T,NIM-BLOOD-PRESSURE-CUFF,Blood Pressure Cuff
SBRN3595,Hospital H,VW0591HK,NIM-BLOOD-PRESSURE-CUFF,Blood Pressure Cuff
SBRN3596,Hospital H,ZD7018VO,NIM-BLOOD-PRESSURE-CUFF,Blood Pressure Cuff
SBRN3597,Hospital H,JJ0396I3,NIM-CATHETER-FOLEY,Catheter Foley
SBRN3598,Hospital H,TT2592G6,NIM-CATHETER-FOLEY,Catheter Foley
SBRN3599,Hospital H,XK12913V,NIM-CATHETER-FOLEY,Catheter Foley
SBRN3600,Hospital H,ZD7018VO,NIM-CATHETER-FOLEY,Catheter Foley
SBRN3601,Hospital H,ZJ5745XO,NIM-CATHETER-FOLEY,Catheter Foley
SBRN3602,Hospital H,BF5161LH,NIM-CATHETER-FOLEY,Catheter Foley
SBRN3603,Hospital H,CB9363EO,NIM-CATHETER-FOLEY,Catheter Foley
SBRN3604,Hospital H,CJ8598XZ,NIM-CATHETER-FOLEY,Catheter Foley
SBRN3605,Hospital H,CR1507VJ,NIM-CATHETER-FOLEY,Catheter Foley
SBRN3606,Hospital H,DU70918F,NIM-CATHETER-FOLEY,Catheter Foley
SBRN3607,Hospital H,EA4839WG,NIM-CATHETER-FOLEY,Catheter Foley
SBRN3608,Hospital H,GJ46299B,NIM-CATHETER-FOLEY,Catheter Foley
SBRN3609,Hospital H,LJ7299TB,NIM-CATHETER-FOLEY,Catheter Foley
SBRN3610,Hospital H,ML36024D,NIM-CATHETER-FOLEY,Catheter Foley
SBRN3611,Hospital H,OH5436AO,NIM-CATHETER-FOLEY,Catheter Foley
SBRN3612,Hospital H,QL59662R,NIM-CATHETER-FOLEY,Catheter Foley
SBRN3613,Hospital H,TC5775C2,NIM-CATHETER-FOLEY,Catheter Foley
SBRN3614,Hospital H,TG68586T,NIM-CATHETER-FOLEY,Catheter Foley
SBRN3615,Hospital H,YI5164SY,NIM-CATHETER-FOLEY,Catheter Foley
SBRN3616,Hospital H,YI5164SY,NIM-CATHETER-FOLEY,Catheter Foley
SBRN3617,Hospital H,FK2380US,NIM-CATHETER-FOLEY,Catheter Foley
SBRN3618,Hospital H,JJ0396I3,NIM-CATHETER-FOLEY,Catheter Foley
SBRN3619,Hospital H,JU3345JD,NIM-CATHETER-FOLEY,Catheter Foley
SBRN3620,Hospital H,NU7524DW,NIM-CATHETER-FOLEY,Catheter Foley
SBRN3621,Hospital H,NU7524DW,NIM-CATHETER-FOLEY,Catheter Foley
SBRN3622,Hospital H,RP5839A5,NIM-CATHETER-FOLEY,Catheter Foley
SBRN3623,Hospital H,TG68586T,NIM-CATHETER-FOLEY,Catheter Foley
SBRN3624,Hospital H,WG7172RX,NIM-CATHETER-FOLEY,Catheter Foley
SBRN3625,Hospital H,BH2557R3,NIM-CATHETER-FOLEY,Catheter Foley
SBRN3626,Hospital H,LJ8490BS,NIM-CATHETER-FOLEY,Catheter Foley
SBRN3627,Hospital H,XF37209R,NIM-CATHETER-FOLEY,Catheter Foley
SBRN3628,Hospital H,ZD7018VO,NIM-CATHETER-FOLEY,Catheter Foley
SBRN3629,Hospital H,BF5161LH,NIM-CATHETER-FOLEY,Catheter Foley
SBRN3630,Hospital H,IA3884LD,NIM-CATHETER-FOLEY,Catheter Foley
SBRN3631,Hospital H,OO8242W9,NIM-CATHETER-FOLEY,Catheter Foley
SBRN3632,Hospital H,OW9422IO,NIM-CATHETER-FOLEY,Catheter Foley
SBRN3633,Hospital H,PU3657AI,NIM-CATHETER-FOLEY,Catheter Foley
SBRN3634,Hospital H,QL59662R,NIM-CATHETER-FOLEY,Catheter Foley
SBRN3635,Hospital H,TG68586T,NIM-CATHETER-FOLEY,Catheter Foley
SBRN3636,Hospital H,TT2608AP,NIM-CATHETER-FOLEY,Catheter Foley
SBRN3637,Hospital H,VH37271D,NIM-CATHETER-FOLEY,Catheter Foley
SBRN3638,Hospital H,ZA1778MJ,NIM-CATHETER-FOLEY,Catheter Foley
SBRN3639,Hospital H,DW6579GD,NIM-CATHETER-FOLEY,Catheter Foley
SBRN3640,Hospital H,PZ786862,NIM-CATHETER-FOLEY,Catheter Foley
SBRN3641,Hospital H,VN5034QW,NIM-CATHETER-FOLEY,Catheter Foley
SBRN3642,Hospital H,AW83643T,NIM-CATHETER-FOLEY,Catheter Foley
SBRN3643,Hospital H,BN5332ES,NIM-CATHETER-FOLEY,Catheter Foley
SBRN3644,Hospital H,TV5792YY,NIM-CATHETER-FOLEY,Catheter Foley
SBRN3645,Hospital H,ZX3929G6,NIM-CATHETER-FOLEY,Catheter Foley
SBRN3646,Hospital H,DU70918F,NIM-CATHETER-FOLEY,Catheter Foley
SBRN3647,Hospital H,FR2962MK,NIM-CATHETER-FOLEY,Catheter Foley
SBRN3648,Hospital H,FY4110F4,NIM-CATHETER-FOLEY,Catheter Foley
SBRN3649,Hospital H,HL5079UK,NIM-CATHETER-FOLEY,Catheter Foley
SBRN3650,Hospital H,IA3884LD,NIM-CATHETER-FOLEY,Catheter Foley
SBRN3651,Hospital H,IH75317G,NIM-CATHETER-FOLEY,Catheter Foley
SBRN3652,Hospital H,LU4108Z6,NIM-CATHETER-FOLEY,Catheter Foley
SBRN3653,Hospital H,SE4328A9,NIM-CATHETER-FOLEY,Catheter Foley
SBRN3654,Hospital H,WB0004MM,NIM-CATHETER-FOLEY,Catheter Foley
SBRN3655,Hospital H,XE9124H9,NIM-CATHETER-FOLEY,Catheter Foley
SBRN3656,Hospital H,XR6968LB,NIM-CATHETER-FOLEY,Catheter Foley
SBRN3657,Hospital H,YI5164SY,NIM-CATHETER-FOLEY,Catheter Foley
SBRN3658,Hospital H,OW9422IO,NIM-COMPRESSION-BANDAGE,Compression Bandage
SBRN3659,Hospital H,QJ11272I,NIM-COMPRESSION-BANDAGE,Compression Bandage
SBRN3660,Hospital H,RP5839A5,NIM-COMPRESSION-BANDAGE,Compression Bandage
SBRN3661,Hospital H,VW0591HK,NIM-COMPRESSION-BANDAGE,Compression Bandage
SBRN3662,Hospital H,ZD7018VO,NIM-COMPRESSION-BANDAGE,Compression Bandage
SBRN3663,Hospital H,ZJ9907ER,NIM-COMPRESSION-BANDAGE,Compression Bandage
SBRN3664,Hospital H,CC8630QU,NIM-COMPRESSION-BANDAGE,Compression Bandage
SBRN3665,Hospital H,HP95324S,NIM-COMPRESSION-BANDAGE,Compression Bandage
SBRN3666,Hospital H,IE0618UI,NIM-COMPRESSION-BANDAGE,Compression Bandage
SBRN3667,Hospital H,LJ8490BS,NIM-COMPRESSION-BANDAGE,Compression Bandage
SBRN3668,Hospital H,NI4913HC,NIM-COMPRESSION-BANDAGE,Compression Bandage
SBRN3669,Hospital H,NU7524DW,NIM-COMPRESSION-BANDAGE,Compression Bandage
SBRN3670,Hospital H,RH8174S6,NIM-COMPRESSION-BANDAGE,Compression Bandage
SBRN3671,Hospital H,WZ0721YI,NIM-COMPRESSION-BANDAGE,Compression Bandage
SBRN3672,Hospital H,XG1284UX,NIM-COMPRESSION-BANDAGE,Compression Bandage
SBRN3673,Hospital H,BF5161LH,NIM-COMPRESSION-BANDAGE,Compression Bandage
SBRN3674,Hospital H,ID7581SP,NIM-COMPRESSION-BANDAGE,Compression Bandage
SBRN3675,Hospital H,JE4634TC,NIM-COMPRESSION-BANDAGE,Compression Bandage
SBRN3676,Hospital H,PU3657AI,NIM-COMPRESSION-BANDAGE,Compression Bandage
SBRN3677,Hospital H,EC71280B,NIM-COMPRESSION-BANDAGE,Compression Bandage
SBRN3678,Hospital H,ID7581SP,NIM-COMPRESSION-BANDAGE,Compression Bandage
SBRN3679,Hospital H,TG68586T,NIM-COMPRESSION-BANDAGE,Compression Bandage
SBRN3680,Hospital H,TP3864B4,NIM-COMPRESSION-BANDAGE,Compression Bandage
SBRN3681,Hospital H,ZR25178Y,NIM-COMPRESSION-BANDAGE,Compression Bandage
SBRN3682,Hospital H,DP1682T7,NIM-COMPRESSION-BANDAGE,Compression Bandage
SBRN3683,Hospital H,DW6579GD,NIM-COMPRESSION-BANDAGE,Compression Bandage
SBRN3684,Hospital H,FQ1785XX,NIM-COMPRESSION-BANDAGE,Compression Bandage
SBRN3685,Hospital H,OW9422IO,NIM-COMPRESSION-BANDAGE,Compression Bandage
SBRN3686,Hospital H,ZJ5745XO,NIM-COMPRESSION-BANDAGE,Compression Bandage
SBRN3687,Hospital H,QL59662R,NIM-COMPRESSION-BANDAGE,Compression Bandage
SBRN3688,Hospital H,BZ1834LW,NIM-COMPRESSION-BANDAGE,Compression Bandage
SBRN3689,Hospital H,DW6579GD,NIM-COMPRESSION-BANDAGE,Compression Bandage
SBRN3690,Hospital H,EC71280B,NIM-COMPRESSION-BANDAGE,Compression Bandage
SBRN3691,Hospital H,GA65998T,NIM-COMPRESSION-BANDAGE,Compression Bandage
SBRN3692,Hospital H,IA3884LD,NIM-COMPRESSION-BANDAGE,Compression Bandage
SBRN3693,Hospital H,LF7143NR,NIM-COMPRESSION-BANDAGE,Compression Bandage
SBRN3694,Hospital H,NB1565G4,NIM-COMPRESSION-BANDAGE,Compression Bandage
SBRN3695,Hospital H,QL2442X8,NIM-COMPRESSION-BANDAGE,Compression Bandage
SBRN3696,Hospital H,TG68586T,NIM-COMPRESSION-BANDAGE,Compression Bandage
SBRN3697,Hospital H,WZ0721YI,NIM-COMPRESSION-BANDAGE,Compression Bandage
SBRN3698,Hospital H,XF37209R,NIM-COMPRESSION-BANDAGE,Compression Bandage
SBRN3699,Hospital H,YK9467I5,NIM-COMPRESSION-BANDAGE,Compression Bandage
SBRN3700,Hospital H,BF5161LH,NIM-COMPRESSION-BANDAGE,Compression Bandage
SBRN3701,Hospital H,IE0618UI,NIM-COMPRESSION-BANDAGE,Compression Bandage
SBRN3702,Hospital H,NL55388Q,NIM-COMPRESSION-BANDAGE,Compression Bandage
SBRN3703,Hospital H,YE2085BO,NIM-COMPRESSION-BANDAGE,Compression Bandage
SBRN3704,Hospital H,DJ2436HU,NIM-IV-BAG-500ML,IV Bag 500ml
SBRN3705,Hospital H,EC71280B,NIM-IV-BAG-500ML,IV Bag 500ml
SBRN3706,Hospital H,HP95324S,NIM-IV-BAG-500ML,IV Bag 500ml
SBRN3707,Hospital H,IA3884LD,NIM-IV-BAG-500ML,IV Bag 500ml
SBRN3708,Hospital H,IE0618UI,NIM-IV-BAG-500ML,IV Bag 500ml
SBRN3709,Hospital H,JG8873EP,NIM-IV-BAG-500ML,IV Bag 500ml
SBRN3710,Hospital H,NU7524DW,NIM-IV-BAG-500ML,IV Bag 500ml
SBRN3711,Hospital H,RP5839A5,NIM-IV-BAG-500ML,IV Bag 500ml
SBRN3712,Hospital H,RP5839A5,NIM-IV-BAG-500ML,IV Bag 500ml
SBRN3713,Hospital H,VD243919,NIM-IV-BAG-500ML,IV Bag 500ml
SBRN3714,Hospital H,DU70918F,NIM-IV-BAG-500ML,IV Bag 500ml
SBRN3715,Hospital H,HC97865G,NIM-IV-BAG-500ML,IV Bag 500ml
SBRN3716,Hospital H,PC403558,NIM-IV-BAG-500ML,IV Bag 500ml
SBRN3717,Hospital H,RP5839A5,NIM-IV-BAG-500ML,IV Bag 500ml
SBRN3718,Hospital H,US6697SO,NIM-IV-BAG-500ML,IV Bag 500ml
SBRN3719,Hospital H,VN5034QW,NIM-IV-BAG-500ML,IV Bag 500ml
SBRN3720,Hospital H,ID7581SP,NIM-IV-BAG-500ML,IV Bag 500ml
SBRN3721,Hospital H,LJ8490BS,NIM-IV-BAG-500ML,IV Bag 500ml
SBRN3722,Hospital H,NB1565G4,NIM-IV-BAG-500ML,IV Bag 500ml
SBRN3723,Hospital H,DU70918F,NIM-IV-BAG-500ML,IV Bag 500ml
SBRN3724,Hospital H,DW539786,NIM-IV-BAG-500ML,IV Bag 500ml
SBRN3725,Hospital H,EW9481ON,NIM-IV-BAG-500ML,IV Bag 500ml
SBRN3726,Hospital H,EZ1945A2,NIM-IV-BAG-500ML,IV Bag 500ml
SBRN3727,Hospital H,FR2962MK,NIM-IV-BAG-500ML,IV Bag 500ml
SBRN3728,Hospital H,ID7581SP,NIM-IV-BAG-500ML,IV Bag 500ml
SBRN3729,Hospital H,MI4724L2,NIM-IV-BAG-500ML,IV Bag 500ml
SBRN3730,Hospital H,OL357640,NIM-IV-BAG-500ML,IV Bag 500ml
SBRN3731,Hospital H,OO8242W9,NIM-IV-BAG-500ML,IV Bag 500ml
SBRN3732,Hospital H,RP5839A5,NIM-IV-BAG-500ML,IV Bag 500ml
SBRN3733,Hospital H,YN9826XZ,NIM-IV-BAG-500ML,IV Bag 500ml
SBRN3734,Hospital H,YT9331NO,NIM-IV-BAG-500ML,IV Bag 500ml
SBRN3735,Hospital H,ZH68465Z,NIM-IV-BAG-500ML,IV Bag 500ml
SBRN3736,Hospital H,BF5161LH,NIM-IV-BAG-500ML,IV Bag 500ml
SBRN3737,Hospital H,ID7581SP,NIM-IV-BAG-500ML,IV Bag 500ml
SBRN3738,Hospital H,NI714614,NIM-IV-BAG-500ML,IV Bag 500ml
SBRN3739,Hospital H,UF4797PQ,NIM-IV-BAG-500ML,IV Bag 500ml
SBRN3740,Hospital H,YI5164SY,NIM-IV-BAG-500ML,IV Bag 500ml
SBRN3741,Hospital H,QJ11272I,NIM-IV-BAG-500ML,IV Bag 500ml
SBRN3742,Hospital H,OF98185V,NIM-IV-BAG-500ML,IV Bag 500ml
SBRN3743,Hospital H,QL59662R,NIM-IV-BAG-500ML,IV Bag 500ml
SBRN3744,Hospital H,RP5839A5,NIM-IV-BAG-500ML,IV Bag 500ml
SBRN3745,Hospital H,SC9979NV,NIM-IV-BAG-500ML,IV Bag 500ml
SBRN3746,Hospital H,ZL87938L,NIM-IV-BAG-500ML,IV Bag 500ml
SBRN3747,Hospital H,CB9363EO,NIM-IV-BAG-500ML,IV Bag 500ml
SBRN3748,Hospital H,DI63161W,NIM-IV-BAG-500ML,IV Bag 500ml
SBRN3749,Hospital H,GJ46299B,NIM-IV-BAG-500ML,IV Bag 500ml
SBRN3750,Hospital H,LJ8490BS,NIM-IV-BAG-500ML,IV Bag 500ml
SBRN3751,Hospital H,NI4913HC,NIM-IV-BAG-500ML,IV Bag 500ml
SBRN3752,Hospital H,QL2442X8,NIM-IV-BAG-500ML,IV Bag 500ml
SBRN3753,Hospital H,QZ0210S5,NIM-IV-BAG-500ML,IV Bag 500ml
SBRN3754,Hospital H,YK9111ND,NIM-SCALPEL-SIZE-10,Scalpel Size 10
SBRN3755,Hospital H,DU70918F,NIM-SCALPEL-SIZE-10,Scalpel Size 10
SBRN3756,Hospital H,GH172268,NIM-SCALPEL-SIZE-10,Scalpel Size 10
SBRN3757,Hospital H,IA3884LD,NIM-SCALPEL-SIZE-10,Scalpel Size 10
SBRN3758,Hospital H,IC2357ZF,NIM-SCALPEL-SIZE-10,Scalpel Size 10
SBRN3759,Hospital H,IH75317G,NIM-SCALPEL-SIZE-10,Scalpel Size 10
SBRN3760,Hospital H,DQ5513ZJ,NIM-SCALPEL-SIZE-10,Scalpel Size 10
SBRN3761,Hospital H,IE0618UI,NIM-SCALPEL-SIZE-10,Scalpel Size 10
SBRN3762,Hospital H,LT48985Z,NIM-SCALPEL-SIZE-10,Scalpel Size 10
SBRN3763,Hospital H,FR2962MK,NIM-SCALPEL-SIZE-10,Scalpel Size 10
SBRN3764,Hospital H,QL59662R,NIM-SCALPEL-SIZE-10,Scalpel Size 10
SBRN3765,Hospital H,TV5792YY,NIM-SCALPEL-SIZE-10,Scalpel Size 10
SBRN3766,Hospital H,YT9331NO,NIM-SCALPEL-SIZE-10,Scalpel Size 10
SBRN3767,Hospital H,BH3107WJ,NIM-SCALPEL-SIZE-10,Scalpel Size 10
SBRN3768,Hospital H,BI86360K,NIM-SCALPEL-SIZE-10,Scalpel Size 10
SBRN3769,Hospital H,GY0493CZ,NIM-SCALPEL-SIZE-10,Scalpel Size 10
SBRN3770,Hospital H,IE0618UI,NIM-SCALPEL-SIZE-10,Scalpel Size 10
SBRN3771,Hospital H,PC403558,NIM-SCALPEL-SIZE-10,Scalpel Size 10
SBRN3772,Hospital H,TV5792YY,NIM-SCALPEL-SIZE-10,Scalpel Size 10
SBRN3773,Hospital H,WV5304RM,NIM-SCALPEL-SIZE-10,Scalpel Size 10
SBRN3774,Hospital H,YI5164SY,NIM-SCALPEL-SIZE-10,Scalpel Size 10
SBRN3775,Hospital H,WZ0721YI,NIM-SCALPEL-SIZE-10,Scalpel Size 10
SBRN3776,Hospital H,CR1507VJ,NIM-SCALPEL-SIZE-10,Scalpel Size 10
SBRN3777,Hospital H,KE33095S,NIM-SCALPEL-SIZE-10,Scalpel Size 10
SBRN3778,Hospital H,NB1565G4,NIM-SCALPEL-SIZE-10,Scalpel Size 10
SBRN3779,Hospital H,OX9440QU,NIM-SCALPEL-SIZE-10,Scalpel Size 10
SBRN3780,Hospital H,PZ786862,NIM-SCALPEL-SIZE-10,Scalpel Size 10
SBRN3781,Hospital H,NB1565G4,NIM-SCALPEL-SIZE-10,Scalpel Size 10
SBRN3782,Hospital H,QA5527LA,NIM-SCALPEL-SIZE-10,Scalpel Size 10
SBRN3783,Hospital H,RK0503X9,NIM-SCALPEL-SIZE-10,Scalpel Size 10
SBRN3784,Hospital H,BZ1834LW,NIM-SURGICAL-GLOVES,Surgical Gloves
SBRN3785,Hospital H,DQ5513ZJ,NIM-SURGICAL-GLOVES,Surgical Gloves
SBRN3786,Hospital H,GO9949WB,NIM-SURGICAL-GLOVES,Surgical Gloves
SBRN3787,Hospital H,IA3884LD,NIM-SURGICAL-GLOVES,Surgical Gloves
SBRN3788,Hospital H,JJ0396I3,NIM-SURGICAL-GLOVES,Surgical Gloves
SBRN3789,Hospital H,NB1565G4,NIM-SURGICAL-GLOVES,Surgical Gloves
SBRN3790,Hospital H,NR4939MF,NIM-SURGICAL-GLOVES,Surgical Gloves
SBRN3791,Hospital H,OH5436AO,NIM-SURGICAL-GLOVES,Surgical Gloves
SBRN3792,Hospital H,OW9422IO,NIM-SURGICAL-GLOVES,Surgical Gloves
SBRN3793,Hospital H,UD7372PH,NIM-SURGICAL-GLOVES,Surgical Gloves
SBRN3794,Hospital H,AV2968BA,NIM-SURGICAL-GLOVES,Surgical Gloves
SBRN3795,Hospital H,DC8155X0,NIM-SURGICAL-GLOVES,Surgical Gloves
SBRN3796,Hospital H,GQ91238Z,NIM-SURGICAL-GLOVES,Surgical Gloves
SBRN3797,Hospital H,JJ0396I3,NIM-SURGICAL-GLOVES,Surgical Gloves
SBRN3798,Hospital H,JQ54494E,NIM-SURGICAL-GLOVES,Surgical Gloves
SBRN3799,Hospital H,JZ1972LG,NIM-SURGICAL-GLOVES,Surgical Gloves
SBRN3800,Hospital H,LJ8490BS,NIM-SURGICAL-GLOVES,Surgical Gloves
SBRN3801,Hospital H,MI4724L2,NIM-SURGICAL-GLOVES,Surgical Gloves
SBRN3802,Hospital H,ML36024D,NIM-SURGICAL-GLOVES,Surgical Gloves
SBRN3803,Hospital H,PC0358AC,NIM-SURGICAL-GLOVES,Surgical Gloves
SBRN3804,Hospital H,PU3657AI,NIM-SURGICAL-GLOVES,Surgical Gloves
SBRN3805,Hospital H,QJ11272I,NIM-SURGICAL-GLOVES,Surgical Gloves
SBRN3806,Hospital H,XE0510RM,NIM-SURGICAL-GLOVES,Surgical Gloves
SBRN3807,Hospital H,JZ1972LG,NIM-SURGICAL-GLOVES,Surgical Gloves
SBRN3808,Hospital H,BN5332ES,NIM-SURGICAL-GLOVES,Surgical Gloves
SBRN3809,Hospital H,LJ8490BS,NIM-SURGICAL-GLOVES,Surgical Gloves
SBRN3810,Hospital H,OW9422IO,NIM-SURGICAL-GLOVES,Surgical Gloves
SBRN3811,Hospital H,QJ11272I,NIM-SURGICAL-GLOVES,Surgical Gloves
SBRN3812,Hospital H,RP5839A5,NIM-SURGICAL-GLOVES,Surgical Gloves
SBRN3813,Hospital H,TI95782C,NIM-SURGICAL-GLOVES,Surgical Gloves
SBRN3814,Hospital H,TV5792YY,NIM-SURGICAL-GLOVES,Surgical Gloves
SBRN3815,Hospital H,UD7372PH,NIM-SURGICAL-GLOVES,Surgical Gloves
SBRN3816,Hospital H,UO8819P1,NIM-SURGICAL-GLOVES,Surgical Gloves
SBRN3817,Hospital H,WV5304RM,NIM-SURGICAL-GLOVES,Surgical Gloves
SBRN3818,Hospital H,ZJ9907ER,NIM-SURGICAL-GLOVES,Surgical Gloves
SBRN3819,Hospital H,BZ1834LW,NIM-SURGICAL-GLOVES,Surgical Gloves
SBRN3820,Hospital H,GH172268,NIM-SURGICAL-GLOVES,Surgical Gloves
SBRN3821,Hospital H,HG7853KW,NIM-SURGICAL-GLOVES,Surgical Gloves
SBRN3822,Hospital H,MK4939WH,NIM-SURGICAL-GLOVES,Surgical Gloves
SBRN3823,Hospital H,RH8174S6,NIM-SURGICAL-GLOVES,Surgical Gloves
SBRN3824,Hospital H,RK0503X9,NIM-SURGICAL-GLOVES,Surgical Gloves
SBRN3825,Hospital H,SJ1818B8,NIM-SURGICAL-GLOVES,Surgical Gloves
SBRN3826,Hospital H,WZ0721YI,NIM-SURGICAL-GLOVES,Surgical Gloves
SBRN3827,Hospital H,ZD7018VO,NIM-SURGICAL-GLOVES,Surgical Gloves
SBRN3828,Hospital H,ZD7018VO,NIM-SURGICAL-GLOVES,Surgical Gloves
SBRN3829,Hospital H,BR6888EV,NIM-SURGICAL-GLOVES,Surgical Gloves
SBRN3830,Hospital H,BT5487JU,NIM-SURGICAL-GLOVES,Surgical Gloves
SBRN3831,Hospital H,GM3690GN,NIM-SURGICAL-GLOVES,Surgical Gloves
SBRN3832,Hospital H,LY1769HU,NIM-SURGICAL-GLOVES,Surgical Gloves
SBRN3833,Hospital H,NR4939MF,NIM-SURGICAL-GLOVES,Surgical Gloves
SBRN3834,Hospital H,PS77674D,NIM-SURGICAL-GLOVES,Surgical Gloves
SBRN3835,Hospital H,PU3657AI,NIM-SURGICAL-GLOVES,Surgical Gloves
SBRN3836,Hospital H,TG68586T,NIM-SURGICAL-GLOVES,Surgical Gloves
SBRN3837,Hospital H,TI2636D7,NIM-SURGICAL-GLOVES,Surgical Gloves
SBRN3838,Hospital H,WC0164QD,NIM-SURGICAL-GLOVES,Surgical Gloves
SBRN3839,Hospital H,YK9467I5,NIM-SURGICAL-GLOVES,Surgical Gloves
SBRN3840,Hospital H,JJ0396I3,NIM-SURGICAL-GLOVES,Surgical Gloves
SBRN3841,Hospital H,NG19643Z,NIM-SURGICAL-GLOVES,Surgical Gloves
SBRN3842,Hospital H,QJ11272I,NIM-SURGICAL-GLOVES,Surgical Gloves
SBRN3843,Hospital H,SK07447E,NIM-SURGICAL-GLOVES,Surgical Gloves
SBRN3844,Hospital H,TG68586T,NIM-SURGICAL-GLOVES,Surgical Gloves
SBRN3845,Hospital H,UF4797PQ,NIM-SURGICAL-GLOVES,Surgical Gloves
SBRN3846,Hospital H,YW0444ME,NIM-SURGICAL-GLOVES,Surgical Gloves
SBRN3847,Hospital H,YX8660EG,NIM-SURGICAL-GLOVES,Surgical Gloves
SBRN3848,Hospital H,ZN7542V6,NIM-SURGICAL-GLOVES,Surgical Gloves
SBRN3849,Hospital H,FR2962MK,NIM-SYRINGE-10ML,Syringe 10ml
SBRN3850,Hospital H,JJ0396I3,NIM-SYRINGE-10ML,Syringe 10ml
SBRN3851,Hospital H,LU4108Z6,NIM-SYRINGE-10ML,Syringe 10ml
SBRN3852,Hospital H,NB1565G4,NIM-SYRINGE-10ML,Syringe 10ml
SBRN3853,Hospital H,RT11277C,NIM-SYRINGE-10ML,Syringe 10ml
SBRN3854,Hospital H,CB9363EO,NIM-SYRINGE-10ML,Syringe 10ml
SBRN3855,Hospital H,DC8155X0,NIM-SYRINGE-10ML,Syringe 10ml
SBRN3856,Hospital H,EC71280B,NIM-SYRINGE-10ML,Syringe 10ml
SBRN3857,Hospital H,GN73958G,NIM-SYRINGE-10ML,Syringe 10ml
SBRN3858,Hospital H,HS76574M,NIM-SYRINGE-10ML,Syringe 10ml
SBRN3859,Hospital H,PT3621O9,NIM-SYRINGE-10ML,Syringe 10ml
SBRN3860,Hospital H,VT0903J0,NIM-SYRINGE-10ML,Syringe 10ml
SBRN3861,Hospital H,XE0510RM,NIM-SYRINGE-10ML,Syringe 10ml
SBRN3862,Hospital H,NB1565G4,NIM-SYRINGE-10ML,Syringe 10ml
SBRN3863,Hospital H,CJ8598XZ,NIM-SYRINGE-10ML,Syringe 10ml
SBRN3864,Hospital H,DX6912I5,NIM-SYRINGE-10ML,Syringe 10ml
SBRN3865,Hospital H,JX11325X,NIM-SYRINGE-10ML,Syringe 10ml
SBRN3866,Hospital H,LJ8490BS,NIM-SYRINGE-10ML,Syringe 10ml
SBRN3867,Hospital H,NB1565G4,NIM-SYRINGE-10ML,Syringe 10ml
SBRN3868,Hospital H,NG9767M9,NIM-SYRINGE-10ML,Syringe 10ml
SBRN3869,Hospital H,NI4913HC,NIM-SYRINGE-10ML,Syringe 10ml
SBRN3870,Hospital H,YQ51103W,NIM-SYRINGE-10ML,Syringe 10ml
SBRN3871,Hospital H,BH2557R3,NIM-SYRINGE-10ML,Syringe 10ml
SBRN3872,Hospital H,HA1867SJ,NIM-SYRINGE-10ML,Syringe 10ml
SBRN3873,Hospital H,LY1769HU,NIM-SYRINGE-10ML,Syringe 10ml
SBRN3874,Hospital H,MI4724L2,NIM-SYRINGE-10ML,Syringe 10ml
SBRN3875,Hospital H,PZ786862,NIM-SYRINGE-10ML,Syringe 10ml
SBRN3876,Hospital H,QX0020EJ,NIM-SYRINGE-10ML,Syringe 10ml
SBRN3877,Hospital H,TV5792YY,NIM-SYRINGE-10ML,Syringe 10ml
SBRN3878,Hospital H,VA21882Z,NIM-SYRINGE-10ML,Syringe 10ml
SBRN3879,Hospital H,TT2592G6,NIM-SYRINGE-10ML,Syringe 10ml
SBRN3880,Hospital H,DU70918F,NIM-SYRINGE-10ML,Syringe 10ml
SBRN3881,Hospital H,EC71280B,NIM-SYRINGE-10ML,Syringe 10ml
SBRN3882,Hospital H,EX44466Z,NIM-SYRINGE-10ML,Syringe 10ml
SBRN3883,Hospital H,EZ1945A2,NIM-SYRINGE-10ML,Syringe 10ml
SBRN3884,Hospital H,QC24521B,NIM-SYRINGE-10ML,Syringe 10ml
SBRN3885,Hospital H,ZN7542V6,NIM-SYRINGE-10ML,Syringe 10ml
SBRN3886,Hospital H,DI28328O,NIM-SYRINGE-10ML,Syringe 10ml
SBRN3887,Hospital H,DU70918F,NIM-SYRINGE-10ML,Syringe 10ml
SBRN3888,Hospital H,EC71280B,NIM-SYRINGE-10ML,Syringe 10ml
SBRN3889,Hospital H,JU3345JD,NIM-SYRINGE-10ML,Syringe 10ml
SBRN3890,Hospital H,NT93196L,NIM-SYRINGE-10ML,Syringe 10ml
SBRN3891,Hospital H,OL357640,NIM-SYRINGE-10ML,Syringe 10ml
SBRN3892,Hospital H,QX990624,NIM-SYRINGE-10ML,Syringe 10ml
SBRN3893,Hospital H,VN5034QW,NIM-SYRINGE-10ML,Syringe 10ml
SBRN3894,Hospital H,XE9124H9,NIM-SYRINGE-10ML,Syringe 10ml
SBRN3895,Hospital H,YE2085BO,NIM-SYRINGE-10ML,Syringe 10ml
SBRN3896,Hospital H,ZQ9143QB,NIM-SYRINGE-10ML,Syringe 10ml
SBRN3897,Hospital H,ZR25178Y,NIM-SYRINGE-10ML,Syringe 10ml
SBRN3898,Hospital H,AJ4675Q2,NIM-THERMOMETER-DIGITAL,Thermometer Digital
SBRN3899,Hospital H,AV2968BA,NIM-THERMOMETER-DIGITAL,Thermometer Digital
SBRN3900,Hospital H,AY0563YX,NIM-THERMOMETER-DIGITAL,Thermometer Digital
SBRN3901,Hospital H,EW9481ON,NIM-THERMOMETER-DIGITAL,Thermometer Digital
SBRN3902,Hospital H,GN73958G,NIM-THERMOMETER-DIGITAL,Thermometer Digital
SBRN3903,Hospital H,KR55367X,NIM-THERMOMETER-DIGITAL,Thermometer Digital
SBRN3904,Hospital H,QL2442X8,NIM-THERMOMETER-DIGITAL,Thermometer Digital
SBRN3905,Hospital H,RQ90248J,NIM-THERMOMETER-DIGITAL,Thermometer Digital
SBRN3906,Hospital H,CR1507VJ,NIM-THERMOMETER-DIGITAL,Thermometer Digital
SBRN3907,Hospital H,FU2970ZP,NIM-THERMOMETER-DIGITAL,Thermometer Digital
SBRN3908,Hospital H,ID7581SP,NIM-THERMOMETER-DIGITAL,Thermometer Digital
SBRN3909,Hospital H,MK1023EE,NIM-THERMOMETER-DIGITAL,Thermometer Digital
SBRN3910,Hospital H,OW9422IO,NIM-THERMOMETER-DIGITAL,Thermometer Digital
SBRN3911,Hospital H,PD1320T7,NIM-THERMOMETER-DIGITAL,Thermometer Digital
SBRN3912,Hospital H,QJ11272I,NIM-THERMOMETER-DIGITAL,Thermometer Digital
SBRN3913,Hospital H,TG68586T,NIM-THERMOMETER-DIGITAL,Thermometer Digital
SBRN3914,Hospital H,UF4797PQ,NIM-THERMOMETER-DIGITAL,Thermometer Digital
SBRN3915,Hospital H,XK12913V,NIM-THERMOMETER-DIGITAL,Thermometer Digital
SBRN3916,Hospital H,HL5079UK,NIM-THERMOMETER-DIGITAL,Thermometer Digital
SBRN3917,Hospital H,HN916108,NIM-THERMOMETER-DIGITAL,Thermometer Digital
SBRN3918,Hospital H,MI4724L2,NIM-THERMOMETER-DIGITAL,Thermometer Digital
SBRN3919,Hospital H,PT3621O9,NIM-THERMOMETER-DIGITAL,Thermometer Digital
SBRN3920,Hospital H,PU3657AI,NIM-THERMOMETER-DIGITAL,Thermometer Digital
SBRN3921,Hospital H,QJ11272I,NIM-THERMOMETER-DIGITAL,Thermometer Digital
SBRN3922,Hospital H,TG68586T,NIM-THERMOMETER-DIGITAL,Thermometer Digital
SBRN3923,Hospital H,XY2375I3,NIM-THERMOMETER-DIGITAL,Thermometer Digital
SBRN3924,Hospital H,CB9363EO,NIM-THERMOMETER-DIGITAL,Thermometer Digital
SBRN3925,Hospital H,CB9363EO,NIM-THERMOMETER-DIGITAL,Thermometer Digital
SBRN3926,Hospital H,JZ1972LG,NIM-THERMOMETER-DIGITAL,Thermometer Digital
SBRN3927,Hospital H,NB1565G4,NIM-THERMOMETER-DIGITAL,Thermometer Digital
SBRN3928,Hospital H,NT93196L,NIM-THERMOMETER-DIGITAL,Thermometer Digital
SBRN3929,Hospital H,OW9422IO,NIM-THERMOMETER-DIGITAL,Thermometer Digital
SBRN3930,Hospital H,XY2375I3,NIM-THERMOMETER-DIGITAL,Thermometer Digital
SBRN3931,Hospital H,YT9331NO,NIM-THERMOMETER-DIGITAL,Thermometer Digital
SBRN3932,Hospital H,NI4913HC,NIM-THERMOMETER-DIGITAL,Thermometer Digital
SBRN3933,Hospital H,KZ6964QC,NIM-THERMOMETER-DIGITAL,Thermometer Digital
SBRN3934,Hospital H,LP5396QJ,NIM-THERMOMETER-DIGITAL,Thermometer Digital
SBRN3935,Hospital H,LY737885,NIM-THERMOMETER-DIGITAL,Thermometer Digital
SBRN3936,Hospital H,OX9440QU,NIM-THERMOMETER-DIGITAL,Thermometer Digital
SBRN3937,Hospital H,TG68586T,NIM-THERMOMETER-DIGITAL,Thermometer Digital
SBRN3938,Hospital H,AV2968BA,NIM-THERMOMETER-DIGITAL,Thermometer Digital
SBRN3939,Hospital H,AZ8246KO,NIM-THERMOMETER-DIGITAL,Thermometer Digital
SBRN3940,Hospital H,CB9363EO,NIM-THERMOMETER-DIGITAL,Thermometer Digital
SBRN3941,Hospital H,FA5565HB,NIM-THERMOMETER-DIGITAL,Thermometer Digital
SBRN3942,Hospital H,FO8459D7,NIM-THERMOMETER-DIGITAL,Thermometer Digital
SBRN3943,Hospital H,GJ46299B,NIM-THERMOMETER-DIGITAL,Thermometer Digital
SBRN3944,Hospital H,IP8710L1,NIM-THERMOMETER-DIGITAL,Thermometer Digital
SBRN3945,Hospital H,LJ8490BS,NIM-THERMOMETER-DIGITAL,Thermometer Digital
SBRN3946,Hospital H,NT93196L,NIM-THERMOMETER-DIGITAL,Thermometer Digital
SBRN3947,Hospital H,QL59662R,NIM-THERMOMETER-DIGITAL,Thermometer Digital
SBRN3948,Hospital H,QX0020EJ,NIM-THERMOMETER-DIGITAL,Thermometer Digital
SBRN3949,Hospital H,RP5839A5,NIM-THERMOMETER-DIGITAL,Thermometer Digital
SBRN3950,Hospital H,WV5304RM,NIM-THERMOMETER-DIGITAL,Thermometer Digital
SBRN3951,Hospital H,FR2962MK,NIM-WOUND-DRESSING-LARGE,Wound Dressing Large
SBRN3952,Hospital H,ID7581SP,NIM-WOUND-DRESSING-LARGE,Wound Dressing Large
SBRN3953,Hospital H,QL59662R,NIM-WOUND-DRESSING-LARGE,Wound Dressing Large
SBRN3954,Hospital H,TP3864B4,NIM-WOUND-DRESSING-LARGE,Wound Dressing Large
SBRN3955,Hospital H,XR6968LB,NIM-WOUND-DRESSING-LARGE,Wound Dressing Large
SBRN3956,Hospital H,CC8630QU,NIM-WOUND-DRESSING-LARGE,Wound Dressing Large
SBRN3957,Hospital H,JX11325X,NIM-WOUND-DRESSING-LARGE,Wound Dressing Large
SBRN3958,Hospital H,KE33095S,NIM-WOUND-DRESSING-LARGE,Wound Dressing Large
SBRN3959,Hospital H,NB1565G4,NIM-WOUND-DRESSING-LARGE,Wound Dressing Large
SBRN3960,Hospital H,NG19643Z,NIM-WOUND-DRESSING-LARGE,Wound Dressing Large
SBRN3961,Hospital H,RP5839A5,NIM-WOUND-DRESSING-LARGE,Wound Dressing Large
SBRN3962,Hospital H,ZD7018VO,NIM-WOUND-DRESSING-LARGE,Wound Dressing Large
SBRN3963,Hospital H,CM586454,NIM-WOUND-DRESSING-LARGE,Wound Dressing Large
SBRN3964,Hospital H,JQ54494E,NIM-WOUND-DRESSING-LARGE,Wound Dressing Large
SBRN3965,Hospital H,SM45388F,NIM-WOUND-DRESSING-LARGE,Wound Dressing Large
SBRN3966,Hospital H,VN5034QW,NIM-WOUND-DRESSING-LARGE,Wound Dressing Large
SBRN3967,Hospital H,VT0903J0,NIM-WOUND-DRESSING-LARGE,Wound Dressing Large
SBRN3968,Hospital H,WV5304RM,NIM-WOUND-DRESSING-LARGE,Wound Dressing Large
SBRN3969,Hospital H,BB24215Q,NIM-WOUND-DRESSING-LARGE,Wound Dressing Large
SBRN3970,Hospital H,IA3884LD,NIM-WOUND-DRESSING-LARGE,Wound Dressing Large
SBRN3971,Hospital H,IE0618UI,NIM-WOUND-DRESSING-LARGE,Wound Dressing Large
SBRN3972,Hospital H,NC032258,NIM-WOUND-DRESSING-LARGE,Wound Dressing Large
SBRN3973,Hospital H,NY8048XZ,NIM-WOUND-DRESSING-LARGE,Wound Dressing Large
SBRN3974,Hospital H,PT3621O9,NIM-WOUND-DRESSING-LARGE,Wound Dressing Large
SBRN3975,Hospital H,PT3621O9,NIM-WOUND-DRESSING-LARGE,Wound Dressing Large
SBRN3976,Hospital H,RP5839A5,NIM-WOUND-DRESSING-LARGE,Wound Dressing Large
SBRN3977,Hospital H,TQ5203KG,NIM-WOUND-DRESSING-LARGE,Wound Dressing Large
SBRN3978,Hospital H,VN5034QW,NIM-WOUND-DRESSING-LARGE,Wound Dressing Large
SBRN3979,Hospital H,VN5034QW,NIM-WOUND-DRESSING-LARGE,Wound Dressing Large
SBRN3980,Hospital H,XF37209R,NIM-WOUND-DRESSING-LARGE,Wound Dressing Large
SBRN3981,Hospital H,XY2375I3,NIM-WOUND-DRESSING-LARGE,Wound Dressing Large
SBRN3982,Hospital H,ZV1324PS,NIM-WOUND-DRESSING-LARGE,Wound Dressing Large
SBRN3983,Hospital H,TG68586T,NIM-WOUND-DRESSING-LARGE,Wound Dressing Large
SBRN3984,Hospital H,WB0004MM,NIM-WOUND-DRESSING-LARGE,Wound Dressing Large
SBRN3985,Hospital H,ZH3387XM,NIM-WOUND-DRESSING-LARGE,Wound Dressing Large
SBRN3986,Hospital H,AM7780BJ,NIM-WOUND-DRESSING-LARGE,Wound Dressing Large
SBRN3987,Hospital H,EK2550T2,NIM-WOUND-DRESSING-LARGE,Wound Dressing Large
SBRN3988,Hospital H,GY0493CZ,NIM-WOUND-DRESSING-LARGE,Wound Dressing Large
SBRN3989,Hospital H,LR68370X,NIM-WOUND-DRESSING-LARGE,Wound Dressing Large
SBRN3990,Hospital H,NY8048XZ,NIM-WOUND-DRESSING-LARGE,Wound Dressing Large
SBRN3991,Hospital H,OL357640,NIM-WOUND-DRESSING-LARGE,Wound Dressing Large
SBRN3992,Hospital H,OL357640,NIM-WOUND-DRESSING-LARGE,Wound Dressing Large
SBRN3993,Hospital H,RP5839A5,NIM-WOUND-DRESSING-LARGE,Wound Dressing Large
SBRN3994,Hospital H,SM45388F,NIM-WOUND-DRESSING-LARGE,Wound Dressing Large
SBRN3995,Hospital H,TI95782C,NIM-WOUND-DRESSING-LARGE,Wound Dressing Large
SBRN3996,Hospital H,TT2608AP,NIM-WOUND-DRESSING-LARGE,Wound Dressing Large
SBRN3997,Hospital H,BU8415WB,NIM-WOUND-DRESSING-LARGE,Wound Dressing Large
SBRN3998,Hospital H,CB9363EO,NIM-WOUND-DRESSING-LARGE,Wound Dressing Large
SBRN3999,Hospital H,CB9363EO,NIM-WOUND-DRESSING-LARGE,Wound Dressing Large
SBRN4000,Hospital H,OL357640,NIM-WOUND-DRESSING-LARGE,Wound Dressing Large
SBRN4001,Hospital I,BZ1834LW,NIM-ANTISEPTIC-WIPES,Antiseptic Wipes
SBRN4002,Hospital I,RY6898IX,NIM-ANTISEPTIC-WIPES,Antiseptic Wipes
SBRN4003,Hospital I,ZD7018VO,NIM-ANTISEPTIC-WIPES,Antiseptic Wipes
SBRN4004,Hospital I,EA4839WG,NIM-ANTISEPTIC-WIPES,Antiseptic Wipes
SBRN4005,Hospital I,IQ4584DK,NIM-ANTISEPTIC-WIPES,Antiseptic Wipes
SBRN4006,Hospital I,LR68370X,NIM-ANTISEPTIC-WIPES,Antiseptic Wipes
SBRN4007,Hospital I,NW21389W,NIM-ANTISEPTIC-WIPES,Antiseptic Wipes
SBRN4008,Hospital I,PS77674D,NIM-ANTISEPTIC-WIPES,Antiseptic Wipes
SBRN4009,Hospital I,VN5034QW,NIM-ANTISEPTIC-WIPES,Antiseptic Wipes
SBRN4010,Hospital I,FR2962MK,NIM-ANTISEPTIC-WIPES,Antiseptic Wipes
SBRN4011,Hospital I,LT48985Z,NIM-ANTISEPTIC-WIPES,Antiseptic Wipes
SBRN4012,Hospital I,QL59662R,NIM-ANTISEPTIC-WIPES,Antiseptic Wipes
SBRN4013,Hospital I,ZQ9143QB,NIM-ANTISEPTIC-WIPES,Antiseptic Wipes
SBRN4014,Hospital I,AV2968BA,NIM-ANTISEPTIC-WIPES,Antiseptic Wipes
SBRN4015,Hospital I,AV2968BA,NIM-ANTISEPTIC-WIPES,Antiseptic Wipes
SBRN4016,Hospital I,FU2970ZP,NIM-ANTISEPTIC-WIPES,Antiseptic Wipes
SBRN4017,Hospital I,LJ8490BS,NIM-ANTISEPTIC-WIPES,Antiseptic Wipes
SBRN4018,Hospital I,ZN7542V6,NIM-ANTISEPTIC-WIPES,Antiseptic Wipes
SBRN4019,Hospital I,JJ0396I3,NIM-ANTISEPTIC-WIPES,Antiseptic Wipes
SBRN4020,Hospital I,LJ8490BS,NIM-ANTISEPTIC-WIPES,Antiseptic Wipes
SBRN4021,Hospital I,TU6025MG,NIM-ANTISEPTIC-WIPES,Antiseptic Wipes
SBRN4022,Hospital I,TV5792YY,NIM-ANTISEPTIC-WIPES,Antiseptic Wipes
SBRN4023,Hospital I,GN4000ZL,NIM-ANTISEPTIC-WIPES,Antiseptic Wipes
SBRN4024,Hospital I,HL5079UK,NIM-ANTISEPTIC-WIPES,Antiseptic Wipes
SBRN4025,Hospital I,IH75317G,NIM-ANTISEPTIC-WIPES,Antiseptic Wipes
SBRN4026,Hospital I,TV5792YY,NIM-ANTISEPTIC-WIPES,Antiseptic Wipes
SBRN4027,Hospital I,YK9111ND,NIM-ANTISEPTIC-WIPES,Antiseptic Wipes
SBRN4028,Hospital I,AJ4675Q2,NIM-BLOOD-PRESSURE-CUFF,Blood Pressure Cuff
SBRN4029,Hospital I,FC4725NV,NIM-BLOOD-PRESSURE-CUFF,Blood Pressure Cuff
SBRN4030,Hospital I,RP5839A5,NIM-BLOOD-PRESSURE-CUFF,Blood Pressure Cuff
SBRN4031,Hospital I,SU987315,NIM-BLOOD-PRESSURE-CUFF,Blood Pressure Cuff
SBRN4032,Hospital I,UO613821,NIM-BLOOD-PRESSURE-CUFF,Blood Pressure Cuff
SBRN4033,Hospital I,WV5304RM,NIM-BLOOD-PRESSURE-CUFF,Blood Pressure Cuff
SBRN4034,Hospital I,XE0510RM,NIM-BLOOD-PRESSURE-CUFF,Blood Pressure Cuff
SBRN4035,Hospital I,XY2375I3,NIM-BLOOD-PRESSURE-CUFF,Blood Pressure Cuff
SBRN4036,Hospital I,BF5161LH,NIM-BLOOD-PRESSURE-CUFF,Blood Pressure Cuff
SBRN4037,Hospital I,FO8459D7,NIM-BLOOD-PRESSURE-CUFF,Blood Pressure Cuff
SBRN4038,Hospital I,LJ8490BS,NIM-BLOOD-PRESSURE-CUFF,Blood Pressure Cuff
SBRN4039,Hospital I,LJ8490BS,NIM-BLOOD-PRESSURE-CUFF,Blood Pressure Cuff
SBRN4040,Hospital I,NB1565G4,NIM-BLOOD-PRESSURE-CUFF,Blood Pressure Cuff
SBRN4041,Hospital I,TC5775C2,NIM-BLOOD-PRESSURE-CUFF,Blood Pressure Cuff
SBRN4042,Hospital I,UW1644DT,NIM-BLOOD-PRESSURE-CUFF,Blood Pressure Cuff
SBRN4043,Hospital I,VN5034QW,NIM-BLOOD-PRESSURE-CUFF,Blood Pressure Cuff
SBRN4044,Hospital I,ZJ9907ER,NIM-BLOOD-PRESSURE-CUFF,Blood Pressure Cuff
SBRN4045,Hospital I,HL5079UK,NIM-BLOOD-PRESSURE-CUFF,Blood Pressure Cuff
SBRN4046,Hospital I,DU70918F,NIM-BLOOD-PRESSURE-CUFF,Blood Pressure Cuff
SBRN4047,Hospital I,JQ54494E,NIM-BLOOD-PRESSURE-CUFF,Blood Pressure Cuff
SBRN4048,Hospital I,LT48985Z,NIM-BLOOD-PRESSURE-CUFF,Blood Pressure Cuff
SBRN4049,Hospital I,RP5839A5,NIM-BLOOD-PRESSURE-CUFF,Blood Pressure Cuff
SBRN4050,Hospital I,RP5839A5,NIM-BLOOD-PRESSURE-CUFF,Blood Pressure Cuff
SBRN4051,Hospital I,SU987315,NIM-BLOOD-PRESSURE-CUFF,Blood Pressure Cuff
SBRN4052,Hospital I,SU987315,NIM-BLOOD-PRESSURE-CUFF,Blood Pressure Cuff
SBRN4053,Hospital I,TG68586T,NIM-BLOOD-PRESSURE-CUFF,Blood Pressure Cuff
SBRN4054,Hospital I,UG5421T1,NIM-BLOOD-PRESSURE-CUFF,Blood Pressure Cuff
SBRN4055,Hospital I,VA21882Z,NIM-BLOOD-PRESSURE-CUFF,Blood Pressure Cuff
SBRN4056,Hospital I,AW83643T,NIM-BLOOD-PRESSURE-CUFF,Blood Pressure Cuff
SBRN4057,Hospital I,HR0311MW,NIM-BLOOD-PRESSURE-CUFF,Blood Pressure Cuff
SBRN4058,Hospital I,OL357640,NIM-BLOOD-PRESSURE-CUFF,Blood Pressure Cuff
SBRN4059,Hospital I,QL59662R,NIM-BLOOD-PRESSURE-CUFF,Blood Pressure Cuff
SBRN4060,Hospital I,QS284165,NIM-BLOOD-PRESSURE-CUFF,Blood Pressure Cuff
SBRN4061,Hospital I,RP5839A5,NIM-BLOOD-PRESSURE-CUFF,Blood Pressure Cuff
SBRN4062,Hospital I,SU987315,NIM-BLOOD-PRESSURE-CUFF,Blood Pressure Cuff
SBRN4063,Hospital I,UF4797PQ,NIM-BLOOD-PRESSURE-CUFF,Blood Pressure Cuff
SBRN4064,Hospital I,WZ0721YI,NIM-BLOOD-PRESSURE-CUFF,Blood Pressure Cuff
SBRN4065,Hospital I,HO7059JQ,NIM-BLOOD-PRESSURE-CUFF,Blood Pressure Cuff
SBRN4066,Hospital I,AZ2519G1,NIM-BLOOD-PRESSURE-CUFF,Blood Pressure Cuff
SBRN4067,Hospital I,CJ8598XZ,NIM-BLOOD-PRESSURE-CUFF,Blood Pressure Cuff
SBRN4068,Hospital I,DP1682T7,NIM-BLOOD-PRESSURE-CUFF,Blood Pressure Cuff
SBRN4069,Hospital I,EQ22987O,NIM-BLOOD-PRESSURE-CUFF,Blood Pressure Cuff
SBRN4070,Hospital I,NC032258,NIM-BLOOD-PRESSURE-CUFF,Blood Pressure Cuff
SBRN4071,Hospital I,OW9422IO,NIM-BLOOD-PRESSURE-CUFF,Blood Pressure Cuff
SBRN4072,Hospital I,TT2592G6,NIM-BLOOD-PRESSURE-CUFF,Blood Pressure Cuff
SBRN4073,Hospital I,UF4797PQ,NIM-BLOOD-PRESSURE-CUFF,Blood Pressure Cuff
SBRN4074,Hospital I,YT9331NO,NIM-BLOOD-PRESSURE-CUFF,Blood Pressure Cuff
SBRN4075,Hospital I,DU70918F,NIM-BLOOD-PRESSURE-CUFF,Blood Pressure Cuff
SBRN4076,Hospital I,EM4241YE,NIM-BLOOD-PRESSURE-CUFF,Blood Pressure Cuff
SBRN4077,Hospital I,IH75317G,NIM-BLOOD-PRESSURE-CUFF,Blood Pressure Cuff
SBRN4078,Hospital I,LJ8490BS,NIM-BLOOD-PRESSURE-CUFF,Blood Pressure Cuff
SBRN4079,Hospital I,NG19643Z,NIM-BLOOD-PRESSURE-CUFF,Blood Pressure Cuff
SBRN4080,Hospital I,OW9422IO,NIM-BLOOD-PRESSURE-CUFF,Blood Pressure Cuff
SBRN4081,Hospital I,RP5839A5,NIM-BLOOD-PRESSURE-CUFF,Blood Pressure Cuff
SBRN4082,Hospital I,SM45388F,NIM-BLOOD-PRESSURE-CUFF,Blood Pressure Cuff
SBRN4083,Hospital I,VN5034QW,NIM-BLOOD-PRESSURE-CUFF,Blood Pressure Cuff
SBRN4084,Hospital I,ZD7018VO,NIM-BLOOD-PRESSURE-CUFF,Blood Pressure Cuff
SBRN4085,Hospital I,ZJ9907ER,NIM-BLOOD-PRESSURE-CUFF,Blood Pressure Cuff
SBRN4086,Hospital I,BH2557R3,NIM-CATHETER-FOLEY,Catheter Foley
SBRN4087,Hospital I,BI86360K,NIM-CATHETER-FOLEY,Catheter Foley
SBRN4088,Hospital I,MO07319X,NIM-CATHETER-FOLEY,Catheter Foley
SBRN4089,Hospital I,QL2442X8,NIM-CATHETER-FOLEY,Catheter Foley
SBRN4090,Hospital I,UW1644DT,NIM-CATHETER-FOLEY,Catheter Foley
SBRN4091,Hospital I,WV5304RM,NIM-CATHETER-FOLEY,Catheter Foley
SBRN4092,Hospital I,XE45310N,NIM-CATHETER-FOLEY,Catheter Foley
SBRN4093,Hospital I,CY5920RJ,NIM-CATHETER-FOLEY,Catheter Foley
SBRN4094,Hospital I,NB1565G4,NIM-CATHETER-FOLEY,Catheter Foley
SBRN4095,Hospital I,NW21389W,NIM-CATHETER-FOLEY,Catheter Foley
SBRN4096,Hospital I,TT2592G6,NIM-CATHETER-FOLEY,Catheter Foley
SBRN4097,Hospital I,UD7372PH,NIM-CATHETER-FOLEY,Catheter Foley
SBRN4098,Hospital I,UG5421T1,NIM-CATHETER-FOLEY,Catheter Foley
SBRN4099,Hospital I,VD243919,NIM-CATHETER-FOLEY,Catheter Foley
SBRN4100,Hospital I,ZN7542V6,NIM-CATHETER-FOLEY,Catheter Foley
SBRN4101,Hospital I,IA3884LD,NIM-CATHETER-FOLEY,Catheter Foley
SBRN4102,Hospital I,PT3621O9,NIM-CATHETER-FOLEY,Catheter Foley
SBRN4103,Hospital I,XR6968LB,NIM-CATHETER-FOLEY,Catheter Foley
SBRN4104,Hospital I,DU70918F,NIM-CATHETER-FOLEY,Catheter Foley
SBRN4105,Hospital I,EM4241YE,NIM-CATHETER-FOLEY,Catheter Foley
SBRN4106,Hospital I,GM3690GN,NIM-CATHETER-FOLEY,Catheter Foley
SBRN4107,Hospital I,HS76574M,NIM-CATHETER-FOLEY,Catheter Foley
SBRN4108,Hospital I,IC2357ZF,NIM-CATHETER-FOLEY,Catheter Foley
SBRN4109,Hospital I,IH75317G,NIM-CATHETER-FOLEY,Catheter Foley
SBRN4110,Hospital I,MK4939WH,NIM-CATHETER-FOLEY,Catheter Foley
SBRN4111,Hospital I,PS77674D,NIM-CATHETER-FOLEY,Catheter Foley
SBRN4112,Hospital I,UF4797PQ,NIM-CATHETER-FOLEY,Catheter Foley
SBRN4113,Hospital I,HL5079UK,NIM-CATHETER-FOLEY,Catheter Foley
SBRN4114,Hospital I,JZ1972LG,NIM-CATHETER-FOLEY,Catheter Foley
SBRN4115,Hospital I,LJ8490BS,NIM-CATHETER-FOLEY,Catheter Foley
SBRN4116,Hospital I,LU4108Z6,NIM-CATHETER-FOLEY,Catheter Foley
SBRN4117,Hospital I,NB1565G4,NIM-CATHETER-FOLEY,Catheter Foley
SBRN4118,Hospital I,PT3621O9,NIM-CATHETER-FOLEY,Catheter Foley
SBRN4119,Hospital I,TQ5203KG,NIM-CATHETER-FOLEY,Catheter Foley
SBRN4120,Hospital I,TQ5203KG,NIM-CATHETER-FOLEY,Catheter Foley
SBRN4121,Hospital I,UW1644DT,NIM-CATHETER-FOLEY,Catheter Foley
SBRN4122,Hospital I,VA21882Z,NIM-CATHETER-FOLEY,Catheter Foley
SBRN4123,Hospital I,YB9050S3,NIM-CATHETER-FOLEY,Catheter Foley
SBRN4124,Hospital I,BF2061R0,NIM-CATHETER-FOLEY,Catheter Foley
SBRN4125,Hospital I,GK7546UA,NIM-CATHETER-FOLEY,Catheter Foley
SBRN4126,Hospital I,GQ91238Z,NIM-CATHETER-FOLEY,Catheter Foley
SBRN4127,Hospital I,KQ3208HR,NIM-CATHETER-FOLEY,Catheter Foley
SBRN4128,Hospital I,TG68586T,NIM-CATHETER-FOLEY,Catheter Foley
SBRN4129,Hospital I,VT0903J0,NIM-CATHETER-FOLEY,Catheter Foley
SBRN4130,Hospital I,ZV1324PS,NIM-CATHETER-FOLEY,Catheter Foley
SBRN4131,Hospital I,BH2557R3,NIM-CATHETER-FOLEY,Catheter Foley
SBRN4132,Hospital I,DW6579GD,NIM-CATHETER-FOLEY,Catheter Foley
SBRN4133,Hospital I,IS5990VC,NIM-CATHETER-FOLEY,Catheter Foley
SBRN4134,Hospital I,JJ0396I3,NIM-CATHETER-FOLEY,Catheter Foley
SBRN4135,Hospital I,UF4797PQ,NIM-CATHETER-FOLEY,Catheter Foley
SBRN4136,Hospital I,WZ0721YI,NIM-CATHETER-FOLEY,Catheter Foley
SBRN4137,Hospital I,XF37209R,NIM-CATHETER-FOLEY,Catheter Foley
SBRN4138,Hospital I,YB9050S3,NIM-CATHETER-FOLEY,Catheter Foley
SBRN4139,Hospital I,GJ46299B,NIM-COMPRESSION-BANDAGE,Compression Bandage
SBRN4140,Hospital I,PZ786862,NIM-COMPRESSION-BANDAGE,Compression Bandage
SBRN4141,Hospital I,QN6385TO,NIM-COMPRESSION-BANDAGE,Compression Bandage
SBRN4142,Hospital I,SU987315,NIM-COMPRESSION-BANDAGE,Compression Bandage
SBRN4143,Hospital I,UV53950K,NIM-COMPRESSION-BANDAGE,Compression Bandage
SBRN4144,Hospital I,UW1644DT,NIM-COMPRESSION-BANDAGE,Compression Bandage
SBRN4145,Hospital I,VH37271D,NIM-COMPRESSION-BANDAGE,Compression Bandage
SBRN4146,Hospital I,VW0591HK,NIM-COMPRESSION-BANDAGE,Compression Bandage
SBRN4147,Hospital I,XE0510RM,NIM-COMPRESSION-BANDAGE,Compression Bandage
SBRN4148,Hospital I,GY0493CZ,NIM-COMPRESSION-BANDAGE,Compression Bandage
SBRN4149,Hospital I,IA3884LD,NIM-COMPRESSION-BANDAGE,Compression Bandage
SBRN4150,Hospital I,IP8710L1,NIM-COMPRESSION-BANDAGE,Compression Bandage
SBRN4151,Hospital I,LU4108Z6,NIM-COMPRESSION-BANDAGE,Compression Bandage
SBRN4152,Hospital I,RH8174S6,NIM-COMPRESSION-BANDAGE,Compression Bandage
SBRN4153,Hospital I,SZ0000LK,NIM-COMPRESSION-BANDAGE,Compression Bandage
SBRN4154,Hospital I,TT2592G6,NIM-COMPRESSION-BANDAGE,Compression Bandage
SBRN4155,Hospital I,VD243919,NIM-COMPRESSION-BANDAGE,Compression Bandage
SBRN4156,Hospital I,VN5034QW,NIM-COMPRESSION-BANDAGE,Compression Bandage
SBRN4157,Hospital I,WZ0721YI,NIM-COMPRESSION-BANDAGE,Compression Bandage
SBRN4158,Hospital I,ZJ5745XO,NIM-COMPRESSION-BANDAGE,Compression Bandage
SBRN4159,Hospital I,EW9481ON,NIM-COMPRESSION-BANDAGE,Compression Bandage
SBRN4160,Hospital I,FK2380US,NIM-COMPRESSION-BANDAGE,Compression Bandage
SBRN4161,Hospital I,GY0493CZ,NIM-COMPRESSION-BANDAGE,Compression Bandage
SBRN4162,Hospital I,HL5079UK,NIM-COMPRESSION-BANDAGE,Compression Bandage
SBRN4163,Hospital I,LP5396QJ,NIM-COMPRESSION-BANDAGE,Compression Bandage
SBRN4164,Hospital I,UD7372PH,NIM-COMPRESSION-BANDAGE,Compression Bandage
SBRN4165,Hospital I,UF4797PQ,NIM-COMPRESSION-BANDAGE,Compression Bandage
SBRN4166,Hospital I,UJ26605A,NIM-COMPRESSION-BANDAGE,Compression Bandage
SBRN4167,Hospital I,WD48388H,NIM-COMPRESSION-BANDAGE,Compression Bandage
SBRN4168,Hospital I,YI5164SY,NIM-COMPRESSION-BANDAGE,Compression Bandage
SBRN4169,Hospital I,EL13636Z,NIM-COMPRESSION-BANDAGE,Compression Bandage
SBRN4170,Hospital I,IG7081C4,NIM-COMPRESSION-BANDAGE,Compression Bandage
SBRN4171,Hospital I,JZ1972LG,NIM-COMPRESSION-BANDAGE,Compression Bandage
SBRN4172,Hospital I,LY737885,NIM-COMPRESSION-BANDAGE,Compression Bandage
SBRN4173,Hospital I,PU3657AI,NIM-COMPRESSION-BANDAGE,Compression Bandage
SBRN4174,Hospital I,QJ11272I,NIM-COMPRESSION-BANDAGE,Compression Bandage
SBRN4175,Hospital I,SJ1818B8,NIM-COMPRESSION-BANDAGE,Compression Bandage
SBRN4176,Hospital I,TV5792YY,NIM-COMPRESSION-BANDAGE,Compression Bandage
SBRN4177,Hospital I,TV5792YY,NIM-COMPRESSION-BANDAGE,Compression Bandage
SBRN4178,Hospital I,XE9124H9,NIM-COMPRESSION-BANDAGE,Compression Bandage
SBRN4179,Hospital I,XR6968LB,NIM-COMPRESSION-BANDAGE,Compression Bandage
SBRN4180,Hospital I,YW0444ME,NIM-COMPRESSION-BANDAGE,Compression Bandage
SBRN4181,Hospital I,AL0701LK,NIM-COMPRESSION-BANDAGE,Compression Bandage
SBRN4182,Hospital I,RQ90248J,NIM-COMPRESSION-BANDAGE,Compression Bandage
SBRN4183,Hospital I,BR39441D,NIM-COMPRESSION-BANDAGE,Compression Bandage
SBRN4184,Hospital I,FN1237DR,NIM-COMPRESSION-BANDAGE,Compression Bandage
SBRN4185,Hospital I,IC2357ZF,NIM-COMPRESSION-BANDAGE,Compression Bandage
SBRN4186,Hospital I,QY8766U2,NIM-COMPRESSION-BANDAGE,Compression Bandage
SBRN4187,Hospital I,UF4797PQ,NIM-COMPRESSION-BANDAGE,Compression Bandage
SBRN4188,Hospital I,ZV1324PS,NIM-COMPRESSION-BANDAGE,Compression Bandage
SBRN4189,Hospital I,AM7780BJ,NIM-COMPRESSION-BANDAGE,Compression Bandage
SBRN4190,Hospital I,DZ0163LH,NIM-COMPRESSION-BANDAGE,Compression Bandage
SBRN4191,Hospital I,EM4241YE,NIM-COMPRESSION-BANDAGE,Compression Bandage
SBRN4192,Hospital I,QJ11272I,NIM-COMPRESSION-BANDAGE,Compression Bandage
SBRN4193,Hospital I,RH8174S6,NIM-COMPRESSION-BANDAGE,Compression Bandage
SBRN4194,Hospital I,TG68586T,NIM-COMPRESSION-BANDAGE,Compression Bandage
SBRN4195,Hospital I,ZJ9907ER,NIM-COMPRESSION-BANDAGE,Compression Bandage
SBRN4196,Hospital I,ZN7542V6,NIM-COMPRESSION-BANDAGE,Compression Bandage
SBRN4197,Hospital I,EM4241YE,NIM-IV-BAG-500ML,IV Bag 500ml
SBRN4198,Hospital I,FR2962MK,NIM-IV-BAG-500ML,IV Bag 500ml
SBRN4199,Hospital I,KH5869TV,NIM-IV-BAG-500ML,IV Bag 500ml
SBRN4200,Hospital I,LJ8490BS,NIM-IV-BAG-500ML,IV Bag 500ml
SBRN4201,Hospital I,LJ8490BS,NIM-IV-BAG-500ML,IV Bag 500ml
SBRN4202,Hospital I,NB1565G4,NIM-IV-BAG-500ML,IV Bag 500ml
SBRN4203,Hospital I,NB1565G4,NIM-IV-BAG-500ML,IV Bag 500ml
SBRN4204,Hospital I,RH8174S6,NIM-IV-BAG-500ML,IV Bag 500ml
SBRN4205,Hospital I,RP5839A5,NIM-IV-BAG-500ML,IV Bag 500ml
SBRN4206,Hospital I,UO613821,NIM-IV-BAG-500ML,IV Bag 500ml
SBRN4207,Hospital I,FC4725NV,NIM-IV-BAG-500ML,IV Bag 500ml
SBRN4208,Hospital I,NT93196L,NIM-IV-BAG-500ML,IV Bag 500ml
SBRN4209,Hospital I,OA9917NG,NIM-IV-BAG-500ML,IV Bag 500ml
SBRN4210,Hospital I,QB7777QV,NIM-IV-BAG-500ML,IV Bag 500ml
SBRN4211,Hospital I,QL2442X8,NIM-IV-BAG-500ML,IV Bag 500ml
SBRN4212,Hospital I,TI95782C,NIM-IV-BAG-500ML,IV Bag 500ml
SBRN4213,Hospital I,UF4797PQ,NIM-IV-BAG-500ML,IV Bag 500ml
SBRN4214,Hospital I,IA3884LD,NIM-IV-BAG-500ML,IV Bag 500ml
SBRN4215,Hospital I,MO07319X,NIM-IV-BAG-500ML,IV Bag 500ml
SBRN4216,Hospital I,OW9422IO,NIM-IV-BAG-500ML,IV Bag 500ml
SBRN4217,Hospital I,PU3657AI,NIM-IV-BAG-500ML,IV Bag 500ml
SBRN4218,Hospital I,PZ786862,NIM-IV-BAG-500ML,IV Bag 500ml
SBRN4219,Hospital I,TG68586T,NIM-IV-BAG-500ML,IV Bag 500ml
SBRN4220,Hospital I,UD7372PH,NIM-IV-BAG-500ML,IV Bag 500ml
SBRN4221,Hospital I,UF4797PQ,NIM-IV-BAG-500ML,IV Bag 500ml
SBRN4222,Hospital I,UO613821,NIM-IV-BAG-500ML,IV Bag 500ml
SBRN4223,Hospital I,UO613821,NIM-IV-BAG-500ML,IV Bag 500ml
SBRN4224,Hospital I,WP9202ZO,NIM-IV-BAG-500ML,IV Bag 500ml
SBRN4225,Hospital I,HC144029,NIM-IV-BAG-500ML,IV Bag 500ml
SBRN4226,Hospital I,IA3884LD,NIM-IV-BAG-500ML,IV Bag 500ml
SBRN4227,Hospital I,KD3594F4,NIM-IV-BAG-500ML,IV Bag 500ml
SBRN4228,Hospital I,LJ8490BS,NIM-IV-BAG-500ML,IV Bag 500ml
SBRN4229,Hospital I,MK1023EE,NIM-IV-BAG-500ML,IV Bag 500ml
SBRN4230,Hospital I,WZ0721YI,NIM-IV-BAG-500ML,IV Bag 500ml
SBRN4231,Hospital I,FR8055GA,NIM-IV-BAG-500ML,IV Bag 500ml
SBRN4232,Hospital I,XT4082V2,NIM-IV-BAG-500ML,IV Bag 500ml
SBRN4233,Hospital I,CB9363EO,NIM-IV-BAG-500ML,IV Bag 500ml
SBRN4234,Hospital I,DC8155X0,NIM-IV-BAG-500ML,IV Bag 500ml
SBRN4235,Hospital I,DY6863MS,NIM-IV-BAG-500ML,IV Bag 500ml
SBRN4236,Hospital I,IS5990VC,NIM-IV-BAG-500ML,IV Bag 500ml
SBRN4237,Hospital I,OB60306X,NIM-IV-BAG-500ML,IV Bag 500ml
SBRN4238,Hospital I,TG68586T,NIM-IV-BAG-500ML,IV Bag 500ml
SBRN4239,Hospital I,TG68586T,NIM-IV-BAG-500ML,IV Bag 500ml
SBRN4240,Hospital I,TM1604CK,NIM-IV-BAG-500ML,IV Bag 500ml
SBRN4241,Hospital I,BF2061R0,NIM-IV-BAG-500ML,IV Bag 500ml
SBRN4242,Hospital I,DP1682T7,NIM-IV-BAG-500ML,IV Bag 500ml
SBRN4243,Hospital I,DQ5513ZJ,NIM-IV-BAG-500ML,IV Bag 500ml
SBRN4244,Hospital I,OL357640,NIM-IV-BAG-500ML,IV Bag 500ml
SBRN4245,Hospital I,QL59662R,NIM-IV-BAG-500ML,IV Bag 500ml
SBRN4246,Hospital I,QL59662R,NIM-IV-BAG-500ML,IV Bag 500ml
SBRN4247,Hospital I,TG68586T,NIM-IV-BAG-500ML,IV Bag 500ml
SBRN4248,Hospital I,TT2608AP,NIM-IV-BAG-500ML,IV Bag 500ml
SBRN4249,Hospital I,ZD7018VO,NIM-IV-BAG-500ML,IV Bag 500ml
SBRN4250,Hospital I,VT0903J0,NIM-IV-BAG-500ML,IV Bag 500ml
SBRN4251,Hospital I,YW0444ME,NIM-IV-BAG-500ML,IV Bag 500ml
SBRN4252,Hospital I,JE4634TC,NIM-SCALPEL-SIZE-10,Scalpel Size 10
SBRN4253,Hospital I,KQ3208HR,NIM-SCALPEL-SIZE-10,Scalpel Size 10
SBRN4254,Hospital I,LY737885,NIM-SCALPEL-SIZE-10,Scalpel Size 10
SBRN4255,Hospital I,QZ0210S5,NIM-SCALPEL-SIZE-10,Scalpel Size 10
SBRN4256,Hospital I,RP5839A5,NIM-SCALPEL-SIZE-10,Scalpel Size 10
SBRN4257,Hospital I,UD7372PH,NIM-SCALPEL-SIZE-10,Scalpel Size 10
SBRN4258,Hospital I,VT0903J0,NIM-SCALPEL-SIZE-10,Scalpel Size 10
SBRN4259,Hospital I,BR6888EV,NIM-SCALPEL-SIZE-10,Scalpel Size 10
SBRN4260,Hospital I,DC8155X0,NIM-SCALPEL-SIZE-10,Scalpel Size 10
SBRN4261,Hospital I,IE0618UI,NIM-SCALPEL-SIZE-10,Scalpel Size 10
SBRN4262,Hospital I,OX9440QU,NIM-SCALPEL-SIZE-10,Scalpel Size 10
SBRN4263,Hospital I,VL25854C,NIM-SCALPEL-SIZE-10,Scalpel Size 10
SBRN4264,Hospital I,DC8155X0,NIM-SCALPEL-SIZE-10,Scalpel Size 10
SBRN4265,Hospital I,OJ83977D,NIM-SCALPEL-SIZE-10,Scalpel Size 10
SBRN4266,Hospital I,VN5034QW,NIM-SCALPEL-SIZE-10,Scalpel Size 10
SBRN4267,Hospital I,WB0004MM,NIM-SCALPEL-SIZE-10,Scalpel Size 10
SBRN4268,Hospital I,GN4000ZL,NIM-SCALPEL-SIZE-10,Scalpel Size 10
SBRN4269,Hospital I,LJ8490BS,NIM-SCALPEL-SIZE-10,Scalpel Size 10
SBRN4270,Hospital I,LJ8490BS,NIM-SCALPEL-SIZE-10,Scalpel Size 10
SBRN4271,Hospital I,OA9917NG,NIM-SCALPEL-SIZE-10,Scalpel Size 10
SBRN4272,Hospital I,QA5527LA,NIM-SCALPEL-SIZE-10,Scalpel Size 10
SBRN4273,Hospital I,XU5084IK,NIM-SCALPEL-SIZE-10,Scalpel Size 10
SBRN4274,Hospital I,CB9363EO,NIM-SCALPEL-SIZE-10,Scalpel Size 10
SBRN4275,Hospital I,DI28328O,NIM-SCALPEL-SIZE-10,Scalpel Size 10
SBRN4276,Hospital I,EK2550T2,NIM-SCALPEL-SIZE-10,Scalpel Size 10
SBRN4277,Hospital I,OF98185V,NIM-SCALPEL-SIZE-10,Scalpel Size 10
SBRN4278,Hospital I,SK07447E,NIM-SCALPEL-SIZE-10,Scalpel Size 10
SBRN4279,Hospital I,TV5792YY,NIM-SCALPEL-SIZE-10,Scalpel Size 10
SBRN4280,Hospital I,VA21882Z,NIM-SCALPEL-SIZE-10,Scalpel Size 10
SBRN4281,Hospital I,VA21882Z,NIM-SCALPEL-SIZE-10,Scalpel Size 10
SBRN4282,Hospital I,WV5304RM,NIM-SCALPEL-SIZE-10,Scalpel Size 10
SBRN4283,Hospital I,TI95782C,NIM-SCALPEL-SIZE-10,Scalpel Size 10
SBRN4284,Hospital I,FK2380US,NIM-SCALPEL-SIZE-10,Scalpel Size 10
SBRN4285,Hospital I,FR2962MK,NIM-SCALPEL-SIZE-10,Scalpel Size 10
SBRN4286,Hospital I,GK7546UA,NIM-SCALPEL-SIZE-10,Scalpel Size 10
SBRN4287,Hospital I,SU987315,NIM-SCALPEL-SIZE-10,Scalpel Size 10
SBRN4288,Hospital I,UW1644DT,NIM-SCALPEL-SIZE-10,Scalpel Size 10
SBRN4289,Hospital I,VN5034QW,NIM-SCALPEL-SIZE-10,Scalpel Size 10
SBRN4290,Hospital I,VT0903J0,NIM-SCALPEL-SIZE-10,Scalpel Size 10
SBRN4291,Hospital I,ZR25178Y,NIM-SCALPEL-SIZE-10,Scalpel Size 10
SBRN4292,Hospital I,DC8155X0,NIM-SCALPEL-SIZE-10,Scalpel Size 10
SBRN4293,Hospital I,DP1682T7,NIM-SCALPEL-SIZE-10,Scalpel Size 10
SBRN4294,Hospital I,FR2962MK,NIM-SCALPEL-SIZE-10,Scalpel Size 10
SBRN4295,Hospital I,RQ90248J,NIM-SCALPEL-SIZE-10,Scalpel Size 10
SBRN4296,Hospital I,TV5792YY,NIM-SCALPEL-SIZE-10,Scalpel Size 10
SBRN4297,Hospital I,VA21882Z,NIM-SCALPEL-SIZE-10,Scalpel Size 10
SBRN4298,Hospital I,WO7122TX,NIM-SCALPEL-SIZE-10,Scalpel Size 10
SBRN4299,Hospital I,WP9202ZO,NIM-SCALPEL-SIZE-10,Scalpel Size 10
SBRN4300,Hospital I,XE45310N,NIM-SCALPEL-SIZE-10,Scalpel Size 10
SBRN4301,Hospital I,YI5164SY,NIM-SCALPEL-SIZE-10,Scalpel Size 10
SBRN4302,Hospital I,NG19643Z,NIM-SURGICAL-GLOVES,Surgical Gloves
SBRN4303,Hospital I,QJ11272I,NIM-SURGICAL-GLOVES,Surgical Gloves
SBRN4304,Hospital I,QL2442X8,NIM-SURGICAL-GLOVES,Surgical Gloves
SBRN4305,Hospital I,QN6385TO,NIM-SURGICAL-GLOVES,Surgical Gloves
SBRN4306,Hospital I,QY8766U2,NIM-SURGICAL-GLOVES,Surgical Gloves
SBRN4307,Hospital I,TV5792YY,NIM-SURGICAL-GLOVES,Surgical Gloves
SBRN4308,Hospital I,AZ8246KO,NIM-SURGICAL-GLOVES,Surgical Gloves
SBRN4309,Hospital I,OL357640,NIM-SURGICAL-GLOVES,Surgical Gloves
SBRN4310,Hospital I,PZ786862,NIM-SURGICAL-GLOVES,Surgical Gloves
SBRN4311,Hospital I,QJ11272I,NIM-SURGICAL-GLOVES,Surgical Gloves
SBRN4312,Hospital I,UO613821,NIM-SURGICAL-GLOVES,Surgical Gloves
SBRN4313,Hospital I,XK12913V,NIM-SURGICAL-GLOVES,Surgical Gloves
SBRN4314,Hospital I,ZA9897Q0,NIM-SURGICAL-GLOVES,Surgical Gloves
SBRN4315,Hospital I,JZ1972LG,NIM-SURGICAL-GLOVES,Surgical Gloves
SBRN4316,Hospital I,AG58754Y,NIM-SURGICAL-GLOVES,Surgical Gloves
SBRN4317,Hospital I,EJ4395OX,NIM-SURGICAL-GLOVES,Surgical Gloves
SBRN4318,Hospital I,FY4110F4,NIM-SURGICAL-GLOVES,Surgical Gloves
SBRN4319,Hospital I,GN4000ZL,NIM-SURGICAL-GLOVES,Surgical Gloves
SBRN4320,Hospital I,IA3884LD,NIM-SURGICAL-GLOVES,Surgical Gloves
SBRN4321,Hospital I,IA3884LD,NIM-SURGICAL-GLOVES,Surgical Gloves
SBRN4322,Hospital I,IA3884LD,NIM-SURGICAL-GLOVES,Surgical Gloves
SBRN4323,Hospital I,TT2608AP,NIM-SURGICAL-GLOVES,Surgical Gloves
SBRN4324,Hospital I,UF4797PQ,NIM-SURGICAL-GLOVES,Surgical Gloves
SBRN4325,Hospital I,VH37271D,NIM-SURGICAL-GLOVES,Surgical Gloves
SBRN4326,Hospital I,VV29624E,NIM-SURGICAL-GLOVES,Surgical Gloves
SBRN4327,Hospital I,WO6025C5,NIM-SURGICAL-GLOVES,Surgical Gloves
SBRN4328,Hospital I,ZH3387XM,NIM-SURGICAL-GLOVES,Surgical Gloves
SBRN4329,Hospital I,DU9465B2,NIM-SURGICAL-GLOVES,Surgical Gloves
SBRN4330,Hospital I,OL357640,NIM-SURGICAL-GLOVES,Surgical Gloves
SBRN4331,Hospital I,QQ95784F,NIM-SURGICAL-GLOVES,Surgical Gloves
SBRN4332,Hospital I,ID7581SP,NIM-SURGICAL-GLOVES,Surgical Gloves
SBRN4333,Hospital I,PT3621O9,NIM-SURGICAL-GLOVES,Surgical Gloves
SBRN4334,Hospital I,DC4965FU,NIM-SURGICAL-GLOVES,Surgical Gloves
SBRN4335,Hospital I,DU70918F,NIM-SURGICAL-GLOVES,Surgical Gloves
SBRN4336,Hospital I,DU70918F,NIM-SURGICAL-GLOVES,Surgical Gloves
SBRN4337,Hospital I,TG68586T,NIM-SURGICAL-GLOVES,Surgical Gloves
SBRN4338,Hospital I,WZ0721YI,NIM-SURGICAL-GLOVES,Surgical Gloves
SBRN4339,Hospital I,ZL87938L,NIM-SURGICAL-GLOVES,Surgical Gloves
SBRN4340,Hospital I,LU4108Z6,NIM-SURGICAL-GLOVES,Surgical Gloves
SBRN4341,Hospital I,MK4939WH,NIM-SURGICAL-GLOVES,Surgical Gloves
SBRN4342,Hospital I,NR4939MF,NIM-SURGICAL-GLOVES,Surgical Gloves
SBRN4343,Hospital I,NT93196L,NIM-SURGICAL-GLOVES,Surgical Gloves
SBRN4344,Hospital I,SC9979NV,NIM-SURGICAL-GLOVES,Surgical Gloves
SBRN4345,Hospital I,VW0591HK,NIM-SURGICAL-GLOVES,Surgical Gloves
SBRN4346,Hospital I,EB92305N,NIM-SYRINGE-10ML,Syringe 10ml
SBRN4347,Hospital I,LJ7299TB,NIM-SYRINGE-10ML,Syringe 10ml
SBRN4348,Hospital I,NY8048XZ,NIM-SYRINGE-10ML,Syringe 10ml
SBRN4349,Hospital I,AL0701LK,NIM-SYRINGE-10ML,Syringe 10ml
SBRN4350,Hospital I,CB9363EO,NIM-SYRINGE-10ML,Syringe 10ml
SBRN4351,Hospital I,FH3403RT,NIM-SYRINGE-10ML,Syringe 10ml
SBRN4352,Hospital I,MZ0765K7,NIM-SYRINGE-10ML,Syringe 10ml
SBRN4353,Hospital I,QJ11272I,NIM-SYRINGE-10ML,Syringe 10ml
SBRN4354,Hospital I,QJ11272I,NIM-SYRINGE-10ML,Syringe 10ml
SBRN4355,Hospital I,KH5869TV,NIM-SYRINGE-10ML,Syringe 10ml
SBRN4356,Hospital I,RY6898IX,NIM-SYRINGE-10ML,Syringe 10ml
SBRN4357,Hospital I,XO4888OL,NIM-SYRINGE-10ML,Syringe 10ml
SBRN4358,Hospital I,ZD7018VO,NIM-SYRINGE-10ML,Syringe 10ml
SBRN4359,Hospital I,ZJ9907ER,NIM-SYRINGE-10ML,Syringe 10ml
SBRN4360,Hospital I,JJ0396I3,NIM-SYRINGE-10ML,Syringe 10ml
SBRN4361,Hospital I,JQ54494E,NIM-SYRINGE-10ML,Syringe 10ml
SBRN4362,Hospital I,PT3621O9,NIM-SYRINGE-10ML,Syringe 10ml
SBRN4363,Hospital I,TT2592G6,NIM-SYRINGE-10ML,Syringe 10ml
SBRN4364,Hospital I,XR6968LB,NIM-SYRINGE-10ML,Syringe 10ml
SBRN4365,Hospital I,XU5084IK,NIM-SYRINGE-10ML,Syringe 10ml
SBRN4366,Hospital I,HL5079UK,NIM-SYRINGE-10ML,Syringe 10ml
SBRN4367,Hospital I,IP8710L1,NIM-SYRINGE-10ML,Syringe 10ml
SBRN4368,Hospital I,SZ0000LK,NIM-SYRINGE-10ML,Syringe 10ml
SBRN4369,Hospital I,BN5332ES,NIM-SYRINGE-10ML,Syringe 10ml
SBRN4370,Hospital I,FH3403RT,NIM-SYRINGE-10ML,Syringe 10ml
SBRN4371,Hospital I,LT25050L,NIM-SYRINGE-10ML,Syringe 10ml
SBRN4372,Hospital I,ML36024D,NIM-SYRINGE-10ML,Syringe 10ml
SBRN4373,Hospital I,QJ11272I,NIM-SYRINGE-10ML,Syringe 10ml
SBRN4374,Hospital I,WZ0721YI,NIM-SYRINGE-10ML,Syringe 10ml
SBRN4375,Hospital I,XE0510RM,NIM-SYRINGE-10ML,Syringe 10ml
SBRN4376,Hospital I,ZL87938L,NIM-SYRINGE-10ML,Syringe 10ml
SBRN4377,Hospital I,CB9363EO,NIM-SYRINGE-10ML,Syringe 10ml
SBRN4378,Hospital I,DY9529YZ,NIM-SYRINGE-10ML,Syringe 10ml
SBRN4379,Hospital I,GM3690GN,NIM-SYRINGE-10ML,Syringe 10ml
SBRN4380,Hospital I,LJ8490BS,NIM-SYRINGE-10ML,Syringe 10ml
SBRN4381,Hospital I,LJ8490BS,NIM-SYRINGE-10ML,Syringe 10ml
SBRN4382,Hospital I,OL357640,NIM-SYRINGE-10ML,Syringe 10ml
SBRN4383,Hospital I,OL357640,NIM-SYRINGE-10ML,Syringe 10ml
SBRN4384,Hospital I,PZ786862,NIM-SYRINGE-10ML,Syringe 10ml
SBRN4385,Hospital I,QZ0210S5,NIM-SYRINGE-10ML,Syringe 10ml
SBRN4386,Hospital I,DA8233OU,NIM-THERMOMETER-DIGITAL,Thermometer Digital
SBRN4387,Hospital I,DC8155X0,NIM-THERMOMETER-DIGITAL,Thermometer Digital
SBRN4388,Hospital I,DU70918F,NIM-THERMOMETER-DIGITAL,Thermometer Digital
SBRN4389,Hospital I,NB1565G4,NIM-THERMOMETER-DIGITAL,Thermometer Digital
SBRN4390,Hospital I,NB1565G4,NIM-THERMOMETER-DIGITAL,Thermometer Digital
SBRN4391,Hospital I,NR4939MF,NIM-THERMOMETER-DIGITAL,Thermometer Digital
SBRN4392,Hospital I,QC24521B,NIM-THERMOMETER-DIGITAL,Thermometer Digital
SBRN4393,Hospital I,QJ11272I,NIM-THERMOMETER-DIGITAL,Thermometer Digital
SBRN4394,Hospital I,TG68586T,NIM-THERMOMETER-DIGITAL,Thermometer Digital
SBRN4395,Hospital I,XU5084IK,NIM-THERMOMETER-DIGITAL,Thermometer Digital
SBRN4396,Hospital I,CM586454,NIM-THERMOMETER-DIGITAL,Thermometer Digital
SBRN4397,Hospital I,MK1023EE,NIM-THERMOMETER-DIGITAL,Thermometer Digital
SBRN4398,Hospital I,QJ11272I,NIM-THERMOMETER-DIGITAL,Thermometer Digital
SBRN4399,Hospital I,UW1644DT,NIM-THERMOMETER-DIGITAL,Thermometer Digital
SBRN4400,Hospital I,YN9826XZ,NIM-THERMOMETER-DIGITAL,Thermometer Digital
SBRN4401,Hospital I,GM3690GN,NIM-THERMOMETER-DIGITAL,Thermometer Digital
SBRN4402,Hospital I,NB1565G4,NIM-THERMOMETER-DIGITAL,Thermometer Digital
SBRN4403,Hospital I,AV2968BA,NIM-THERMOMETER-DIGITAL,Thermometer Digital
SBRN4404,Hospital I,CR5139BG,NIM-THERMOMETER-DIGITAL,Thermometer Digital
SBRN4405,Hospital I,IH75317G,NIM-THERMOMETER-DIGITAL,Thermometer Digital
SBRN4406,Hospital I,NB1565G4,NIM-THERMOMETER-DIGITAL,Thermometer Digital
SBRN4407,Hospital I,NG19643Z,NIM-THERMOMETER-DIGITAL,Thermometer Digital
SBRN4408,Hospital I,OI6305JV,NIM-THERMOMETER-DIGITAL,Thermometer Digital
SBRN4409,Hospital I,RP5839A5,NIM-THERMOMETER-DIGITAL,Thermometer Digital
SBRN4410,Hospital I,VH37271D,NIM-THERMOMETER-DIGITAL,Thermometer Digital
SBRN4411,Hospital I,VT0903J0,NIM-THERMOMETER-DIGITAL,Thermometer Digital
SBRN4412,Hospital I,WV5304RM,NIM-THERMOMETER-DIGITAL,Thermometer Digital
SBRN4413,Hospital I,YI5164SY,NIM-THERMOMETER-DIGITAL,Thermometer Digital
SBRN4414,Hospital I,DI63161W,NIM-THERMOMETER-DIGITAL,Thermometer Digital
SBRN4415,Hospital I,JA0610CR,NIM-THERMOMETER-DIGITAL,Thermometer Digital
SBRN4416,Hospital I,LF7143NR,NIM-THERMOMETER-DIGITAL,Thermometer Digital
SBRN4417,Hospital I,NY8048XZ,NIM-THERMOMETER-DIGITAL,Thermometer Digital
SBRN4418,Hospital I,UF4797PQ,NIM-THERMOMETER-DIGITAL,Thermometer Digital
SBRN4419,Hospital I,VN5034QW,NIM-THERMOMETER-DIGITAL,Thermometer Digital
SBRN4420,Hospital I,YK9467I5,NIM-THERMOMETER-DIGITAL,Thermometer Digital
SBRN4421,Hospital I,UJ26605A,NIM-THERMOMETER-DIGITAL,Thermometer Digital
SBRN4422,Hospital I,DU70918F,NIM-THERMOMETER-DIGITAL,Thermometer Digital
SBRN4423,Hospital I,FR2962MK,NIM-THERMOMETER-DIGITAL,Thermometer Digital
SBRN4424,Hospital I,IA3884LD,NIM-THERMOMETER-DIGITAL,Thermometer Digital
SBRN4425,Hospital I,MI4724L2,NIM-THERMOMETER-DIGITAL,Thermometer Digital
SBRN4426,Hospital I,SQ0518R7,NIM-THERMOMETER-DIGITAL,Thermometer Digital
SBRN4427,Hospital I,VH37271D,NIM-THERMOMETER-DIGITAL,Thermometer Digital
SBRN4428,Hospital I,YI5164SY,NIM-THERMOMETER-DIGITAL,Thermometer Digital
SBRN4429,Hospital I,ZH68465Z,NIM-THERMOMETER-DIGITAL,Thermometer Digital
SBRN4430,Hospital I,AY0563YX,NIM-THERMOMETER-DIGITAL,Thermometer Digital
SBRN4431,Hospital I,DW6579GD,NIM-THERMOMETER-DIGITAL,Thermometer Digital
SBRN4432,Hospital I,FU2970ZP,NIM-THERMOMETER-DIGITAL,Thermometer Digital
SBRN4433,Hospital I,LJ8490BS,NIM-THERMOMETER-DIGITAL,Thermometer Digital
SBRN4434,Hospital I,LY737885,NIM-THERMOMETER-DIGITAL,Thermometer Digital
SBRN4435,Hospital I,PT3621O9,NIM-THERMOMETER-DIGITAL,Thermometer Digital
SBRN4436,Hospital I,YE2085BO,NIM-THERMOMETER-DIGITAL,Thermometer Digital
SBRN4437,Hospital I,CB9363EO,NIM-WOUND-DRESSING-LARGE,Wound Dressing Large
SBRN4438,Hospital I,EJ4395OX,NIM-WOUND-DRESSING-LARGE,Wound Dressing Large
SBRN4439,Hospital I,ID7581SP,NIM-WOUND-DRESSING-LARGE,Wound Dressing Large
SBRN4440,Hospital I,IQ4031ER,NIM-WOUND-DRESSING-LARGE,Wound Dressing Large
SBRN4441,Hospital I,JJ0396I3,NIM-WOUND-DRESSING-LARGE,Wound Dressing Large
SBRN4442,Hospital I,RO29429S,NIM-WOUND-DRESSING-LARGE,Wound Dressing Large
SBRN4443,Hospital I,RP5839A5,NIM-WOUND-DRESSING-LARGE,Wound Dressing Large
SBRN4444,Hospital I,VN5034QW,NIM-WOUND-DRESSING-LARGE,Wound Dressing Large
SBRN4445,Hospital I,WV5304RM,NIM-WOUND-DRESSING-LARGE,Wound Dressing Large
SBRN4446,Hospital I,ZJ5745XO,NIM-WOUND-DRESSING-LARGE,Wound Dressing Large
SBRN4447,Hospital I,ZV1324PS,NIM-WOUND-DRESSING-LARGE,Wound Dressing Large
SBRN4448,Hospital I,HN883458,NIM-WOUND-DRESSING-LARGE,Wound Dressing Large
SBRN4449,Hospital I,BB24215Q,NIM-WOUND-DRESSING-LARGE,Wound Dressing Large
SBRN4450,Hospital I,EX44466Z,NIM-WOUND-DRESSING-LARGE,Wound Dressing Large
SBRN4451,Hospital I,JZ1972LG,NIM-WOUND-DRESSING-LARGE,Wound Dressing Large
SBRN4452,Hospital I,NB1565G4,NIM-WOUND-DRESSING-LARGE,Wound Dressing Large
SBRN4453,Hospital I,OH5436AO,NIM-WOUND-DRESSING-LARGE,Wound Dressing Large
SBRN4454,Hospital I,PU3657AI,NIM-WOUND-DRESSING-LARGE,Wound Dressing Large
SBRN4455,Hospital I,QL59662R,NIM-WOUND-DRESSING-LARGE,Wound Dressing Large
SBRN4456,Hospital I,RP5839A5,NIM-WOUND-DRESSING-LARGE,Wound Dressing Large
SBRN4457,Hospital I,SM45388F,NIM-WOUND-DRESSING-LARGE,Wound Dressing Large
SBRN4458,Hospital I,TG68586T,NIM-WOUND-DRESSING-LARGE,Wound Dressing Large
SBRN4459,Hospital I,VD243919,NIM-WOUND-DRESSING-LARGE,Wound Dressing Large
SBRN4460,Hospital I,YB9050S3,NIM-WOUND-DRESSING-LARGE,Wound Dressing Large
SBRN4461,Hospital I,ZD7018VO,NIM-WOUND-DRESSING-LARGE,Wound Dressing Large
SBRN4462,Hospital I,AZ2519G1,NIM-WOUND-DRESSING-LARGE,Wound Dressing Large
SBRN4463,Hospital I,BU8415WB,NIM-WOUND-DRESSING-LARGE,Wound Dressing Large
SBRN4464,Hospital I,IA3884LD,NIM-WOUND-DRESSING-LARGE,Wound Dressing Large
SBRN4465,Hospital I,OL357640,NIM-WOUND-DRESSING-LARGE,Wound Dressing Large
SBRN4466,Hospital I,FQ1785XX,NIM-WOUND-DRESSING-LARGE,Wound Dressing Large
SBRN4467,Hospital I,NB1565G4,NIM-WOUND-DRESSING-LARGE,Wound Dressing Large
SBRN4468,Hospital I,NB1565G4,NIM-WOUND-DRESSING-LARGE,Wound Dressing Large
SBRN4469,Hospital I,PC394338,NIM-WOUND-DRESSING-LARGE,Wound Dressing Large
SBRN4470,Hospital I,TG68586T,NIM-WOUND-DRESSING-LARGE,Wound Dressing Large
SBRN4471,Hospital I,XR6968LB,NIM-WOUND-DRESSING-LARGE,Wound Dressing Large
SBRN4472,Hospital I,GY0493CZ,NIM-WOUND-DRESSING-LARGE,Wound Dressing Large
SBRN4473,Hospital I,NB1565G4,NIM-WOUND-DRESSING-LARGE,Wound Dressing Large
SBRN4474,Hospital I,NI4913HC,NIM-WOUND-DRESSING-LARGE,Wound Dressing Large
SBRN4475,Hospital I,QL59662R,NIM-WOUND-DRESSING-LARGE,Wound Dressing Large
SBRN4476,Hospital I,SE4328A9,NIM-WOUND-DRESSING-LARGE,Wound Dressing Large
SBRN4477,Hospital I,TQ5203KG,NIM-WOUND-DRESSING-LARGE,Wound Dressing Large
SBRN4478,Hospital I,XU5084IK,NIM-WOUND-DRESSING-LARGE,Wound Dressing Large
SBRN4479,Hospital I,DU70918F,NIM-WOUND-DRESSING-LARGE,Wound Dressing Large
SBRN4480,Hospital I,JI7232GY,NIM-WOUND-DRESSING-LARGE,Wound Dressing Large
SBRN4481,Hospital I,PC403558,NIM-WOUND-DRESSING-LARGE,Wound Dressing Large
SBRN4482,Hospital I,WO7122TX,NIM-WOUND-DRESSING-LARGE,Wound Dressing Large
SBRN4483,Hospital I,DC8155X0,NIM-WOUND-DRESSING-LARGE,Wound Dressing Large
SBRN4484,Hospital I,IA3884LD,NIM-WOUND-DRESSING-LARGE,Wound Dressing Large
SBRN4485,Hospital I,IC2357ZF,NIM-WOUND-DRESSING-LARGE,Wound Dressing Large
SBRN4486,Hospital I,NB1565G4,NIM-WOUND-DRESSING-LARGE,Wound Dressing Large
SBRN4487,Hospital I,PZ786862,NIM-WOUND-DRESSING-LARGE,Wound Dressing Large
SBRN4488,Hospital I,UD7372PH,NIM-WOUND-DRESSING-LARGE,Wound Dressing Large
SBRN4489,Hospital I,ZJ9907ER,NIM-WOUND-DRESSING-LARGE,Wound Dressing Large
SBRN4490,Hospital I,ZV1324PS,NIM-WOUND-DRESSING-LARGE,Wound Dressing Large
SBRN4491,Hospital I,ZX3929G6,NIM-WOUND-DRESSING-LARGE,Wound Dressing Large
SBRN4492,Hospital I,BN5332ES,NIM-WOUND-DRESSING-LARGE,Wound Dressing Large
SBRN4493,Hospital I,BZ1834LW,NIM-WOUND-DRESSING-LARGE,Wound Dressing Large
SBRN4494,Hospital I,CM586454,NIM-WOUND-DRESSING-LARGE,Wound Dressing Large
SBRN4495,Hospital I,DJ2436HU,NIM-WOUND-DRESSING-LARGE,Wound Dressing Large
SBRN4496,Hospital I,EC71280B,NIM-WOUND-DRESSING-LARGE,Wound Dressing Large
SBRN4497,Hospital I,NU7524DW,NIM-WOUND-DRESSING-LARGE,Wound Dressing Large
SBRN4498,Hospital I,PS77674D,NIM-WOUND-DRESSING-LARGE,Wound Dressing Large
SBRN4499,Hospital I,QJ11272I,NIM-WOUND-DRESSING-LARGE,Wound Dressing Large
SBRN4500,Hospital I,SU987315,NIM-WOUND-DRESSING-LARGE,Wound Dressing Large
SBRN4501,Hospital J,FK2380US,NIM-ANTISEPTIC-WIPES,Antiseptic Wipes
SBRN4502,Hospital J,WB0004MM,NIM-ANTISEPTIC-WIPES,Antiseptic Wipes
SBRN4503,Hospital J,QL59662R,NIM-ANTISEPTIC-WIPES,Antiseptic Wipes
SBRN4504,Hospital J,QQ95784F,NIM-ANTISEPTIC-WIPES,Antiseptic Wipes
SBRN4505,Hospital J,UW1644DT,NIM-ANTISEPTIC-WIPES,Antiseptic Wipes
SBRN4506,Hospital J,FU2970ZP,NIM-ANTISEPTIC-WIPES,Antiseptic Wipes
SBRN4507,Hospital J,LJ7299TB,NIM-ANTISEPTIC-WIPES,Antiseptic Wipes
SBRN4508,Hospital J,NB1565G4,NIM-ANTISEPTIC-WIPES,Antiseptic Wipes
SBRN4509,Hospital J,SM45388F,NIM-ANTISEPTIC-WIPES,Antiseptic Wipes
SBRN4510,Hospital J,WG7172RX,NIM-ANTISEPTIC-WIPES,Antiseptic Wipes
SBRN4511,Hospital J,QL59662R,NIM-ANTISEPTIC-WIPES,Antiseptic Wipes
SBRN4512,Hospital J,UG5421T1,NIM-ANTISEPTIC-WIPES,Antiseptic Wipes
SBRN4513,Hospital J,WO7122TX,NIM-ANTISEPTIC-WIPES,Antiseptic Wipes
SBRN4514,Hospital J,XF37209R,NIM-ANTISEPTIC-WIPES,Antiseptic Wipes
SBRN4515,Hospital J,DQ5513ZJ,NIM-ANTISEPTIC-WIPES,Antiseptic Wipes
SBRN4516,Hospital J,QC24521B,NIM-ANTISEPTIC-WIPES,Antiseptic Wipes
SBRN4517,Hospital J,SZ0000LK,NIM-ANTISEPTIC-WIPES,Antiseptic Wipes
SBRN4518,Hospital J,BB24215Q,NIM-ANTISEPTIC-WIPES,Antiseptic Wipes
SBRN4519,Hospital J,DI28328O,NIM-ANTISEPTIC-WIPES,Antiseptic Wipes
SBRN4520,Hospital J,EW9481ON,NIM-ANTISEPTIC-WIPES,Antiseptic Wipes
SBRN4521,Hospital J,IE0618UI,NIM-ANTISEPTIC-WIPES,Antiseptic Wipes
SBRN4522,Hospital J,JU3345JD,NIM-ANTISEPTIC-WIPES,Antiseptic Wipes
SBRN4523,Hospital J,VA21882Z,NIM-ANTISEPTIC-WIPES,Antiseptic Wipes
SBRN4524,Hospital J,EW5649MR,NIM-ANTISEPTIC-WIPES,Antiseptic Wipes
SBRN4525,Hospital J,GJ46299B,NIM-ANTISEPTIC-WIPES,Antiseptic Wipes
SBRN4526,Hospital J,IA3884LD,NIM-ANTISEPTIC-WIPES,Antiseptic Wipes
SBRN4527,Hospital J,QJ11272I,NIM-ANTISEPTIC-WIPES,Antiseptic Wipes
SBRN4528,Hospital J,RP5839A5,NIM-ANTISEPTIC-WIPES,Antiseptic Wipes
SBRN4529,Hospital J,SU987315,NIM-ANTISEPTIC-WIPES,Antiseptic Wipes
SBRN4530,Hospital J,UW1644DT,NIM-ANTISEPTIC-WIPES,Antiseptic Wipes
SBRN4531,Hospital J,AW25764V,NIM-BLOOD-PRESSURE-CUFF,Blood Pressure Cuff
SBRN4532,Hospital J,BH2557R3,NIM-BLOOD-PRESSURE-CUFF,Blood Pressure Cuff
SBRN4533,Hospital J,MZ0765K7,NIM-BLOOD-PRESSURE-CUFF,Blood Pressure Cuff
SBRN4534,Hospital J,PS77674D,NIM-BLOOD-PRESSURE-CUFF,Blood Pressure Cuff
SBRN4535,Hospital J,SC9979NV,NIM-BLOOD-PRESSURE-CUFF,Blood Pressure Cuff
SBRN4536,Hospital J,WD48388H,NIM-BLOOD-PRESSURE-CUFF,Blood Pressure Cuff
SBRN4537,Hospital J,XN4349DV,NIM-BLOOD-PRESSURE-CUFF,Blood Pressure Cuff
SBRN4538,Hospital J,XN4349DV,NIM-BLOOD-PRESSURE-CUFF,Blood Pressure Cuff
SBRN4539,Hospital J,BB24215Q,NIM-BLOOD-PRESSURE-CUFF,Blood Pressure Cuff
SBRN4540,Hospital J,BF5161LH,NIM-BLOOD-PRESSURE-CUFF,Blood Pressure Cuff
SBRN4541,Hospital J,DU70918F,NIM-BLOOD-PRESSURE-CUFF,Blood Pressure Cuff
SBRN4542,Hospital J,FR2962MK,NIM-BLOOD-PRESSURE-CUFF,Blood Pressure Cuff
SBRN4543,Hospital J,IA3884LD,NIM-BLOOD-PRESSURE-CUFF,Blood Pressure Cuff
SBRN4544,Hospital J,IC2357ZF,NIM-BLOOD-PRESSURE-CUFF,Blood Pressure Cuff
SBRN4545,Hospital J,LR68370X,NIM-BLOOD-PRESSURE-CUFF,Blood Pressure Cuff
SBRN4546,Hospital J,NW21389W,NIM-BLOOD-PRESSURE-CUFF,Blood Pressure Cuff
SBRN4547,Hospital J,OL357640,NIM-BLOOD-PRESSURE-CUFF,Blood Pressure Cuff
SBRN4548,Hospital J,OW9422IO,NIM-BLOOD-PRESSURE-CUFF,Blood Pressure Cuff
SBRN4549,Hospital J,SQ0518R7,NIM-BLOOD-PRESSURE-CUFF,Blood Pressure Cuff
SBRN4550,Hospital J,TV5792YY,NIM-BLOOD-PRESSURE-CUFF,Blood Pressure Cuff
SBRN4551,Hospital J,ZH3387XM,NIM-BLOOD-PRESSURE-CUFF,Blood Pressure Cuff
SBRN4552,Hospital J,KM7322VV,NIM-BLOOD-PRESSURE-CUFF,Blood Pressure Cuff
SBRN4553,Hospital J,AV2968BA,NIM-BLOOD-PRESSURE-CUFF,Blood Pressure Cuff
SBRN4554,Hospital J,DI28328O,NIM-BLOOD-PRESSURE-CUFF,Blood Pressure Cuff
SBRN4555,Hospital J,EK2550T2,NIM-BLOOD-PRESSURE-CUFF,Blood Pressure Cuff
SBRN4556,Hospital J,EM4241YE,NIM-BLOOD-PRESSURE-CUFF,Blood Pressure Cuff
SBRN4557,Hospital J,GN73958G,NIM-BLOOD-PRESSURE-CUFF,Blood Pressure Cuff
SBRN4558,Hospital J,HO7059JQ,NIM-BLOOD-PRESSURE-CUFF,Blood Pressure Cuff
SBRN4559,Hospital J,LJ8490BS,NIM-BLOOD-PRESSURE-CUFF,Blood Pressure Cuff
SBRN4560,Hospital J,PA1550R1,NIM-BLOOD-PRESSURE-CUFF,Blood Pressure Cuff
SBRN4561,Hospital J,QL59662R,NIM-BLOOD-PRESSURE-CUFF,Blood Pressure Cuff
SBRN4562,Hospital J,TT2608AP,NIM-BLOOD-PRESSURE-CUFF,Blood Pressure Cuff
SBRN4563,Hospital J,UF4797PQ,NIM-BLOOD-PRESSURE-CUFF,Blood Pressure Cuff
SBRN4564,Hospital J,VH37271D,NIM-BLOOD-PRESSURE-CUFF,Blood Pressure Cuff
SBRN4565,Hospital J,ZD7018VO,NIM-BLOOD-PRESSURE-CUFF,Blood Pressure Cuff
SBRN4566,Hospital J,AV2968BA,NIM-BLOOD-PRESSURE-CUFF,Blood Pressure Cuff
SBRN4567,Hospital J,CR5139BG,NIM-BLOOD-PRESSURE-CUFF,Blood Pressure Cuff
SBRN4568,Hospital J,DC4965FU,NIM-BLOOD-PRESSURE-CUFF,Blood Pressure Cuff
SBRN4569,Hospital J,EZ1945A2,NIM-BLOOD-PRESSURE-CUFF,Blood Pressure Cuff
SBRN4570,Hospital J,HI7021OS,NIM-BLOOD-PRESSURE-CUFF,Blood Pressure Cuff
SBRN4571,Hospital J,PT3621O9,NIM-BLOOD-PRESSURE-CUFF,Blood Pressure Cuff
SBRN4572,Hospital J,RH8174S6,NIM-BLOOD-PRESSURE-CUFF,Blood Pressure Cuff
SBRN4573,Hospital J,UO613821,NIM-BLOOD-PRESSURE-CUFF,Blood Pressure Cuff
SBRN4574,Hospital J,EB92305N,NIM-BLOOD-PRESSURE-CUFF,Blood Pressure Cuff
SBRN4575,Hospital J,LU4108Z6,NIM-BLOOD-PRESSURE-CUFF,Blood Pressure Cuff
SBRN4576,Hospital J,QL59662R,NIM-BLOOD-PRESSURE-CUFF,Blood Pressure Cuff
SBRN4577,Hospital J,SC9979NV,NIM-BLOOD-PRESSURE-CUFF,Blood Pressure Cuff
SBRN4578,Hospital J,KD3594F4,NIM-BLOOD-PRESSURE-CUFF,Blood Pressure Cuff
SBRN4579,Hospital J,ML36024D,NIM-BLOOD-PRESSURE-CUFF,Blood Pressure Cuff
SBRN4580,Hospital J,NI4913HC,NIM-BLOOD-PRESSURE-CUFF,Blood Pressure Cuff
SBRN4581,Hospital J,NL55388Q,NIM-BLOOD-PRESSURE-CUFF,Blood Pressure Cuff
SBRN4582,Hospital J,OX9440QU,NIM-BLOOD-PRESSURE-CUFF,Blood Pressure Cuff
SBRN4583,Hospital J,PL8060FU,NIM-BLOOD-PRESSURE-CUFF,Blood Pressure Cuff
SBRN4584,Hospital J,TG68586T,NIM-BLOOD-PRESSURE-CUFF,Blood Pressure Cuff
SBRN4585,Hospital J,VT0903J0,NIM-BLOOD-PRESSURE-CUFF,Blood Pressure Cuff
SBRN4586,Hospital J,ZH68465Z,NIM-BLOOD-PRESSURE-CUFF,Blood Pressure Cuff
SBRN4587,Hospital J,AY0563YX,NIM-BLOOD-PRESSURE-CUFF,Blood Pressure Cuff
SBRN4588,Hospital J,EI3361D8,NIM-BLOOD-PRESSURE-CUFF,Blood Pressure Cuff
SBRN4589,Hospital J,HS76574M,NIM-BLOOD-PRESSURE-CUFF,Blood Pressure Cuff
SBRN4590,Hospital J,JJ0396I3,NIM-BLOOD-PRESSURE-CUFF,Blood Pressure Cuff
SBRN4591,Hospital J,KH5869TV,NIM-BLOOD-PRESSURE-CUFF,Blood Pressure Cuff
SBRN4592,Hospital J,NC5316UA,NIM-BLOOD-PRESSURE-CUFF,Blood Pressure Cuff
SBRN4593,Hospital J,OH5436AO,NIM-BLOOD-PRESSURE-CUFF,Blood Pressure Cuff
SBRN4594,Hospital J,PC403558,NIM-BLOOD-PRESSURE-CUFF,Blood Pressure Cuff
SBRN4595,Hospital J,SU987315,NIM-BLOOD-PRESSURE-CUFF,Blood Pressure Cuff
SBRN4596,Hospital J,BT5487JU,NIM-CATHETER-FOLEY,Catheter Foley
SBRN4597,Hospital J,EK2550T2,NIM-CATHETER-FOLEY,Catheter Foley
SBRN4598,Hospital J,QA5527LA,NIM-CATHETER-FOLEY,Catheter Foley
SBRN4599,Hospital J,QZ0210S5,NIM-CATHETER-FOLEY,Catheter Foley
SBRN4600,Hospital J,ZN7542V6,NIM-CATHETER-FOLEY,Catheter Foley
SBRN4601,Hospital J,DI28328O,NIM-CATHETER-FOLEY,Catheter Foley
SBRN4602,Hospital J,EC71280B,NIM-CATHETER-FOLEY,Catheter Foley
SBRN4603,Hospital J,FY4110F4,NIM-CATHETER-FOLEY,Catheter Foley
SBRN4604,Hospital J,MK4939WH,NIM-CATHETER-FOLEY,Catheter Foley
SBRN4605,Hospital J,WO7122TX,NIM-CATHETER-FOLEY,Catheter Foley
SBRN4606,Hospital J,WV5304RM,NIM-CATHETER-FOLEY,Catheter Foley
SBRN4607,Hospital J,XY2375I3,NIM-CATHETER-FOLEY,Catheter Foley
SBRN4608,Hospital J,ZH3387XM,NIM-CATHETER-FOLEY,Catheter Foley
SBRN4609,Hospital J,VG3550BI,NIM-CATHETER-FOLEY,Catheter Foley
SBRN4610,Hospital J,XN4349DV,NIM-CATHETER-FOLEY,Catheter Foley
SBRN4611,Hospital J,EB92305N,NIM-CATHETER-FOLEY,Catheter Foley
SBRN4612,Hospital J,GJ46299B,NIM-CATHETER-FOLEY,Catheter Foley
SBRN4613,Hospital J,OX9440QU,NIM-CATHETER-FOLEY,Catheter Foley
SBRN4614,Hospital J,PS77674D,NIM-CATHETER-FOLEY,Catheter Foley
SBRN4615,Hospital J,TV5792YY,NIM-CATHETER-FOLEY,Catheter Foley
SBRN4616,Hospital J,UF4797PQ,NIM-CATHETER-FOLEY,Catheter Foley
SBRN4617,Hospital J,WV5304RM,NIM-CATHETER-FOLEY,Catheter Foley
SBRN4618,Hospital J,WV5304RM,NIM-CATHETER-FOLEY,Catheter Foley
SBRN4619,Hospital J,WV5304RM,NIM-CATHETER-FOLEY,Catheter Foley
SBRN4620,Hospital J,ZX3929G6,NIM-CATHETER-FOLEY,Catheter Foley
SBRN4621,Hospital J,AZ8246KO,NIM-CATHETER-FOLEY,Catheter Foley
SBRN4622,Hospital J,DY6863MS,NIM-CATHETER-FOLEY,Catheter Foley
SBRN4623,Hospital J,EK2550T2,NIM-CATHETER-FOLEY,Catheter Foley
SBRN4624,Hospital J,UW1644DT,NIM-CATHETER-FOLEY,Catheter Foley
SBRN4625,Hospital J,WZ0721YI,NIM-CATHETER-FOLEY,Catheter Foley
SBRN4626,Hospital J,YE2085BO,NIM-CATHETER-FOLEY,Catheter Foley
SBRN4627,Hospital J,TG68586T,NIM-CATHETER-FOLEY,Catheter Foley
SBRN4628,Hospital J,EQ22987O,NIM-CATHETER-FOLEY,Catheter Foley
SBRN4629,Hospital J,FF5222GO,NIM-CATHETER-FOLEY,Catheter Foley
SBRN4630,Hospital J,HG28154J,NIM-CATHETER-FOLEY,Catheter Foley
SBRN4631,Hospital J,HR0311MW,NIM-CATHETER-FOLEY,Catheter Foley
SBRN4632,Hospital J,JZ1972LG,NIM-CATHETER-FOLEY,Catheter Foley
SBRN4633,Hospital J,JZ1972LG,NIM-CATHETER-FOLEY,Catheter Foley
SBRN4634,Hospital J,PA1550R1,NIM-CATHETER-FOLEY,Catheter Foley
SBRN4635,Hospital J,WO7122TX,NIM-CATHETER-FOLEY,Catheter Foley
SBRN4636,Hospital J,DI63161W,NIM-CATHETER-FOLEY,Catheter Foley
SBRN4637,Hospital J,FC4725NV,NIM-CATHETER-FOLEY,Catheter Foley
SBRN4638,Hospital J,GJ46299B,NIM-CATHETER-FOLEY,Catheter Foley
SBRN4639,Hospital J,GQ91238Z,NIM-CATHETER-FOLEY,Catheter Foley
SBRN4640,Hospital J,LJ8490BS,NIM-CATHETER-FOLEY,Catheter Foley
SBRN4641,Hospital J,OL357640,NIM-CATHETER-FOLEY,Catheter Foley
SBRN4642,Hospital J,QL2442X8,NIM-CATHETER-FOLEY,Catheter Foley
SBRN4643,Hospital J,SK07447E,NIM-CATHETER-FOLEY,Catheter Foley
SBRN4644,Hospital J,YI5164SY,NIM-CATHETER-FOLEY,Catheter Foley
SBRN4645,Hospital J,IA3884LD,NIM-COMPRESSION-BANDAGE,Compression Bandage
SBRN4646,Hospital J,IH75317G,NIM-COMPRESSION-BANDAGE,Compression Bandage
SBRN4647,Hospital J,JX2812BZ,NIM-COMPRESSION-BANDAGE,Compression Bandage
SBRN4648,Hospital J,LT48985Z,NIM-COMPRESSION-BANDAGE,Compression Bandage
SBRN4649,Hospital J,NI4913HC,NIM-COMPRESSION-BANDAGE,Compression Bandage
SBRN4650,Hospital J,PA1550R1,NIM-COMPRESSION-BANDAGE,Compression Bandage
SBRN4651,Hospital J,DU70918F,NIM-COMPRESSION-BANDAGE,Compression Bandage
SBRN4652,Hospital J,EJ4395OX,NIM-COMPRESSION-BANDAGE,Compression Bandage
SBRN4653,Hospital J,HO7059JQ,NIM-COMPRESSION-BANDAGE,Compression Bandage
SBRN4654,Hospital J,LJ8490BS,NIM-COMPRESSION-BANDAGE,Compression Bandage
SBRN4655,Hospital J,OA9917NG,NIM-COMPRESSION-BANDAGE,Compression Bandage
SBRN4656,Hospital J,QJ11272I,NIM-COMPRESSION-BANDAGE,Compression Bandage
SBRN4657,Hospital J,TG68586T,NIM-COMPRESSION-BANDAGE,Compression Bandage
SBRN4658,Hospital J,UV53950K,NIM-COMPRESSION-BANDAGE,Compression Bandage
SBRN4659,Hospital J,YW0444ME,NIM-COMPRESSION-BANDAGE,Compression Bandage
SBRN4660,Hospital J,ZM92024Y,NIM-COMPRESSION-BANDAGE,Compression Bandage
SBRN4661,Hospital J,CB9363EO,NIM-COMPRESSION-BANDAGE,Compression Bandage
SBRN4662,Hospital J,EW9481ON,NIM-COMPRESSION-BANDAGE,Compression Bandage
SBRN4663,Hospital J,PT3621O9,NIM-COMPRESSION-BANDAGE,Compression Bandage
SBRN4664,Hospital J,XN4349DV,NIM-COMPRESSION-BANDAGE,Compression Bandage
SBRN4665,Hospital J,EI3361D8,NIM-COMPRESSION-BANDAGE,Compression Bandage
SBRN4666,Hospital J,JZ1972LG,NIM-COMPRESSION-BANDAGE,Compression Bandage
SBRN4667,Hospital J,NR4939MF,NIM-COMPRESSION-BANDAGE,Compression Bandage
SBRN4668,Hospital J,PC403558,NIM-COMPRESSION-BANDAGE,Compression Bandage
SBRN4669,Hospital J,PU3657AI,NIM-COMPRESSION-BANDAGE,Compression Bandage
SBRN4670,Hospital J,QJ11272I,NIM-COMPRESSION-BANDAGE,Compression Bandage
SBRN4671,Hospital J,QL59662R,NIM-COMPRESSION-BANDAGE,Compression Bandage
SBRN4672,Hospital J,VN5034QW,NIM-COMPRESSION-BANDAGE,Compression Bandage
SBRN4673,Hospital J,WV5304RM,NIM-COMPRESSION-BANDAGE,Compression Bandage
SBRN4674,Hospital J,XF37209R,NIM-COMPRESSION-BANDAGE,Compression Bandage
SBRN4675,Hospital J,BK6764AC,NIM-COMPRESSION-BANDAGE,Compression Bandage
SBRN4676,Hospital J,DU70918F,NIM-COMPRESSION-BANDAGE,Compression Bandage
SBRN4677,Hospital J,EI3361D8,NIM-COMPRESSION-BANDAGE,Compression Bandage
SBRN4678,Hospital J,IA3884LD,NIM-COMPRESSION-BANDAGE,Compression Bandage
SBRN4679,Hospital J,IA3884LD,NIM-COMPRESSION-BANDAGE,Compression Bandage
SBRN4680,Hospital J,PT3621O9,NIM-COMPRESSION-BANDAGE,Compression Bandage
SBRN4681,Hospital J,SU987315,NIM-COMPRESSION-BANDAGE,Compression Bandage
SBRN4682,Hospital J,AZ2519G1,NIM-COMPRESSION-BANDAGE,Compression Bandage
SBRN4683,Hospital J,EI3361D8,NIM-COMPRESSION-BANDAGE,Compression Bandage
SBRN4684,Hospital J,PS77674D,NIM-COMPRESSION-BANDAGE,Compression Bandage
SBRN4685,Hospital J,VW0591HK,NIM-COMPRESSION-BANDAGE,Compression Bandage
SBRN4686,Hospital J,BU8415WB,NIM-COMPRESSION-BANDAGE,Compression Bandage
SBRN4687,Hospital J,EA4839WG,NIM-COMPRESSION-BANDAGE,Compression Bandage
SBRN4688,Hospital J,FC4725NV,NIM-COMPRESSION-BANDAGE,Compression Bandage
SBRN4689,Hospital J,FY4110F4,NIM-COMPRESSION-BANDAGE,Compression Bandage
SBRN4690,Hospital J,GG5913TD,NIM-COMPRESSION-BANDAGE,Compression Bandage
SBRN4691,Hospital J,PU3657AI,NIM-COMPRESSION-BANDAGE,Compression Bandage
SBRN4692,Hospital J,QJ11272I,NIM-COMPRESSION-BANDAGE,Compression Bandage
SBRN4693,Hospital J,UF4797PQ,NIM-COMPRESSION-BANDAGE,Compression Bandage
SBRN4694,Hospital J,DY6863MS,NIM-COMPRESSION-BANDAGE,Compression Bandage
SBRN4695,Hospital J,IA3884LD,NIM-COMPRESSION-BANDAGE,Compression Bandage
SBRN4696,Hospital J,LJ8490BS,NIM-COMPRESSION-BANDAGE,Compression Bandage
SBRN4697,Hospital J,LY1769HU,NIM-COMPRESSION-BANDAGE,Compression Bandage
SBRN4698,Hospital J,OW9422IO,NIM-COMPRESSION-BANDAGE,Compression Bandage
SBRN4699,Hospital J,RP5839A5,NIM-COMPRESSION-BANDAGE,Compression Bandage
SBRN4700,Hospital J,UD7372PH,NIM-COMPRESSION-BANDAGE,Compression Bandage
SBRN4701,Hospital J,YI5164SY,NIM-COMPRESSION-BANDAGE,Compression Bandage
SBRN4702,Hospital J,ZJ9907ER,NIM-COMPRESSION-BANDAGE,Compression Bandage
SBRN4703,Hospital J,BH2557R3,NIM-IV-BAG-500ML,IV Bag 500ml
SBRN4704,Hospital J,DU70918F,NIM-IV-BAG-500ML,IV Bag 500ml
SBRN4705,Hospital J,DU70918F,NIM-IV-BAG-500ML,IV Bag 500ml
SBRN4706,Hospital J,HG7853KW,NIM-IV-BAG-500ML,IV Bag 500ml
SBRN4707,Hospital J,UW1644DT,NIM-IV-BAG-500ML,IV Bag 500ml
SBRN4708,Hospital J,ZQ9143QB,NIM-IV-BAG-500ML,IV Bag 500ml
SBRN4709,Hospital J,EM4241YE,NIM-IV-BAG-500ML,IV Bag 500ml
SBRN4710,Hospital J,EZ1945A2,NIM-IV-BAG-500ML,IV Bag 500ml
SBRN4711,Hospital J,GN73958G,NIM-IV-BAG-500ML,IV Bag 500ml
SBRN4712,Hospital J,KR55367X,NIM-IV-BAG-500ML,IV Bag 500ml
SBRN4713,Hospital J,LU4108Z6,NIM-IV-BAG-500ML,IV Bag 500ml
SBRN4714,Hospital J,MI4724L2,NIM-IV-BAG-500ML,IV Bag 500ml
SBRN4715,Hospital J,NB1565G4,NIM-IV-BAG-500ML,IV Bag 500ml
SBRN4716,Hospital J,NB1565G4,NIM-IV-BAG-500ML,IV Bag 500ml
SBRN4717,Hospital J,QL59662R,NIM-IV-BAG-500ML,IV Bag 500ml
SBRN4718,Hospital J,QZ0210S5,NIM-IV-BAG-500ML,IV Bag 500ml
SBRN4719,Hospital J,UD7372PH,NIM-IV-BAG-500ML,IV Bag 500ml
SBRN4720,Hospital J,YB9050S3,NIM-IV-BAG-500ML,IV Bag 500ml
SBRN4721,Hospital J,CR1507VJ,NIM-IV-BAG-500ML,IV Bag 500ml
SBRN4722,Hospital J,DU70918F,NIM-IV-BAG-500ML,IV Bag 500ml
SBRN4723,Hospital J,DW6579GD,NIM-IV-BAG-500ML,IV Bag 500ml
SBRN4724,Hospital J,QX0020EJ,NIM-IV-BAG-500ML,IV Bag 500ml
SBRN4725,Hospital J,XE45310N,NIM-IV-BAG-500ML,IV Bag 500ml
SBRN4726,Hospital J,YB9050S3,NIM-IV-BAG-500ML,IV Bag 500ml
SBRN4727,Hospital J,AA6714HH,NIM-IV-BAG-500ML,IV Bag 500ml
SBRN4728,Hospital J,BB24215Q,NIM-IV-BAG-500ML,IV Bag 500ml
SBRN4729,Hospital J,DW6579GD,NIM-IV-BAG-500ML,IV Bag 500ml
SBRN4730,Hospital J,EC71280B,NIM-IV-BAG-500ML,IV Bag 500ml
SBRN4731,Hospital J,SJ5095UI,NIM-IV-BAG-500ML,IV Bag 500ml
SBRN4732,Hospital J,TG68586T,NIM-IV-BAG-500ML,IV Bag 500ml
SBRN4733,Hospital J,WO7122TX,NIM-IV-BAG-500ML,IV Bag 500ml
SBRN4734,Hospital J,XG1284UX,NIM-IV-BAG-500ML,IV Bag 500ml
SBRN4735,Hospital J,AV2968BA,NIM-IV-BAG-500ML,IV Bag 500ml
SBRN4736,Hospital J,HS76574M,NIM-IV-BAG-500ML,IV Bag 500ml
SBRN4737,Hospital J,IE0618UI,NIM-IV-BAG-500ML,IV Bag 500ml
SBRN4738,Hospital J,OL357640,NIM-IV-BAG-500ML,IV Bag 500ml
SBRN4739,Hospital J,RP5839A5,NIM-IV-BAG-500ML,IV Bag 500ml
SBRN4740,Hospital J,RP5839A5,NIM-IV-BAG-500ML,IV Bag 500ml
SBRN4741,Hospital J,TT2608AP,NIM-IV-BAG-500ML,IV Bag 500ml
SBRN4742,Hospital J,WC0164QD,NIM-IV-BAG-500ML,IV Bag 500ml
SBRN4743,Hospital J,XR6968LB,NIM-IV-BAG-500ML,IV Bag 500ml
SBRN4744,Hospital J,KD3594F4,NIM-IV-BAG-500ML,IV Bag 500ml
SBRN4745,Hospital J,SU987315,NIM-IV-BAG-500ML,IV Bag 500ml
SBRN4746,Hospital J,FK2380US,NIM-IV-BAG-500ML,IV Bag 500ml
SBRN4747,Hospital J,SH0125CE,NIM-IV-BAG-500ML,IV Bag 500ml
SBRN4748,Hospital J,UF4797PQ,NIM-IV-BAG-500ML,IV Bag 500ml
SBRN4749,Hospital J,ZQ9143QB,NIM-IV-BAG-500ML,IV Bag 500ml
SBRN4750,Hospital J,CY5920RJ,NIM-IV-BAG-500ML,IV Bag 500ml
SBRN4751,Hospital J,HN916108,NIM-IV-BAG-500ML,IV Bag 500ml
SBRN4752,Hospital J,XO4888OL,NIM-IV-BAG-500ML,IV Bag 500ml
SBRN4753,Hospital J,ZH3387XM,NIM-IV-BAG-500ML,IV Bag 500ml
SBRN4754,Hospital J,ZH68465Z,NIM-IV-BAG-500ML,IV Bag 500ml
SBRN4755,Hospital J,ZL87938L,NIM-IV-BAG-500ML,IV Bag 500ml
SBRN4756,Hospital J,BH3107WJ,NIM-SCALPEL-SIZE-10,Scalpel Size 10
SBRN4757,Hospital J,EC71280B,NIM-SCALPEL-SIZE-10,Scalpel Size 10
SBRN4758,Hospital J,OW9422IO,NIM-SCALPEL-SIZE-10,Scalpel Size 10
SBRN4759,Hospital J,XN4349DV,NIM-SCALPEL-SIZE-10,Scalpel Size 10
SBRN4760,Hospital J,BF5161LH,NIM-SCALPEL-SIZE-10,Scalpel Size 10
SBRN4761,Hospital J,FR2962MK,NIM-SCALPEL-SIZE-10,Scalpel Size 10
SBRN4762,Hospital J,FR2962MK,NIM-SCALPEL-SIZE-10,Scalpel Size 10
SBRN4763,Hospital J,OX9440QU,NIM-SCALPEL-SIZE-10,Scalpel Size 10
SBRN4764,Hospital J,RP5839A5,NIM-SCALPEL-SIZE-10,Scalpel Size 10
SBRN4765,Hospital J,US6697SO,NIM-SCALPEL-SIZE-10,Scalpel Size 10
SBRN4766,Hospital J,WZ0721YI,NIM-SCALPEL-SIZE-10,Scalpel Size 10
SBRN4767,Hospital J,ZV1324PS,NIM-SCALPEL-SIZE-10,Scalpel Size 10
SBRN4768,Hospital J,JG8873EP,NIM-SCALPEL-SIZE-10,Scalpel Size 10
SBRN4769,Hospital J,MV2197E6,NIM-SCALPEL-SIZE-10,Scalpel Size 10
SBRN4770,Hospital J,UF4797PQ,NIM-SCALPEL-SIZE-10,Scalpel Size 10
SBRN4771,Hospital J,BH2557R3,NIM-SCALPEL-SIZE-10,Scalpel Size 10
SBRN4772,Hospital J,BF5161LH,NIM-SCALPEL-SIZE-10,Scalpel Size 10
SBRN4773,Hospital J,BF5161LH,NIM-SCALPEL-SIZE-10,Scalpel Size 10
SBRN4774,Hospital J,EA4839WG,NIM-SCALPEL-SIZE-10,Scalpel Size 10
SBRN4775,Hospital J,HP95324S,NIM-SCALPEL-SIZE-10,Scalpel Size 10
SBRN4776,Hospital J,QJ11272I,NIM-SCALPEL-SIZE-10,Scalpel Size 10
SBRN4777,Hospital J,RP5839A5,NIM-SCALPEL-SIZE-10,Scalpel Size 10
SBRN4778,Hospital J,TG68586T,NIM-SCALPEL-SIZE-10,Scalpel Size 10
SBRN4779,Hospital J,YI5164SY,NIM-SCALPEL-SIZE-10,Scalpel Size 10
SBRN4780,Hospital J,YI5164SY,NIM-SCALPEL-SIZE-10,Scalpel Size 10
SBRN4781,Hospital J,YX8660EG,NIM-SCALPEL-SIZE-10,Scalpel Size 10
SBRN4782,Hospital J,CB9363EO,NIM-SCALPEL-SIZE-10,Scalpel Size 10
SBRN4783,Hospital J,EZ1945A2,NIM-SCALPEL-SIZE-10,Scalpel Size 10
SBRN4784,Hospital J,GK7546UA,NIM-SCALPEL-SIZE-10,Scalpel Size 10
SBRN4785,Hospital J,IA3884LD,NIM-SCALPEL-SIZE-10,Scalpel Size 10
SBRN4786,Hospital J,JU3345JD,NIM-SCALPEL-SIZE-10,Scalpel Size 10
SBRN4787,Hospital J,QJ11272I,NIM-SCALPEL-SIZE-10,Scalpel Size 10
SBRN4788,Hospital J,WZ0721YI,NIM-SCALPEL-SIZE-10,Scalpel Size 10
SBRN4789,Hospital J,YI5164SY,NIM-SCALPEL-SIZE-10,Scalpel Size 10
SBRN4790,Hospital J,BF5161LH,NIM-SCALPEL-SIZE-10,Scalpel Size 10
SBRN4791,Hospital J,OX9440QU,NIM-SCALPEL-SIZE-10,Scalpel Size 10
SBRN4792,Hospital J,QL59662R,NIM-SCALPEL-SIZE-10,Scalpel Size 10
SBRN4793,Hospital J,YX8660EG,NIM-SCALPEL-SIZE-10,Scalpel Size 10
SBRN4794,Hospital J,CB9363EO,NIM-SURGICAL-GLOVES,Surgical Gloves
SBRN4795,Hospital J,DJ2436HU,NIM-SURGICAL-GLOVES,Surgical Gloves
SBRN4796,Hospital J,MO1188HT,NIM-SURGICAL-GLOVES,Surgical Gloves
SBRN4797,Hospital J,NW21389W,NIM-SURGICAL-GLOVES,Surgical Gloves
SBRN4798,Hospital J,XK12913V,NIM-SURGICAL-GLOVES,Surgical Gloves
SBRN4799,Hospital J,ZA9897Q0,NIM-SURGICAL-GLOVES,Surgical Gloves
SBRN4800,Hospital J,ZD7018VO,NIM-SURGICAL-GLOVES,Surgical Gloves
SBRN4801,Hospital J,BF5161LH,NIM-SURGICAL-GLOVES,Surgical Gloves
SBRN4802,Hospital J,BN5332ES,NIM-SURGICAL-GLOVES,Surgical Gloves
SBRN4803,Hospital J,DU70918F,NIM-SURGICAL-GLOVES,Surgical Gloves
SBRN4804,Hospital J,ID7581SP,NIM-SURGICAL-GLOVES,Surgical Gloves
SBRN4805,Hospital J,IS5990VC,NIM-SURGICAL-GLOVES,Surgical Gloves
SBRN4806,Hospital J,LJ8490BS,NIM-SURGICAL-GLOVES,Surgical Gloves
SBRN4807,Hospital J,LY1769HU,NIM-SURGICAL-GLOVES,Surgical Gloves
SBRN4808,Hospital J,MI4724L2,NIM-SURGICAL-GLOVES,Surgical Gloves
SBRN4809,Hospital J,MK1023EE,NIM-SURGICAL-GLOVES,Surgical Gloves
SBRN4810,Hospital J,NT93196L,NIM-SURGICAL-GLOVES,Surgical Gloves
SBRN4811,Hospital J,TI95782C,NIM-SURGICAL-GLOVES,Surgical Gloves
SBRN4812,Hospital J,TU6025MG,NIM-SURGICAL-GLOVES,Surgical Gloves
SBRN4813,Hospital J,NB1565G4,NIM-SURGICAL-GLOVES,Surgical Gloves
SBRN4814,Hospital J,QL59662R,NIM-SURGICAL-GLOVES,Surgical Gloves
SBRN4815,Hospital J,TG68586T,NIM-SURGICAL-GLOVES,Surgical Gloves
SBRN4816,Hospital J,VH37271D,NIM-SURGICAL-GLOVES,Surgical Gloves
SBRN4817,Hospital J,CC8630QU,NIM-SURGICAL-GLOVES,Surgical Gloves
SBRN4818,Hospital J,CR1507VJ,NIM-SURGICAL-GLOVES,Surgical Gloves
SBRN4819,Hospital J,KM7322VV,NIM-SURGICAL-GLOVES,Surgical Gloves
SBRN4820,Hospital J,TT2592G6,NIM-SURGICAL-GLOVES,Surgical Gloves
SBRN4821,Hospital J,VN5034QW,NIM-SURGICAL-GLOVES,Surgical Gloves
SBRN4822,Hospital J,CB9363EO,NIM-SURGICAL-GLOVES,Surgical Gloves
SBRN4823,Hospital J,DC4965FU,NIM-SURGICAL-GLOVES,Surgical Gloves
SBRN4824,Hospital J,DI28328O,NIM-SURGICAL-GLOVES,Surgical Gloves
SBRN4825,Hospital J,IE0618UI,NIM-SURGICAL-GLOVES,Surgical Gloves
SBRN4826,Hospital J,JX2812BZ,NIM-SURGICAL-GLOVES,Surgical Gloves
SBRN4827,Hospital J,QJ11272I,NIM-SURGICAL-GLOVES,Surgical Gloves
SBRN4828,Hospital J,TG68586T,NIM-SURGICAL-GLOVES,Surgical Gloves
SBRN4829,Hospital J,VT0903J0,NIM-SURGICAL-GLOVES,Surgical Gloves
SBRN4830,Hospital J,WG7172RX,NIM-SURGICAL-GLOVES,Surgical Gloves
SBRN4831,Hospital J,WZ0721YI,NIM-SURGICAL-GLOVES,Surgical Gloves
SBRN4832,Hospital J,SK07447E,NIM-SURGICAL-GLOVES,Surgical Gloves
SBRN4833,Hospital J,UF4797PQ,NIM-SURGICAL-GLOVES,Surgical Gloves
SBRN4834,Hospital J,DC8155X0,NIM-SURGICAL-GLOVES,Surgical Gloves
SBRN4835,Hospital J,JA0610CR,NIM-SURGICAL-GLOVES,Surgical Gloves
SBRN4836,Hospital J,MI4724L2,NIM-SURGICAL-GLOVES,Surgical Gloves
SBRN4837,Hospital J,WG3173SP,NIM-SURGICAL-GLOVES,Surgical Gloves
SBRN4838,Hospital J,CJ8598XZ,NIM-SURGICAL-GLOVES,Surgical Gloves
SBRN4839,Hospital J,IQ4584DK,NIM-SURGICAL-GLOVES,Surgical Gloves
SBRN4840,Hospital J,OA9917NG,NIM-SURGICAL-GLOVES,Surgical Gloves
SBRN4841,Hospital J,OX9440QU,NIM-SURGICAL-GLOVES,Surgical Gloves
SBRN4842,Hospital J,QL59662R,NIM-SURGICAL-GLOVES,Surgical Gloves
SBRN4843,Hospital J,XE0510RM,NIM-SURGICAL-GLOVES,Surgical Gloves
SBRN4844,Hospital J,ZD7018VO,NIM-SURGICAL-GLOVES,Surgical Gloves
SBRN4845,Hospital J,ZH68465Z,NIM-SURGICAL-GLOVES,Surgical Gloves
SBRN4846,Hospital J,GN4000ZL,NIM-SYRINGE-10ML,Syringe 10ml
SBRN4847,Hospital J,HL5079UK,NIM-SYRINGE-10ML,Syringe 10ml
SBRN4848,Hospital J,IE0618UI,NIM-SYRINGE-10ML,Syringe 10ml
SBRN4849,Hospital J,RP5839A5,NIM-SYRINGE-10ML,Syringe 10ml
SBRN4850,Hospital J,TG68586T,NIM-SYRINGE-10ML,Syringe 10ml
SBRN4851,Hospital J,TT2608AP,NIM-SYRINGE-10ML,Syringe 10ml
SBRN4852,Hospital J,UF4797PQ,NIM-SYRINGE-10ML,Syringe 10ml
SBRN4853,Hospital J,YV9963S8,NIM-SYRINGE-10ML,Syringe 10ml
SBRN4854,Hospital J,AV2968BA,NIM-SYRINGE-10ML,Syringe 10ml
SBRN4855,Hospital J,DC8155X0,NIM-SYRINGE-10ML,Syringe 10ml
SBRN4856,Hospital J,DU70918F,NIM-SYRINGE-10ML,Syringe 10ml
SBRN4857,Hospital J,KH5869TV,NIM-SYRINGE-10ML,Syringe 10ml
SBRN4858,Hospital J,KR55367X,NIM-SYRINGE-10ML,Syringe 10ml
SBRN4859,Hospital J,NL55388Q,NIM-SYRINGE-10ML,Syringe 10ml
SBRN4860,Hospital J,NY8048XZ,NIM-SYRINGE-10ML,Syringe 10ml
SBRN4861,Hospital J,OO8242W9,NIM-SYRINGE-10ML,Syringe 10ml
SBRN4862,Hospital J,PT3621O9,NIM-SYRINGE-10ML,Syringe 10ml
SBRN4863,Hospital J,PZ786862,NIM-SYRINGE-10ML,Syringe 10ml
SBRN4864,Hospital J,SU987315,NIM-SYRINGE-10ML,Syringe 10ml
SBRN4865,Hospital J,ZD7018VO,NIM-SYRINGE-10ML,Syringe 10ml
SBRN4866,Hospital J,ZR25178Y,NIM-SYRINGE-10ML,Syringe 10ml
SBRN4867,Hospital J,CB9363EO,NIM-SYRINGE-10ML,Syringe 10ml
SBRN4868,Hospital J,DI28328O,NIM-SYRINGE-10ML,Syringe 10ml
SBRN4869,Hospital J,DP1682T7,NIM-SYRINGE-10ML,Syringe 10ml
SBRN4870,Hospital J,AV2968BA,NIM-SYRINGE-10ML,Syringe 10ml
SBRN4871,Hospital J,IA3884LD,NIM-SYRINGE-10ML,Syringe 10ml
SBRN4872,Hospital J,QE57195V,NIM-SYRINGE-10ML,Syringe 10ml
SBRN4873,Hospital J,TQ5203KG,NIM-SYRINGE-10ML,Syringe 10ml
SBRN4874,Hospital J,TT2592G6,NIM-SYRINGE-10ML,Syringe 10ml
SBRN4875,Hospital J,WC0164QD,NIM-SYRINGE-10ML,Syringe 10ml
SBRN4876,Hospital J,YJ1366WW,NIM-SYRINGE-10ML,Syringe 10ml
SBRN4877,Hospital J,FH3403RT,NIM-SYRINGE-10ML,Syringe 10ml
SBRN4878,Hospital J,GN73958G,NIM-SYRINGE-10ML,Syringe 10ml
SBRN4879,Hospital J,HA1867SJ,NIM-SYRINGE-10ML,Syringe 10ml
SBRN4880,Hospital J,JZ1972LG,NIM-SYRINGE-10ML,Syringe 10ml
SBRN4881,Hospital J,LJ8490BS,NIM-SYRINGE-10ML,Syringe 10ml
SBRN4882,Hospital J,LU4108Z6,NIM-SYRINGE-10ML,Syringe 10ml
SBRN4883,Hospital J,MI4724L2,NIM-SYRINGE-10ML,Syringe 10ml
SBRN4884,Hospital J,TV5792YY,NIM-SYRINGE-10ML,Syringe 10ml
SBRN4885,Hospital J,UV53950K,NIM-SYRINGE-10ML,Syringe 10ml
SBRN4886,Hospital J,YI5164SY,NIM-SYRINGE-10ML,Syringe 10ml
SBRN4887,Hospital J,YT0447DC,NIM-SYRINGE-10ML,Syringe 10ml
SBRN4888,Hospital J,CB9363EO,NIM-SYRINGE-10ML,Syringe 10ml
SBRN4889,Hospital J,IA3884LD,NIM-SYRINGE-10ML,Syringe 10ml
SBRN4890,Hospital J,BN5332ES,NIM-SYRINGE-10ML,Syringe 10ml
SBRN4891,Hospital J,DU70918F,NIM-SYRINGE-10ML,Syringe 10ml
SBRN4892,Hospital J,RP5839A5,NIM-SYRINGE-10ML,Syringe 10ml
SBRN4893,Hospital J,TV5792YY,NIM-SYRINGE-10ML,Syringe 10ml
SBRN4894,Hospital J,UO8819P1,NIM-SYRINGE-10ML,Syringe 10ml
SBRN4895,Hospital J,YX8660EG,NIM-SYRINGE-10ML,Syringe 10ml
SBRN4896,Hospital J,DJ2436HU,NIM-SYRINGE-10ML,Syringe 10ml
SBRN4897,Hospital J,YV9963S8,NIM-SYRINGE-10ML,Syringe 10ml
SBRN4898,Hospital J,ZD7018VO,NIM-SYRINGE-10ML,Syringe 10ml
SBRN4899,Hospital J,DP1682T7,NIM-THERMOMETER-DIGITAL,Thermometer Digital
SBRN4900,Hospital J,FR2962MK,NIM-THERMOMETER-DIGITAL,Thermometer Digital
SBRN4901,Hospital J,FU2970ZP,NIM-THERMOMETER-DIGITAL,Thermometer Digital
SBRN4902,Hospital J,KZ6964QC,NIM-THERMOMETER-DIGITAL,Thermometer Digital
SBRN4903,Hospital J,NB1565G4,NIM-THERMOMETER-DIGITAL,Thermometer Digital
SBRN4904,Hospital J,WD48388H,NIM-THERMOMETER-DIGITAL,Thermometer Digital
SBRN4905,Hospital J,DQ5513ZJ,NIM-THERMOMETER-DIGITAL,Thermometer Digital
SBRN4906,Hospital J,DU70918F,NIM-THERMOMETER-DIGITAL,Thermometer Digital
SBRN4907,Hospital J,JZ1972LG,NIM-THERMOMETER-DIGITAL,Thermometer Digital
SBRN4908,Hospital J,NU7524DW,NIM-THERMOMETER-DIGITAL,Thermometer Digital
SBRN4909,Hospital J,OX9440QU,NIM-THERMOMETER-DIGITAL,Thermometer Digital
SBRN4910,Hospital J,QL59662R,NIM-THERMOMETER-DIGITAL,Thermometer Digital
SBRN4911,Hospital J,UF4797PQ,NIM-THERMOMETER-DIGITAL,Thermometer Digital
SBRN4912,Hospital J,WZ0721YI,NIM-THERMOMETER-DIGITAL,Thermometer Digital
SBRN4913,Hospital J,ZH3387XM,NIM-THERMOMETER-DIGITAL,Thermometer Digital
SBRN4914,Hospital J,DI28328O,NIM-THERMOMETER-DIGITAL,Thermometer Digital
SBRN4915,Hospital J,HC97865G,NIM-THERMOMETER-DIGITAL,Thermometer Digital
SBRN4916,Hospital J,OX9440QU,NIM-THERMOMETER-DIGITAL,Thermometer Digital
SBRN4917,Hospital J,UF4797PQ,NIM-THERMOMETER-DIGITAL,Thermometer Digital
SBRN4918,Hospital J,US6697SO,NIM-THERMOMETER-DIGITAL,Thermometer Digital
SBRN4919,Hospital J,WZ0721YI,NIM-THERMOMETER-DIGITAL,Thermometer Digital
SBRN4920,Hospital J,DQ5513ZJ,NIM-THERMOMETER-DIGITAL,Thermometer Digital
SBRN4921,Hospital J,HA1867SJ,NIM-THERMOMETER-DIGITAL,Thermometer Digital
SBRN4922,Hospital J,NB1565G4,NIM-THERMOMETER-DIGITAL,Thermometer Digital
SBRN4923,Hospital J,QJ11272I,NIM-THERMOMETER-DIGITAL,Thermometer Digital
SBRN4924,Hospital J,RQ90248J,NIM-THERMOMETER-DIGITAL,Thermometer Digital
SBRN4925,Hospital J,TG68586T,NIM-THERMOMETER-DIGITAL,Thermometer Digital
SBRN4926,Hospital J,WB0004MM,NIM-THERMOMETER-DIGITAL,Thermometer Digital
SBRN4927,Hospital J,YK9467I5,NIM-THERMOMETER-DIGITAL,Thermometer Digital
SBRN4928,Hospital J,ZD7018VO,NIM-THERMOMETER-DIGITAL,Thermometer Digital
SBRN4929,Hospital J,ZJ9907ER,NIM-THERMOMETER-DIGITAL,Thermometer Digital
SBRN4930,Hospital J,EQ22987O,NIM-THERMOMETER-DIGITAL,Thermometer Digital
SBRN4931,Hospital J,FU2970ZP,NIM-THERMOMETER-DIGITAL,Thermometer Digital
SBRN4932,Hospital J,HP95324S,NIM-THERMOMETER-DIGITAL,Thermometer Digital
SBRN4933,Hospital J,MK4939WH,NIM-THERMOMETER-DIGITAL,Thermometer Digital
SBRN4934,Hospital J,RP5839A5,NIM-THERMOMETER-DIGITAL,Thermometer Digital
SBRN4935,Hospital J,SM45388F,NIM-THERMOMETER-DIGITAL,Thermometer Digital
SBRN4936,Hospital J,YX8660EG,NIM-THERMOMETER-DIGITAL,Thermometer Digital
SBRN4937,Hospital J,BH3107WJ,NIM-THERMOMETER-DIGITAL,Thermometer Digital
SBRN4938,Hospital J,EM4241YE,NIM-THERMOMETER-DIGITAL,Thermometer Digital
SBRN4939,Hospital J,VT0903J0,NIM-THERMOMETER-DIGITAL,Thermometer Digital
SBRN4940,Hospital J,ZV1324PS,NIM-THERMOMETER-DIGITAL,Thermometer Digital
SBRN4941,Hospital J,JZ1972LG,NIM-THERMOMETER-DIGITAL,Thermometer Digital
SBRN4942,Hospital J,NL55388Q,NIM-THERMOMETER-DIGITAL,Thermometer Digital
SBRN4943,Hospital J,OX9440QU,NIM-THERMOMETER-DIGITAL,Thermometer Digital
SBRN4944,Hospital J,TV5792YY,NIM-THERMOMETER-DIGITAL,Thermometer Digital
SBRN4945,Hospital J,XN4349DV,NIM-THERMOMETER-DIGITAL,Thermometer Digital
SBRN4946,Hospital J,XR6968LB,NIM-THERMOMETER-DIGITAL,Thermometer Digital
SBRN4947,Hospital J,YT9331NO,NIM-THERMOMETER-DIGITAL,Thermometer Digital
SBRN4948,Hospital J,BA5207W8,NIM-THERMOMETER-DIGITAL,Thermometer Digital
SBRN4949,Hospital J,CB9363EO,NIM-THERMOMETER-DIGITAL,Thermometer Digital
SBRN4950,Hospital J,DU70918F,NIM-THERMOMETER-DIGITAL,Thermometer Digital
SBRN4951,Hospital J,EW9481ON,NIM-THERMOMETER-DIGITAL,Thermometer Digital
SBRN4952,Hospital J,JE4634TC,NIM-THERMOMETER-DIGITAL,Thermometer Digital
SBRN4953,Hospital J,LJ8490BS,NIM-THERMOMETER-DIGITAL,Thermometer Digital
SBRN4954,Hospital J,LP5396QJ,NIM-THERMOMETER-DIGITAL,Thermometer Digital
SBRN4955,Hospital J,OW9422IO,NIM-THERMOMETER-DIGITAL,Thermometer Digital
SBRN4956,Hospital J,PC403558,NIM-THERMOMETER-DIGITAL,Thermometer Digital
SBRN4957,Hospital J,PC403558,NIM-THERMOMETER-DIGITAL,Thermometer Digital
SBRN4958,Hospital J,SC9979NV,NIM-THERMOMETER-DIGITAL,Thermometer Digital
SBRN4959,Hospital J,VT0903J0,NIM-THERMOMETER-DIGITAL,Thermometer Digital
SBRN4960,Hospital J,VT0903J0,NIM-THERMOMETER-DIGITAL,Thermometer Digital
SBRN4961,Hospital J,XF37209R,NIM-THERMOMETER-DIGITAL,Thermometer Digital
SBRN4962,Hospital J,ZD7018VO,NIM-THERMOMETER-DIGITAL,Thermometer Digital
SBRN4963,Hospital J,FU2970ZP,NIM-WOUND-DRESSING-LARGE,Wound Dressing Large
SBRN4964,Hospital J,QE57195V,NIM-WOUND-DRESSING-LARGE,Wound Dressing Large
SBRN4965,Hospital J,RP5839A5,NIM-WOUND-DRESSING-LARGE,Wound Dressing Large
SBRN4966,Hospital J,UF4797PQ,NIM-WOUND-DRESSING-LARGE,Wound Dressing Large
SBRN4967,Hospital J,YT9331NO,NIM-WOUND-DRESSING-LARGE,Wound Dressing Large
SBRN4968,Hospital J,FJ80434A,NIM-WOUND-DRESSING-LARGE,Wound Dressing Large
SBRN4969,Hospital J,HS76574M,NIM-WOUND-DRESSING-LARGE,Wound Dressing Large
SBRN4970,Hospital J,PU3873FX,NIM-WOUND-DRESSING-LARGE,Wound Dressing Large
SBRN4971,Hospital J,CB9363EO,NIM-WOUND-DRESSING-LARGE,Wound Dressing Large
SBRN4972,Hospital J,DC8155X0,NIM-WOUND-DRESSING-LARGE,Wound Dressing Large
SBRN4973,Hospital J,OW9422IO,NIM-WOUND-DRESSING-LARGE,Wound Dressing Large
SBRN4974,Hospital J,NB1565G4,NIM-WOUND-DRESSING-LARGE,Wound Dressing Large
SBRN4975,Hospital J,XR6968LB,NIM-WOUND-DRESSING-LARGE,Wound Dressing Large
SBRN4976,Hospital J,ZA9897Q0,NIM-WOUND-DRESSING-LARGE,Wound Dressing Large
SBRN4977,Hospital J,DW6579GD,NIM-WOUND-DRESSING-LARGE,Wound Dressing Large
SBRN4978,Hospital J,DW6579GD,NIM-WOUND-DRESSING-LARGE,Wound Dressing Large
SBRN4979,Hospital J,GJ46299B,NIM-WOUND-DRESSING-LARGE,Wound Dressing Large
SBRN4980,Hospital J,IE0618UI,NIM-WOUND-DRESSING-LARGE,Wound Dressing Large
SBRN4981,Hospital J,JJ0396I3,NIM-WOUND-DRESSING-LARGE,Wound Dressing Large
SBRN4982,Hospital J,OX9440QU,NIM-WOUND-DRESSING-LARGE,Wound Dressing Large
SBRN4983,Hospital J,QN6385TO,NIM-WOUND-DRESSING-LARGE,Wound Dressing Large
SBRN4984,Hospital J,UW1644DT,NIM-WOUND-DRESSING-LARGE,Wound Dressing Large
SBRN4985,Hospital J,XO4888OL,NIM-WOUND-DRESSING-LARGE,Wound Dressing Large
SBRN4986,Hospital J,YK9467I5,NIM-WOUND-DRESSING-LARGE,Wound Dressing Large
SBRN4987,Hospital J,DU70918F,NIM-WOUND-DRESSING-LARGE,Wound Dressing Large
SBRN4988,Hospital J,DU70918F,NIM-WOUND-DRESSING-LARGE,Wound Dressing Large
SBRN4989,Hospital J,GM3690GN,NIM-WOUND-DRESSING-LARGE,Wound Dressing Large
SBRN4990,Hospital J,GN73958G,NIM-WOUND-DRESSING-LARGE,Wound Dressing Large
SBRN4991,Hospital J,KH5869TV,NIM-WOUND-DRESSING-LARGE,Wound Dressing Large
SBRN4992,Hospital J,LJ8490BS,NIM-WOUND-DRESSING-LARGE,Wound Dressing Large
SBRN4993,Hospital J,TM1604CK,NIM-WOUND-DRESSING-LARGE,Wound Dressing Large
SBRN4994,Hospital J,YT9331NO,NIM-WOUND-DRESSING-LARGE,Wound Dressing Large
SBRN4995,Hospital J,ZD7018VO,NIM-WOUND-DRESSING-LARGE,Wound Dressing Large
SBRN4996,Hospital J,PU3657AI,NIM-WOUND-DRESSING-LARGE,Wound Dressing Large
SBRN4997,Hospital J,TU6025MG,NIM-WOUND-DRESSING-LARGE,Wound Dressing Large
SBRN4998,Hospital J,UF4797PQ,NIM-WOUND-DRESSING-LARGE,Wound Dressing Large
SBRN4999,Hospital J,UW1644DT,NIM-WOUND-DRESSING-LARGE,Wound Dressing Large
SBRN5000,Hospital J,YQ51103W,NIM-WOUND-DRESSING-LARGE,Wound Dressing Large
